ISO-10303-21;
HEADER;
/* Generated by software containing ST-Developer
 * from STEP Tools, Inc. (www.steptools.com) 
 */

FILE_DESCRIPTION(
/* description */ (''),
/* implementation_level */ '2;1');

FILE_NAME(
/* name */ 'Basilisk_v1.0b_enclosure-top.step',
/* time_stamp */ '2026-10-03T14:46:59+02:00',
/* author */ (''),
/* organization */ (''),
/* preprocessor_version */ 'ST-DEVELOPER v20.1',
/* originating_system */ 'Autodesk Translation Framework v15.8.0.0',
/* authorisation */ '');

FILE_SCHEMA (('AUTOMOTIVE_DESIGN { 1 0 10303 214 3 1 1 }'));
ENDSEC;

DATA;
#10=MECHANICAL_DESIGN_GEOMETRIC_PRESENTATION_REPRESENTATION('',(#21),#6266);
#11=ITEM_DEFINED_TRANSFORMATION($,$,#3425,#3798);
#12=ITEM_DEFINED_TRANSFORMATION($,$,#3424,#3799);
#13=(
REPRESENTATION_RELATIONSHIP($,$,#6280,#6279)
REPRESENTATION_RELATIONSHIP_WITH_TRANSFORMATION(#11)
SHAPE_REPRESENTATION_RELATIONSHIP()
);
#14=(
REPRESENTATION_RELATIONSHIP($,$,#6279,#6278)
REPRESENTATION_RELATIONSHIP_WITH_TRANSFORMATION(#12)
SHAPE_REPRESENTATION_RELATIONSHIP()
);
#15=CONTEXT_DEPENDENT_SHAPE_REPRESENTATION(#13,#6276);
#16=CONTEXT_DEPENDENT_SHAPE_REPRESENTATION(#14,#6277);
#17=NEXT_ASSEMBLY_USAGE_OCCURRENCE('Corps:1','Corps:1','Corps:1',#6283,
#6284,'Corps:1');
#18=NEXT_ASSEMBLY_USAGE_OCCURRENCE('Basilisk:1','Basilisk:1',
'Basilisk:1',#6282,#6283,'Basilisk:1');
#19=SHAPE_REPRESENTATION_RELATIONSHIP('SRR','None',#6280,#20);
#20=ADVANCED_BREP_SHAPE_REPRESENTATION('',(#3422),#6265);
#21=STYLED_ITEM('',(#6298),#3422);
#22=B_SPLINE_SURFACE_WITH_KNOTS('',3,3,((#5329,#5330,#5331,#5332),(#5333,
#5334,#5335,#5336),(#5337,#5338,#5339,#5340),(#5341,#5342,#5343,#5344)),
 .UNSPECIFIED.,.F.,.F.,.F.,(4,4),(4,4),(0.,0.0221699320315359),(-2.36216701214115,
-2.35343325867256),.UNSPECIFIED.);
#23=B_SPLINE_SURFACE_WITH_KNOTS('',3,3,((#5351,#5352,#5353,#5354),(#5355,
#5356,#5357,#5358),(#5359,#5360,#5361,#5362),(#5363,#5364,#5365,#5366)),
 .UNSPECIFIED.,.F.,.F.,.F.,(4,4),(4,4),(0.,0.0191538705866717),(-2.00866890340743,
-2.00113857452952),.UNSPECIFIED.);
#24=B_SPLINE_SURFACE_WITH_KNOTS('',3,3,((#5443,#5444,#5445,#5446,#5447,
#5448,#5449,#5450,#5451),(#5452,#5453,#5454,#5455,#5456,#5457,#5458,#5459,
#5460),(#5461,#5462,#5463,#5464,#5465,#5466,#5467,#5468,#5469),(#5470,#5471,
#5472,#5473,#5474,#5475,#5476,#5477,#5478)),.UNSPECIFIED.,.F.,.F.,.F.,(4,
4),(4,1,2,2,4),(0.,1.),(8.38502360348087E-17,0.0376520250187435,0.0941300625468585,
0.142226363786115,0.190322665025372),.UNSPECIFIED.);
#25=B_SPLINE_SURFACE_WITH_KNOTS('',3,3,((#5480,#5481,#5482,#5483,#5484,
#5485,#5486,#5487,#5488,#5489),(#5490,#5491,#5492,#5493,#5494,#5495,#5496,
#5497,#5498,#5499),(#5500,#5501,#5502,#5503,#5504,#5505,#5506,#5507,#5508,
#5509),(#5510,#5511,#5512,#5513,#5514,#5515,#5516,#5517,#5518,#5519)),
 .UNSPECIFIED.,.F.,.F.,.F.,(4,4),(4,2,2,2,4),(0.,1.),(0.569771656681551,
0.617881588603541,0.665991520525531,0.713056093821321,0.760120667117116),
 .UNSPECIFIED.);
#26=B_SPLINE_SURFACE_WITH_KNOTS('',3,3,((#6059,#6060,#6061,#6062),(#6063,
#6064,#6065,#6066),(#6067,#6068,#6069,#6070),(#6071,#6072,#6073,#6074)),
 .UNSPECIFIED.,.F.,.F.,.F.,(4,4),(4,4),(0.,1.),(-2.36658284743074,-2.35343325867256),
 .UNSPECIFIED.);
#27=B_SPLINE_SURFACE_WITH_KNOTS('',3,3,((#6075,#6076,#6077,#6078),(#6079,
#6080,#6081,#6082),(#6083,#6084,#6085,#6086),(#6087,#6088,#6089,#6090)),
 .UNSPECIFIED.,.F.,.F.,.F.,(4,4),(4,4),(0.,1.),(-2.00866890340743,-1.99542373582854),
 .UNSPECIFIED.);
#28=ELLIPSE('',#3538,37.9716341497177,26.85);
#29=CONICAL_SURFACE('',#3456,27.05,0.78539816339744);
#30=CONICAL_SURFACE('',#3478,27.05,0.78539816339744);
#31=CONICAL_SURFACE('',#3507,1.85,0.785398163397496);
#32=CONICAL_SURFACE('',#3563,32.1735,0.785398163397497);
#33=CONICAL_SURFACE('',#3586,0.817749999999999,0.785398163397448);
#34=CONICAL_SURFACE('',#3589,0.817749999999999,0.785398163397448);
#35=CONICAL_SURFACE('',#3642,0.817749999999999,0.785398163397448);
#36=CONICAL_SURFACE('',#3688,32.25,0.785398163397453);
#37=CONICAL_SURFACE('',#3693,32.25,0.785398163397452);
#38=CONICAL_SURFACE('',#3742,0.817749999999999,0.785398163397448);
#39=CONICAL_SURFACE('',#3781,32.25,0.785398163397446);
#40=CONICAL_SURFACE('',#3783,32.25,0.785398163397447);
#41=CONICAL_SURFACE('',#3787,32.2500000000002,0.785398163397449);
#42=CONICAL_SURFACE('',#3789,32.2500000000002,0.78539816339745);
#43=FACE_BOUND('',#384,.T.);
#44=FACE_BOUND('',#385,.T.);
#45=FACE_BOUND('',#386,.T.);
#46=FACE_BOUND('',#391,.T.);
#47=FACE_BOUND('',#392,.T.);
#48=FACE_BOUND('',#393,.T.);
#49=FACE_BOUND('',#394,.T.);
#50=FACE_BOUND('',#403,.T.);
#51=FACE_BOUND('',#406,.T.);
#52=FACE_BOUND('',#414,.T.);
#53=FACE_BOUND('',#417,.T.);
#54=FACE_BOUND('',#421,.T.);
#55=FACE_BOUND('',#525,.T.);
#56=FACE_BOUND('',#533,.T.);
#57=FACE_BOUND('',#534,.T.);
#58=FACE_BOUND('',#536,.T.);
#59=FACE_BOUND('',#537,.T.);
#60=FACE_BOUND('',#538,.T.);
#61=FACE_BOUND('',#539,.T.);
#62=FACE_BOUND('',#540,.T.);
#63=FACE_BOUND('',#541,.T.);
#64=FACE_BOUND('',#574,.T.);
#65=(
BOUNDED_CURVE()
B_SPLINE_CURVE(2,(#4856,#4857,#4858),.UNSPECIFIED.,.F.,.F.)
B_SPLINE_CURVE_WITH_KNOTS((3,3),(0.216197692566465,0.285481132921567),
 .UNSPECIFIED.)
CURVE()
GEOMETRIC_REPRESENTATION_ITEM()
RATIONAL_B_SPLINE_CURVE((1.00027493748939,1.00018152244139,1.))
REPRESENTATION_ITEM('')
);
#66=(
BOUNDED_CURVE()
B_SPLINE_CURVE(2,(#5010,#5011,#5012),.UNSPECIFIED.,.F.,.F.)
B_SPLINE_CURVE_WITH_KNOTS((3,3),(1.13267747490494,1.34660462255322),
 .UNSPECIFIED.)
CURVE()
GEOMETRIC_REPRESENTATION_ITEM()
RATIONAL_B_SPLINE_CURVE((1.,1.,1.))
REPRESENTATION_ITEM('')
);
#67=(
BOUNDED_CURVE()
B_SPLINE_CURVE(2,(#5530,#5531,#5532),.UNSPECIFIED.,.F.,.F.)
B_SPLINE_CURVE_WITH_KNOTS((3,3),(4.71610256795852,5.200557794925),
 .UNSPECIFIED.)
CURVE()
GEOMETRIC_REPRESENTATION_ITEM()
RATIONAL_B_SPLINE_CURVE((1.24331684545435,1.2352466621099,1.22295096655434))
REPRESENTATION_ITEM('')
);
#68=(
BOUNDED_CURVE()
B_SPLINE_CURVE(2,(#5533,#5534,#5535),.UNSPECIFIED.,.F.,.F.)
B_SPLINE_CURVE_WITH_KNOTS((3,3),(5.200557794925,5.7462047382511),
 .UNSPECIFIED.)
CURVE()
GEOMETRIC_REPRESENTATION_ITEM()
RATIONAL_B_SPLINE_CURVE((1.22295096655434,1.20910219720992,1.18989304855406))
REPRESENTATION_ITEM('')
);
#69=(
BOUNDED_CURVE()
B_SPLINE_CURVE(2,(#5539,#5540,#5541),.UNSPECIFIED.,.F.,.F.)
B_SPLINE_CURVE_WITH_KNOTS((3,3),(2.38115333776252,2.86560856479822),
 .UNSPECIFIED.)
CURVE()
GEOMETRIC_REPRESENTATION_ITEM()
RATIONAL_B_SPLINE_CURVE((1.22295096655321,1.23524666210928,1.24331684545309))
REPRESENTATION_ITEM('')
);
#70=(
BOUNDED_CURVE()
B_SPLINE_CURVE(2,(#5545,#5546,#5547),.UNSPECIFIED.,.F.,.F.)
B_SPLINE_CURVE_WITH_KNOTS((3,3),(1.83550639439877,2.38115333776252),
 .UNSPECIFIED.)
CURVE()
GEOMETRIC_REPRESENTATION_ITEM()
RATIONAL_B_SPLINE_CURVE((1.18989304855312,1.20910219720922,1.22295096655321))
REPRESENTATION_ITEM('')
);
#71=(
BOUNDED_CURVE()
B_SPLINE_CURVE(2,(#6110,#6111,#6112),.UNSPECIFIED.,.F.,.F.)
B_SPLINE_CURVE_WITH_KNOTS((3,3),(4.71610256708766,5.20055779431088),
 .UNSPECIFIED.)
CURVE()
GEOMETRIC_REPRESENTATION_ITEM()
RATIONAL_B_SPLINE_CURVE((1.24331684544967,1.23524666210761,1.22295096655012))
REPRESENTATION_ITEM('')
);
#72=(
BOUNDED_CURVE()
B_SPLINE_CURVE(2,(#6113,#6114,#6115),.UNSPECIFIED.,.F.,.F.)
B_SPLINE_CURVE_WITH_KNOTS((3,3),(5.20055779431088,5.74620473777658),
 .UNSPECIFIED.)
CURVE()
GEOMETRIC_REPRESENTATION_ITEM()
RATIONAL_B_SPLINE_CURVE((1.22295096655012,1.20910219720733,1.18989304855057))
REPRESENTATION_ITEM('')
);
#73=(
BOUNDED_CURVE()
B_SPLINE_CURVE(2,(#6171,#6172,#6173),.UNSPECIFIED.,.F.,.F.)
B_SPLINE_CURVE_WITH_KNOTS((3,3),(2.38115333815412,2.86560856549564),
 .UNSPECIFIED.)
CURVE()
GEOMETRIC_REPRESENTATION_ITEM()
RATIONAL_B_SPLINE_CURVE((1.22295096654818,1.23524666210655,1.24331684544752))
REPRESENTATION_ITEM('')
);
#74=(
BOUNDED_CURVE()
B_SPLINE_CURVE(2,(#6174,#6175,#6176),.UNSPECIFIED.,.F.,.F.)
B_SPLINE_CURVE_WITH_KNOTS((3,3),(1.83550639462414,2.38115333815412),
 .UNSPECIFIED.)
CURVE()
GEOMETRIC_REPRESENTATION_ITEM()
RATIONAL_B_SPLINE_CURVE((1.18989304854896,1.20910219720614,1.22295096654818))
REPRESENTATION_ITEM('')
);
#75=(
BOUNDED_CURVE()
B_SPLINE_CURVE(2,(#6183,#6184,#6185),.UNSPECIFIED.,.F.,.F.)
B_SPLINE_CURVE_WITH_KNOTS((3,3),(4.71610256692145,5.20055779419377),
 .UNSPECIFIED.)
CURVE()
GEOMETRIC_REPRESENTATION_ITEM()
RATIONAL_B_SPLINE_CURVE((1.24331684544878,1.23524666210717,1.22295096654932))
REPRESENTATION_ITEM('')
);
#76=(
BOUNDED_CURVE()
B_SPLINE_CURVE(2,(#6186,#6187,#6188),.UNSPECIFIED.,.F.,.F.)
B_SPLINE_CURVE_WITH_KNOTS((3,3),(5.20055779419377,5.74620473768609),
 .UNSPECIFIED.)
CURVE()
GEOMETRIC_REPRESENTATION_ITEM()
RATIONAL_B_SPLINE_CURVE((1.22295096654932,1.20910219720684,1.1898930485499))
REPRESENTATION_ITEM('')
);
#77=(
BOUNDED_CURVE()
B_SPLINE_CURVE(2,(#6238,#6239,#6240),.UNSPECIFIED.,.F.,.F.)
B_SPLINE_CURVE_WITH_KNOTS((3,3),(2.38115333782528,2.86560856491008),
 .UNSPECIFIED.)
CURVE()
GEOMETRIC_REPRESENTATION_ITEM()
RATIONAL_B_SPLINE_CURVE((1.2229509665524,1.23524666210885,1.2433168454522))
REPRESENTATION_ITEM('')
);
#78=(
BOUNDED_CURVE()
B_SPLINE_CURVE(2,(#6241,#6242,#6243),.UNSPECIFIED.,.F.,.F.)
B_SPLINE_CURVE_WITH_KNOTS((3,3),(1.83550639443488,2.38115333782528),
 .UNSPECIFIED.)
CURVE()
GEOMETRIC_REPRESENTATION_ITEM()
RATIONAL_B_SPLINE_CURVE((1.18989304855245,1.20910219720873,1.2229509665524))
REPRESENTATION_ITEM('')
);
#79=ORIENTED_CLOSED_SHELL('',*,#3420,.F.);
#80=B_SPLINE_CURVE_WITH_KNOTS('',3,(#4830,#4831,#4832,#4833),
 .UNSPECIFIED.,.F.,.F.,(4,4),(0.475331206159955,0.478140164255952),
 .UNSPECIFIED.);
#81=B_SPLINE_CURVE_WITH_KNOTS('',3,(#4916,#4917,#4918,#4919,#4920,#4921,
#4922,#4923,#4924),.UNSPECIFIED.,.F.,.F.,(4,3,2,4),(1.41329331366791,1.41663203842332,
1.46171440115592,1.48733665069221),.UNSPECIFIED.);
#82=B_SPLINE_CURVE_WITH_KNOTS('',3,(#4931,#4932,#4933,#4934,#4935,#4936,
#4937),.UNSPECIFIED.,.F.,.F.,(4,3,4),(1.10708065774223,1.1736949046725,
1.17523067971271),.UNSPECIFIED.);
#83=B_SPLINE_CURVE_WITH_KNOTS('',3,(#5015,#5016,#5017,#5018,#5019,#5020),
 .UNSPECIFIED.,.F.,.F.,(4,2,4),(0.563375096867642,0.564910871907845,0.631525118838116),
 .UNSPECIFIED.);
#84=B_SPLINE_CURVE_WITH_KNOTS('',3,(#5080,#5081,#5082,#5083,#5084,#5085,
#5086,#5087,#5088,#5089,#5090,#5091,#5092,#5093,#5094,#5095,#5096,#5097,
#5098,#5099,#5100),.UNSPECIFIED.,.F.,.F.,(4,2,2,2,2,2,3,2,2,4),(-0.429326446713157,
-0.425485477998936,-0.344687828288232,-0.259074896852318,-0.173461965416405,
-0.0867309827082023,0.,0.0837477428226752,0.16749548564535,0.179981361266077),
 .UNSPECIFIED.);
#85=B_SPLINE_CURVE_WITH_KNOTS('',3,(#5104,#5105,#5106,#5107,#5108,#5109,
#5110,#5111,#5112,#5113,#5114,#5115,#5116,#5117,#5118,#5119,#5120,#5121,
#5122,#5123),.UNSPECIFIED.,.F.,.F.,(4,2,2,2,2,2,2,2,2,4),(0.338890788286313,
0.363144774423616,0.423612034478039,0.484079294532461,0.544351356162867,
0.604623417793273,0.665076374248118,0.725529330702963,0.786228853936552,
0.802405383937944),.UNSPECIFIED.);
#86=B_SPLINE_CURVE_WITH_KNOTS('',3,(#5124,#5125,#5126,#5127,#5128,#5129,
#5130,#5131,#5132),.UNSPECIFIED.,.F.,.F.,(4,2,3,4),(1.99353689313074,2.01915913873543,
2.06424150146804,2.06758022954199),.UNSPECIFIED.);
#87=B_SPLINE_CURVE_WITH_KNOTS('',3,(#5256,#5257,#5258,#5259),
 .UNSPECIFIED.,.F.,.F.,(4,4),(2.35343325867256,2.36216701214115),
 .UNSPECIFIED.);
#88=B_SPLINE_CURVE_WITH_KNOTS('',3,(#5264,#5265,#5266,#5267,#5268,#5269,
#5270,#5271,#5272),.UNSPECIFIED.,.F.,.F.,(4,2,2,1,4),(-0.190322665025372,
-0.142226363786115,-0.0941300625468585,-0.0376520250187435,-8.38502360348087E-17),
 .UNSPECIFIED.);
#89=B_SPLINE_CURVE_WITH_KNOTS('',3,(#5273,#5274,#5275,#5276),
 .UNSPECIFIED.,.F.,.F.,(4,4),(2.36216701214115,2.36658284743074),
 .UNSPECIFIED.);
#90=B_SPLINE_CURVE_WITH_KNOTS('',3,(#5307,#5308,#5309,#5310),
 .UNSPECIFIED.,.F.,.F.,(4,4),(2.00113857452952,2.00866890340743),
 .UNSPECIFIED.);
#91=B_SPLINE_CURVE_WITH_KNOTS('',3,(#5312,#5313,#5314,#5315),
 .UNSPECIFIED.,.F.,.F.,(4,4),(1.99542373582854,2.00113857452952),
 .UNSPECIFIED.);
#92=B_SPLINE_CURVE_WITH_KNOTS('',3,(#5316,#5317,#5318,#5319,#5320,#5321,
#5322,#5323,#5324,#5325),.UNSPECIFIED.,.F.,.F.,(4,2,2,2,4),(-0.760120667117116,
-0.713056093821321,-0.665991520525531,-0.617881588603541,-0.569771656681551),
 .UNSPECIFIED.);
#93=B_SPLINE_CURVE_WITH_KNOTS('',3,(#5346,#5347,#5348,#5349),
 .UNSPECIFIED.,.F.,.F.,(4,4),(-0.0308481006539111,0.),.UNSPECIFIED.);
#94=B_SPLINE_CURVE_WITH_KNOTS('',3,(#5368,#5369,#5370,#5371,#5372,#5373,
#5374,#5375,#5376,#5377),.UNSPECIFIED.,.F.,.F.,(4,3,3,4),(-0.0264531680032319,
-0.0147911295789763,-0.00300374307079671,0.),.UNSPECIFIED.);
#95=B_SPLINE_CURVE_WITH_KNOTS('',3,(#5415,#5416,#5417,#5418,#5419,#5420,
#5421,#5422,#5423,#5424),.UNSPECIFIED.,.F.,.F.,(4,2,2,2,4),(0.569771656681551,
0.617881588603541,0.665991520525531,0.713056093821321,0.760120667117116),
 .UNSPECIFIED.);
#96=B_SPLINE_CURVE_WITH_KNOTS('',3,(#5425,#5426,#5427,#5428),
 .UNSPECIFIED.,.F.,.F.,(4,4),(-2.00866890340743,-1.99542373582854),
 .UNSPECIFIED.);
#97=B_SPLINE_CURVE_WITH_KNOTS('',3,(#5430,#5431,#5432,#5433),
 .UNSPECIFIED.,.F.,.F.,(4,4),(-2.36658284743074,-2.35343325867256),
 .UNSPECIFIED.);
#98=B_SPLINE_CURVE_WITH_KNOTS('',3,(#5434,#5435,#5436,#5437,#5438,#5439,
#5440,#5441,#5442),.UNSPECIFIED.,.F.,.F.,(4,1,2,2,4),(8.38502360348087E-17,
0.0376520250187435,0.0941300625468585,0.142226363786115,0.190322665025372),
 .UNSPECIFIED.);
#99=B_SPLINE_CURVE_WITH_KNOTS('',3,(#5832,#5833,#5834,#5835,#5836,#5837,
#5838),.UNSPECIFIED.,.F.,.F.,(4,3,4),(1.10549135661507,1.15332321859774,
1.24485645954405),.UNSPECIFIED.);
#100=B_SPLINE_CURVE_WITH_KNOTS('',3,(#5841,#5842,#5843,#5844,#5845,#5846,
#5847),.UNSPECIFIED.,.F.,.F.,(4,3,4),(1.3203687701576,1.44514955056236,
1.52472137003217),.UNSPECIFIED.);
#101=B_SPLINE_CURVE_WITH_KNOTS('',3,(#5848,#5849,#5850,#5851,#5852,#5853,
#5854),.UNSPECIFIED.,.F.,.F.,(4,3,4),(1.24485645954512,1.30192975136888,
1.32036877015752),.UNSPECIFIED.);
#102=B_SPLINE_CURVE_WITH_KNOTS('',3,(#5858,#5859,#5860,#5861,#5862,#5863),
 .UNSPECIFIED.,.F.,.F.,(4,2,4),(-0.159876991049653,-0.031052717015355,-0.0214008287405034),
 .UNSPECIFIED.);
#103=B_SPLINE_CURVE_WITH_KNOTS('',3,(#5873,#5874,#5875,#5876,#5877,#5878,
#5879,#5880,#5881,#5882,#5883,#5884),.UNSPECIFIED.,.F.,.F.,(4,2,3,3,4),
(-0.442664285158915,-0.405182950914864,-0.28067962994627,-0.250220695821353,
-0.235437097211195),.UNSPECIFIED.);
#104=B_SPLINE_CURVE_WITH_KNOTS('',3,(#5885,#5886,#5887,#5888,#5889,#5890,
#5891),.UNSPECIFIED.,.F.,.F.,(4,3,4),(-0.235437097211196,-0.216177410505607,
-0.159876991051047),.UNSPECIFIED.);
#105=B_SPLINE_CURVE_WITH_KNOTS('',3,(#6118,#6119,#6120,#6121,#6122,#6123),
 .UNSPECIFIED.,.F.,.F.,(4,2,4),(-0.159876990848983,-0.0310527167205401,
-0.0214008285610598),.UNSPECIFIED.);
#106=B_SPLINE_CURVE_WITH_KNOTS('',3,(#6125,#6126,#6127,#6128,#6129,#6130,
#6131),.UNSPECIFIED.,.F.,.F.,(4,3,4),(-0.235437096992642,-0.216177410277973,
-0.159876990850377),.UNSPECIFIED.);
#107=B_SPLINE_CURVE_WITH_KNOTS('',3,(#6132,#6133,#6134,#6135,#6136,#6137,
#6138,#6139,#6140,#6141,#6142,#6143),.UNSPECIFIED.,.F.,.F.,(4,2,3,3,4),
(-0.442664284797327,-0.405182950739972,-0.280679629712578,-0.250220695598414,
-0.235437096992642),.UNSPECIFIED.);
#108=B_SPLINE_CURVE_WITH_KNOTS('',3,(#6146,#6147,#6148,#6149,#6150,#6151),
 .UNSPECIFIED.,.F.,.F.,(4,2,4),(1.10111495457262,1.19814625151545,1.24160365841),
 .UNSPECIFIED.);
#109=B_SPLINE_CURVE_WITH_KNOTS('',3,(#6153,#6154,#6155,#6156),
 .UNSPECIFIED.,.F.,.F.,(4,4),(1.24160365841011,1.31805508871344),
 .UNSPECIFIED.);
#110=B_SPLINE_CURVE_WITH_KNOTS('',3,(#6157,#6158,#6159,#6160,#6161,#6162,
#6163,#6164,#6165,#6166,#6167,#6168),.UNSPECIFIED.,.F.,.F.,(4,3,2,3,4),
(1.31805508871424,1.3636677432624,1.4206821022785,1.48543888640028,1.52725767057624),
 .UNSPECIFIED.);
#111=B_SPLINE_CURVE_WITH_KNOTS('',3,(#6191,#6192,#6193,#6194,#6195,#6196),
 .UNSPECIFIED.,.F.,.F.,(4,2,4),(-0.158593218621595,-0.0545945882076971,
-0.0182581681772159),.UNSPECIFIED.);
#112=B_SPLINE_CURVE_WITH_KNOTS('',3,(#6198,#6199,#6200,#6201),
 .UNSPECIFIED.,.F.,.F.,(4,4),(-0.235035231295209,-0.158593218623749),
 .UNSPECIFIED.);
#113=B_SPLINE_CURVE_WITH_KNOTS('',3,(#6202,#6203,#6204,#6205,#6206,#6207,
#6208,#6209,#6210,#6211,#6212,#6213),.UNSPECIFIED.,.F.,.F.,(4,3,2,3,4),
(-0.44424801035565,-0.402450772579509,-0.33769398858623,-0.280679629656081,
-0.235035231295209),.UNSPECIFIED.);
#114=B_SPLINE_CURVE_WITH_KNOTS('',3,(#6216,#6217,#6218,#6219,#6220,#6221),
 .UNSPECIFIED.,.F.,.F.,(4,2,4),(1.10441454166981,1.19851555528986,1.24294107503656),
 .UNSPECIFIED.);
#115=B_SPLINE_CURVE_WITH_KNOTS('',3,(#6223,#6224,#6225,#6226),
 .UNSPECIFIED.,.F.,.F.,(4,4),(1.24294107503668,1.31832221516929),
 .UNSPECIFIED.);
#116=B_SPLINE_CURVE_WITH_KNOTS('',3,(#6227,#6228,#6229,#6230,#6231,#6232,
#6233,#6234,#6235),.UNSPECIFIED.,.F.,.F.,(4,2,3,4),(1.31832221517005,1.36248010792679,
1.48158572863337,1.5230289211125),.UNSPECIFIED.);
#117=CYLINDRICAL_SURFACE('',#3428,1.4999999616);
#118=CYLINDRICAL_SURFACE('',#3432,30.75);
#119=CYLINDRICAL_SURFACE('',#3453,26.85);
#120=CYLINDRICAL_SURFACE('',#3474,25.5);
#121=CYLINDRICAL_SURFACE('',#3484,25.5);
#122=CYLINDRICAL_SURFACE('',#3486,18.);
#123=CYLINDRICAL_SURFACE('',#3502,1.35);
#124=CYLINDRICAL_SURFACE('',#3503,0.8);
#125=CYLINDRICAL_SURFACE('',#3505,2.1);
#126=CYLINDRICAL_SURFACE('',#3508,1.6);
#127=CYLINDRICAL_SURFACE('',#3520,1.35);
#128=CYLINDRICAL_SURFACE('',#3521,1.35);
#129=CYLINDRICAL_SURFACE('',#3531,3.1532135297897);
#130=CYLINDRICAL_SURFACE('',#3532,3.1532135297897);
#131=CYLINDRICAL_SURFACE('',#3533,3.15321352978969);
#132=CYLINDRICAL_SURFACE('',#3539,26.85);
#133=CYLINDRICAL_SURFACE('',#3542,1.5);
#134=CYLINDRICAL_SURFACE('',#3546,1.5);
#135=CYLINDRICAL_SURFACE('',#3550,1.25);
#136=CYLINDRICAL_SURFACE('',#3552,0.599999999999001);
#137=CYLINDRICAL_SURFACE('',#3556,0.599999999999001);
#138=CYLINDRICAL_SURFACE('',#3559,1.25);
#139=CYLINDRICAL_SURFACE('',#3571,31.);
#140=CYLINDRICAL_SURFACE('',#3578,1.4999999616);
#141=CYLINDRICAL_SURFACE('',#3580,1.4999999616);
#142=CYLINDRICAL_SURFACE('',#3583,0.5);
#143=CYLINDRICAL_SURFACE('',#3592,0.5);
#144=CYLINDRICAL_SURFACE('',#3596,0.5);
#145=CYLINDRICAL_SURFACE('',#3600,1.3);
#146=CYLINDRICAL_SURFACE('',#3602,31.);
#147=CYLINDRICAL_SURFACE('',#3605,31.);
#148=CYLINDRICAL_SURFACE('',#3608,0.5);
#149=CYLINDRICAL_SURFACE('',#3611,26.);
#150=CYLINDRICAL_SURFACE('',#3614,0.5);
#151=CYLINDRICAL_SURFACE('',#3618,0.5);
#152=CYLINDRICAL_SURFACE('',#3622,0.5);
#153=CYLINDRICAL_SURFACE('',#3625,23.4);
#154=CYLINDRICAL_SURFACE('',#3628,0.5);
#155=CYLINDRICAL_SURFACE('',#3632,0.5);
#156=CYLINDRICAL_SURFACE('',#3635,26.);
#157=CYLINDRICAL_SURFACE('',#3645,0.5);
#158=CYLINDRICAL_SURFACE('',#3648,1.);
#159=CYLINDRICAL_SURFACE('',#3652,0.5);
#160=CYLINDRICAL_SURFACE('',#3654,24.);
#161=CYLINDRICAL_SURFACE('',#3656,0.5);
#162=CYLINDRICAL_SURFACE('',#3658,31.);
#163=CYLINDRICAL_SURFACE('',#3666,29.4);
#164=CYLINDRICAL_SURFACE('',#3673,29.4);
#165=CYLINDRICAL_SURFACE('',#3675,24.);
#166=CYLINDRICAL_SURFACE('',#3682,23.4);
#167=CYLINDRICAL_SURFACE('',#3685,31.);
#168=CYLINDRICAL_SURFACE('',#3690,3.15321352978971);
#169=CYLINDRICAL_SURFACE('',#3696,29.5);
#170=CYLINDRICAL_SURFACE('',#3700,31.);
#171=CYLINDRICAL_SURFACE('',#3701,29.4000005461867);
#172=CYLINDRICAL_SURFACE('',#3710,29.4);
#173=CYLINDRICAL_SURFACE('',#3715,29.4);
#174=CYLINDRICAL_SURFACE('',#3717,31.);
#175=CYLINDRICAL_SURFACE('',#3719,31.);
#176=CYLINDRICAL_SURFACE('',#3720,29.4000005461867);
#177=CYLINDRICAL_SURFACE('',#3724,0.5);
#178=CYLINDRICAL_SURFACE('',#3727,26.);
#179=CYLINDRICAL_SURFACE('',#3730,0.5);
#180=CYLINDRICAL_SURFACE('',#3734,0.5);
#181=CYLINDRICAL_SURFACE('',#3737,0.5);
#182=CYLINDRICAL_SURFACE('',#3745,0.5);
#183=CYLINDRICAL_SURFACE('',#3747,0.5);
#184=CYLINDRICAL_SURFACE('',#3750,2.2);
#185=CYLINDRICAL_SURFACE('',#3764,21.1);
#186=CYLINDRICAL_SURFACE('',#3765,23.4);
#187=CYLINDRICAL_SURFACE('',#3769,24.);
#188=CYLINDRICAL_SURFACE('',#3771,0.6355);
#189=CYLINDRICAL_SURFACE('',#3772,0.6355);
#190=CYLINDRICAL_SURFACE('',#3773,0.6355);
#191=CYLINDRICAL_SURFACE('',#3774,1.9);
#192=CYLINDRICAL_SURFACE('',#3775,0.6355);
#193=CYLINDRICAL_SURFACE('',#3776,17.);
#194=CYLINDRICAL_SURFACE('',#3782,3.1532135297897);
#195=CYLINDRICAL_SURFACE('',#3785,31.);
#196=CYLINDRICAL_SURFACE('',#3788,3.1532135297897);
#197=CYLINDRICAL_SURFACE('',#3791,18.5000002756715);
#198=CYLINDRICAL_SURFACE('',#3792,1.3);
#199=CYLINDRICAL_SURFACE('',#3793,0.8);
#200=CYLINDRICAL_SURFACE('',#3795,1.2);
#201=FACE_OUTER_BOUND('',#377,.T.);
#202=FACE_OUTER_BOUND('',#378,.T.);
#203=FACE_OUTER_BOUND('',#379,.T.);
#204=FACE_OUTER_BOUND('',#380,.T.);
#205=FACE_OUTER_BOUND('',#381,.T.);
#206=FACE_OUTER_BOUND('',#382,.T.);
#207=FACE_OUTER_BOUND('',#383,.T.);
#208=FACE_OUTER_BOUND('',#387,.T.);
#209=FACE_OUTER_BOUND('',#388,.T.);
#210=FACE_OUTER_BOUND('',#389,.T.);
#211=FACE_OUTER_BOUND('',#390,.T.);
#212=FACE_OUTER_BOUND('',#395,.T.);
#213=FACE_OUTER_BOUND('',#396,.T.);
#214=FACE_OUTER_BOUND('',#397,.T.);
#215=FACE_OUTER_BOUND('',#398,.T.);
#216=FACE_OUTER_BOUND('',#399,.T.);
#217=FACE_OUTER_BOUND('',#400,.T.);
#218=FACE_OUTER_BOUND('',#401,.T.);
#219=FACE_OUTER_BOUND('',#402,.T.);
#220=FACE_OUTER_BOUND('',#404,.T.);
#221=FACE_OUTER_BOUND('',#405,.T.);
#222=FACE_OUTER_BOUND('',#407,.T.);
#223=FACE_OUTER_BOUND('',#408,.T.);
#224=FACE_OUTER_BOUND('',#409,.T.);
#225=FACE_OUTER_BOUND('',#410,.T.);
#226=FACE_OUTER_BOUND('',#411,.T.);
#227=FACE_OUTER_BOUND('',#412,.T.);
#228=FACE_OUTER_BOUND('',#413,.T.);
#229=FACE_OUTER_BOUND('',#415,.T.);
#230=FACE_OUTER_BOUND('',#416,.T.);
#231=FACE_OUTER_BOUND('',#418,.T.);
#232=FACE_OUTER_BOUND('',#419,.T.);
#233=FACE_OUTER_BOUND('',#420,.T.);
#234=FACE_OUTER_BOUND('',#422,.T.);
#235=FACE_OUTER_BOUND('',#423,.T.);
#236=FACE_OUTER_BOUND('',#424,.T.);
#237=FACE_OUTER_BOUND('',#425,.T.);
#238=FACE_OUTER_BOUND('',#426,.T.);
#239=FACE_OUTER_BOUND('',#427,.T.);
#240=FACE_OUTER_BOUND('',#428,.T.);
#241=FACE_OUTER_BOUND('',#429,.T.);
#242=FACE_OUTER_BOUND('',#430,.T.);
#243=FACE_OUTER_BOUND('',#431,.T.);
#244=FACE_OUTER_BOUND('',#432,.T.);
#245=FACE_OUTER_BOUND('',#433,.T.);
#246=FACE_OUTER_BOUND('',#434,.T.);
#247=FACE_OUTER_BOUND('',#435,.T.);
#248=FACE_OUTER_BOUND('',#436,.T.);
#249=FACE_OUTER_BOUND('',#437,.T.);
#250=FACE_OUTER_BOUND('',#438,.T.);
#251=FACE_OUTER_BOUND('',#439,.T.);
#252=FACE_OUTER_BOUND('',#440,.T.);
#253=FACE_OUTER_BOUND('',#441,.T.);
#254=FACE_OUTER_BOUND('',#442,.T.);
#255=FACE_OUTER_BOUND('',#443,.T.);
#256=FACE_OUTER_BOUND('',#444,.T.);
#257=FACE_OUTER_BOUND('',#445,.T.);
#258=FACE_OUTER_BOUND('',#446,.T.);
#259=FACE_OUTER_BOUND('',#447,.T.);
#260=FACE_OUTER_BOUND('',#448,.T.);
#261=FACE_OUTER_BOUND('',#449,.T.);
#262=FACE_OUTER_BOUND('',#450,.T.);
#263=FACE_OUTER_BOUND('',#451,.T.);
#264=FACE_OUTER_BOUND('',#452,.T.);
#265=FACE_OUTER_BOUND('',#453,.T.);
#266=FACE_OUTER_BOUND('',#454,.T.);
#267=FACE_OUTER_BOUND('',#455,.T.);
#268=FACE_OUTER_BOUND('',#456,.T.);
#269=FACE_OUTER_BOUND('',#457,.T.);
#270=FACE_OUTER_BOUND('',#458,.T.);
#271=FACE_OUTER_BOUND('',#459,.T.);
#272=FACE_OUTER_BOUND('',#460,.T.);
#273=FACE_OUTER_BOUND('',#461,.T.);
#274=FACE_OUTER_BOUND('',#462,.T.);
#275=FACE_OUTER_BOUND('',#463,.T.);
#276=FACE_OUTER_BOUND('',#464,.T.);
#277=FACE_OUTER_BOUND('',#465,.T.);
#278=FACE_OUTER_BOUND('',#466,.T.);
#279=FACE_OUTER_BOUND('',#467,.T.);
#280=FACE_OUTER_BOUND('',#468,.T.);
#281=FACE_OUTER_BOUND('',#469,.T.);
#282=FACE_OUTER_BOUND('',#470,.T.);
#283=FACE_OUTER_BOUND('',#471,.T.);
#284=FACE_OUTER_BOUND('',#472,.T.);
#285=FACE_OUTER_BOUND('',#473,.T.);
#286=FACE_OUTER_BOUND('',#474,.T.);
#287=FACE_OUTER_BOUND('',#475,.T.);
#288=FACE_OUTER_BOUND('',#476,.T.);
#289=FACE_OUTER_BOUND('',#477,.T.);
#290=FACE_OUTER_BOUND('',#478,.T.);
#291=FACE_OUTER_BOUND('',#479,.T.);
#292=FACE_OUTER_BOUND('',#480,.T.);
#293=FACE_OUTER_BOUND('',#481,.T.);
#294=FACE_OUTER_BOUND('',#482,.T.);
#295=FACE_OUTER_BOUND('',#483,.T.);
#296=FACE_OUTER_BOUND('',#484,.T.);
#297=FACE_OUTER_BOUND('',#485,.T.);
#298=FACE_OUTER_BOUND('',#486,.T.);
#299=FACE_OUTER_BOUND('',#487,.T.);
#300=FACE_OUTER_BOUND('',#488,.T.);
#301=FACE_OUTER_BOUND('',#489,.T.);
#302=FACE_OUTER_BOUND('',#490,.T.);
#303=FACE_OUTER_BOUND('',#491,.T.);
#304=FACE_OUTER_BOUND('',#492,.T.);
#305=FACE_OUTER_BOUND('',#493,.T.);
#306=FACE_OUTER_BOUND('',#494,.T.);
#307=FACE_OUTER_BOUND('',#495,.T.);
#308=FACE_OUTER_BOUND('',#496,.T.);
#309=FACE_OUTER_BOUND('',#497,.T.);
#310=FACE_OUTER_BOUND('',#498,.T.);
#311=FACE_OUTER_BOUND('',#499,.T.);
#312=FACE_OUTER_BOUND('',#500,.T.);
#313=FACE_OUTER_BOUND('',#501,.T.);
#314=FACE_OUTER_BOUND('',#502,.T.);
#315=FACE_OUTER_BOUND('',#503,.T.);
#316=FACE_OUTER_BOUND('',#504,.T.);
#317=FACE_OUTER_BOUND('',#505,.T.);
#318=FACE_OUTER_BOUND('',#506,.T.);
#319=FACE_OUTER_BOUND('',#507,.T.);
#320=FACE_OUTER_BOUND('',#508,.T.);
#321=FACE_OUTER_BOUND('',#509,.T.);
#322=FACE_OUTER_BOUND('',#510,.T.);
#323=FACE_OUTER_BOUND('',#511,.T.);
#324=FACE_OUTER_BOUND('',#512,.T.);
#325=FACE_OUTER_BOUND('',#513,.T.);
#326=FACE_OUTER_BOUND('',#514,.T.);
#327=FACE_OUTER_BOUND('',#515,.T.);
#328=FACE_OUTER_BOUND('',#516,.T.);
#329=FACE_OUTER_BOUND('',#517,.T.);
#330=FACE_OUTER_BOUND('',#518,.T.);
#331=FACE_OUTER_BOUND('',#519,.T.);
#332=FACE_OUTER_BOUND('',#520,.T.);
#333=FACE_OUTER_BOUND('',#521,.T.);
#334=FACE_OUTER_BOUND('',#522,.T.);
#335=FACE_OUTER_BOUND('',#523,.T.);
#336=FACE_OUTER_BOUND('',#524,.T.);
#337=FACE_OUTER_BOUND('',#526,.T.);
#338=FACE_OUTER_BOUND('',#527,.T.);
#339=FACE_OUTER_BOUND('',#528,.T.);
#340=FACE_OUTER_BOUND('',#529,.T.);
#341=FACE_OUTER_BOUND('',#530,.T.);
#342=FACE_OUTER_BOUND('',#531,.T.);
#343=FACE_OUTER_BOUND('',#532,.T.);
#344=FACE_OUTER_BOUND('',#535,.T.);
#345=FACE_OUTER_BOUND('',#542,.T.);
#346=FACE_OUTER_BOUND('',#543,.T.);
#347=FACE_OUTER_BOUND('',#544,.T.);
#348=FACE_OUTER_BOUND('',#545,.T.);
#349=FACE_OUTER_BOUND('',#546,.T.);
#350=FACE_OUTER_BOUND('',#547,.T.);
#351=FACE_OUTER_BOUND('',#548,.T.);
#352=FACE_OUTER_BOUND('',#549,.T.);
#353=FACE_OUTER_BOUND('',#550,.T.);
#354=FACE_OUTER_BOUND('',#551,.T.);
#355=FACE_OUTER_BOUND('',#552,.T.);
#356=FACE_OUTER_BOUND('',#553,.T.);
#357=FACE_OUTER_BOUND('',#554,.T.);
#358=FACE_OUTER_BOUND('',#555,.T.);
#359=FACE_OUTER_BOUND('',#556,.T.);
#360=FACE_OUTER_BOUND('',#557,.T.);
#361=FACE_OUTER_BOUND('',#558,.T.);
#362=FACE_OUTER_BOUND('',#559,.T.);
#363=FACE_OUTER_BOUND('',#560,.T.);
#364=FACE_OUTER_BOUND('',#561,.T.);
#365=FACE_OUTER_BOUND('',#562,.T.);
#366=FACE_OUTER_BOUND('',#563,.T.);
#367=FACE_OUTER_BOUND('',#564,.T.);
#368=FACE_OUTER_BOUND('',#565,.T.);
#369=FACE_OUTER_BOUND('',#566,.T.);
#370=FACE_OUTER_BOUND('',#567,.T.);
#371=FACE_OUTER_BOUND('',#568,.T.);
#372=FACE_OUTER_BOUND('',#569,.T.);
#373=FACE_OUTER_BOUND('',#570,.T.);
#374=FACE_OUTER_BOUND('',#571,.T.);
#375=FACE_OUTER_BOUND('',#572,.T.);
#376=FACE_OUTER_BOUND('',#573,.T.);
#377=EDGE_LOOP('',(#2148,#2149,#2150,#2151));
#378=EDGE_LOOP('',(#2152,#2153,#2154,#2155));
#379=EDGE_LOOP('',(#2156,#2157,#2158));
#380=EDGE_LOOP('',(#2159,#2160,#2161,#2162));
#381=EDGE_LOOP('',(#2163,#2164,#2165));
#382=EDGE_LOOP('',(#2166,#2167,#2168,#2169,#2170,#2171,#2172,#2173,#2174,
#2175));
#383=EDGE_LOOP('',(#2176,#2177,#2178,#2179,#2180,#2181,#2182,#2183,#2184,
#2185,#2186,#2187,#2188,#2189,#2190,#2191));
#384=EDGE_LOOP('',(#2192,#2193,#2194,#2195));
#385=EDGE_LOOP('',(#2196));
#386=EDGE_LOOP('',(#2197));
#387=EDGE_LOOP('',(#2198,#2199,#2200,#2201));
#388=EDGE_LOOP('',(#2202,#2203,#2204,#2205,#2206,#2207,#2208,#2209));
#389=EDGE_LOOP('',(#2210,#2211,#2212,#2213));
#390=EDGE_LOOP('',(#2214,#2215,#2216,#2217,#2218,#2219,#2220,#2221,#2222,
#2223,#2224,#2225,#2226,#2227,#2228,#2229,#2230,#2231,#2232,#2233,#2234,
#2235,#2236,#2237,#2238));
#391=EDGE_LOOP('',(#2239));
#392=EDGE_LOOP('',(#2240));
#393=EDGE_LOOP('',(#2241));
#394=EDGE_LOOP('',(#2242));
#395=EDGE_LOOP('',(#2243,#2244,#2245,#2246));
#396=EDGE_LOOP('',(#2247,#2248,#2249,#2250));
#397=EDGE_LOOP('',(#2251,#2252,#2253,#2254,#2255,#2256,#2257,#2258));
#398=EDGE_LOOP('',(#2259,#2260,#2261,#2262));
#399=EDGE_LOOP('',(#2263,#2264,#2265,#2266,#2267));
#400=EDGE_LOOP('',(#2268,#2269,#2270,#2271,#2272,#2273));
#401=EDGE_LOOP('',(#2274,#2275,#2276,#2277));
#402=EDGE_LOOP('',(#2278));
#403=EDGE_LOOP('',(#2279));
#404=EDGE_LOOP('',(#2280,#2281,#2282));
#405=EDGE_LOOP('',(#2283,#2284,#2285,#2286,#2287,#2288));
#406=EDGE_LOOP('',(#2289));
#407=EDGE_LOOP('',(#2290,#2291,#2292,#2293));
#408=EDGE_LOOP('',(#2294,#2295,#2296,#2297));
#409=EDGE_LOOP('',(#2298,#2299,#2300,#2301));
#410=EDGE_LOOP('',(#2302,#2303,#2304,#2305,#2306,#2307,#2308,#2309));
#411=EDGE_LOOP('',(#2310,#2311,#2312,#2313));
#412=EDGE_LOOP('',(#2314,#2315,#2316,#2317,#2318,#2319));
#413=EDGE_LOOP('',(#2320));
#414=EDGE_LOOP('',(#2321));
#415=EDGE_LOOP('',(#2322,#2323));
#416=EDGE_LOOP('',(#2324,#2325,#2326,#2327,#2328,#2329));
#417=EDGE_LOOP('',(#2330));
#418=EDGE_LOOP('',(#2331,#2332,#2333,#2334));
#419=EDGE_LOOP('',(#2335,#2336,#2337,#2338));
#420=EDGE_LOOP('',(#2339,#2340,#2341,#2342,#2343,#2344));
#421=EDGE_LOOP('',(#2345));
#422=EDGE_LOOP('',(#2346,#2347,#2348));
#423=EDGE_LOOP('',(#2349,#2350,#2351,#2352));
#424=EDGE_LOOP('',(#2353,#2354,#2355,#2356));
#425=EDGE_LOOP('',(#2357,#2358,#2359,#2360));
#426=EDGE_LOOP('',(#2361,#2362,#2363,#2364));
#427=EDGE_LOOP('',(#2365,#2366,#2367,#2368));
#428=EDGE_LOOP('',(#2369,#2370,#2371,#2372));
#429=EDGE_LOOP('',(#2373,#2374,#2375,#2376,#2377,#2378,#2379));
#430=EDGE_LOOP('',(#2380,#2381,#2382,#2383,#2384,#2385));
#431=EDGE_LOOP('',(#2386,#2387,#2388,#2389,#2390,#2391,#2392,#2393));
#432=EDGE_LOOP('',(#2394,#2395,#2396,#2397,#2398,#2399,#2400,#2401));
#433=EDGE_LOOP('',(#2402,#2403,#2404,#2405));
#434=EDGE_LOOP('',(#2406,#2407,#2408,#2409));
#435=EDGE_LOOP('',(#2410,#2411,#2412,#2413));
#436=EDGE_LOOP('',(#2414,#2415,#2416,#2417,#2418,#2419));
#437=EDGE_LOOP('',(#2420,#2421,#2422,#2423,#2424,#2425));
#438=EDGE_LOOP('',(#2426,#2427,#2428,#2429));
#439=EDGE_LOOP('',(#2430,#2431,#2432,#2433));
#440=EDGE_LOOP('',(#2434,#2435,#2436,#2437));
#441=EDGE_LOOP('',(#2438,#2439,#2440,#2441,#2442,#2443));
#442=EDGE_LOOP('',(#2444,#2445,#2446,#2447));
#443=EDGE_LOOP('',(#2448,#2449,#2450));
#444=EDGE_LOOP('',(#2451,#2452,#2453));
#445=EDGE_LOOP('',(#2454,#2455,#2456,#2457,#2458,#2459));
#446=EDGE_LOOP('',(#2460,#2461,#2462,#2463));
#447=EDGE_LOOP('',(#2464,#2465,#2466,#2467,#2468,#2469,#2470,#2471,#2472,
#2473,#2474,#2475));
#448=EDGE_LOOP('',(#2476,#2477,#2478,#2479));
#449=EDGE_LOOP('',(#2480,#2481,#2482,#2483,#2484,#2485,#2486,#2487,#2488,
#2489,#2490,#2491));
#450=EDGE_LOOP('',(#2492,#2493,#2494,#2495));
#451=EDGE_LOOP('',(#2496,#2497,#2498,#2499,#2500,#2501,#2502,#2503));
#452=EDGE_LOOP('',(#2504,#2505,#2506,#2507,#2508,#2509,#2510,#2511,#2512,
#2513,#2514,#2515));
#453=EDGE_LOOP('',(#2516,#2517,#2518,#2519));
#454=EDGE_LOOP('',(#2520,#2521,#2522,#2523));
#455=EDGE_LOOP('',(#2524,#2525,#2526,#2527,#2528,#2529,#2530,#2531));
#456=EDGE_LOOP('',(#2532,#2533,#2534,#2535,#2536,#2537,#2538,#2539));
#457=EDGE_LOOP('',(#2540,#2541,#2542,#2543,#2544,#2545));
#458=EDGE_LOOP('',(#2546,#2547,#2548,#2549));
#459=EDGE_LOOP('',(#2550,#2551,#2552,#2553));
#460=EDGE_LOOP('',(#2554,#2555,#2556,#2557));
#461=EDGE_LOOP('',(#2558,#2559,#2560,#2561));
#462=EDGE_LOOP('',(#2562,#2563,#2564,#2565));
#463=EDGE_LOOP('',(#2566,#2567,#2568,#2569));
#464=EDGE_LOOP('',(#2570,#2571,#2572,#2573));
#465=EDGE_LOOP('',(#2574,#2575,#2576,#2577,#2578,#2579));
#466=EDGE_LOOP('',(#2580,#2581,#2582,#2583));
#467=EDGE_LOOP('',(#2584,#2585,#2586,#2587,#2588,#2589,#2590,#2591,#2592,
#2593,#2594,#2595));
#468=EDGE_LOOP('',(#2596,#2597,#2598,#2599));
#469=EDGE_LOOP('',(#2600,#2601,#2602,#2603));
#470=EDGE_LOOP('',(#2604,#2605,#2606,#2607));
#471=EDGE_LOOP('',(#2608,#2609,#2610,#2611));
#472=EDGE_LOOP('',(#2612,#2613,#2614,#2615));
#473=EDGE_LOOP('',(#2616,#2617,#2618,#2619));
#474=EDGE_LOOP('',(#2620,#2621,#2622,#2623,#2624,#2625));
#475=EDGE_LOOP('',(#2626,#2627,#2628,#2629));
#476=EDGE_LOOP('',(#2630,#2631,#2632,#2633,#2634,#2635));
#477=EDGE_LOOP('',(#2636,#2637,#2638,#2639));
#478=EDGE_LOOP('',(#2640,#2641,#2642,#2643));
#479=EDGE_LOOP('',(#2644,#2645,#2646,#2647));
#480=EDGE_LOOP('',(#2648,#2649,#2650,#2651,#2652,#2653));
#481=EDGE_LOOP('',(#2654,#2655,#2656,#2657));
#482=EDGE_LOOP('',(#2658,#2659,#2660,#2661));
#483=EDGE_LOOP('',(#2662,#2663,#2664,#2665,#2666,#2667,#2668,#2669));
#484=EDGE_LOOP('',(#2670,#2671,#2672,#2673));
#485=EDGE_LOOP('',(#2674,#2675,#2676,#2677));
#486=EDGE_LOOP('',(#2678,#2679,#2680,#2681));
#487=EDGE_LOOP('',(#2682));
#488=EDGE_LOOP('',(#2683,#2684,#2685,#2686));
#489=EDGE_LOOP('',(#2687,#2688,#2689,#2690));
#490=EDGE_LOOP('',(#2691,#2692,#2693,#2694));
#491=EDGE_LOOP('',(#2695,#2696,#2697,#2698));
#492=EDGE_LOOP('',(#2699,#2700,#2701,#2702,#2703,#2704,#2705,#2706));
#493=EDGE_LOOP('',(#2707,#2708,#2709,#2710));
#494=EDGE_LOOP('',(#2711,#2712,#2713,#2714,#2715,#2716,#2717,#2718));
#495=EDGE_LOOP('',(#2719,#2720,#2721,#2722));
#496=EDGE_LOOP('',(#2723,#2724,#2725,#2726));
#497=EDGE_LOOP('',(#2727,#2728,#2729,#2730,#2731,#2732,#2733,#2734));
#498=EDGE_LOOP('',(#2735,#2736,#2737,#2738));
#499=EDGE_LOOP('',(#2739,#2740,#2741,#2742,#2743,#2744));
#500=EDGE_LOOP('',(#2745,#2746,#2747,#2748,#2749,#2750,#2751,#2752));
#501=EDGE_LOOP('',(#2753,#2754,#2755,#2756,#2757,#2758,#2759));
#502=EDGE_LOOP('',(#2760,#2761,#2762,#2763,#2764,#2765,#2766,#2767,#2768,
#2769,#2770,#2771,#2772,#2773));
#503=EDGE_LOOP('',(#2774,#2775,#2776,#2777,#2778,#2779,#2780));
#504=EDGE_LOOP('',(#2781,#2782,#2783,#2784,#2785,#2786));
#505=EDGE_LOOP('',(#2787,#2788,#2789,#2790,#2791,#2792,#2793,#2794));
#506=EDGE_LOOP('',(#2795,#2796,#2797,#2798));
#507=EDGE_LOOP('',(#2799,#2800,#2801,#2802));
#508=EDGE_LOOP('',(#2803,#2804,#2805,#2806));
#509=EDGE_LOOP('',(#2807,#2808,#2809,#2810));
#510=EDGE_LOOP('',(#2811,#2812,#2813,#2814,#2815,#2816));
#511=EDGE_LOOP('',(#2817,#2818,#2819,#2820));
#512=EDGE_LOOP('',(#2821,#2822,#2823,#2824,#2825,#2826));
#513=EDGE_LOOP('',(#2827,#2828,#2829,#2830));
#514=EDGE_LOOP('',(#2831,#2832,#2833,#2834));
#515=EDGE_LOOP('',(#2835,#2836,#2837,#2838));
#516=EDGE_LOOP('',(#2839,#2840,#2841,#2842));
#517=EDGE_LOOP('',(#2843,#2844,#2845,#2846,#2847,#2848));
#518=EDGE_LOOP('',(#2849,#2850,#2851,#2852));
#519=EDGE_LOOP('',(#2853,#2854,#2855,#2856));
#520=EDGE_LOOP('',(#2857,#2858,#2859,#2860));
#521=EDGE_LOOP('',(#2861,#2862,#2863,#2864,#2865,#2866));
#522=EDGE_LOOP('',(#2867,#2868,#2869,#2870));
#523=EDGE_LOOP('',(#2871,#2872,#2873,#2874));
#524=EDGE_LOOP('',(#2875,#2876,#2877,#2878,#2879,#2880,#2881,#2882));
#525=EDGE_LOOP('',(#2883));
#526=EDGE_LOOP('',(#2884,#2885,#2886,#2887));
#527=EDGE_LOOP('',(#2888,#2889,#2890,#2891));
#528=EDGE_LOOP('',(#2892,#2893,#2894,#2895));
#529=EDGE_LOOP('',(#2896,#2897,#2898,#2899));
#530=EDGE_LOOP('',(#2900,#2901,#2902,#2903));
#531=EDGE_LOOP('',(#2904,#2905,#2906,#2907));
#532=EDGE_LOOP('',(#2908,#2909,#2910,#2911,#2912,#2913,#2914,#2915,#2916,
#2917,#2918,#2919,#2920,#2921,#2922,#2923,#2924,#2925,#2926,#2927,#2928,
#2929,#2930,#2931));
#533=EDGE_LOOP('',(#2932,#2933,#2934,#2935));
#534=EDGE_LOOP('',(#2936));
#535=EDGE_LOOP('',(#2937,#2938,#2939,#2940,#2941,#2942,#2943,#2944,#2945,
#2946,#2947,#2948,#2949,#2950,#2951,#2952,#2953,#2954));
#536=EDGE_LOOP('',(#2955));
#537=EDGE_LOOP('',(#2956));
#538=EDGE_LOOP('',(#2957));
#539=EDGE_LOOP('',(#2958));
#540=EDGE_LOOP('',(#2959));
#541=EDGE_LOOP('',(#2960,#2961,#2962,#2963,#2964,#2965,#2966,#2967,#2968,
#2969,#2970,#2971,#2972,#2973,#2974,#2975,#2976,#2977,#2978,#2979,#2980,
#2981,#2982,#2983));
#542=EDGE_LOOP('',(#2984,#2985,#2986,#2987));
#543=EDGE_LOOP('',(#2988,#2989,#2990,#2991));
#544=EDGE_LOOP('',(#2992,#2993,#2994,#2995,#2996,#2997,#2998,#2999));
#545=EDGE_LOOP('',(#3000,#3001,#3002,#3003));
#546=EDGE_LOOP('',(#3004,#3005,#3006,#3007,#3008));
#547=EDGE_LOOP('',(#3009,#3010,#3011,#3012,#3013));
#548=EDGE_LOOP('',(#3014,#3015,#3016,#3017));
#549=EDGE_LOOP('',(#3018,#3019,#3020,#3021,#3022,#3023));
#550=EDGE_LOOP('',(#3024,#3025,#3026,#3027));
#551=EDGE_LOOP('',(#3028,#3029,#3030,#3031,#3032,#3033));
#552=EDGE_LOOP('',(#3034,#3035,#3036,#3037));
#553=EDGE_LOOP('',(#3038,#3039,#3040,#3041,#3042,#3043));
#554=EDGE_LOOP('',(#3044,#3045,#3046,#3047));
#555=EDGE_LOOP('',(#3048,#3049,#3050,#3051));
#556=EDGE_LOOP('',(#3052,#3053,#3054,#3055,#3056,#3057));
#557=EDGE_LOOP('',(#3058,#3059,#3060,#3061));
#558=EDGE_LOOP('',(#3062,#3063,#3064,#3065,#3066,#3067,#3068,#3069));
#559=EDGE_LOOP('',(#3070,#3071,#3072,#3073,#3074,#3075,#3076));
#560=EDGE_LOOP('',(#3077,#3078,#3079,#3080,#3081,#3082,#3083,#3084,#3085,
#3086,#3087,#3088,#3089,#3090));
#561=EDGE_LOOP('',(#3091,#3092,#3093,#3094,#3095,#3096,#3097));
#562=EDGE_LOOP('',(#3098,#3099,#3100,#3101,#3102,#3103,#3104,#3105));
#563=EDGE_LOOP('',(#3106,#3107,#3108,#3109));
#564=EDGE_LOOP('',(#3110,#3111,#3112,#3113,#3114,#3115,#3116,#3117));
#565=EDGE_LOOP('',(#3118,#3119,#3120,#3121,#3122,#3123,#3124));
#566=EDGE_LOOP('',(#3125,#3126,#3127,#3128,#3129,#3130,#3131,#3132,#3133,
#3134,#3135,#3136,#3137,#3138));
#567=EDGE_LOOP('',(#3139,#3140,#3141,#3142,#3143,#3144,#3145));
#568=EDGE_LOOP('',(#3146,#3147,#3148,#3149,#3150,#3151,#3152,#3153));
#569=EDGE_LOOP('',(#3154,#3155,#3156,#3157));
#570=EDGE_LOOP('',(#3158,#3159,#3160,#3161));
#571=EDGE_LOOP('',(#3162,#3163,#3164,#3165));
#572=EDGE_LOOP('',(#3166,#3167,#3168,#3169));
#573=EDGE_LOOP('',(#3170));
#574=EDGE_LOOP('',(#3171));
#575=CIRCLE('',#3427,30.75);
#576=CIRCLE('',#3429,1.4999999616);
#577=CIRCLE('',#3435,25.5);
#578=CIRCLE('',#3436,0.6355);
#579=CIRCLE('',#3437,0.6355);
#580=CIRCLE('',#3438,25.5);
#581=CIRCLE('',#3439,0.6355);
#582=CIRCLE('',#3440,25.5);
#583=CIRCLE('',#3441,2.1);
#584=CIRCLE('',#3442,25.5);
#585=CIRCLE('',#3443,0.6355);
#586=CIRCLE('',#3444,25.5);
#587=CIRCLE('',#3445,26.85);
#588=CIRCLE('',#3446,21.1);
#589=CIRCLE('',#3447,1.3);
#590=CIRCLE('',#3448,18.5000002756715);
#591=CIRCLE('',#3449,1.3);
#592=CIRCLE('',#3450,0.6355);
#593=CIRCLE('',#3451,18.);
#594=CIRCLE('',#3454,26.85);
#595=CIRCLE('',#3455,26.85);
#596=CIRCLE('',#3457,27.35);
#597=CIRCLE('',#3459,31.);
#598=CIRCLE('',#3460,3.1532135297897);
#599=CIRCLE('',#3461,31.);
#600=CIRCLE('',#3462,3.1532135297897);
#601=CIRCLE('',#3463,31.);
#602=CIRCLE('',#3464,3.15321352978969);
#603=CIRCLE('',#3465,31.);
#604=CIRCLE('',#3466,27.35);
#605=CIRCLE('',#3467,1.6);
#606=CIRCLE('',#3468,0.8);
#607=CIRCLE('',#3469,1.35);
#608=CIRCLE('',#3470,1.35);
#609=CIRCLE('',#3471,1.35);
#610=CIRCLE('',#3475,25.4999994300306);
#611=CIRCLE('',#3476,25.5);
#612=CIRCLE('',#3477,25.5);
#613=CIRCLE('',#3479,26.85);
#614=CIRCLE('',#3481,26.85);
#615=CIRCLE('',#3482,25.5);
#616=CIRCLE('',#3483,2.1);
#617=CIRCLE('',#3485,25.5);
#618=CIRCLE('',#3487,18.);
#619=CIRCLE('',#3489,17.);
#620=CIRCLE('',#3491,0.6355);
#621=CIRCLE('',#3492,0.6355);
#622=CIRCLE('',#3494,3.15321352978969);
#623=CIRCLE('',#3495,33.7500014290819);
#624=CIRCLE('',#3496,3.15321352978971);
#625=CIRCLE('',#3497,33.7500014290819);
#626=CIRCLE('',#3498,1.35);
#627=CIRCLE('',#3500,29.5);
#628=CIRCLE('',#3501,31.);
#629=CIRCLE('',#3504,0.8);
#630=CIRCLE('',#3506,2.1);
#631=CIRCLE('',#3510,1.9);
#632=CIRCLE('',#3511,1.2);
#633=CIRCLE('',#3513,0.6355);
#634=CIRCLE('',#3515,3.1532135297897);
#635=CIRCLE('',#3516,33.7500014290819);
#636=CIRCLE('',#3517,3.1532135297897);
#637=CIRCLE('',#3518,33.7500014290819);
#638=CIRCLE('',#3519,1.35);
#639=CIRCLE('',#3522,1.35);
#640=CIRCLE('',#3524,3.1532135297897);
#641=CIRCLE('',#3525,33.750001429082);
#642=CIRCLE('',#3526,3.1532135297897);
#643=CIRCLE('',#3527,33.750001429082);
#644=CIRCLE('',#3529,0.6355);
#645=CIRCLE('',#3530,0.6355);
#646=CIRCLE('',#3543,1.5);
#647=CIRCLE('',#3544,1.5);
#648=CIRCLE('',#3547,1.5);
#649=CIRCLE('',#3548,1.5);
#650=CIRCLE('',#3551,1.25);
#651=CIRCLE('',#3553,0.599999999999001);
#652=CIRCLE('',#3554,0.599999999999001);
#653=CIRCLE('',#3557,0.599999999999001);
#654=CIRCLE('',#3558,0.599999999999001);
#655=CIRCLE('',#3560,1.25);
#656=CIRCLE('',#3562,33.3470000000001);
#657=CIRCLE('',#3564,31.);
#658=CIRCLE('',#3572,31.);
#659=CIRCLE('',#3576,1.4999999616);
#660=CIRCLE('',#3577,1.4999999616);
#661=CIRCLE('',#3579,1.4999999616);
#662=CIRCLE('',#3581,1.4999999616);
#663=CIRCLE('',#3584,0.5);
#664=CIRCLE('',#3585,0.5);
#665=CIRCLE('',#3587,0.999999999999984);
#666=CIRCLE('',#3588,0.6355);
#667=CIRCLE('',#3590,0.999999999999982);
#668=CIRCLE('',#3591,0.6355);
#669=CIRCLE('',#3593,0.5);
#670=CIRCLE('',#3594,0.5);
#671=CIRCLE('',#3597,0.5);
#672=CIRCLE('',#3598,0.5);
#673=CIRCLE('',#3601,1.3);
#674=CIRCLE('',#3603,31.);
#675=CIRCLE('',#3604,31.);
#676=CIRCLE('',#3606,31.);
#677=CIRCLE('',#3607,31.);
#678=CIRCLE('',#3609,0.5);
#679=CIRCLE('',#3610,0.5);
#680=CIRCLE('',#3612,26.);
#681=CIRCLE('',#3613,26.);
#682=CIRCLE('',#3615,0.5);
#683=CIRCLE('',#3616,0.5);
#684=CIRCLE('',#3619,0.5);
#685=CIRCLE('',#3620,0.5);
#686=CIRCLE('',#3623,0.5);
#687=CIRCLE('',#3624,0.5);
#688=CIRCLE('',#3626,23.4);
#689=CIRCLE('',#3627,23.4);
#690=CIRCLE('',#3629,0.5);
#691=CIRCLE('',#3630,0.5);
#692=CIRCLE('',#3633,0.5);
#693=CIRCLE('',#3634,0.5);
#694=CIRCLE('',#3636,26.);
#695=CIRCLE('',#3637,26.);
#696=CIRCLE('',#3639,0.5);
#697=CIRCLE('',#3640,24.);
#698=CIRCLE('',#3641,0.5);
#699=CIRCLE('',#3643,0.999999999999982);
#700=CIRCLE('',#3644,0.6355);
#701=CIRCLE('',#3646,0.5);
#702=CIRCLE('',#3647,0.5);
#703=CIRCLE('',#3649,1.);
#704=CIRCLE('',#3650,1.);
#705=CIRCLE('',#3653,0.5);
#706=CIRCLE('',#3655,24.);
#707=CIRCLE('',#3657,0.5);
#708=CIRCLE('',#3659,31.);
#709=CIRCLE('',#3660,31.);
#710=CIRCLE('',#3662,31.);
#711=CIRCLE('',#3663,3.1532135297897);
#712=CIRCLE('',#3664,29.4);
#713=CIRCLE('',#3665,3.1532135297897);
#714=CIRCLE('',#3667,29.4);
#715=CIRCLE('',#3669,31.);
#716=CIRCLE('',#3670,3.15321352978971);
#717=CIRCLE('',#3671,29.4);
#718=CIRCLE('',#3672,3.1532135297897);
#719=CIRCLE('',#3674,29.4);
#720=CIRCLE('',#3676,24.);
#721=CIRCLE('',#3677,24.);
#722=CIRCLE('',#3679,0.5);
#723=CIRCLE('',#3680,0.5);
#724=CIRCLE('',#3681,23.4);
#725=CIRCLE('',#3683,23.4);
#726=CIRCLE('',#3686,31.);
#727=CIRCLE('',#3687,31.);
#728=CIRCLE('',#3689,31.);
#729=CIRCLE('',#3691,3.15321352978971);
#730=CIRCLE('',#3692,3.15321352978971);
#731=CIRCLE('',#3694,31.);
#732=CIRCLE('',#3697,29.5);
#733=CIRCLE('',#3698,29.5);
#734=CIRCLE('',#3699,29.5);
#735=CIRCLE('',#3702,29.4000005461867);
#736=CIRCLE('',#3703,29.4000005461867);
#737=CIRCLE('',#3707,29.4);
#738=CIRCLE('',#3708,31.);
#739=CIRCLE('',#3709,3.1532135297897);
#740=CIRCLE('',#3711,29.4000005461867);
#741=CIRCLE('',#3713,29.4);
#742=CIRCLE('',#3714,31.);
#743=CIRCLE('',#3716,29.4000005461867);
#744=CIRCLE('',#3718,31.);
#745=CIRCLE('',#3721,29.4000005461867);
#746=CIRCLE('',#3722,29.4000005461867);
#747=CIRCLE('',#3725,0.5);
#748=CIRCLE('',#3726,0.5);
#749=CIRCLE('',#3728,26.);
#750=CIRCLE('',#3729,26.);
#751=CIRCLE('',#3731,0.5);
#752=CIRCLE('',#3732,0.499999999999999);
#753=CIRCLE('',#3735,0.5);
#754=CIRCLE('',#3736,0.5);
#755=CIRCLE('',#3738,0.5);
#756=CIRCLE('',#3740,2.2);
#757=CIRCLE('',#3741,1.9);
#758=CIRCLE('',#3743,0.999999999999984);
#759=CIRCLE('',#3744,0.6355);
#760=CIRCLE('',#3746,0.5);
#761=CIRCLE('',#3748,0.5);
#762=CIRCLE('',#3749,0.5);
#763=CIRCLE('',#3751,2.2);
#764=CIRCLE('',#3755,23.4);
#765=CIRCLE('',#3756,21.1);
#766=CIRCLE('',#3757,1.3);
#767=CIRCLE('',#3758,18.5000002756715);
#768=CIRCLE('',#3759,17.);
#769=CIRCLE('',#3761,3.1532135297897);
#770=CIRCLE('',#3762,3.1532135297897);
#771=CIRCLE('',#3763,24.);
#772=CIRCLE('',#3766,23.4);
#773=CIRCLE('',#3768,24.);
#774=CIRCLE('',#3794,0.8);
#775=CIRCLE('',#3796,1.2);
#776=LINE('',#4819,#1035);
#777=LINE('',#4821,#1036);
#778=LINE('',#4823,#1037);
#779=LINE('',#4828,#1038);
#780=LINE('',#4835,#1039);
#781=LINE('',#4837,#1040);
#782=LINE('',#4842,#1041);
#783=LINE('',#4844,#1042);
#784=LINE('',#4846,#1043);
#785=LINE('',#4848,#1044);
#786=LINE('',#4850,#1045);
#787=LINE('',#4852,#1046);
#788=LINE('',#4854,#1047);
#789=LINE('',#4860,#1048);
#790=LINE('',#4861,#1049);
#791=LINE('',#4885,#1050);
#792=LINE('',#4887,#1051);
#793=LINE('',#4888,#1052);
#794=LINE('',#4891,#1053);
#795=LINE('',#4907,#1054);
#796=LINE('',#4908,#1055);
#797=LINE('',#4909,#1056);
#798=LINE('',#4914,#1057);
#799=LINE('',#4926,#1058);
#800=LINE('',#4940,#1059);
#801=LINE('',#4942,#1060);
#802=LINE('',#4944,#1061);
#803=LINE('',#4948,#1062);
#804=LINE('',#4952,#1063);
#805=LINE('',#4956,#1064);
#806=LINE('',#4960,#1065);
#807=LINE('',#4964,#1066);
#808=LINE('',#4968,#1067);
#809=LINE('',#4972,#1068);
#810=LINE('',#4974,#1069);
#811=LINE('',#4976,#1070);
#812=LINE('',#4978,#1071);
#813=LINE('',#4980,#1072);
#814=LINE('',#4994,#1073);
#815=LINE('',#4996,#1074);
#816=LINE('',#4997,#1075);
#817=LINE('',#5000,#1076);
#818=LINE('',#5001,#1077);
#819=LINE('',#5005,#1078);
#820=LINE('',#5026,#1079);
#821=LINE('',#5028,#1080);
#822=LINE('',#5033,#1081);
#823=LINE('',#5035,#1082);
#824=LINE('',#5039,#1083);
#825=LINE('',#5052,#1084);
#826=LINE('',#5059,#1085);
#827=LINE('',#5065,#1086);
#828=LINE('',#5069,#1087);
#829=LINE('',#5072,#1088);
#830=LINE('',#5076,#1089);
#831=LINE('',#5101,#1090);
#832=LINE('',#5134,#1091);
#833=LINE('',#5147,#1092);
#834=LINE('',#5154,#1093);
#835=LINE('',#5158,#1094);
#836=LINE('',#5162,#1095);
#837=LINE('',#5168,#1096);
#838=LINE('',#5175,#1097);
#839=LINE('',#5181,#1098);
#840=LINE('',#5182,#1099);
#841=LINE('',#5184,#1100);
#842=LINE('',#5185,#1101);
#843=LINE('',#5187,#1102);
#844=LINE('',#5188,#1103);
#845=LINE('',#5190,#1104);
#846=LINE('',#5194,#1105);
#847=LINE('',#5195,#1106);
#848=LINE('',#5197,#1107);
#849=LINE('',#5202,#1108);
#850=LINE('',#5204,#1109);
#851=LINE('',#5206,#1110);
#852=LINE('',#5208,#1111);
#853=LINE('',#5210,#1112);
#854=LINE('',#5212,#1113);
#855=LINE('',#5213,#1114);
#856=LINE('',#5216,#1115);
#857=LINE('',#5218,#1116);
#858=LINE('',#5220,#1117);
#859=LINE('',#5222,#1118);
#860=LINE('',#5224,#1119);
#861=LINE('',#5225,#1120);
#862=LINE('',#5229,#1121);
#863=LINE('',#5233,#1122);
#864=LINE('',#5238,#1123);
#865=LINE('',#5239,#1124);
#866=LINE('',#5240,#1125);
#867=LINE('',#5244,#1126);
#868=LINE('',#5249,#1127);
#869=LINE('',#5251,#1128);
#870=LINE('',#5252,#1129);
#871=LINE('',#5261,#1130);
#872=LINE('',#5282,#1131);
#873=LINE('',#5285,#1132);
#874=LINE('',#5288,#1133);
#875=LINE('',#5290,#1134);
#876=LINE('',#5291,#1135);
#877=LINE('',#5297,#1136);
#878=LINE('',#5301,#1137);
#879=LINE('',#5305,#1138);
#880=LINE('',#5328,#1139);
#881=LINE('',#5350,#1140);
#882=LINE('',#5378,#1141);
#883=LINE('',#5381,#1142);
#884=LINE('',#5384,#1143);
#885=LINE('',#5386,#1144);
#886=LINE('',#5387,#1145);
#887=LINE('',#5389,#1146);
#888=LINE('',#5390,#1147);
#889=LINE('',#5392,#1148);
#890=LINE('',#5394,#1149);
#891=LINE('',#5395,#1150);
#892=LINE('',#5398,#1151);
#893=LINE('',#5399,#1152);
#894=LINE('',#5402,#1153);
#895=LINE('',#5404,#1154);
#896=LINE('',#5405,#1155);
#897=LINE('',#5408,#1156);
#898=LINE('',#5411,#1157);
#899=LINE('',#5413,#1158);
#900=LINE('',#5479,#1159);
#901=LINE('',#5520,#1160);
#902=LINE('',#5521,#1161);
#903=LINE('',#5524,#1162);
#904=LINE('',#5526,#1163);
#905=LINE('',#5528,#1164);
#906=LINE('',#5543,#1165);
#907=LINE('',#5544,#1166);
#908=LINE('',#5552,#1167);
#909=LINE('',#5556,#1168);
#910=LINE('',#5561,#1169);
#911=LINE('',#5563,#1170);
#912=LINE('',#5569,#1171);
#913=LINE('',#5572,#1172);
#914=LINE('',#5577,#1173);
#915=LINE('',#5583,#1174);
#916=LINE('',#5588,#1175);
#917=LINE('',#5592,#1176);
#918=LINE('',#5597,#1177);
#919=LINE('',#5598,#1178);
#920=LINE('',#5599,#1179);
#921=LINE('',#5600,#1180);
#922=LINE('',#5604,#1181);
#923=LINE('',#5608,#1182);
#924=LINE('',#5609,#1183);
#925=LINE('',#5612,#1184);
#926=LINE('',#5615,#1185);
#927=LINE('',#5619,#1186);
#928=LINE('',#5623,#1187);
#929=LINE('',#5628,#1188);
#930=LINE('',#5632,#1189);
#931=LINE('',#5637,#1190);
#932=LINE('',#5641,#1191);
#933=LINE('',#5646,#1192);
#934=LINE('',#5652,#1193);
#935=LINE('',#5658,#1194);
#936=LINE('',#5660,#1195);
#937=LINE('',#5661,#1196);
#938=LINE('',#5663,#1197);
#939=LINE('',#5664,#1198);
#940=LINE('',#5668,#1199);
#941=LINE('',#5673,#1200);
#942=LINE('',#5675,#1201);
#943=LINE('',#5677,#1202);
#944=LINE('',#5679,#1203);
#945=LINE('',#5680,#1204);
#946=LINE('',#5685,#1205);
#947=LINE('',#5691,#1206);
#948=LINE('',#5697,#1207);
#949=LINE('',#5701,#1208);
#950=LINE('',#5703,#1209);
#951=LINE('',#5705,#1210);
#952=LINE('',#5707,#1211);
#953=LINE('',#5708,#1212);
#954=LINE('',#5713,#1213);
#955=LINE('',#5728,#1214);
#956=LINE('',#5735,#1215);
#957=LINE('',#5740,#1216);
#958=LINE('',#5746,#1217);
#959=LINE('',#5750,#1218);
#960=LINE('',#5758,#1219);
#961=LINE('',#5761,#1220);
#962=LINE('',#5764,#1221);
#963=LINE('',#5767,#1222);
#964=LINE('',#5775,#1223);
#965=LINE('',#5778,#1224);
#966=LINE('',#5787,#1225);
#967=LINE('',#5790,#1226);
#968=LINE('',#5793,#1227);
#969=LINE('',#5798,#1228);
#970=LINE('',#5804,#1229);
#971=LINE('',#5810,#1230);
#972=LINE('',#5814,#1231);
#973=LINE('',#5816,#1232);
#974=LINE('',#5818,#1233);
#975=LINE('',#5820,#1234);
#976=LINE('',#5821,#1235);
#977=LINE('',#5824,#1236);
#978=LINE('',#5827,#1237);
#979=LINE('',#5865,#1238);
#980=LINE('',#5869,#1239);
#981=LINE('',#5871,#1240);
#982=LINE('',#5896,#1241);
#983=LINE('',#5898,#1242);
#984=LINE('',#5900,#1243);
#985=LINE('',#5901,#1244);
#986=LINE('',#5906,#1245);
#987=LINE('',#5910,#1246);
#988=LINE('',#5916,#1247);
#989=LINE('',#5920,#1248);
#990=LINE('',#5925,#1249);
#991=LINE('',#5926,#1250);
#992=LINE('',#5927,#1251);
#993=LINE('',#5929,#1252);
#994=LINE('',#5930,#1253);
#995=LINE('',#5935,#1254);
#996=LINE('',#5942,#1255);
#997=LINE('',#5950,#1256);
#998=LINE('',#5953,#1257);
#999=LINE('',#5960,#1258);
#1000=LINE('',#5963,#1259);
#1001=LINE('',#5965,#1260);
#1002=LINE('',#5967,#1261);
#1003=LINE('',#5969,#1262);
#1004=LINE('',#5970,#1263);
#1005=LINE('',#5974,#1264);
#1006=LINE('',#5980,#1265);
#1007=LINE('',#5986,#1266);
#1008=LINE('',#5992,#1267);
#1009=LINE('',#5994,#1268);
#1010=LINE('',#5995,#1269);
#1011=LINE('',#5997,#1270);
#1012=LINE('',#5998,#1271);
#1013=LINE('',#6002,#1272);
#1014=LINE('',#6009,#1273);
#1015=LINE('',#6012,#1274);
#1016=LINE('',#6019,#1275);
#1017=LINE('',#6028,#1276);
#1018=LINE('',#6033,#1277);
#1019=LINE('',#6034,#1278);
#1020=LINE('',#6036,#1279);
#1021=LINE('',#6038,#1280);
#1022=LINE('',#6053,#1281);
#1023=LINE('',#6093,#1282);
#1024=LINE('',#6095,#1283);
#1025=LINE('',#6097,#1284);
#1026=LINE('',#6099,#1285);
#1027=LINE('',#6101,#1286);
#1028=LINE('',#6103,#1287);
#1029=LINE('',#6106,#1288);
#1030=LINE('',#6178,#1289);
#1031=LINE('',#6180,#1290);
#1032=LINE('',#6246,#1291);
#1033=LINE('',#6251,#1292);
#1034=LINE('',#6255,#1293);
#1035=VECTOR('',#3808,10.);
#1036=VECTOR('',#3809,9.99999999999999);
#1037=VECTOR('',#3810,9.99999999999999);
#1038=VECTOR('',#3815,10.);
#1039=VECTOR('',#3820,10.);
#1040=VECTOR('',#3823,10.);
#1041=VECTOR('',#3828,10.);
#1042=VECTOR('',#3829,10.);
#1043=VECTOR('',#3830,9.99999999999999);
#1044=VECTOR('',#3831,10.);
#1045=VECTOR('',#3832,10.);
#1046=VECTOR('',#3833,10.);
#1047=VECTOR('',#3834,10.);
#1048=VECTOR('',#3835,10.);
#1049=VECTOR('',#3836,10.);
#1050=VECTOR('',#3859,10.);
#1051=VECTOR('',#3860,10.);
#1052=VECTOR('',#3861,10.);
#1053=VECTOR('',#3864,10.);
#1054=VECTOR('',#3879,10.);
#1055=VECTOR('',#3880,10.);
#1056=VECTOR('',#3881,10.);
#1057=VECTOR('',#3886,10.);
#1058=VECTOR('',#3887,10.);
#1059=VECTOR('',#3896,10.);
#1060=VECTOR('',#3897,10.);
#1061=VECTOR('',#3898,10.);
#1062=VECTOR('',#3901,10.);
#1063=VECTOR('',#3904,10.);
#1064=VECTOR('',#3907,10.);
#1065=VECTOR('',#3910,10.);
#1066=VECTOR('',#3913,10.);
#1067=VECTOR('',#3916,10.);
#1068=VECTOR('',#3919,10.);
#1069=VECTOR('',#3920,10.);
#1070=VECTOR('',#3921,10.);
#1071=VECTOR('',#3922,10.);
#1072=VECTOR('',#3923,10.);
#1073=VECTOR('',#3938,10.);
#1074=VECTOR('',#3939,10.);
#1075=VECTOR('',#3940,10.);
#1076=VECTOR('',#3943,10.);
#1077=VECTOR('',#3944,10.);
#1078=VECTOR('',#3949,10.);
#1079=VECTOR('',#3962,10.);
#1080=VECTOR('',#3963,10.);
#1081=VECTOR('',#3970,10.);
#1082=VECTOR('',#3973,10.);
#1083=VECTOR('',#3978,18.);
#1084=VECTOR('',#3993,10.);
#1085=VECTOR('',#4000,10.);
#1086=VECTOR('',#4005,10.);
#1087=VECTOR('',#4008,10.);
#1088=VECTOR('',#4013,1.35);
#1089=VECTOR('',#4018,0.750000000000002);
#1090=VECTOR('',#4023,10.);
#1091=VECTOR('',#4028,10.);
#1092=VECTOR('',#4043,10.);
#1093=VECTOR('',#4050,10.);
#1094=VECTOR('',#4055,1.35);
#1095=VECTOR('',#4060,1.35);
#1096=VECTOR('',#4065,10.);
#1097=VECTOR('',#4072,10.);
#1098=VECTOR('',#4081,10.);
#1099=VECTOR('',#4082,10.);
#1100=VECTOR('',#4085,10.);
#1101=VECTOR('',#4086,10.);
#1102=VECTOR('',#4089,10.);
#1103=VECTOR('',#4090,10.);
#1104=VECTOR('',#4093,10.);
#1105=VECTOR('',#4098,10.);
#1106=VECTOR('',#4099,10.);
#1107=VECTOR('',#4102,10.);
#1108=VECTOR('',#4109,10.);
#1109=VECTOR('',#4110,10.);
#1110=VECTOR('',#4111,10.);
#1111=VECTOR('',#4112,10.);
#1112=VECTOR('',#4113,10.);
#1113=VECTOR('',#4114,10.);
#1114=VECTOR('',#4115,10.);
#1115=VECTOR('',#4118,10.);
#1116=VECTOR('',#4119,10.);
#1117=VECTOR('',#4120,10.);
#1118=VECTOR('',#4121,10.);
#1119=VECTOR('',#4122,10.);
#1120=VECTOR('',#4123,10.);
#1121=VECTOR('',#4126,999.999999999999);
#1122=VECTOR('',#4129,999.999999999999);
#1123=VECTOR('',#4134,999.999999999999);
#1124=VECTOR('',#4135,10.);
#1125=VECTOR('',#4136,10.);
#1126=VECTOR('',#4139,999.999999999999);
#1127=VECTOR('',#4146,10.);
#1128=VECTOR('',#4147,9.99999999999999);
#1129=VECTOR('',#4148,10.);
#1130=VECTOR('',#4151,9.99999999999999);
#1131=VECTOR('',#4158,999.999999999999);
#1132=VECTOR('',#4161,999.999999999999);
#1133=VECTOR('',#4164,10.);
#1134=VECTOR('',#4165,999.999999999999);
#1135=VECTOR('',#4166,10.);
#1136=VECTOR('',#4173,999.999999999999);
#1137=VECTOR('',#4176,10.);
#1138=VECTOR('',#4179,9.99999999999999);
#1139=VECTOR('',#4184,10.);
#1140=VECTOR('',#4185,10.);
#1141=VECTOR('',#4186,10.);
#1142=VECTOR('',#4189,10.);
#1143=VECTOR('',#4192,10.);
#1144=VECTOR('',#4195,10.);
#1145=VECTOR('',#4196,10.);
#1146=VECTOR('',#4199,10.);
#1147=VECTOR('',#4200,10.);
#1148=VECTOR('',#4203,10.);
#1149=VECTOR('',#4206,10.);
#1150=VECTOR('',#4207,10.);
#1151=VECTOR('',#4210,10.);
#1152=VECTOR('',#4211,10.);
#1153=VECTOR('',#4214,10.);
#1154=VECTOR('',#4215,9.99999999999999);
#1155=VECTOR('',#4216,10.);
#1156=VECTOR('',#4219,10.);
#1157=VECTOR('',#4222,10.);
#1158=VECTOR('',#4223,10.);
#1159=VECTOR('',#4224,10.);
#1160=VECTOR('',#4225,10.);
#1161=VECTOR('',#4226,10.);
#1162=VECTOR('',#4229,10.);
#1163=VECTOR('',#4230,10.);
#1164=VECTOR('',#4231,10.);
#1165=VECTOR('',#4234,10.);
#1166=VECTOR('',#4235,10.);
#1167=VECTOR('',#4240,10.);
#1168=VECTOR('',#4245,9.99999999999999);
#1169=VECTOR('',#4252,9.99999999999999);
#1170=VECTOR('',#4255,10.);
#1171=VECTOR('',#4260,10.);
#1172=VECTOR('',#4263,10.);
#1173=VECTOR('',#4268,0.817749999999999);
#1174=VECTOR('',#4275,0.817749999999999);
#1175=VECTOR('',#4280,10.);
#1176=VECTOR('',#4283,10.);
#1177=VECTOR('',#4288,10.);
#1178=VECTOR('',#4289,9.99999999999999);
#1179=VECTOR('',#4290,10.);
#1180=VECTOR('',#4291,10.);
#1181=VECTOR('',#4294,10.);
#1182=VECTOR('',#4301,10.);
#1183=VECTOR('',#4302,10.);
#1184=VECTOR('',#4305,10.);
#1185=VECTOR('',#4308,10.);
#1186=VECTOR('',#4311,10.);
#1187=VECTOR('',#4314,10.);
#1188=VECTOR('',#4319,10.);
#1189=VECTOR('',#4322,10.);
#1190=VECTOR('',#4327,10.);
#1191=VECTOR('',#4330,10.);
#1192=VECTOR('',#4335,10.);
#1193=VECTOR('',#4342,10.);
#1194=VECTOR('',#4349,10.);
#1195=VECTOR('',#4350,10.);
#1196=VECTOR('',#4351,10.);
#1197=VECTOR('',#4352,10.);
#1198=VECTOR('',#4353,10.);
#1199=VECTOR('',#4356,10.);
#1200=VECTOR('',#4363,10.);
#1201=VECTOR('',#4364,10.);
#1202=VECTOR('',#4365,10.);
#1203=VECTOR('',#4366,10.);
#1204=VECTOR('',#4367,9.99999999999999);
#1205=VECTOR('',#4372,10.);
#1206=VECTOR('',#4379,10.);
#1207=VECTOR('',#4386,10.);
#1208=VECTOR('',#4391,10.);
#1209=VECTOR('',#4392,10.);
#1210=VECTOR('',#4393,10.);
#1211=VECTOR('',#4394,10.);
#1212=VECTOR('',#4395,10.);
#1213=VECTOR('',#4400,10.);
#1214=VECTOR('',#4421,0.817749999999999);
#1215=VECTOR('',#4430,10.);
#1216=VECTOR('',#4435,0.900000000000004);
#1217=VECTOR('',#4444,10.);
#1218=VECTOR('',#4449,10.);
#1219=VECTOR('',#4458,10.);
#1220=VECTOR('',#4461,10.);
#1221=VECTOR('',#4464,10.);
#1222=VECTOR('',#4467,10.);
#1223=VECTOR('',#4476,10.);
#1224=VECTOR('',#4479,10.);
#1225=VECTOR('',#4490,10.);
#1226=VECTOR('',#4493,10.);
#1227=VECTOR('',#4496,10.);
#1228=VECTOR('',#4501,10.);
#1229=VECTOR('',#4508,10.);
#1230=VECTOR('',#4515,10.);
#1231=VECTOR('',#4520,10.);
#1232=VECTOR('',#4521,10.);
#1233=VECTOR('',#4522,10.);
#1234=VECTOR('',#4523,10.);
#1235=VECTOR('',#4524,10.);
#1236=VECTOR('',#4527,10.);
#1237=VECTOR('',#4530,10.);
#1238=VECTOR('',#4539,10.);
#1239=VECTOR('',#4542,10.);
#1240=VECTOR('',#4545,10.);
#1241=VECTOR('',#4552,10.);
#1242=VECTOR('',#4553,10.);
#1243=VECTOR('',#4554,10.);
#1244=VECTOR('',#4555,9.99999999999999);
#1245=VECTOR('',#4560,10.);
#1246=VECTOR('',#4563,10.);
#1247=VECTOR('',#4570,10.);
#1248=VECTOR('',#4573,10.);
#1249=VECTOR('',#4578,10.);
#1250=VECTOR('',#4579,10.);
#1251=VECTOR('',#4580,10.);
#1252=VECTOR('',#4583,10.);
#1253=VECTOR('',#4584,10.);
#1254=VECTOR('',#4589,10.);
#1255=VECTOR('',#4598,10.);
#1256=VECTOR('',#4611,10.);
#1257=VECTOR('',#4614,10.);
#1258=VECTOR('',#4623,10.);
#1259=VECTOR('',#4626,10.);
#1260=VECTOR('',#4627,10.);
#1261=VECTOR('',#4628,10.);
#1262=VECTOR('',#4629,10.);
#1263=VECTOR('',#4630,10.);
#1264=VECTOR('',#4633,10.);
#1265=VECTOR('',#4640,10.);
#1266=VECTOR('',#4647,10.);
#1267=VECTOR('',#4654,10.);
#1268=VECTOR('',#4655,10.);
#1269=VECTOR('',#4656,10.);
#1270=VECTOR('',#4657,10.);
#1271=VECTOR('',#4658,10.);
#1272=VECTOR('',#4661,10.);
#1273=VECTOR('',#4672,10.);
#1274=VECTOR('',#4675,10.);
#1275=VECTOR('',#4682,0.817749999999999);
#1276=VECTOR('',#4695,10.);
#1277=VECTOR('',#4700,10.);
#1278=VECTOR('',#4701,10.);
#1279=VECTOR('',#4704,10.);
#1280=VECTOR('',#4707,10.);
#1281=VECTOR('',#4730,10.);
#1282=VECTOR('',#4745,0.6355);
#1283=VECTOR('',#4748,0.6355);
#1284=VECTOR('',#4751,0.6355);
#1285=VECTOR('',#4754,1.65);
#1286=VECTOR('',#4757,0.6355);
#1287=VECTOR('',#4760,17.5);
#1288=VECTOR('',#4765,10.);
#1289=VECTOR('',#4778,10.);
#1290=VECTOR('',#4781,10.);
#1291=VECTOR('',#4794,10.);
#1292=VECTOR('',#4801,0.800000000000001);
#1293=VECTOR('',#4806,1.2);
#1294=VERTEX_POINT('',#4817);
#1295=VERTEX_POINT('',#4818);
#1296=VERTEX_POINT('',#4820);
#1297=VERTEX_POINT('',#4822);
#1298=VERTEX_POINT('',#4826);
#1299=VERTEX_POINT('',#4827);
#1300=VERTEX_POINT('',#4840);
#1301=VERTEX_POINT('',#4841);
#1302=VERTEX_POINT('',#4843);
#1303=VERTEX_POINT('',#4845);
#1304=VERTEX_POINT('',#4847);
#1305=VERTEX_POINT('',#4849);
#1306=VERTEX_POINT('',#4851);
#1307=VERTEX_POINT('',#4853);
#1308=VERTEX_POINT('',#4855);
#1309=VERTEX_POINT('',#4859);
#1310=VERTEX_POINT('',#4863);
#1311=VERTEX_POINT('',#4864);
#1312=VERTEX_POINT('',#4866);
#1313=VERTEX_POINT('',#4868);
#1314=VERTEX_POINT('',#4870);
#1315=VERTEX_POINT('',#4872);
#1316=VERTEX_POINT('',#4874);
#1317=VERTEX_POINT('',#4876);
#1318=VERTEX_POINT('',#4878);
#1319=VERTEX_POINT('',#4880);
#1320=VERTEX_POINT('',#4882);
#1321=VERTEX_POINT('',#4884);
#1322=VERTEX_POINT('',#4886);
#1323=VERTEX_POINT('',#4889);
#1324=VERTEX_POINT('',#4892);
#1325=VERTEX_POINT('',#4893);
#1326=VERTEX_POINT('',#4895);
#1327=VERTEX_POINT('',#4897);
#1328=VERTEX_POINT('',#4900);
#1329=VERTEX_POINT('',#4902);
#1330=VERTEX_POINT('',#4905);
#1331=VERTEX_POINT('',#4906);
#1332=VERTEX_POINT('',#4911);
#1333=VERTEX_POINT('',#4913);
#1334=VERTEX_POINT('',#4915);
#1335=VERTEX_POINT('',#4925);
#1336=VERTEX_POINT('',#4929);
#1337=VERTEX_POINT('',#4939);
#1338=VERTEX_POINT('',#4941);
#1339=VERTEX_POINT('',#4943);
#1340=VERTEX_POINT('',#4945);
#1341=VERTEX_POINT('',#4947);
#1342=VERTEX_POINT('',#4949);
#1343=VERTEX_POINT('',#4951);
#1344=VERTEX_POINT('',#4953);
#1345=VERTEX_POINT('',#4955);
#1346=VERTEX_POINT('',#4957);
#1347=VERTEX_POINT('',#4959);
#1348=VERTEX_POINT('',#4961);
#1349=VERTEX_POINT('',#4963);
#1350=VERTEX_POINT('',#4965);
#1351=VERTEX_POINT('',#4967);
#1352=VERTEX_POINT('',#4969);
#1353=VERTEX_POINT('',#4971);
#1354=VERTEX_POINT('',#4973);
#1355=VERTEX_POINT('',#4975);
#1356=VERTEX_POINT('',#4977);
#1357=VERTEX_POINT('',#4979);
#1358=VERTEX_POINT('',#4981);
#1359=VERTEX_POINT('',#4984);
#1360=VERTEX_POINT('',#4986);
#1361=VERTEX_POINT('',#4988);
#1362=VERTEX_POINT('',#4990);
#1363=VERTEX_POINT('',#4993);
#1364=VERTEX_POINT('',#4995);
#1365=VERTEX_POINT('',#4999);
#1366=VERTEX_POINT('',#5003);
#1367=VERTEX_POINT('',#5009);
#1368=VERTEX_POINT('',#5013);
#1369=VERTEX_POINT('',#5022);
#1370=VERTEX_POINT('',#5023);
#1371=VERTEX_POINT('',#5025);
#1372=VERTEX_POINT('',#5027);
#1373=VERTEX_POINT('',#5029);
#1374=VERTEX_POINT('',#5037);
#1375=VERTEX_POINT('',#5041);
#1376=VERTEX_POINT('',#5044);
#1377=VERTEX_POINT('',#5048);
#1378=VERTEX_POINT('',#5049);
#1379=VERTEX_POINT('',#5051);
#1380=VERTEX_POINT('',#5053);
#1381=VERTEX_POINT('',#5055);
#1382=VERTEX_POINT('',#5057);
#1383=VERTEX_POINT('',#5060);
#1384=VERTEX_POINT('',#5063);
#1385=VERTEX_POINT('',#5064);
#1386=VERTEX_POINT('',#5066);
#1387=VERTEX_POINT('',#5068);
#1388=VERTEX_POINT('',#5074);
#1389=VERTEX_POINT('',#5079);
#1390=VERTEX_POINT('',#5103);
#1391=VERTEX_POINT('',#5136);
#1392=VERTEX_POINT('',#5138);
#1393=VERTEX_POINT('',#5143);
#1394=VERTEX_POINT('',#5144);
#1395=VERTEX_POINT('',#5146);
#1396=VERTEX_POINT('',#5148);
#1397=VERTEX_POINT('',#5150);
#1398=VERTEX_POINT('',#5152);
#1399=VERTEX_POINT('',#5155);
#1400=VERTEX_POINT('',#5160);
#1401=VERTEX_POINT('',#5164);
#1402=VERTEX_POINT('',#5165);
#1403=VERTEX_POINT('',#5167);
#1404=VERTEX_POINT('',#5169);
#1405=VERTEX_POINT('',#5171);
#1406=VERTEX_POINT('',#5173);
#1407=VERTEX_POINT('',#5177);
#1408=VERTEX_POINT('',#5193);
#1409=VERTEX_POINT('',#5201);
#1410=VERTEX_POINT('',#5203);
#1411=VERTEX_POINT('',#5205);
#1412=VERTEX_POINT('',#5207);
#1413=VERTEX_POINT('',#5209);
#1414=VERTEX_POINT('',#5211);
#1415=VERTEX_POINT('',#5215);
#1416=VERTEX_POINT('',#5217);
#1417=VERTEX_POINT('',#5219);
#1418=VERTEX_POINT('',#5221);
#1419=VERTEX_POINT('',#5223);
#1420=VERTEX_POINT('',#5227);
#1421=VERTEX_POINT('',#5228);
#1422=VERTEX_POINT('',#5230);
#1423=VERTEX_POINT('',#5232);
#1424=VERTEX_POINT('',#5236);
#1425=VERTEX_POINT('',#5237);
#1426=VERTEX_POINT('',#5242);
#1427=VERTEX_POINT('',#5243);
#1428=VERTEX_POINT('',#5248);
#1429=VERTEX_POINT('',#5250);
#1430=VERTEX_POINT('',#5254);
#1431=VERTEX_POINT('',#5255);
#1432=VERTEX_POINT('',#5260);
#1433=VERTEX_POINT('',#5263);
#1434=VERTEX_POINT('',#5278);
#1435=VERTEX_POINT('',#5279);
#1436=VERTEX_POINT('',#5281);
#1437=VERTEX_POINT('',#5283);
#1438=VERTEX_POINT('',#5287);
#1439=VERTEX_POINT('',#5289);
#1440=VERTEX_POINT('',#5293);
#1441=VERTEX_POINT('',#5295);
#1442=VERTEX_POINT('',#5299);
#1443=VERTEX_POINT('',#5300);
#1444=VERTEX_POINT('',#5302);
#1445=VERTEX_POINT('',#5304);
#1446=VERTEX_POINT('',#5306);
#1447=VERTEX_POINT('',#5311);
#1448=VERTEX_POINT('',#5345);
#1449=VERTEX_POINT('',#5367);
#1450=VERTEX_POINT('',#5380);
#1451=VERTEX_POINT('',#5382);
#1452=VERTEX_POINT('',#5397);
#1453=VERTEX_POINT('',#5401);
#1454=VERTEX_POINT('',#5403);
#1455=VERTEX_POINT('',#5407);
#1456=VERTEX_POINT('',#5409);
#1457=VERTEX_POINT('',#5412);
#1458=VERTEX_POINT('',#5414);
#1459=VERTEX_POINT('',#5429);
#1460=VERTEX_POINT('',#5523);
#1461=VERTEX_POINT('',#5525);
#1462=VERTEX_POINT('',#5527);
#1463=VERTEX_POINT('',#5529);
#1464=VERTEX_POINT('',#5537);
#1465=VERTEX_POINT('',#5538);
#1466=VERTEX_POINT('',#5542);
#1467=VERTEX_POINT('',#5549);
#1468=VERTEX_POINT('',#5551);
#1469=VERTEX_POINT('',#5555);
#1470=VERTEX_POINT('',#5559);
#1471=VERTEX_POINT('',#5565);
#1472=VERTEX_POINT('',#5566);
#1473=VERTEX_POINT('',#5568);
#1474=VERTEX_POINT('',#5570);
#1475=VERTEX_POINT('',#5574);
#1476=VERTEX_POINT('',#5576);
#1477=VERTEX_POINT('',#5580);
#1478=VERTEX_POINT('',#5582);
#1479=VERTEX_POINT('',#5586);
#1480=VERTEX_POINT('',#5587);
#1481=VERTEX_POINT('',#5589);
#1482=VERTEX_POINT('',#5591);
#1483=VERTEX_POINT('',#5595);
#1484=VERTEX_POINT('',#5596);
#1485=VERTEX_POINT('',#5602);
#1486=VERTEX_POINT('',#5603);
#1487=VERTEX_POINT('',#5611);
#1488=VERTEX_POINT('',#5613);
#1489=VERTEX_POINT('',#5617);
#1490=VERTEX_POINT('',#5618);
#1491=VERTEX_POINT('',#5620);
#1492=VERTEX_POINT('',#5622);
#1493=VERTEX_POINT('',#5626);
#1494=VERTEX_POINT('',#5627);
#1495=VERTEX_POINT('',#5629);
#1496=VERTEX_POINT('',#5631);
#1497=VERTEX_POINT('',#5635);
#1498=VERTEX_POINT('',#5636);
#1499=VERTEX_POINT('',#5638);
#1500=VERTEX_POINT('',#5640);
#1501=VERTEX_POINT('',#5644);
#1502=VERTEX_POINT('',#5645);
#1503=VERTEX_POINT('',#5650);
#1504=VERTEX_POINT('',#5651);
#1505=VERTEX_POINT('',#5656);
#1506=VERTEX_POINT('',#5657);
#1507=VERTEX_POINT('',#5659);
#1508=VERTEX_POINT('',#5662);
#1509=VERTEX_POINT('',#5666);
#1510=VERTEX_POINT('',#5667);
#1511=VERTEX_POINT('',#5672);
#1512=VERTEX_POINT('',#5674);
#1513=VERTEX_POINT('',#5676);
#1514=VERTEX_POINT('',#5678);
#1515=VERTEX_POINT('',#5682);
#1516=VERTEX_POINT('',#5684);
#1517=VERTEX_POINT('',#5688);
#1518=VERTEX_POINT('',#5690);
#1519=VERTEX_POINT('',#5694);
#1520=VERTEX_POINT('',#5696);
#1521=VERTEX_POINT('',#5700);
#1522=VERTEX_POINT('',#5702);
#1523=VERTEX_POINT('',#5704);
#1524=VERTEX_POINT('',#5706);
#1525=VERTEX_POINT('',#5710);
#1526=VERTEX_POINT('',#5712);
#1527=VERTEX_POINT('',#5719);
#1528=VERTEX_POINT('',#5721);
#1529=VERTEX_POINT('',#5725);
#1530=VERTEX_POINT('',#5727);
#1531=VERTEX_POINT('',#5731);
#1532=VERTEX_POINT('',#5733);
#1533=VERTEX_POINT('',#5737);
#1534=VERTEX_POINT('',#5739);
#1535=VERTEX_POINT('',#5744);
#1536=VERTEX_POINT('',#5748);
#1537=VERTEX_POINT('',#5754);
#1538=VERTEX_POINT('',#5755);
#1539=VERTEX_POINT('',#5757);
#1540=VERTEX_POINT('',#5759);
#1541=VERTEX_POINT('',#5763);
#1542=VERTEX_POINT('',#5765);
#1543=VERTEX_POINT('',#5768);
#1544=VERTEX_POINT('',#5770);
#1545=VERTEX_POINT('',#5774);
#1546=VERTEX_POINT('',#5776);
#1547=VERTEX_POINT('',#5780);
#1548=VERTEX_POINT('',#5782);
#1549=VERTEX_POINT('',#5784);
#1550=VERTEX_POINT('',#5789);
#1551=VERTEX_POINT('',#5791);
#1552=VERTEX_POINT('',#5795);
#1553=VERTEX_POINT('',#5797);
#1554=VERTEX_POINT('',#5801);
#1555=VERTEX_POINT('',#5803);
#1556=VERTEX_POINT('',#5805);
#1557=VERTEX_POINT('',#5809);
#1558=VERTEX_POINT('',#5813);
#1559=VERTEX_POINT('',#5815);
#1560=VERTEX_POINT('',#5817);
#1561=VERTEX_POINT('',#5819);
#1562=VERTEX_POINT('',#5823);
#1563=VERTEX_POINT('',#5826);
#1564=VERTEX_POINT('',#5830);
#1565=VERTEX_POINT('',#5831);
#1566=VERTEX_POINT('',#5840);
#1567=VERTEX_POINT('',#5856);
#1568=VERTEX_POINT('',#5857);
#1569=VERTEX_POINT('',#5864);
#1570=VERTEX_POINT('',#5866);
#1571=VERTEX_POINT('',#5868);
#1572=VERTEX_POINT('',#5872);
#1573=VERTEX_POINT('',#5895);
#1574=VERTEX_POINT('',#5897);
#1575=VERTEX_POINT('',#5899);
#1576=VERTEX_POINT('',#5903);
#1577=VERTEX_POINT('',#5905);
#1578=VERTEX_POINT('',#5907);
#1579=VERTEX_POINT('',#5909);
#1580=VERTEX_POINT('',#5914);
#1581=VERTEX_POINT('',#5915);
#1582=VERTEX_POINT('',#5917);
#1583=VERTEX_POINT('',#5919);
#1584=VERTEX_POINT('',#5923);
#1585=VERTEX_POINT('',#5924);
#1586=VERTEX_POINT('',#5932);
#1587=VERTEX_POINT('',#5934);
#1588=VERTEX_POINT('',#5936);
#1589=VERTEX_POINT('',#5940);
#1590=VERTEX_POINT('',#5949);
#1591=VERTEX_POINT('',#5951);
#1592=VERTEX_POINT('',#5956);
#1593=VERTEX_POINT('',#5958);
#1594=VERTEX_POINT('',#5962);
#1595=VERTEX_POINT('',#5964);
#1596=VERTEX_POINT('',#5966);
#1597=VERTEX_POINT('',#5968);
#1598=VERTEX_POINT('',#5972);
#1599=VERTEX_POINT('',#5973);
#1600=VERTEX_POINT('',#5978);
#1601=VERTEX_POINT('',#5979);
#1602=VERTEX_POINT('',#5984);
#1603=VERTEX_POINT('',#5985);
#1604=VERTEX_POINT('',#5990);
#1605=VERTEX_POINT('',#5991);
#1606=VERTEX_POINT('',#5993);
#1607=VERTEX_POINT('',#5996);
#1608=VERTEX_POINT('',#6000);
#1609=VERTEX_POINT('',#6001);
#1610=VERTEX_POINT('',#6008);
#1611=VERTEX_POINT('',#6010);
#1612=VERTEX_POINT('',#6013);
#1613=VERTEX_POINT('',#6016);
#1614=VERTEX_POINT('',#6018);
#1615=VERTEX_POINT('',#6024);
#1616=VERTEX_POINT('',#6026);
#1617=VERTEX_POINT('',#6030);
#1618=VERTEX_POINT('',#6031);
#1619=VERTEX_POINT('',#6041);
#1620=VERTEX_POINT('',#6043);
#1621=VERTEX_POINT('',#6046);
#1622=VERTEX_POINT('',#6109);
#1623=VERTEX_POINT('',#6117);
#1624=VERTEX_POINT('',#6124);
#1625=VERTEX_POINT('',#6145);
#1626=VERTEX_POINT('',#6152);
#1627=VERTEX_POINT('',#6170);
#1628=VERTEX_POINT('',#6182);
#1629=VERTEX_POINT('',#6190);
#1630=VERTEX_POINT('',#6197);
#1631=VERTEX_POINT('',#6215);
#1632=VERTEX_POINT('',#6222);
#1633=VERTEX_POINT('',#6237);
#1634=VERTEX_POINT('',#6249);
#1635=VERTEX_POINT('',#6253);
#1636=EDGE_CURVE('',#1294,#1295,#776,.T.);
#1637=EDGE_CURVE('',#1296,#1294,#777,.F.);
#1638=EDGE_CURVE('',#1297,#1296,#778,.F.);
#1639=EDGE_CURVE('',#1295,#1297,#575,.T.);
#1640=EDGE_CURVE('',#1298,#1299,#779,.T.);
#1641=EDGE_CURVE('',#1299,#1294,#576,.T.);
#1642=EDGE_CURVE('',#1298,#1295,#80,.T.);
#1643=EDGE_CURVE('',#1299,#1296,#780,.F.);
#1644=EDGE_CURVE('',#1297,#1298,#781,.T.);
#1645=EDGE_CURVE('',#1300,#1301,#782,.T.);
#1646=EDGE_CURVE('',#1302,#1300,#783,.T.);
#1647=EDGE_CURVE('',#1303,#1302,#784,.T.);
#1648=EDGE_CURVE('',#1303,#1304,#785,.T.);
#1649=EDGE_CURVE('',#1305,#1304,#786,.T.);
#1650=EDGE_CURVE('',#1305,#1306,#787,.T.);
#1651=EDGE_CURVE('',#1307,#1306,#788,.T.);
#1652=EDGE_CURVE('',#1308,#1307,#65,.T.);
#1653=EDGE_CURVE('',#1309,#1308,#789,.T.);
#1654=EDGE_CURVE('',#1309,#1301,#790,.T.);
#1655=EDGE_CURVE('',#1310,#1311,#577,.T.);
#1656=EDGE_CURVE('',#1312,#1311,#578,.T.);
#1657=EDGE_CURVE('',#1313,#1312,#579,.T.);
#1658=EDGE_CURVE('',#1313,#1314,#580,.T.);
#1659=EDGE_CURVE('',#1315,#1314,#581,.T.);
#1660=EDGE_CURVE('',#1315,#1316,#582,.T.);
#1661=EDGE_CURVE('',#1316,#1317,#583,.T.);
#1662=EDGE_CURVE('',#1317,#1318,#584,.T.);
#1663=EDGE_CURVE('',#1319,#1318,#585,.T.);
#1664=EDGE_CURVE('',#1319,#1320,#586,.T.);
#1665=EDGE_CURVE('',#1321,#1320,#791,.T.);
#1666=EDGE_CURVE('',#1321,#1322,#792,.T.);
#1667=EDGE_CURVE('',#1322,#1301,#793,.T.);
#1668=EDGE_CURVE('',#1309,#1323,#587,.T.);
#1669=EDGE_CURVE('',#1310,#1323,#794,.T.);
#1670=EDGE_CURVE('',#1324,#1325,#588,.F.);
#1671=EDGE_CURVE('',#1325,#1326,#589,.F.);
#1672=EDGE_CURVE('',#1327,#1326,#590,.T.);
#1673=EDGE_CURVE('',#1327,#1324,#591,.F.);
#1674=EDGE_CURVE('',#1328,#1328,#592,.T.);
#1675=EDGE_CURVE('',#1329,#1329,#593,.T.);
#1676=EDGE_CURVE('',#1330,#1331,#795,.T.);
#1677=EDGE_CURVE('',#1331,#1310,#796,.T.);
#1678=EDGE_CURVE('',#1323,#1330,#797,.T.);
#1679=EDGE_CURVE('',#1308,#1332,#594,.F.);
#1680=EDGE_CURVE('',#1333,#1332,#798,.F.);
#1681=EDGE_CURVE('',#1334,#1333,#81,.T.);
#1682=EDGE_CURVE('',#1335,#1334,#799,.T.);
#1683=EDGE_CURVE('',#1330,#1335,#595,.T.);
#1684=EDGE_CURVE('',#1336,#1307,#596,.T.);
#1685=EDGE_CURVE('',#1336,#1332,#82,.T.);
#1686=EDGE_CURVE('',#1306,#1337,#800,.T.);
#1687=EDGE_CURVE('',#1337,#1338,#801,.T.);
#1688=EDGE_CURVE('',#1338,#1339,#802,.T.);
#1689=EDGE_CURVE('',#1339,#1340,#597,.T.);
#1690=EDGE_CURVE('',#1340,#1341,#803,.T.);
#1691=EDGE_CURVE('',#1342,#1341,#598,.T.);
#1692=EDGE_CURVE('',#1342,#1343,#804,.T.);
#1693=EDGE_CURVE('',#1343,#1344,#599,.T.);
#1694=EDGE_CURVE('',#1344,#1345,#805,.T.);
#1695=EDGE_CURVE('',#1346,#1345,#600,.T.);
#1696=EDGE_CURVE('',#1346,#1347,#806,.T.);
#1697=EDGE_CURVE('',#1347,#1348,#601,.T.);
#1698=EDGE_CURVE('',#1348,#1349,#807,.T.);
#1699=EDGE_CURVE('',#1350,#1349,#602,.T.);
#1700=EDGE_CURVE('',#1350,#1351,#808,.T.);
#1701=EDGE_CURVE('',#1351,#1352,#603,.T.);
#1702=EDGE_CURVE('',#1352,#1353,#809,.T.);
#1703=EDGE_CURVE('',#1353,#1354,#810,.T.);
#1704=EDGE_CURVE('',#1354,#1355,#811,.T.);
#1705=EDGE_CURVE('',#1355,#1356,#812,.T.);
#1706=EDGE_CURVE('',#1356,#1357,#813,.T.);
#1707=EDGE_CURVE('',#1357,#1358,#604,.F.);
#1708=EDGE_CURVE('',#1358,#1336,#605,.T.);
#1709=EDGE_CURVE('',#1359,#1359,#606,.F.);
#1710=EDGE_CURVE('',#1360,#1360,#607,.F.);
#1711=EDGE_CURVE('',#1361,#1361,#608,.F.);
#1712=EDGE_CURVE('',#1362,#1362,#609,.F.);
#1713=EDGE_CURVE('',#1355,#1363,#814,.T.);
#1714=EDGE_CURVE('',#1364,#1354,#815,.T.);
#1715=EDGE_CURVE('',#1363,#1364,#816,.T.);
#1716=EDGE_CURVE('',#1365,#1305,#817,.T.);
#1717=EDGE_CURVE('',#1337,#1365,#818,.T.);
#1718=EDGE_CURVE('',#1366,#1331,#610,.T.);
#1719=EDGE_CURVE('',#1366,#1316,#819,.T.);
#1720=EDGE_CURVE('',#1314,#1315,#611,.T.);
#1721=EDGE_CURVE('',#1311,#1313,#612,.T.);
#1722=EDGE_CURVE('',#1357,#1367,#66,.T.);
#1723=EDGE_CURVE('',#1367,#1368,#613,.T.);
#1724=EDGE_CURVE('',#1368,#1358,#83,.T.);
#1725=EDGE_CURVE('',#1369,#1370,#614,.T.);
#1726=EDGE_CURVE('',#1370,#1371,#820,.T.);
#1727=EDGE_CURVE('',#1372,#1371,#821,.T.);
#1728=EDGE_CURVE('',#1372,#1373,#615,.T.);
#1729=EDGE_CURVE('',#1373,#1369,#616,.T.);
#1730=EDGE_CURVE('',#1320,#1372,#822,.T.);
#1731=EDGE_CURVE('',#1318,#1319,#617,.T.);
#1732=EDGE_CURVE('',#1317,#1373,#823,.T.);
#1733=EDGE_CURVE('',#1374,#1374,#618,.T.);
#1734=EDGE_CURVE('',#1374,#1329,#824,.T.);
#1735=EDGE_CURVE('',#1375,#1375,#619,.F.);
#1736=EDGE_CURVE('',#1319,#1376,#620,.T.);
#1737=EDGE_CURVE('',#1376,#1318,#621,.T.);
#1738=EDGE_CURVE('',#1377,#1378,#622,.T.);
#1739=EDGE_CURVE('',#1377,#1379,#825,.F.);
#1740=EDGE_CURVE('',#1379,#1380,#623,.T.);
#1741=EDGE_CURVE('',#1380,#1381,#624,.T.);
#1742=EDGE_CURVE('',#1381,#1382,#625,.T.);
#1743=EDGE_CURVE('',#1378,#1382,#826,.T.);
#1744=EDGE_CURVE('',#1383,#1383,#626,.F.);
#1745=EDGE_CURVE('',#1384,#1385,#827,.T.);
#1746=EDGE_CURVE('',#1385,#1386,#627,.T.);
#1747=EDGE_CURVE('',#1386,#1387,#828,.T.);
#1748=EDGE_CURVE('',#1387,#1384,#628,.F.);
#1749=EDGE_CURVE('',#1383,#1360,#829,.T.);
#1750=EDGE_CURVE('',#1388,#1388,#629,.T.);
#1751=EDGE_CURVE('',#1388,#1359,#830,.T.);
#1752=EDGE_CURVE('',#1335,#1366,#630,.T.);
#1753=EDGE_CURVE('',#1389,#1334,#84,.T.);
#1754=EDGE_CURVE('',#1389,#1369,#831,.T.);
#1755=EDGE_CURVE('',#1333,#1390,#85,.T.);
#1756=EDGE_CURVE('',#1390,#1389,#86,.T.);
#1757=EDGE_CURVE('',#1390,#1368,#832,.T.);
#1758=EDGE_CURVE('',#1391,#1391,#631,.F.);
#1759=EDGE_CURVE('',#1392,#1392,#632,.T.);
#1760=EDGE_CURVE('',#1313,#1311,#633,.T.);
#1761=EDGE_CURVE('',#1393,#1394,#634,.T.);
#1762=EDGE_CURVE('',#1393,#1395,#833,.F.);
#1763=EDGE_CURVE('',#1395,#1396,#635,.T.);
#1764=EDGE_CURVE('',#1396,#1397,#636,.T.);
#1765=EDGE_CURVE('',#1397,#1398,#637,.T.);
#1766=EDGE_CURVE('',#1398,#1394,#834,.F.);
#1767=EDGE_CURVE('',#1399,#1399,#638,.F.);
#1768=EDGE_CURVE('',#1399,#1361,#835,.T.);
#1769=EDGE_CURVE('',#1400,#1400,#639,.F.);
#1770=EDGE_CURVE('',#1400,#1362,#836,.T.);
#1771=EDGE_CURVE('',#1401,#1402,#640,.T.);
#1772=EDGE_CURVE('',#1401,#1403,#837,.F.);
#1773=EDGE_CURVE('',#1403,#1404,#641,.T.);
#1774=EDGE_CURVE('',#1404,#1405,#642,.T.);
#1775=EDGE_CURVE('',#1405,#1406,#643,.T.);
#1776=EDGE_CURVE('',#1406,#1402,#838,.F.);
#1777=EDGE_CURVE('',#1315,#1407,#644,.T.);
#1778=EDGE_CURVE('',#1407,#1314,#645,.T.);
#1779=EDGE_CURVE('',#1341,#1393,#839,.T.);
#1780=EDGE_CURVE('',#1394,#1342,#840,.T.);
#1781=EDGE_CURVE('',#1345,#1401,#841,.T.);
#1782=EDGE_CURVE('',#1402,#1346,#842,.T.);
#1783=EDGE_CURVE('',#1378,#1350,#843,.T.);
#1784=EDGE_CURVE('',#1349,#1377,#844,.T.);
#1785=EDGE_CURVE('',#1371,#1321,#845,.F.);
#1786=EDGE_CURVE('',#1408,#1322,#846,.T.);
#1787=EDGE_CURVE('',#1408,#1300,#847,.T.);
#1788=EDGE_CURVE('',#1322,#1356,#848,.T.);
#1789=EDGE_CURVE('',#1367,#1370,#28,.T.);
#1790=EDGE_CURVE('',#1409,#1363,#849,.T.);
#1791=EDGE_CURVE('',#1364,#1410,#850,.T.);
#1792=EDGE_CURVE('',#1411,#1410,#851,.T.);
#1793=EDGE_CURVE('',#1412,#1411,#852,.T.);
#1794=EDGE_CURVE('',#1413,#1412,#853,.T.);
#1795=EDGE_CURVE('',#1413,#1414,#854,.T.);
#1796=EDGE_CURVE('',#1414,#1409,#855,.T.);
#1797=EDGE_CURVE('',#1304,#1415,#856,.T.);
#1798=EDGE_CURVE('',#1416,#1415,#857,.T.);
#1799=EDGE_CURVE('',#1417,#1416,#858,.T.);
#1800=EDGE_CURVE('',#1418,#1417,#859,.T.);
#1801=EDGE_CURVE('',#1419,#1418,#860,.T.);
#1802=EDGE_CURVE('',#1419,#1365,#861,.T.);
#1803=EDGE_CURVE('',#1420,#1421,#862,.T.);
#1804=EDGE_CURVE('',#1421,#1422,#646,.T.);
#1805=EDGE_CURVE('',#1422,#1423,#863,.T.);
#1806=EDGE_CURVE('',#1420,#1423,#647,.F.);
#1807=EDGE_CURVE('',#1424,#1425,#864,.T.);
#1808=EDGE_CURVE('',#1421,#1424,#865,.T.);
#1809=EDGE_CURVE('',#1420,#1425,#866,.F.);
#1810=EDGE_CURVE('',#1426,#1427,#867,.T.);
#1811=EDGE_CURVE('',#1427,#1424,#648,.T.);
#1812=EDGE_CURVE('',#1426,#1425,#649,.F.);
#1813=EDGE_CURVE('',#1428,#1353,#868,.T.);
#1814=EDGE_CURVE('',#1429,#1428,#869,.T.);
#1815=EDGE_CURVE('',#1410,#1429,#870,.T.);
#1816=EDGE_CURVE('',#1430,#1431,#87,.T.);
#1817=EDGE_CURVE('',#1430,#1432,#871,.T.);
#1818=EDGE_CURVE('',#1432,#1429,#650,.F.);
#1819=EDGE_CURVE('',#1433,#1428,#88,.T.);
#1820=EDGE_CURVE('',#1431,#1433,#89,.T.);
#1821=EDGE_CURVE('',#1434,#1435,#651,.F.);
#1822=EDGE_CURVE('',#1434,#1436,#872,.T.);
#1823=EDGE_CURVE('',#1437,#1436,#652,.T.);
#1824=EDGE_CURVE('',#1435,#1437,#873,.T.);
#1825=EDGE_CURVE('',#1438,#1434,#874,.T.);
#1826=EDGE_CURVE('',#1438,#1439,#875,.T.);
#1827=EDGE_CURVE('',#1436,#1439,#876,.F.);
#1828=EDGE_CURVE('',#1439,#1440,#653,.T.);
#1829=EDGE_CURVE('',#1441,#1438,#654,.F.);
#1830=EDGE_CURVE('',#1441,#1440,#877,.T.);
#1831=EDGE_CURVE('',#1442,#1443,#878,.T.);
#1832=EDGE_CURVE('',#1443,#1444,#655,.F.);
#1833=EDGE_CURVE('',#1444,#1445,#879,.T.);
#1834=EDGE_CURVE('',#1446,#1445,#90,.T.);
#1835=EDGE_CURVE('',#1447,#1446,#91,.T.);
#1836=EDGE_CURVE('',#1442,#1447,#92,.T.);
#1837=EDGE_CURVE('',#1445,#1430,#656,.T.);
#1838=EDGE_CURVE('',#1432,#1444,#880,.T.);
#1839=EDGE_CURVE('',#1448,#1431,#93,.T.);
#1840=EDGE_CURVE('',#1430,#1448,#881,.T.);
#1841=EDGE_CURVE('',#1446,#1449,#94,.T.);
#1842=EDGE_CURVE('',#1449,#1445,#882,.T.);
#1843=EDGE_CURVE('',#1448,#1450,#883,.T.);
#1844=EDGE_CURVE('',#1450,#1451,#657,.T.);
#1845=EDGE_CURVE('',#1451,#1449,#884,.T.);
#1846=EDGE_CURVE('',#1440,#1417,#885,.F.);
#1847=EDGE_CURVE('',#1418,#1441,#886,.T.);
#1848=EDGE_CURVE('',#1443,#1419,#887,.F.);
#1849=EDGE_CURVE('',#1435,#1411,#888,.T.);
#1850=EDGE_CURVE('',#1412,#1437,#889,.F.);
#1851=EDGE_CURVE('',#1416,#1422,#890,.T.);
#1852=EDGE_CURVE('',#1427,#1413,#891,.T.);
#1853=EDGE_CURVE('',#1352,#1452,#892,.T.);
#1854=EDGE_CURVE('',#1428,#1452,#893,.T.);
#1855=EDGE_CURVE('',#1409,#1453,#894,.T.);
#1856=EDGE_CURVE('',#1454,#1453,#895,.T.);
#1857=EDGE_CURVE('',#1454,#1408,#896,.F.);
#1858=EDGE_CURVE('',#1455,#1351,#897,.F.);
#1859=EDGE_CURVE('',#1456,#1455,#658,.F.);
#1860=EDGE_CURVE('',#1340,#1456,#898,.F.);
#1861=EDGE_CURVE('',#1457,#1339,#899,.T.);
#1862=EDGE_CURVE('',#1458,#1457,#95,.T.);
#1863=EDGE_CURVE('',#1451,#1458,#96,.T.);
#1864=EDGE_CURVE('',#1459,#1450,#97,.T.);
#1865=EDGE_CURVE('',#1452,#1459,#98,.T.);
#1866=EDGE_CURVE('',#1459,#1433,#900,.T.);
#1867=EDGE_CURVE('',#1442,#1457,#901,.T.);
#1868=EDGE_CURVE('',#1447,#1458,#902,.T.);
#1869=EDGE_CURVE('',#1348,#1460,#903,.T.);
#1870=EDGE_CURVE('',#1460,#1461,#904,.T.);
#1871=EDGE_CURVE('',#1461,#1462,#905,.F.);
#1872=EDGE_CURVE('',#1463,#1462,#67,.F.);
#1873=EDGE_CURVE('',#1379,#1463,#68,.F.);
#1874=EDGE_CURVE('',#1464,#1465,#69,.F.);
#1875=EDGE_CURVE('',#1464,#1466,#906,.F.);
#1876=EDGE_CURVE('',#1455,#1466,#907,.F.);
#1877=EDGE_CURVE('',#1465,#1382,#70,.F.);
#1878=EDGE_CURVE('',#1454,#1467,#659,.T.);
#1879=EDGE_CURVE('',#1468,#1467,#908,.F.);
#1880=EDGE_CURVE('',#1468,#1302,#660,.T.);
#1881=EDGE_CURVE('',#1468,#1469,#909,.T.);
#1882=EDGE_CURVE('',#1469,#1303,#661,.T.);
#1883=EDGE_CURVE('',#1453,#1470,#662,.T.);
#1884=EDGE_CURVE('',#1470,#1467,#910,.T.);
#1885=EDGE_CURVE('',#1470,#1469,#911,.T.);
#1886=EDGE_CURVE('',#1471,#1472,#663,.T.);
#1887=EDGE_CURVE('',#1473,#1471,#912,.T.);
#1888=EDGE_CURVE('',#1473,#1474,#664,.F.);
#1889=EDGE_CURVE('',#1472,#1474,#913,.T.);
#1890=EDGE_CURVE('',#1475,#1475,#665,.T.);
#1891=EDGE_CURVE('',#1475,#1476,#914,.T.);
#1892=EDGE_CURVE('',#1476,#1476,#666,.T.);
#1893=EDGE_CURVE('',#1477,#1477,#667,.T.);
#1894=EDGE_CURVE('',#1477,#1478,#915,.T.);
#1895=EDGE_CURVE('',#1478,#1478,#668,.T.);
#1896=EDGE_CURVE('',#1479,#1480,#916,.T.);
#1897=EDGE_CURVE('',#1480,#1481,#669,.T.);
#1898=EDGE_CURVE('',#1481,#1482,#917,.T.);
#1899=EDGE_CURVE('',#1482,#1479,#670,.T.);
#1900=EDGE_CURVE('',#1483,#1484,#918,.T.);
#1901=EDGE_CURVE('',#1483,#1480,#919,.F.);
#1902=EDGE_CURVE('',#1472,#1479,#920,.T.);
#1903=EDGE_CURVE('',#1484,#1474,#921,.F.);
#1904=EDGE_CURVE('',#1485,#1486,#922,.T.);
#1905=EDGE_CURVE('',#1483,#1486,#671,.F.);
#1906=EDGE_CURVE('',#1484,#1485,#672,.F.);
#1907=EDGE_CURVE('',#1414,#1426,#923,.T.);
#1908=EDGE_CURVE('',#1423,#1415,#924,.T.);
#1909=EDGE_CURVE('',#1487,#1325,#925,.T.);
#1910=EDGE_CURVE('',#1488,#1487,#673,.T.);
#1911=EDGE_CURVE('',#1488,#1326,#926,.T.);
#1912=EDGE_CURVE('',#1489,#1490,#927,.F.);
#1913=EDGE_CURVE('',#1491,#1489,#674,.T.);
#1914=EDGE_CURVE('',#1492,#1491,#928,.F.);
#1915=EDGE_CURVE('',#1490,#1492,#675,.T.);
#1916=EDGE_CURVE('',#1493,#1494,#929,.F.);
#1917=EDGE_CURVE('',#1495,#1493,#676,.F.);
#1918=EDGE_CURVE('',#1496,#1495,#930,.F.);
#1919=EDGE_CURVE('',#1494,#1496,#677,.T.);
#1920=EDGE_CURVE('',#1497,#1498,#931,.T.);
#1921=EDGE_CURVE('',#1499,#1498,#678,.F.);
#1922=EDGE_CURVE('',#1499,#1500,#932,.T.);
#1923=EDGE_CURVE('',#1500,#1497,#679,.F.);
#1924=EDGE_CURVE('',#1501,#1502,#933,.T.);
#1925=EDGE_CURVE('',#1501,#1498,#680,.F.);
#1926=EDGE_CURVE('',#1502,#1497,#681,.F.);
#1927=EDGE_CURVE('',#1503,#1504,#934,.T.);
#1928=EDGE_CURVE('',#1501,#1504,#682,.F.);
#1929=EDGE_CURVE('',#1502,#1503,#683,.F.);
#1930=EDGE_CURVE('',#1505,#1506,#935,.T.);
#1931=EDGE_CURVE('',#1507,#1505,#936,.T.);
#1932=EDGE_CURVE('',#1507,#1504,#937,.F.);
#1933=EDGE_CURVE('',#1508,#1503,#938,.F.);
#1934=EDGE_CURVE('',#1506,#1508,#939,.T.);
#1935=EDGE_CURVE('',#1509,#1510,#940,.T.);
#1936=EDGE_CURVE('',#1510,#1507,#684,.T.);
#1937=EDGE_CURVE('',#1505,#1509,#685,.T.);
#1938=EDGE_CURVE('',#1499,#1511,#941,.F.);
#1939=EDGE_CURVE('',#1512,#1511,#942,.T.);
#1940=EDGE_CURVE('',#1513,#1512,#943,.T.);
#1941=EDGE_CURVE('',#1513,#1514,#944,.T.);
#1942=EDGE_CURVE('',#1500,#1514,#945,.F.);
#1943=EDGE_CURVE('',#1511,#1515,#686,.T.);
#1944=EDGE_CURVE('',#1515,#1516,#946,.T.);
#1945=EDGE_CURVE('',#1516,#1512,#687,.T.);
#1946=EDGE_CURVE('',#1515,#1517,#688,.T.);
#1947=EDGE_CURVE('',#1518,#1517,#947,.T.);
#1948=EDGE_CURVE('',#1518,#1516,#689,.T.);
#1949=EDGE_CURVE('',#1517,#1519,#690,.T.);
#1950=EDGE_CURVE('',#1519,#1520,#948,.T.);
#1951=EDGE_CURVE('',#1520,#1518,#691,.T.);
#1952=EDGE_CURVE('',#1520,#1521,#949,.T.);
#1953=EDGE_CURVE('',#1519,#1522,#950,.F.);
#1954=EDGE_CURVE('',#1523,#1522,#951,.T.);
#1955=EDGE_CURVE('',#1524,#1523,#952,.F.);
#1956=EDGE_CURVE('',#1524,#1521,#953,.T.);
#1957=EDGE_CURVE('',#1525,#1522,#692,.F.);
#1958=EDGE_CURVE('',#1525,#1526,#954,.T.);
#1959=EDGE_CURVE('',#1526,#1523,#693,.F.);
#1960=EDGE_CURVE('',#1526,#1485,#694,.F.);
#1961=EDGE_CURVE('',#1525,#1486,#695,.F.);
#1962=EDGE_CURVE('',#1521,#1527,#696,.T.);
#1963=EDGE_CURVE('',#1527,#1528,#697,.T.);
#1964=EDGE_CURVE('',#1528,#1513,#698,.T.);
#1965=EDGE_CURVE('',#1529,#1529,#699,.T.);
#1966=EDGE_CURVE('',#1529,#1530,#955,.T.);
#1967=EDGE_CURVE('',#1530,#1530,#700,.T.);
#1968=EDGE_CURVE('',#1506,#1531,#701,.T.);
#1969=EDGE_CURVE('',#1508,#1532,#702,.F.);
#1970=EDGE_CURVE('',#1532,#1531,#956,.T.);
#1971=EDGE_CURVE('',#1533,#1533,#703,.F.);
#1972=EDGE_CURVE('',#1533,#1534,#957,.T.);
#1973=EDGE_CURVE('',#1534,#1534,#704,.T.);
#1974=EDGE_CURVE('',#1524,#1535,#705,.F.);
#1975=EDGE_CURVE('',#1535,#1527,#958,.T.);
#1976=EDGE_CURVE('',#1536,#1535,#706,.F.);
#1977=EDGE_CURVE('',#1536,#1528,#959,.T.);
#1978=EDGE_CURVE('',#1536,#1514,#707,.F.);
#1979=EDGE_CURVE('',#1537,#1538,#708,.T.);
#1980=EDGE_CURVE('',#1539,#1537,#960,.F.);
#1981=EDGE_CURVE('',#1540,#1539,#709,.T.);
#1982=EDGE_CURVE('',#1538,#1540,#961,.F.);
#1983=EDGE_CURVE('',#1541,#1539,#962,.T.);
#1984=EDGE_CURVE('',#1541,#1542,#710,.F.);
#1985=EDGE_CURVE('',#1490,#1542,#963,.T.);
#1986=EDGE_CURVE('',#1492,#1543,#711,.F.);
#1987=EDGE_CURVE('',#1543,#1544,#712,.T.);
#1988=EDGE_CURVE('',#1544,#1540,#713,.F.);
#1989=EDGE_CURVE('',#1545,#1543,#964,.F.);
#1990=EDGE_CURVE('',#1546,#1545,#714,.T.);
#1991=EDGE_CURVE('',#1544,#1546,#965,.F.);
#1992=EDGE_CURVE('',#1466,#1547,#715,.T.);
#1993=EDGE_CURVE('',#1547,#1548,#716,.F.);
#1994=EDGE_CURVE('',#1548,#1549,#717,.T.);
#1995=EDGE_CURVE('',#1549,#1494,#718,.F.);
#1996=EDGE_CURVE('',#1456,#1496,#966,.T.);
#1997=EDGE_CURVE('',#1548,#1550,#967,.T.);
#1998=EDGE_CURVE('',#1551,#1550,#719,.T.);
#1999=EDGE_CURVE('',#1549,#1551,#968,.F.);
#2000=EDGE_CURVE('',#1552,#1532,#720,.F.);
#2001=EDGE_CURVE('',#1552,#1553,#969,.T.);
#2002=EDGE_CURVE('',#1531,#1553,#721,.T.);
#2003=EDGE_CURVE('',#1553,#1554,#722,.T.);
#2004=EDGE_CURVE('',#1555,#1554,#970,.T.);
#2005=EDGE_CURVE('',#1556,#1555,#723,.T.);
#2006=EDGE_CURVE('',#1509,#1556,#724,.T.);
#2007=EDGE_CURVE('',#1557,#1556,#971,.T.);
#2008=EDGE_CURVE('',#1557,#1510,#725,.T.);
#2009=EDGE_CURVE('',#1558,#1384,#972,.F.);
#2010=EDGE_CURVE('',#1559,#1558,#973,.T.);
#2011=EDGE_CURVE('',#1560,#1559,#974,.T.);
#2012=EDGE_CURVE('',#1561,#1560,#975,.F.);
#2013=EDGE_CURVE('',#1561,#1385,#976,.F.);
#2014=EDGE_CURVE('',#1562,#1347,#977,.T.);
#2015=EDGE_CURVE('',#1558,#1562,#726,.F.);
#2016=EDGE_CURVE('',#1387,#1563,#978,.F.);
#2017=EDGE_CURVE('',#1460,#1563,#727,.F.);
#2018=EDGE_CURVE('',#1564,#1565,#99,.F.);
#2019=EDGE_CURVE('',#1565,#1464,#728,.F.);
#2020=EDGE_CURVE('',#1381,#1566,#100,.F.);
#2021=EDGE_CURVE('',#1566,#1564,#101,.F.);
#2022=EDGE_CURVE('',#1567,#1568,#102,.F.);
#2023=EDGE_CURVE('',#1567,#1569,#979,.T.);
#2024=EDGE_CURVE('',#1570,#1569,#729,.F.);
#2025=EDGE_CURVE('',#1571,#1570,#980,.T.);
#2026=EDGE_CURVE('',#1550,#1571,#730,.T.);
#2027=EDGE_CURVE('',#1547,#1565,#981,.T.);
#2028=EDGE_CURVE('',#1572,#1380,#103,.F.);
#2029=EDGE_CURVE('',#1568,#1572,#104,.F.);
#2030=EDGE_CURVE('',#1462,#1567,#731,.T.);
#2031=EDGE_CURVE('',#1386,#1573,#982,.F.);
#2032=EDGE_CURVE('',#1574,#1573,#983,.F.);
#2033=EDGE_CURVE('',#1575,#1574,#984,.T.);
#2034=EDGE_CURVE('',#1563,#1575,#985,.T.);
#2035=EDGE_CURVE('',#1561,#1576,#732,.T.);
#2036=EDGE_CURVE('',#1576,#1577,#986,.T.);
#2037=EDGE_CURVE('',#1577,#1578,#733,.F.);
#2038=EDGE_CURVE('',#1578,#1579,#987,.T.);
#2039=EDGE_CURVE('',#1573,#1579,#734,.F.);
#2040=EDGE_CURVE('',#1580,#1581,#988,.T.);
#2041=EDGE_CURVE('',#1582,#1581,#735,.T.);
#2042=EDGE_CURVE('',#1583,#1582,#989,.T.);
#2043=EDGE_CURVE('',#1583,#1580,#736,.T.);
#2044=EDGE_CURVE('',#1584,#1585,#990,.T.);
#2045=EDGE_CURVE('',#1584,#1577,#991,.F.);
#2046=EDGE_CURVE('',#1585,#1576,#992,.T.);
#2047=EDGE_CURVE('',#1579,#1582,#993,.T.);
#2048=EDGE_CURVE('',#1578,#1583,#994,.F.);
#2049=EDGE_CURVE('',#1586,#1559,#737,.T.);
#2050=EDGE_CURVE('',#1587,#1562,#995,.T.);
#2051=EDGE_CURVE('',#1587,#1588,#738,.T.);
#2052=EDGE_CURVE('',#1588,#1586,#739,.F.);
#2053=EDGE_CURVE('',#1589,#1560,#740,.T.);
#2054=EDGE_CURVE('',#1589,#1586,#996,.F.);
#2055=EDGE_CURVE('',#1575,#1570,#741,.T.);
#2056=EDGE_CURVE('',#1569,#1461,#742,.T.);
#2057=EDGE_CURVE('',#1574,#1571,#743,.T.);
#2058=EDGE_CURVE('',#1590,#1587,#997,.F.);
#2059=EDGE_CURVE('',#1591,#1590,#744,.T.);
#2060=EDGE_CURVE('',#1588,#1591,#998,.F.);
#2061=EDGE_CURVE('',#1592,#1584,#745,.T.);
#2062=EDGE_CURVE('',#1585,#1593,#746,.T.);
#2063=EDGE_CURVE('',#1593,#1592,#999,.T.);
#2064=EDGE_CURVE('',#1594,#1554,#1000,.T.);
#2065=EDGE_CURVE('',#1595,#1594,#1001,.F.);
#2066=EDGE_CURVE('',#1596,#1595,#1002,.T.);
#2067=EDGE_CURVE('',#1596,#1597,#1003,.F.);
#2068=EDGE_CURVE('',#1555,#1597,#1004,.T.);
#2069=EDGE_CURVE('',#1598,#1599,#1005,.T.);
#2070=EDGE_CURVE('',#1596,#1599,#747,.F.);
#2071=EDGE_CURVE('',#1595,#1598,#748,.F.);
#2072=EDGE_CURVE('',#1600,#1601,#1006,.T.);
#2073=EDGE_CURVE('',#1600,#1599,#749,.F.);
#2074=EDGE_CURVE('',#1601,#1598,#750,.F.);
#2075=EDGE_CURVE('',#1602,#1603,#1007,.T.);
#2076=EDGE_CURVE('',#1600,#1603,#751,.F.);
#2077=EDGE_CURVE('',#1601,#1602,#752,.F.);
#2078=EDGE_CURVE('',#1604,#1605,#1008,.T.);
#2079=EDGE_CURVE('',#1606,#1604,#1009,.T.);
#2080=EDGE_CURVE('',#1606,#1603,#1010,.F.);
#2081=EDGE_CURVE('',#1607,#1602,#1011,.F.);
#2082=EDGE_CURVE('',#1605,#1607,#1012,.T.);
#2083=EDGE_CURVE('',#1608,#1609,#1013,.T.);
#2084=EDGE_CURVE('',#1609,#1606,#753,.T.);
#2085=EDGE_CURVE('',#1604,#1608,#754,.T.);
#2086=EDGE_CURVE('',#1597,#1557,#755,.T.);
#2087=EDGE_CURVE('',#1610,#1592,#1014,.F.);
#2088=EDGE_CURVE('',#1611,#1610,#756,.F.);
#2089=EDGE_CURVE('',#1580,#1611,#1015,.F.);
#2090=EDGE_CURVE('',#1612,#1612,#757,.F.);
#2091=EDGE_CURVE('',#1613,#1613,#758,.T.);
#2092=EDGE_CURVE('',#1613,#1614,#1016,.T.);
#2093=EDGE_CURVE('',#1614,#1614,#759,.T.);
#2094=EDGE_CURVE('',#1552,#1594,#760,.F.);
#2095=EDGE_CURVE('',#1605,#1615,#761,.T.);
#2096=EDGE_CURVE('',#1607,#1616,#762,.F.);
#2097=EDGE_CURVE('',#1616,#1615,#1017,.T.);
#2098=EDGE_CURVE('',#1617,#1618,#763,.T.);
#2099=EDGE_CURVE('',#1617,#1611,#1018,.T.);
#2100=EDGE_CURVE('',#1618,#1610,#1019,.T.);
#2101=EDGE_CURVE('',#1618,#1593,#1020,.T.);
#2102=EDGE_CURVE('',#1581,#1617,#1021,.T.);
#2103=EDGE_CURVE('',#1481,#1609,#764,.T.);
#2104=EDGE_CURVE('',#1487,#1619,#765,.T.);
#2105=EDGE_CURVE('',#1619,#1620,#766,.T.);
#2106=EDGE_CURVE('',#1488,#1620,#767,.T.);
#2107=EDGE_CURVE('',#1621,#1621,#768,.T.);
#2108=EDGE_CURVE('',#1546,#1589,#769,.T.);
#2109=EDGE_CURVE('',#1551,#1545,#770,.T.);
#2110=EDGE_CURVE('',#1473,#1616,#771,.F.);
#2111=EDGE_CURVE('',#1619,#1324,#1022,.T.);
#2112=EDGE_CURVE('',#1608,#1482,#772,.T.);
#2113=EDGE_CURVE('',#1615,#1471,#773,.T.);
#2114=EDGE_CURVE('',#1478,#1407,#1023,.T.);
#2115=EDGE_CURVE('',#1476,#1328,#1024,.T.);
#2116=EDGE_CURVE('',#1530,#1312,#1025,.T.);
#2117=EDGE_CURVE('',#1612,#1391,#1026,.T.);
#2118=EDGE_CURVE('',#1614,#1376,#1027,.T.);
#2119=EDGE_CURVE('',#1375,#1621,#1028,.T.);
#2120=EDGE_CURVE('',#1338,#1442,#1029,.T.);
#2121=EDGE_CURVE('',#1622,#1495,#71,.F.);
#2122=EDGE_CURVE('',#1395,#1622,#72,.F.);
#2123=EDGE_CURVE('',#1493,#1623,#105,.F.);
#2124=EDGE_CURVE('',#1623,#1624,#106,.F.);
#2125=EDGE_CURVE('',#1624,#1396,#107,.F.);
#2126=EDGE_CURVE('',#1625,#1491,#108,.F.);
#2127=EDGE_CURVE('',#1626,#1625,#109,.F.);
#2128=EDGE_CURVE('',#1397,#1626,#110,.F.);
#2129=EDGE_CURVE('',#1489,#1627,#73,.F.);
#2130=EDGE_CURVE('',#1627,#1398,#74,.F.);
#2131=EDGE_CURVE('',#1343,#1542,#1030,.F.);
#2132=EDGE_CURVE('',#1344,#1541,#1031,.T.);
#2133=EDGE_CURVE('',#1628,#1537,#75,.F.);
#2134=EDGE_CURVE('',#1403,#1628,#76,.F.);
#2135=EDGE_CURVE('',#1538,#1629,#111,.F.);
#2136=EDGE_CURVE('',#1629,#1630,#112,.F.);
#2137=EDGE_CURVE('',#1630,#1404,#113,.F.);
#2138=EDGE_CURVE('',#1631,#1591,#114,.F.);
#2139=EDGE_CURVE('',#1632,#1631,#115,.F.);
#2140=EDGE_CURVE('',#1405,#1632,#116,.F.);
#2141=EDGE_CURVE('',#1590,#1633,#77,.F.);
#2142=EDGE_CURVE('',#1633,#1406,#78,.F.);
#2143=EDGE_CURVE('',#1620,#1327,#1032,.T.);
#2144=EDGE_CURVE('',#1634,#1634,#774,.T.);
#2145=EDGE_CURVE('',#1634,#1388,#1033,.T.);
#2146=EDGE_CURVE('',#1635,#1635,#775,.T.);
#2147=EDGE_CURVE('',#1635,#1392,#1034,.T.);
#2148=ORIENTED_EDGE('',*,*,#1636,.F.);
#2149=ORIENTED_EDGE('',*,*,#1637,.F.);
#2150=ORIENTED_EDGE('',*,*,#1638,.F.);
#2151=ORIENTED_EDGE('',*,*,#1639,.F.);
#2152=ORIENTED_EDGE('',*,*,#1640,.T.);
#2153=ORIENTED_EDGE('',*,*,#1641,.T.);
#2154=ORIENTED_EDGE('',*,*,#1636,.T.);
#2155=ORIENTED_EDGE('',*,*,#1642,.F.);
#2156=ORIENTED_EDGE('',*,*,#1641,.F.);
#2157=ORIENTED_EDGE('',*,*,#1643,.T.);
#2158=ORIENTED_EDGE('',*,*,#1637,.T.);
#2159=ORIENTED_EDGE('',*,*,#1638,.T.);
#2160=ORIENTED_EDGE('',*,*,#1643,.F.);
#2161=ORIENTED_EDGE('',*,*,#1640,.F.);
#2162=ORIENTED_EDGE('',*,*,#1644,.F.);
#2163=ORIENTED_EDGE('',*,*,#1639,.T.);
#2164=ORIENTED_EDGE('',*,*,#1644,.T.);
#2165=ORIENTED_EDGE('',*,*,#1642,.T.);
#2166=ORIENTED_EDGE('',*,*,#1645,.F.);
#2167=ORIENTED_EDGE('',*,*,#1646,.F.);
#2168=ORIENTED_EDGE('',*,*,#1647,.F.);
#2169=ORIENTED_EDGE('',*,*,#1648,.T.);
#2170=ORIENTED_EDGE('',*,*,#1649,.F.);
#2171=ORIENTED_EDGE('',*,*,#1650,.T.);
#2172=ORIENTED_EDGE('',*,*,#1651,.F.);
#2173=ORIENTED_EDGE('',*,*,#1652,.F.);
#2174=ORIENTED_EDGE('',*,*,#1653,.F.);
#2175=ORIENTED_EDGE('',*,*,#1654,.T.);
#2176=ORIENTED_EDGE('',*,*,#1655,.T.);
#2177=ORIENTED_EDGE('',*,*,#1656,.F.);
#2178=ORIENTED_EDGE('',*,*,#1657,.F.);
#2179=ORIENTED_EDGE('',*,*,#1658,.T.);
#2180=ORIENTED_EDGE('',*,*,#1659,.F.);
#2181=ORIENTED_EDGE('',*,*,#1660,.T.);
#2182=ORIENTED_EDGE('',*,*,#1661,.T.);
#2183=ORIENTED_EDGE('',*,*,#1662,.T.);
#2184=ORIENTED_EDGE('',*,*,#1663,.F.);
#2185=ORIENTED_EDGE('',*,*,#1664,.T.);
#2186=ORIENTED_EDGE('',*,*,#1665,.F.);
#2187=ORIENTED_EDGE('',*,*,#1666,.T.);
#2188=ORIENTED_EDGE('',*,*,#1667,.T.);
#2189=ORIENTED_EDGE('',*,*,#1654,.F.);
#2190=ORIENTED_EDGE('',*,*,#1668,.T.);
#2191=ORIENTED_EDGE('',*,*,#1669,.F.);
#2192=ORIENTED_EDGE('',*,*,#1670,.T.);
#2193=ORIENTED_EDGE('',*,*,#1671,.T.);
#2194=ORIENTED_EDGE('',*,*,#1672,.F.);
#2195=ORIENTED_EDGE('',*,*,#1673,.T.);
#2196=ORIENTED_EDGE('',*,*,#1674,.T.);
#2197=ORIENTED_EDGE('',*,*,#1675,.F.);
#2198=ORIENTED_EDGE('',*,*,#1676,.T.);
#2199=ORIENTED_EDGE('',*,*,#1677,.T.);
#2200=ORIENTED_EDGE('',*,*,#1669,.T.);
#2201=ORIENTED_EDGE('',*,*,#1678,.T.);
#2202=ORIENTED_EDGE('',*,*,#1653,.T.);
#2203=ORIENTED_EDGE('',*,*,#1679,.T.);
#2204=ORIENTED_EDGE('',*,*,#1680,.F.);
#2205=ORIENTED_EDGE('',*,*,#1681,.F.);
#2206=ORIENTED_EDGE('',*,*,#1682,.F.);
#2207=ORIENTED_EDGE('',*,*,#1683,.F.);
#2208=ORIENTED_EDGE('',*,*,#1678,.F.);
#2209=ORIENTED_EDGE('',*,*,#1668,.F.);
#2210=ORIENTED_EDGE('',*,*,#1652,.T.);
#2211=ORIENTED_EDGE('',*,*,#1684,.F.);
#2212=ORIENTED_EDGE('',*,*,#1685,.T.);
#2213=ORIENTED_EDGE('',*,*,#1679,.F.);
#2214=ORIENTED_EDGE('',*,*,#1684,.T.);
#2215=ORIENTED_EDGE('',*,*,#1651,.T.);
#2216=ORIENTED_EDGE('',*,*,#1686,.T.);
#2217=ORIENTED_EDGE('',*,*,#1687,.T.);
#2218=ORIENTED_EDGE('',*,*,#1688,.T.);
#2219=ORIENTED_EDGE('',*,*,#1689,.T.);
#2220=ORIENTED_EDGE('',*,*,#1690,.T.);
#2221=ORIENTED_EDGE('',*,*,#1691,.F.);
#2222=ORIENTED_EDGE('',*,*,#1692,.T.);
#2223=ORIENTED_EDGE('',*,*,#1693,.T.);
#2224=ORIENTED_EDGE('',*,*,#1694,.T.);
#2225=ORIENTED_EDGE('',*,*,#1695,.F.);
#2226=ORIENTED_EDGE('',*,*,#1696,.T.);
#2227=ORIENTED_EDGE('',*,*,#1697,.T.);
#2228=ORIENTED_EDGE('',*,*,#1698,.T.);
#2229=ORIENTED_EDGE('',*,*,#1699,.F.);
#2230=ORIENTED_EDGE('',*,*,#1700,.T.);
#2231=ORIENTED_EDGE('',*,*,#1701,.T.);
#2232=ORIENTED_EDGE('',*,*,#1702,.T.);
#2233=ORIENTED_EDGE('',*,*,#1703,.T.);
#2234=ORIENTED_EDGE('',*,*,#1704,.T.);
#2235=ORIENTED_EDGE('',*,*,#1705,.T.);
#2236=ORIENTED_EDGE('',*,*,#1706,.T.);
#2237=ORIENTED_EDGE('',*,*,#1707,.T.);
#2238=ORIENTED_EDGE('',*,*,#1708,.T.);
#2239=ORIENTED_EDGE('',*,*,#1709,.T.);
#2240=ORIENTED_EDGE('',*,*,#1710,.T.);
#2241=ORIENTED_EDGE('',*,*,#1711,.T.);
#2242=ORIENTED_EDGE('',*,*,#1712,.T.);
#2243=ORIENTED_EDGE('',*,*,#1713,.F.);
#2244=ORIENTED_EDGE('',*,*,#1704,.F.);
#2245=ORIENTED_EDGE('',*,*,#1714,.F.);
#2246=ORIENTED_EDGE('',*,*,#1715,.F.);
#2247=ORIENTED_EDGE('',*,*,#1650,.F.);
#2248=ORIENTED_EDGE('',*,*,#1716,.F.);
#2249=ORIENTED_EDGE('',*,*,#1717,.F.);
#2250=ORIENTED_EDGE('',*,*,#1686,.F.);
#2251=ORIENTED_EDGE('',*,*,#1718,.F.);
#2252=ORIENTED_EDGE('',*,*,#1719,.T.);
#2253=ORIENTED_EDGE('',*,*,#1660,.F.);
#2254=ORIENTED_EDGE('',*,*,#1720,.F.);
#2255=ORIENTED_EDGE('',*,*,#1658,.F.);
#2256=ORIENTED_EDGE('',*,*,#1721,.F.);
#2257=ORIENTED_EDGE('',*,*,#1655,.F.);
#2258=ORIENTED_EDGE('',*,*,#1677,.F.);
#2259=ORIENTED_EDGE('',*,*,#1707,.F.);
#2260=ORIENTED_EDGE('',*,*,#1722,.T.);
#2261=ORIENTED_EDGE('',*,*,#1723,.T.);
#2262=ORIENTED_EDGE('',*,*,#1724,.T.);
#2263=ORIENTED_EDGE('',*,*,#1725,.T.);
#2264=ORIENTED_EDGE('',*,*,#1726,.T.);
#2265=ORIENTED_EDGE('',*,*,#1727,.F.);
#2266=ORIENTED_EDGE('',*,*,#1728,.T.);
#2267=ORIENTED_EDGE('',*,*,#1729,.T.);
#2268=ORIENTED_EDGE('',*,*,#1730,.F.);
#2269=ORIENTED_EDGE('',*,*,#1664,.F.);
#2270=ORIENTED_EDGE('',*,*,#1731,.F.);
#2271=ORIENTED_EDGE('',*,*,#1662,.F.);
#2272=ORIENTED_EDGE('',*,*,#1732,.T.);
#2273=ORIENTED_EDGE('',*,*,#1728,.F.);
#2274=ORIENTED_EDGE('',*,*,#1733,.F.);
#2275=ORIENTED_EDGE('',*,*,#1734,.T.);
#2276=ORIENTED_EDGE('',*,*,#1675,.T.);
#2277=ORIENTED_EDGE('',*,*,#1734,.F.);
#2278=ORIENTED_EDGE('',*,*,#1733,.T.);
#2279=ORIENTED_EDGE('',*,*,#1735,.T.);
#2280=ORIENTED_EDGE('',*,*,#1736,.T.);
#2281=ORIENTED_EDGE('',*,*,#1737,.T.);
#2282=ORIENTED_EDGE('',*,*,#1731,.T.);
#2283=ORIENTED_EDGE('',*,*,#1738,.F.);
#2284=ORIENTED_EDGE('',*,*,#1739,.T.);
#2285=ORIENTED_EDGE('',*,*,#1740,.T.);
#2286=ORIENTED_EDGE('',*,*,#1741,.T.);
#2287=ORIENTED_EDGE('',*,*,#1742,.T.);
#2288=ORIENTED_EDGE('',*,*,#1743,.F.);
#2289=ORIENTED_EDGE('',*,*,#1744,.F.);
#2290=ORIENTED_EDGE('',*,*,#1745,.T.);
#2291=ORIENTED_EDGE('',*,*,#1746,.T.);
#2292=ORIENTED_EDGE('',*,*,#1747,.T.);
#2293=ORIENTED_EDGE('',*,*,#1748,.T.);
#2294=ORIENTED_EDGE('',*,*,#1744,.T.);
#2295=ORIENTED_EDGE('',*,*,#1749,.T.);
#2296=ORIENTED_EDGE('',*,*,#1710,.F.);
#2297=ORIENTED_EDGE('',*,*,#1749,.F.);
#2298=ORIENTED_EDGE('',*,*,#1750,.F.);
#2299=ORIENTED_EDGE('',*,*,#1751,.T.);
#2300=ORIENTED_EDGE('',*,*,#1709,.F.);
#2301=ORIENTED_EDGE('',*,*,#1751,.F.);
#2302=ORIENTED_EDGE('',*,*,#1752,.F.);
#2303=ORIENTED_EDGE('',*,*,#1682,.T.);
#2304=ORIENTED_EDGE('',*,*,#1753,.F.);
#2305=ORIENTED_EDGE('',*,*,#1754,.T.);
#2306=ORIENTED_EDGE('',*,*,#1729,.F.);
#2307=ORIENTED_EDGE('',*,*,#1732,.F.);
#2308=ORIENTED_EDGE('',*,*,#1661,.F.);
#2309=ORIENTED_EDGE('',*,*,#1719,.F.);
#2310=ORIENTED_EDGE('',*,*,#1753,.T.);
#2311=ORIENTED_EDGE('',*,*,#1681,.T.);
#2312=ORIENTED_EDGE('',*,*,#1755,.T.);
#2313=ORIENTED_EDGE('',*,*,#1756,.T.);
#2314=ORIENTED_EDGE('',*,*,#1757,.F.);
#2315=ORIENTED_EDGE('',*,*,#1755,.F.);
#2316=ORIENTED_EDGE('',*,*,#1680,.T.);
#2317=ORIENTED_EDGE('',*,*,#1685,.F.);
#2318=ORIENTED_EDGE('',*,*,#1708,.F.);
#2319=ORIENTED_EDGE('',*,*,#1724,.F.);
#2320=ORIENTED_EDGE('',*,*,#1758,.T.);
#2321=ORIENTED_EDGE('',*,*,#1759,.T.);
#2322=ORIENTED_EDGE('',*,*,#1760,.T.);
#2323=ORIENTED_EDGE('',*,*,#1721,.T.);
#2324=ORIENTED_EDGE('',*,*,#1761,.F.);
#2325=ORIENTED_EDGE('',*,*,#1762,.T.);
#2326=ORIENTED_EDGE('',*,*,#1763,.T.);
#2327=ORIENTED_EDGE('',*,*,#1764,.T.);
#2328=ORIENTED_EDGE('',*,*,#1765,.T.);
#2329=ORIENTED_EDGE('',*,*,#1766,.T.);
#2330=ORIENTED_EDGE('',*,*,#1767,.F.);
#2331=ORIENTED_EDGE('',*,*,#1767,.T.);
#2332=ORIENTED_EDGE('',*,*,#1768,.T.);
#2333=ORIENTED_EDGE('',*,*,#1711,.F.);
#2334=ORIENTED_EDGE('',*,*,#1768,.F.);
#2335=ORIENTED_EDGE('',*,*,#1769,.T.);
#2336=ORIENTED_EDGE('',*,*,#1770,.T.);
#2337=ORIENTED_EDGE('',*,*,#1712,.F.);
#2338=ORIENTED_EDGE('',*,*,#1770,.F.);
#2339=ORIENTED_EDGE('',*,*,#1771,.F.);
#2340=ORIENTED_EDGE('',*,*,#1772,.T.);
#2341=ORIENTED_EDGE('',*,*,#1773,.T.);
#2342=ORIENTED_EDGE('',*,*,#1774,.T.);
#2343=ORIENTED_EDGE('',*,*,#1775,.T.);
#2344=ORIENTED_EDGE('',*,*,#1776,.T.);
#2345=ORIENTED_EDGE('',*,*,#1769,.F.);
#2346=ORIENTED_EDGE('',*,*,#1777,.T.);
#2347=ORIENTED_EDGE('',*,*,#1778,.T.);
#2348=ORIENTED_EDGE('',*,*,#1720,.T.);
#2349=ORIENTED_EDGE('',*,*,#1691,.T.);
#2350=ORIENTED_EDGE('',*,*,#1779,.T.);
#2351=ORIENTED_EDGE('',*,*,#1761,.T.);
#2352=ORIENTED_EDGE('',*,*,#1780,.T.);
#2353=ORIENTED_EDGE('',*,*,#1695,.T.);
#2354=ORIENTED_EDGE('',*,*,#1781,.T.);
#2355=ORIENTED_EDGE('',*,*,#1771,.T.);
#2356=ORIENTED_EDGE('',*,*,#1782,.T.);
#2357=ORIENTED_EDGE('',*,*,#1738,.T.);
#2358=ORIENTED_EDGE('',*,*,#1783,.T.);
#2359=ORIENTED_EDGE('',*,*,#1699,.T.);
#2360=ORIENTED_EDGE('',*,*,#1784,.T.);
#2361=ORIENTED_EDGE('',*,*,#1727,.T.);
#2362=ORIENTED_EDGE('',*,*,#1785,.T.);
#2363=ORIENTED_EDGE('',*,*,#1665,.T.);
#2364=ORIENTED_EDGE('',*,*,#1730,.T.);
#2365=ORIENTED_EDGE('',*,*,#1676,.F.);
#2366=ORIENTED_EDGE('',*,*,#1683,.T.);
#2367=ORIENTED_EDGE('',*,*,#1752,.T.);
#2368=ORIENTED_EDGE('',*,*,#1718,.T.);
#2369=ORIENTED_EDGE('',*,*,#1786,.F.);
#2370=ORIENTED_EDGE('',*,*,#1787,.T.);
#2371=ORIENTED_EDGE('',*,*,#1645,.T.);
#2372=ORIENTED_EDGE('',*,*,#1667,.F.);
#2373=ORIENTED_EDGE('',*,*,#1706,.F.);
#2374=ORIENTED_EDGE('',*,*,#1788,.F.);
#2375=ORIENTED_EDGE('',*,*,#1666,.F.);
#2376=ORIENTED_EDGE('',*,*,#1785,.F.);
#2377=ORIENTED_EDGE('',*,*,#1726,.F.);
#2378=ORIENTED_EDGE('',*,*,#1789,.F.);
#2379=ORIENTED_EDGE('',*,*,#1722,.F.);
#2380=ORIENTED_EDGE('',*,*,#1723,.F.);
#2381=ORIENTED_EDGE('',*,*,#1789,.T.);
#2382=ORIENTED_EDGE('',*,*,#1725,.F.);
#2383=ORIENTED_EDGE('',*,*,#1754,.F.);
#2384=ORIENTED_EDGE('',*,*,#1756,.F.);
#2385=ORIENTED_EDGE('',*,*,#1757,.T.);
#2386=ORIENTED_EDGE('',*,*,#1790,.T.);
#2387=ORIENTED_EDGE('',*,*,#1715,.T.);
#2388=ORIENTED_EDGE('',*,*,#1791,.T.);
#2389=ORIENTED_EDGE('',*,*,#1792,.F.);
#2390=ORIENTED_EDGE('',*,*,#1793,.F.);
#2391=ORIENTED_EDGE('',*,*,#1794,.F.);
#2392=ORIENTED_EDGE('',*,*,#1795,.T.);
#2393=ORIENTED_EDGE('',*,*,#1796,.T.);
#2394=ORIENTED_EDGE('',*,*,#1716,.T.);
#2395=ORIENTED_EDGE('',*,*,#1649,.T.);
#2396=ORIENTED_EDGE('',*,*,#1797,.T.);
#2397=ORIENTED_EDGE('',*,*,#1798,.F.);
#2398=ORIENTED_EDGE('',*,*,#1799,.F.);
#2399=ORIENTED_EDGE('',*,*,#1800,.F.);
#2400=ORIENTED_EDGE('',*,*,#1801,.F.);
#2401=ORIENTED_EDGE('',*,*,#1802,.T.);
#2402=ORIENTED_EDGE('',*,*,#1803,.T.);
#2403=ORIENTED_EDGE('',*,*,#1804,.T.);
#2404=ORIENTED_EDGE('',*,*,#1805,.T.);
#2405=ORIENTED_EDGE('',*,*,#1806,.F.);
#2406=ORIENTED_EDGE('',*,*,#1807,.F.);
#2407=ORIENTED_EDGE('',*,*,#1808,.F.);
#2408=ORIENTED_EDGE('',*,*,#1803,.F.);
#2409=ORIENTED_EDGE('',*,*,#1809,.T.);
#2410=ORIENTED_EDGE('',*,*,#1810,.T.);
#2411=ORIENTED_EDGE('',*,*,#1811,.T.);
#2412=ORIENTED_EDGE('',*,*,#1807,.T.);
#2413=ORIENTED_EDGE('',*,*,#1812,.F.);
#2414=ORIENTED_EDGE('',*,*,#1813,.F.);
#2415=ORIENTED_EDGE('',*,*,#1814,.F.);
#2416=ORIENTED_EDGE('',*,*,#1815,.F.);
#2417=ORIENTED_EDGE('',*,*,#1791,.F.);
#2418=ORIENTED_EDGE('',*,*,#1714,.T.);
#2419=ORIENTED_EDGE('',*,*,#1703,.F.);
#2420=ORIENTED_EDGE('',*,*,#1816,.F.);
#2421=ORIENTED_EDGE('',*,*,#1817,.T.);
#2422=ORIENTED_EDGE('',*,*,#1818,.T.);
#2423=ORIENTED_EDGE('',*,*,#1814,.T.);
#2424=ORIENTED_EDGE('',*,*,#1819,.F.);
#2425=ORIENTED_EDGE('',*,*,#1820,.F.);
#2426=ORIENTED_EDGE('',*,*,#1821,.F.);
#2427=ORIENTED_EDGE('',*,*,#1822,.T.);
#2428=ORIENTED_EDGE('',*,*,#1823,.F.);
#2429=ORIENTED_EDGE('',*,*,#1824,.F.);
#2430=ORIENTED_EDGE('',*,*,#1825,.F.);
#2431=ORIENTED_EDGE('',*,*,#1826,.T.);
#2432=ORIENTED_EDGE('',*,*,#1827,.F.);
#2433=ORIENTED_EDGE('',*,*,#1822,.F.);
#2434=ORIENTED_EDGE('',*,*,#1828,.F.);
#2435=ORIENTED_EDGE('',*,*,#1826,.F.);
#2436=ORIENTED_EDGE('',*,*,#1829,.F.);
#2437=ORIENTED_EDGE('',*,*,#1830,.T.);
#2438=ORIENTED_EDGE('',*,*,#1831,.T.);
#2439=ORIENTED_EDGE('',*,*,#1832,.T.);
#2440=ORIENTED_EDGE('',*,*,#1833,.T.);
#2441=ORIENTED_EDGE('',*,*,#1834,.F.);
#2442=ORIENTED_EDGE('',*,*,#1835,.F.);
#2443=ORIENTED_EDGE('',*,*,#1836,.F.);
#2444=ORIENTED_EDGE('',*,*,#1837,.F.);
#2445=ORIENTED_EDGE('',*,*,#1833,.F.);
#2446=ORIENTED_EDGE('',*,*,#1838,.F.);
#2447=ORIENTED_EDGE('',*,*,#1817,.F.);
#2448=ORIENTED_EDGE('',*,*,#1839,.F.);
#2449=ORIENTED_EDGE('',*,*,#1840,.F.);
#2450=ORIENTED_EDGE('',*,*,#1816,.T.);
#2451=ORIENTED_EDGE('',*,*,#1841,.F.);
#2452=ORIENTED_EDGE('',*,*,#1834,.T.);
#2453=ORIENTED_EDGE('',*,*,#1842,.F.);
#2454=ORIENTED_EDGE('',*,*,#1842,.T.);
#2455=ORIENTED_EDGE('',*,*,#1837,.T.);
#2456=ORIENTED_EDGE('',*,*,#1840,.T.);
#2457=ORIENTED_EDGE('',*,*,#1843,.T.);
#2458=ORIENTED_EDGE('',*,*,#1844,.T.);
#2459=ORIENTED_EDGE('',*,*,#1845,.T.);
#2460=ORIENTED_EDGE('',*,*,#1800,.T.);
#2461=ORIENTED_EDGE('',*,*,#1846,.F.);
#2462=ORIENTED_EDGE('',*,*,#1830,.F.);
#2463=ORIENTED_EDGE('',*,*,#1847,.F.);
#2464=ORIENTED_EDGE('',*,*,#1792,.T.);
#2465=ORIENTED_EDGE('',*,*,#1815,.T.);
#2466=ORIENTED_EDGE('',*,*,#1818,.F.);
#2467=ORIENTED_EDGE('',*,*,#1838,.T.);
#2468=ORIENTED_EDGE('',*,*,#1832,.F.);
#2469=ORIENTED_EDGE('',*,*,#1848,.T.);
#2470=ORIENTED_EDGE('',*,*,#1801,.T.);
#2471=ORIENTED_EDGE('',*,*,#1847,.T.);
#2472=ORIENTED_EDGE('',*,*,#1829,.T.);
#2473=ORIENTED_EDGE('',*,*,#1825,.T.);
#2474=ORIENTED_EDGE('',*,*,#1821,.T.);
#2475=ORIENTED_EDGE('',*,*,#1849,.T.);
#2476=ORIENTED_EDGE('',*,*,#1793,.T.);
#2477=ORIENTED_EDGE('',*,*,#1849,.F.);
#2478=ORIENTED_EDGE('',*,*,#1824,.T.);
#2479=ORIENTED_EDGE('',*,*,#1850,.F.);
#2480=ORIENTED_EDGE('',*,*,#1794,.T.);
#2481=ORIENTED_EDGE('',*,*,#1850,.T.);
#2482=ORIENTED_EDGE('',*,*,#1823,.T.);
#2483=ORIENTED_EDGE('',*,*,#1827,.T.);
#2484=ORIENTED_EDGE('',*,*,#1828,.T.);
#2485=ORIENTED_EDGE('',*,*,#1846,.T.);
#2486=ORIENTED_EDGE('',*,*,#1799,.T.);
#2487=ORIENTED_EDGE('',*,*,#1851,.T.);
#2488=ORIENTED_EDGE('',*,*,#1804,.F.);
#2489=ORIENTED_EDGE('',*,*,#1808,.T.);
#2490=ORIENTED_EDGE('',*,*,#1811,.F.);
#2491=ORIENTED_EDGE('',*,*,#1852,.T.);
#2492=ORIENTED_EDGE('',*,*,#1853,.T.);
#2493=ORIENTED_EDGE('',*,*,#1854,.F.);
#2494=ORIENTED_EDGE('',*,*,#1813,.T.);
#2495=ORIENTED_EDGE('',*,*,#1702,.F.);
#2496=ORIENTED_EDGE('',*,*,#1855,.T.);
#2497=ORIENTED_EDGE('',*,*,#1856,.F.);
#2498=ORIENTED_EDGE('',*,*,#1857,.T.);
#2499=ORIENTED_EDGE('',*,*,#1786,.T.);
#2500=ORIENTED_EDGE('',*,*,#1788,.T.);
#2501=ORIENTED_EDGE('',*,*,#1705,.F.);
#2502=ORIENTED_EDGE('',*,*,#1713,.T.);
#2503=ORIENTED_EDGE('',*,*,#1790,.F.);
#2504=ORIENTED_EDGE('',*,*,#1858,.F.);
#2505=ORIENTED_EDGE('',*,*,#1859,.F.);
#2506=ORIENTED_EDGE('',*,*,#1860,.F.);
#2507=ORIENTED_EDGE('',*,*,#1689,.F.);
#2508=ORIENTED_EDGE('',*,*,#1861,.F.);
#2509=ORIENTED_EDGE('',*,*,#1862,.F.);
#2510=ORIENTED_EDGE('',*,*,#1863,.F.);
#2511=ORIENTED_EDGE('',*,*,#1844,.F.);
#2512=ORIENTED_EDGE('',*,*,#1864,.F.);
#2513=ORIENTED_EDGE('',*,*,#1865,.F.);
#2514=ORIENTED_EDGE('',*,*,#1853,.F.);
#2515=ORIENTED_EDGE('',*,*,#1701,.F.);
#2516=ORIENTED_EDGE('',*,*,#1866,.T.);
#2517=ORIENTED_EDGE('',*,*,#1819,.T.);
#2518=ORIENTED_EDGE('',*,*,#1854,.T.);
#2519=ORIENTED_EDGE('',*,*,#1865,.T.);
#2520=ORIENTED_EDGE('',*,*,#1867,.F.);
#2521=ORIENTED_EDGE('',*,*,#1836,.T.);
#2522=ORIENTED_EDGE('',*,*,#1868,.T.);
#2523=ORIENTED_EDGE('',*,*,#1862,.T.);
#2524=ORIENTED_EDGE('',*,*,#1869,.T.);
#2525=ORIENTED_EDGE('',*,*,#1870,.T.);
#2526=ORIENTED_EDGE('',*,*,#1871,.T.);
#2527=ORIENTED_EDGE('',*,*,#1872,.F.);
#2528=ORIENTED_EDGE('',*,*,#1873,.F.);
#2529=ORIENTED_EDGE('',*,*,#1739,.F.);
#2530=ORIENTED_EDGE('',*,*,#1784,.F.);
#2531=ORIENTED_EDGE('',*,*,#1698,.F.);
#2532=ORIENTED_EDGE('',*,*,#1874,.F.);
#2533=ORIENTED_EDGE('',*,*,#1875,.T.);
#2534=ORIENTED_EDGE('',*,*,#1876,.F.);
#2535=ORIENTED_EDGE('',*,*,#1858,.T.);
#2536=ORIENTED_EDGE('',*,*,#1700,.F.);
#2537=ORIENTED_EDGE('',*,*,#1783,.F.);
#2538=ORIENTED_EDGE('',*,*,#1743,.T.);
#2539=ORIENTED_EDGE('',*,*,#1877,.F.);
#2540=ORIENTED_EDGE('',*,*,#1857,.F.);
#2541=ORIENTED_EDGE('',*,*,#1878,.T.);
#2542=ORIENTED_EDGE('',*,*,#1879,.F.);
#2543=ORIENTED_EDGE('',*,*,#1880,.T.);
#2544=ORIENTED_EDGE('',*,*,#1646,.T.);
#2545=ORIENTED_EDGE('',*,*,#1787,.F.);
#2546=ORIENTED_EDGE('',*,*,#1880,.F.);
#2547=ORIENTED_EDGE('',*,*,#1881,.T.);
#2548=ORIENTED_EDGE('',*,*,#1882,.T.);
#2549=ORIENTED_EDGE('',*,*,#1647,.T.);
#2550=ORIENTED_EDGE('',*,*,#1878,.F.);
#2551=ORIENTED_EDGE('',*,*,#1856,.T.);
#2552=ORIENTED_EDGE('',*,*,#1883,.T.);
#2553=ORIENTED_EDGE('',*,*,#1884,.T.);
#2554=ORIENTED_EDGE('',*,*,#1881,.F.);
#2555=ORIENTED_EDGE('',*,*,#1879,.T.);
#2556=ORIENTED_EDGE('',*,*,#1884,.F.);
#2557=ORIENTED_EDGE('',*,*,#1885,.T.);
#2558=ORIENTED_EDGE('',*,*,#1886,.F.);
#2559=ORIENTED_EDGE('',*,*,#1887,.F.);
#2560=ORIENTED_EDGE('',*,*,#1888,.T.);
#2561=ORIENTED_EDGE('',*,*,#1889,.F.);
#2562=ORIENTED_EDGE('',*,*,#1890,.F.);
#2563=ORIENTED_EDGE('',*,*,#1891,.T.);
#2564=ORIENTED_EDGE('',*,*,#1892,.T.);
#2565=ORIENTED_EDGE('',*,*,#1891,.F.);
#2566=ORIENTED_EDGE('',*,*,#1893,.F.);
#2567=ORIENTED_EDGE('',*,*,#1894,.T.);
#2568=ORIENTED_EDGE('',*,*,#1895,.T.);
#2569=ORIENTED_EDGE('',*,*,#1894,.F.);
#2570=ORIENTED_EDGE('',*,*,#1896,.T.);
#2571=ORIENTED_EDGE('',*,*,#1897,.T.);
#2572=ORIENTED_EDGE('',*,*,#1898,.T.);
#2573=ORIENTED_EDGE('',*,*,#1899,.T.);
#2574=ORIENTED_EDGE('',*,*,#1900,.F.);
#2575=ORIENTED_EDGE('',*,*,#1901,.T.);
#2576=ORIENTED_EDGE('',*,*,#1896,.F.);
#2577=ORIENTED_EDGE('',*,*,#1902,.F.);
#2578=ORIENTED_EDGE('',*,*,#1889,.T.);
#2579=ORIENTED_EDGE('',*,*,#1903,.F.);
#2580=ORIENTED_EDGE('',*,*,#1904,.T.);
#2581=ORIENTED_EDGE('',*,*,#1905,.F.);
#2582=ORIENTED_EDGE('',*,*,#1900,.T.);
#2583=ORIENTED_EDGE('',*,*,#1906,.T.);
#2584=ORIENTED_EDGE('',*,*,#1796,.F.);
#2585=ORIENTED_EDGE('',*,*,#1907,.T.);
#2586=ORIENTED_EDGE('',*,*,#1812,.T.);
#2587=ORIENTED_EDGE('',*,*,#1809,.F.);
#2588=ORIENTED_EDGE('',*,*,#1806,.T.);
#2589=ORIENTED_EDGE('',*,*,#1908,.T.);
#2590=ORIENTED_EDGE('',*,*,#1797,.F.);
#2591=ORIENTED_EDGE('',*,*,#1648,.F.);
#2592=ORIENTED_EDGE('',*,*,#1882,.F.);
#2593=ORIENTED_EDGE('',*,*,#1885,.F.);
#2594=ORIENTED_EDGE('',*,*,#1883,.F.);
#2595=ORIENTED_EDGE('',*,*,#1855,.F.);
#2596=ORIENTED_EDGE('',*,*,#1909,.F.);
#2597=ORIENTED_EDGE('',*,*,#1910,.F.);
#2598=ORIENTED_EDGE('',*,*,#1911,.T.);
#2599=ORIENTED_EDGE('',*,*,#1671,.F.);
#2600=ORIENTED_EDGE('',*,*,#1912,.F.);
#2601=ORIENTED_EDGE('',*,*,#1913,.F.);
#2602=ORIENTED_EDGE('',*,*,#1914,.F.);
#2603=ORIENTED_EDGE('',*,*,#1915,.F.);
#2604=ORIENTED_EDGE('',*,*,#1916,.F.);
#2605=ORIENTED_EDGE('',*,*,#1917,.F.);
#2606=ORIENTED_EDGE('',*,*,#1918,.F.);
#2607=ORIENTED_EDGE('',*,*,#1919,.F.);
#2608=ORIENTED_EDGE('',*,*,#1920,.T.);
#2609=ORIENTED_EDGE('',*,*,#1921,.F.);
#2610=ORIENTED_EDGE('',*,*,#1922,.T.);
#2611=ORIENTED_EDGE('',*,*,#1923,.T.);
#2612=ORIENTED_EDGE('',*,*,#1924,.F.);
#2613=ORIENTED_EDGE('',*,*,#1925,.T.);
#2614=ORIENTED_EDGE('',*,*,#1920,.F.);
#2615=ORIENTED_EDGE('',*,*,#1926,.F.);
#2616=ORIENTED_EDGE('',*,*,#1927,.T.);
#2617=ORIENTED_EDGE('',*,*,#1928,.F.);
#2618=ORIENTED_EDGE('',*,*,#1924,.T.);
#2619=ORIENTED_EDGE('',*,*,#1929,.T.);
#2620=ORIENTED_EDGE('',*,*,#1930,.F.);
#2621=ORIENTED_EDGE('',*,*,#1931,.F.);
#2622=ORIENTED_EDGE('',*,*,#1932,.T.);
#2623=ORIENTED_EDGE('',*,*,#1927,.F.);
#2624=ORIENTED_EDGE('',*,*,#1933,.F.);
#2625=ORIENTED_EDGE('',*,*,#1934,.F.);
#2626=ORIENTED_EDGE('',*,*,#1935,.T.);
#2627=ORIENTED_EDGE('',*,*,#1936,.T.);
#2628=ORIENTED_EDGE('',*,*,#1931,.T.);
#2629=ORIENTED_EDGE('',*,*,#1937,.T.);
#2630=ORIENTED_EDGE('',*,*,#1922,.F.);
#2631=ORIENTED_EDGE('',*,*,#1938,.T.);
#2632=ORIENTED_EDGE('',*,*,#1939,.F.);
#2633=ORIENTED_EDGE('',*,*,#1940,.F.);
#2634=ORIENTED_EDGE('',*,*,#1941,.T.);
#2635=ORIENTED_EDGE('',*,*,#1942,.F.);
#2636=ORIENTED_EDGE('',*,*,#1939,.T.);
#2637=ORIENTED_EDGE('',*,*,#1943,.T.);
#2638=ORIENTED_EDGE('',*,*,#1944,.T.);
#2639=ORIENTED_EDGE('',*,*,#1945,.T.);
#2640=ORIENTED_EDGE('',*,*,#1944,.F.);
#2641=ORIENTED_EDGE('',*,*,#1946,.T.);
#2642=ORIENTED_EDGE('',*,*,#1947,.F.);
#2643=ORIENTED_EDGE('',*,*,#1948,.T.);
#2644=ORIENTED_EDGE('',*,*,#1947,.T.);
#2645=ORIENTED_EDGE('',*,*,#1949,.T.);
#2646=ORIENTED_EDGE('',*,*,#1950,.T.);
#2647=ORIENTED_EDGE('',*,*,#1951,.T.);
#2648=ORIENTED_EDGE('',*,*,#1952,.F.);
#2649=ORIENTED_EDGE('',*,*,#1950,.F.);
#2650=ORIENTED_EDGE('',*,*,#1953,.T.);
#2651=ORIENTED_EDGE('',*,*,#1954,.F.);
#2652=ORIENTED_EDGE('',*,*,#1955,.F.);
#2653=ORIENTED_EDGE('',*,*,#1956,.T.);
#2654=ORIENTED_EDGE('',*,*,#1954,.T.);
#2655=ORIENTED_EDGE('',*,*,#1957,.F.);
#2656=ORIENTED_EDGE('',*,*,#1958,.T.);
#2657=ORIENTED_EDGE('',*,*,#1959,.T.);
#2658=ORIENTED_EDGE('',*,*,#1960,.F.);
#2659=ORIENTED_EDGE('',*,*,#1958,.F.);
#2660=ORIENTED_EDGE('',*,*,#1961,.T.);
#2661=ORIENTED_EDGE('',*,*,#1904,.F.);
#2662=ORIENTED_EDGE('',*,*,#1962,.T.);
#2663=ORIENTED_EDGE('',*,*,#1963,.T.);
#2664=ORIENTED_EDGE('',*,*,#1964,.T.);
#2665=ORIENTED_EDGE('',*,*,#1940,.T.);
#2666=ORIENTED_EDGE('',*,*,#1945,.F.);
#2667=ORIENTED_EDGE('',*,*,#1948,.F.);
#2668=ORIENTED_EDGE('',*,*,#1951,.F.);
#2669=ORIENTED_EDGE('',*,*,#1952,.T.);
#2670=ORIENTED_EDGE('',*,*,#1965,.F.);
#2671=ORIENTED_EDGE('',*,*,#1966,.T.);
#2672=ORIENTED_EDGE('',*,*,#1967,.T.);
#2673=ORIENTED_EDGE('',*,*,#1966,.F.);
#2674=ORIENTED_EDGE('',*,*,#1968,.F.);
#2675=ORIENTED_EDGE('',*,*,#1934,.T.);
#2676=ORIENTED_EDGE('',*,*,#1969,.T.);
#2677=ORIENTED_EDGE('',*,*,#1970,.T.);
#2678=ORIENTED_EDGE('',*,*,#1971,.F.);
#2679=ORIENTED_EDGE('',*,*,#1972,.T.);
#2680=ORIENTED_EDGE('',*,*,#1973,.F.);
#2681=ORIENTED_EDGE('',*,*,#1972,.F.);
#2682=ORIENTED_EDGE('',*,*,#1971,.T.);
#2683=ORIENTED_EDGE('',*,*,#1962,.F.);
#2684=ORIENTED_EDGE('',*,*,#1956,.F.);
#2685=ORIENTED_EDGE('',*,*,#1974,.T.);
#2686=ORIENTED_EDGE('',*,*,#1975,.T.);
#2687=ORIENTED_EDGE('',*,*,#1963,.F.);
#2688=ORIENTED_EDGE('',*,*,#1975,.F.);
#2689=ORIENTED_EDGE('',*,*,#1976,.F.);
#2690=ORIENTED_EDGE('',*,*,#1977,.T.);
#2691=ORIENTED_EDGE('',*,*,#1964,.F.);
#2692=ORIENTED_EDGE('',*,*,#1977,.F.);
#2693=ORIENTED_EDGE('',*,*,#1978,.T.);
#2694=ORIENTED_EDGE('',*,*,#1941,.F.);
#2695=ORIENTED_EDGE('',*,*,#1979,.F.);
#2696=ORIENTED_EDGE('',*,*,#1980,.F.);
#2697=ORIENTED_EDGE('',*,*,#1981,.F.);
#2698=ORIENTED_EDGE('',*,*,#1982,.F.);
#2699=ORIENTED_EDGE('',*,*,#1981,.T.);
#2700=ORIENTED_EDGE('',*,*,#1983,.F.);
#2701=ORIENTED_EDGE('',*,*,#1984,.T.);
#2702=ORIENTED_EDGE('',*,*,#1985,.F.);
#2703=ORIENTED_EDGE('',*,*,#1915,.T.);
#2704=ORIENTED_EDGE('',*,*,#1986,.T.);
#2705=ORIENTED_EDGE('',*,*,#1987,.T.);
#2706=ORIENTED_EDGE('',*,*,#1988,.T.);
#2707=ORIENTED_EDGE('',*,*,#1987,.F.);
#2708=ORIENTED_EDGE('',*,*,#1989,.F.);
#2709=ORIENTED_EDGE('',*,*,#1990,.F.);
#2710=ORIENTED_EDGE('',*,*,#1991,.F.);
#2711=ORIENTED_EDGE('',*,*,#1859,.T.);
#2712=ORIENTED_EDGE('',*,*,#1876,.T.);
#2713=ORIENTED_EDGE('',*,*,#1992,.T.);
#2714=ORIENTED_EDGE('',*,*,#1993,.T.);
#2715=ORIENTED_EDGE('',*,*,#1994,.T.);
#2716=ORIENTED_EDGE('',*,*,#1995,.T.);
#2717=ORIENTED_EDGE('',*,*,#1919,.T.);
#2718=ORIENTED_EDGE('',*,*,#1996,.F.);
#2719=ORIENTED_EDGE('',*,*,#1994,.F.);
#2720=ORIENTED_EDGE('',*,*,#1997,.T.);
#2721=ORIENTED_EDGE('',*,*,#1998,.F.);
#2722=ORIENTED_EDGE('',*,*,#1999,.F.);
#2723=ORIENTED_EDGE('',*,*,#2000,.F.);
#2724=ORIENTED_EDGE('',*,*,#2001,.T.);
#2725=ORIENTED_EDGE('',*,*,#2002,.F.);
#2726=ORIENTED_EDGE('',*,*,#1970,.F.);
#2727=ORIENTED_EDGE('',*,*,#2002,.T.);
#2728=ORIENTED_EDGE('',*,*,#2003,.T.);
#2729=ORIENTED_EDGE('',*,*,#2004,.F.);
#2730=ORIENTED_EDGE('',*,*,#2005,.F.);
#2731=ORIENTED_EDGE('',*,*,#2006,.F.);
#2732=ORIENTED_EDGE('',*,*,#1937,.F.);
#2733=ORIENTED_EDGE('',*,*,#1930,.T.);
#2734=ORIENTED_EDGE('',*,*,#1968,.T.);
#2735=ORIENTED_EDGE('',*,*,#2006,.T.);
#2736=ORIENTED_EDGE('',*,*,#2007,.F.);
#2737=ORIENTED_EDGE('',*,*,#2008,.T.);
#2738=ORIENTED_EDGE('',*,*,#1935,.F.);
#2739=ORIENTED_EDGE('',*,*,#2009,.F.);
#2740=ORIENTED_EDGE('',*,*,#2010,.F.);
#2741=ORIENTED_EDGE('',*,*,#2011,.F.);
#2742=ORIENTED_EDGE('',*,*,#2012,.F.);
#2743=ORIENTED_EDGE('',*,*,#2013,.T.);
#2744=ORIENTED_EDGE('',*,*,#1745,.F.);
#2745=ORIENTED_EDGE('',*,*,#2014,.F.);
#2746=ORIENTED_EDGE('',*,*,#2015,.F.);
#2747=ORIENTED_EDGE('',*,*,#2009,.T.);
#2748=ORIENTED_EDGE('',*,*,#1748,.F.);
#2749=ORIENTED_EDGE('',*,*,#2016,.T.);
#2750=ORIENTED_EDGE('',*,*,#2017,.F.);
#2751=ORIENTED_EDGE('',*,*,#1869,.F.);
#2752=ORIENTED_EDGE('',*,*,#1697,.F.);
#2753=ORIENTED_EDGE('',*,*,#2018,.T.);
#2754=ORIENTED_EDGE('',*,*,#2019,.T.);
#2755=ORIENTED_EDGE('',*,*,#1874,.T.);
#2756=ORIENTED_EDGE('',*,*,#1877,.T.);
#2757=ORIENTED_EDGE('',*,*,#1742,.F.);
#2758=ORIENTED_EDGE('',*,*,#2020,.T.);
#2759=ORIENTED_EDGE('',*,*,#2021,.T.);
#2760=ORIENTED_EDGE('',*,*,#2022,.F.);
#2761=ORIENTED_EDGE('',*,*,#2023,.T.);
#2762=ORIENTED_EDGE('',*,*,#2024,.F.);
#2763=ORIENTED_EDGE('',*,*,#2025,.F.);
#2764=ORIENTED_EDGE('',*,*,#2026,.F.);
#2765=ORIENTED_EDGE('',*,*,#1997,.F.);
#2766=ORIENTED_EDGE('',*,*,#1993,.F.);
#2767=ORIENTED_EDGE('',*,*,#2027,.T.);
#2768=ORIENTED_EDGE('',*,*,#2018,.F.);
#2769=ORIENTED_EDGE('',*,*,#2021,.F.);
#2770=ORIENTED_EDGE('',*,*,#2020,.F.);
#2771=ORIENTED_EDGE('',*,*,#1741,.F.);
#2772=ORIENTED_EDGE('',*,*,#2028,.F.);
#2773=ORIENTED_EDGE('',*,*,#2029,.F.);
#2774=ORIENTED_EDGE('',*,*,#1872,.T.);
#2775=ORIENTED_EDGE('',*,*,#2030,.T.);
#2776=ORIENTED_EDGE('',*,*,#2022,.T.);
#2777=ORIENTED_EDGE('',*,*,#2029,.T.);
#2778=ORIENTED_EDGE('',*,*,#2028,.T.);
#2779=ORIENTED_EDGE('',*,*,#1740,.F.);
#2780=ORIENTED_EDGE('',*,*,#1873,.T.);
#2781=ORIENTED_EDGE('',*,*,#2031,.T.);
#2782=ORIENTED_EDGE('',*,*,#2032,.F.);
#2783=ORIENTED_EDGE('',*,*,#2033,.F.);
#2784=ORIENTED_EDGE('',*,*,#2034,.F.);
#2785=ORIENTED_EDGE('',*,*,#2016,.F.);
#2786=ORIENTED_EDGE('',*,*,#1747,.F.);
#2787=ORIENTED_EDGE('',*,*,#2013,.F.);
#2788=ORIENTED_EDGE('',*,*,#2035,.T.);
#2789=ORIENTED_EDGE('',*,*,#2036,.T.);
#2790=ORIENTED_EDGE('',*,*,#2037,.T.);
#2791=ORIENTED_EDGE('',*,*,#2038,.T.);
#2792=ORIENTED_EDGE('',*,*,#2039,.F.);
#2793=ORIENTED_EDGE('',*,*,#2031,.F.);
#2794=ORIENTED_EDGE('',*,*,#1746,.F.);
#2795=ORIENTED_EDGE('',*,*,#1875,.F.);
#2796=ORIENTED_EDGE('',*,*,#2019,.F.);
#2797=ORIENTED_EDGE('',*,*,#2027,.F.);
#2798=ORIENTED_EDGE('',*,*,#1992,.F.);
#2799=ORIENTED_EDGE('',*,*,#2040,.T.);
#2800=ORIENTED_EDGE('',*,*,#2041,.F.);
#2801=ORIENTED_EDGE('',*,*,#2042,.F.);
#2802=ORIENTED_EDGE('',*,*,#2043,.T.);
#2803=ORIENTED_EDGE('',*,*,#2044,.F.);
#2804=ORIENTED_EDGE('',*,*,#2045,.T.);
#2805=ORIENTED_EDGE('',*,*,#2036,.F.);
#2806=ORIENTED_EDGE('',*,*,#2046,.F.);
#2807=ORIENTED_EDGE('',*,*,#2042,.T.);
#2808=ORIENTED_EDGE('',*,*,#2047,.F.);
#2809=ORIENTED_EDGE('',*,*,#2038,.F.);
#2810=ORIENTED_EDGE('',*,*,#2048,.T.);
#2811=ORIENTED_EDGE('',*,*,#2049,.T.);
#2812=ORIENTED_EDGE('',*,*,#2010,.T.);
#2813=ORIENTED_EDGE('',*,*,#2015,.T.);
#2814=ORIENTED_EDGE('',*,*,#2050,.F.);
#2815=ORIENTED_EDGE('',*,*,#2051,.T.);
#2816=ORIENTED_EDGE('',*,*,#2052,.T.);
#2817=ORIENTED_EDGE('',*,*,#2053,.T.);
#2818=ORIENTED_EDGE('',*,*,#2011,.T.);
#2819=ORIENTED_EDGE('',*,*,#2049,.F.);
#2820=ORIENTED_EDGE('',*,*,#2054,.F.);
#2821=ORIENTED_EDGE('',*,*,#2034,.T.);
#2822=ORIENTED_EDGE('',*,*,#2055,.T.);
#2823=ORIENTED_EDGE('',*,*,#2024,.T.);
#2824=ORIENTED_EDGE('',*,*,#2056,.T.);
#2825=ORIENTED_EDGE('',*,*,#1870,.F.);
#2826=ORIENTED_EDGE('',*,*,#2017,.T.);
#2827=ORIENTED_EDGE('',*,*,#2033,.T.);
#2828=ORIENTED_EDGE('',*,*,#2057,.T.);
#2829=ORIENTED_EDGE('',*,*,#2025,.T.);
#2830=ORIENTED_EDGE('',*,*,#2055,.F.);
#2831=ORIENTED_EDGE('',*,*,#2051,.F.);
#2832=ORIENTED_EDGE('',*,*,#2058,.F.);
#2833=ORIENTED_EDGE('',*,*,#2059,.F.);
#2834=ORIENTED_EDGE('',*,*,#2060,.F.);
#2835=ORIENTED_EDGE('',*,*,#2023,.F.);
#2836=ORIENTED_EDGE('',*,*,#2030,.F.);
#2837=ORIENTED_EDGE('',*,*,#1871,.F.);
#2838=ORIENTED_EDGE('',*,*,#2056,.F.);
#2839=ORIENTED_EDGE('',*,*,#2061,.T.);
#2840=ORIENTED_EDGE('',*,*,#2044,.T.);
#2841=ORIENTED_EDGE('',*,*,#2062,.T.);
#2842=ORIENTED_EDGE('',*,*,#2063,.T.);
#2843=ORIENTED_EDGE('',*,*,#2004,.T.);
#2844=ORIENTED_EDGE('',*,*,#2064,.F.);
#2845=ORIENTED_EDGE('',*,*,#2065,.F.);
#2846=ORIENTED_EDGE('',*,*,#2066,.F.);
#2847=ORIENTED_EDGE('',*,*,#2067,.T.);
#2848=ORIENTED_EDGE('',*,*,#2068,.F.);
#2849=ORIENTED_EDGE('',*,*,#2069,.T.);
#2850=ORIENTED_EDGE('',*,*,#2070,.F.);
#2851=ORIENTED_EDGE('',*,*,#2066,.T.);
#2852=ORIENTED_EDGE('',*,*,#2071,.T.);
#2853=ORIENTED_EDGE('',*,*,#2072,.F.);
#2854=ORIENTED_EDGE('',*,*,#2073,.T.);
#2855=ORIENTED_EDGE('',*,*,#2069,.F.);
#2856=ORIENTED_EDGE('',*,*,#2074,.F.);
#2857=ORIENTED_EDGE('',*,*,#2075,.T.);
#2858=ORIENTED_EDGE('',*,*,#2076,.F.);
#2859=ORIENTED_EDGE('',*,*,#2072,.T.);
#2860=ORIENTED_EDGE('',*,*,#2077,.T.);
#2861=ORIENTED_EDGE('',*,*,#2078,.F.);
#2862=ORIENTED_EDGE('',*,*,#2079,.F.);
#2863=ORIENTED_EDGE('',*,*,#2080,.T.);
#2864=ORIENTED_EDGE('',*,*,#2075,.F.);
#2865=ORIENTED_EDGE('',*,*,#2081,.F.);
#2866=ORIENTED_EDGE('',*,*,#2082,.F.);
#2867=ORIENTED_EDGE('',*,*,#2083,.T.);
#2868=ORIENTED_EDGE('',*,*,#2084,.T.);
#2869=ORIENTED_EDGE('',*,*,#2079,.T.);
#2870=ORIENTED_EDGE('',*,*,#2085,.T.);
#2871=ORIENTED_EDGE('',*,*,#2068,.T.);
#2872=ORIENTED_EDGE('',*,*,#2086,.T.);
#2873=ORIENTED_EDGE('',*,*,#2007,.T.);
#2874=ORIENTED_EDGE('',*,*,#2005,.T.);
#2875=ORIENTED_EDGE('',*,*,#2087,.F.);
#2876=ORIENTED_EDGE('',*,*,#2088,.F.);
#2877=ORIENTED_EDGE('',*,*,#2089,.F.);
#2878=ORIENTED_EDGE('',*,*,#2043,.F.);
#2879=ORIENTED_EDGE('',*,*,#2048,.F.);
#2880=ORIENTED_EDGE('',*,*,#2037,.F.);
#2881=ORIENTED_EDGE('',*,*,#2045,.F.);
#2882=ORIENTED_EDGE('',*,*,#2061,.F.);
#2883=ORIENTED_EDGE('',*,*,#2090,.T.);
#2884=ORIENTED_EDGE('',*,*,#2091,.F.);
#2885=ORIENTED_EDGE('',*,*,#2092,.T.);
#2886=ORIENTED_EDGE('',*,*,#2093,.T.);
#2887=ORIENTED_EDGE('',*,*,#2092,.F.);
#2888=ORIENTED_EDGE('',*,*,#2003,.F.);
#2889=ORIENTED_EDGE('',*,*,#2001,.F.);
#2890=ORIENTED_EDGE('',*,*,#2094,.T.);
#2891=ORIENTED_EDGE('',*,*,#2064,.T.);
#2892=ORIENTED_EDGE('',*,*,#2095,.F.);
#2893=ORIENTED_EDGE('',*,*,#2082,.T.);
#2894=ORIENTED_EDGE('',*,*,#2096,.T.);
#2895=ORIENTED_EDGE('',*,*,#2097,.T.);
#2896=ORIENTED_EDGE('',*,*,#2098,.F.);
#2897=ORIENTED_EDGE('',*,*,#2099,.T.);
#2898=ORIENTED_EDGE('',*,*,#2088,.T.);
#2899=ORIENTED_EDGE('',*,*,#2100,.F.);
#2900=ORIENTED_EDGE('',*,*,#2063,.F.);
#2901=ORIENTED_EDGE('',*,*,#2101,.F.);
#2902=ORIENTED_EDGE('',*,*,#2100,.T.);
#2903=ORIENTED_EDGE('',*,*,#2087,.T.);
#2904=ORIENTED_EDGE('',*,*,#2040,.F.);
#2905=ORIENTED_EDGE('',*,*,#2089,.T.);
#2906=ORIENTED_EDGE('',*,*,#2099,.F.);
#2907=ORIENTED_EDGE('',*,*,#2102,.F.);
#2908=ORIENTED_EDGE('',*,*,#2008,.F.);
#2909=ORIENTED_EDGE('',*,*,#2086,.F.);
#2910=ORIENTED_EDGE('',*,*,#2067,.F.);
#2911=ORIENTED_EDGE('',*,*,#2070,.T.);
#2912=ORIENTED_EDGE('',*,*,#2073,.F.);
#2913=ORIENTED_EDGE('',*,*,#2076,.T.);
#2914=ORIENTED_EDGE('',*,*,#2080,.F.);
#2915=ORIENTED_EDGE('',*,*,#2084,.F.);
#2916=ORIENTED_EDGE('',*,*,#2103,.F.);
#2917=ORIENTED_EDGE('',*,*,#1897,.F.);
#2918=ORIENTED_EDGE('',*,*,#1901,.F.);
#2919=ORIENTED_EDGE('',*,*,#1905,.T.);
#2920=ORIENTED_EDGE('',*,*,#1961,.F.);
#2921=ORIENTED_EDGE('',*,*,#1957,.T.);
#2922=ORIENTED_EDGE('',*,*,#1953,.F.);
#2923=ORIENTED_EDGE('',*,*,#1949,.F.);
#2924=ORIENTED_EDGE('',*,*,#1946,.F.);
#2925=ORIENTED_EDGE('',*,*,#1943,.F.);
#2926=ORIENTED_EDGE('',*,*,#1938,.F.);
#2927=ORIENTED_EDGE('',*,*,#1921,.T.);
#2928=ORIENTED_EDGE('',*,*,#1925,.F.);
#2929=ORIENTED_EDGE('',*,*,#1928,.T.);
#2930=ORIENTED_EDGE('',*,*,#1932,.F.);
#2931=ORIENTED_EDGE('',*,*,#1936,.F.);
#2932=ORIENTED_EDGE('',*,*,#2104,.T.);
#2933=ORIENTED_EDGE('',*,*,#2105,.T.);
#2934=ORIENTED_EDGE('',*,*,#2106,.F.);
#2935=ORIENTED_EDGE('',*,*,#1910,.T.);
#2936=ORIENTED_EDGE('',*,*,#2107,.F.);
#2937=ORIENTED_EDGE('',*,*,#1998,.T.);
#2938=ORIENTED_EDGE('',*,*,#2026,.T.);
#2939=ORIENTED_EDGE('',*,*,#2057,.F.);
#2940=ORIENTED_EDGE('',*,*,#2032,.T.);
#2941=ORIENTED_EDGE('',*,*,#2039,.T.);
#2942=ORIENTED_EDGE('',*,*,#2047,.T.);
#2943=ORIENTED_EDGE('',*,*,#2041,.T.);
#2944=ORIENTED_EDGE('',*,*,#2102,.T.);
#2945=ORIENTED_EDGE('',*,*,#2098,.T.);
#2946=ORIENTED_EDGE('',*,*,#2101,.T.);
#2947=ORIENTED_EDGE('',*,*,#2062,.F.);
#2948=ORIENTED_EDGE('',*,*,#2046,.T.);
#2949=ORIENTED_EDGE('',*,*,#2035,.F.);
#2950=ORIENTED_EDGE('',*,*,#2012,.T.);
#2951=ORIENTED_EDGE('',*,*,#2053,.F.);
#2952=ORIENTED_EDGE('',*,*,#2108,.F.);
#2953=ORIENTED_EDGE('',*,*,#1990,.T.);
#2954=ORIENTED_EDGE('',*,*,#2109,.F.);
#2955=ORIENTED_EDGE('',*,*,#1973,.T.);
#2956=ORIENTED_EDGE('',*,*,#1965,.T.);
#2957=ORIENTED_EDGE('',*,*,#1893,.T.);
#2958=ORIENTED_EDGE('',*,*,#1890,.T.);
#2959=ORIENTED_EDGE('',*,*,#2091,.T.);
#2960=ORIENTED_EDGE('',*,*,#2000,.T.);
#2961=ORIENTED_EDGE('',*,*,#1969,.F.);
#2962=ORIENTED_EDGE('',*,*,#1933,.T.);
#2963=ORIENTED_EDGE('',*,*,#1929,.F.);
#2964=ORIENTED_EDGE('',*,*,#1926,.T.);
#2965=ORIENTED_EDGE('',*,*,#1923,.F.);
#2966=ORIENTED_EDGE('',*,*,#1942,.T.);
#2967=ORIENTED_EDGE('',*,*,#1978,.F.);
#2968=ORIENTED_EDGE('',*,*,#1976,.T.);
#2969=ORIENTED_EDGE('',*,*,#1974,.F.);
#2970=ORIENTED_EDGE('',*,*,#1955,.T.);
#2971=ORIENTED_EDGE('',*,*,#1959,.F.);
#2972=ORIENTED_EDGE('',*,*,#1960,.T.);
#2973=ORIENTED_EDGE('',*,*,#1906,.F.);
#2974=ORIENTED_EDGE('',*,*,#1903,.T.);
#2975=ORIENTED_EDGE('',*,*,#1888,.F.);
#2976=ORIENTED_EDGE('',*,*,#2110,.T.);
#2977=ORIENTED_EDGE('',*,*,#2096,.F.);
#2978=ORIENTED_EDGE('',*,*,#2081,.T.);
#2979=ORIENTED_EDGE('',*,*,#2077,.F.);
#2980=ORIENTED_EDGE('',*,*,#2074,.T.);
#2981=ORIENTED_EDGE('',*,*,#2071,.F.);
#2982=ORIENTED_EDGE('',*,*,#2065,.T.);
#2983=ORIENTED_EDGE('',*,*,#2094,.F.);
#2984=ORIENTED_EDGE('',*,*,#2111,.F.);
#2985=ORIENTED_EDGE('',*,*,#2104,.F.);
#2986=ORIENTED_EDGE('',*,*,#1909,.T.);
#2987=ORIENTED_EDGE('',*,*,#1670,.F.);
#2988=ORIENTED_EDGE('',*,*,#2103,.T.);
#2989=ORIENTED_EDGE('',*,*,#2083,.F.);
#2990=ORIENTED_EDGE('',*,*,#2112,.T.);
#2991=ORIENTED_EDGE('',*,*,#1898,.F.);
#2992=ORIENTED_EDGE('',*,*,#2112,.F.);
#2993=ORIENTED_EDGE('',*,*,#2085,.F.);
#2994=ORIENTED_EDGE('',*,*,#2078,.T.);
#2995=ORIENTED_EDGE('',*,*,#2095,.T.);
#2996=ORIENTED_EDGE('',*,*,#2113,.T.);
#2997=ORIENTED_EDGE('',*,*,#1886,.T.);
#2998=ORIENTED_EDGE('',*,*,#1902,.T.);
#2999=ORIENTED_EDGE('',*,*,#1899,.F.);
#3000=ORIENTED_EDGE('',*,*,#2113,.F.);
#3001=ORIENTED_EDGE('',*,*,#2097,.F.);
#3002=ORIENTED_EDGE('',*,*,#2110,.F.);
#3003=ORIENTED_EDGE('',*,*,#1887,.T.);
#3004=ORIENTED_EDGE('',*,*,#1839,.T.);
#3005=ORIENTED_EDGE('',*,*,#1820,.T.);
#3006=ORIENTED_EDGE('',*,*,#1866,.F.);
#3007=ORIENTED_EDGE('',*,*,#1864,.T.);
#3008=ORIENTED_EDGE('',*,*,#1843,.F.);
#3009=ORIENTED_EDGE('',*,*,#1841,.T.);
#3010=ORIENTED_EDGE('',*,*,#1845,.F.);
#3011=ORIENTED_EDGE('',*,*,#1863,.T.);
#3012=ORIENTED_EDGE('',*,*,#1868,.F.);
#3013=ORIENTED_EDGE('',*,*,#1835,.T.);
#3014=ORIENTED_EDGE('',*,*,#1795,.F.);
#3015=ORIENTED_EDGE('',*,*,#1852,.F.);
#3016=ORIENTED_EDGE('',*,*,#1810,.F.);
#3017=ORIENTED_EDGE('',*,*,#1907,.F.);
#3018=ORIENTED_EDGE('',*,*,#1895,.F.);
#3019=ORIENTED_EDGE('',*,*,#2114,.T.);
#3020=ORIENTED_EDGE('',*,*,#1777,.F.);
#3021=ORIENTED_EDGE('',*,*,#1659,.T.);
#3022=ORIENTED_EDGE('',*,*,#1778,.F.);
#3023=ORIENTED_EDGE('',*,*,#2114,.F.);
#3024=ORIENTED_EDGE('',*,*,#1892,.F.);
#3025=ORIENTED_EDGE('',*,*,#2115,.T.);
#3026=ORIENTED_EDGE('',*,*,#1674,.F.);
#3027=ORIENTED_EDGE('',*,*,#2115,.F.);
#3028=ORIENTED_EDGE('',*,*,#1967,.F.);
#3029=ORIENTED_EDGE('',*,*,#2116,.T.);
#3030=ORIENTED_EDGE('',*,*,#1656,.T.);
#3031=ORIENTED_EDGE('',*,*,#1760,.F.);
#3032=ORIENTED_EDGE('',*,*,#1657,.T.);
#3033=ORIENTED_EDGE('',*,*,#2116,.F.);
#3034=ORIENTED_EDGE('',*,*,#2090,.F.);
#3035=ORIENTED_EDGE('',*,*,#2117,.T.);
#3036=ORIENTED_EDGE('',*,*,#1758,.F.);
#3037=ORIENTED_EDGE('',*,*,#2117,.F.);
#3038=ORIENTED_EDGE('',*,*,#2093,.F.);
#3039=ORIENTED_EDGE('',*,*,#2118,.T.);
#3040=ORIENTED_EDGE('',*,*,#1736,.F.);
#3041=ORIENTED_EDGE('',*,*,#1663,.T.);
#3042=ORIENTED_EDGE('',*,*,#1737,.F.);
#3043=ORIENTED_EDGE('',*,*,#2118,.F.);
#3044=ORIENTED_EDGE('',*,*,#1735,.F.);
#3045=ORIENTED_EDGE('',*,*,#2119,.T.);
#3046=ORIENTED_EDGE('',*,*,#2107,.T.);
#3047=ORIENTED_EDGE('',*,*,#2119,.F.);
#3048=ORIENTED_EDGE('',*,*,#1798,.T.);
#3049=ORIENTED_EDGE('',*,*,#1908,.F.);
#3050=ORIENTED_EDGE('',*,*,#1805,.F.);
#3051=ORIENTED_EDGE('',*,*,#1851,.F.);
#3052=ORIENTED_EDGE('',*,*,#1802,.F.);
#3053=ORIENTED_EDGE('',*,*,#1848,.F.);
#3054=ORIENTED_EDGE('',*,*,#1831,.F.);
#3055=ORIENTED_EDGE('',*,*,#2120,.F.);
#3056=ORIENTED_EDGE('',*,*,#1687,.F.);
#3057=ORIENTED_EDGE('',*,*,#1717,.T.);
#3058=ORIENTED_EDGE('',*,*,#2120,.T.);
#3059=ORIENTED_EDGE('',*,*,#1867,.T.);
#3060=ORIENTED_EDGE('',*,*,#1861,.T.);
#3061=ORIENTED_EDGE('',*,*,#1688,.F.);
#3062=ORIENTED_EDGE('',*,*,#1860,.T.);
#3063=ORIENTED_EDGE('',*,*,#1996,.T.);
#3064=ORIENTED_EDGE('',*,*,#1918,.T.);
#3065=ORIENTED_EDGE('',*,*,#2121,.F.);
#3066=ORIENTED_EDGE('',*,*,#2122,.F.);
#3067=ORIENTED_EDGE('',*,*,#1762,.F.);
#3068=ORIENTED_EDGE('',*,*,#1779,.F.);
#3069=ORIENTED_EDGE('',*,*,#1690,.F.);
#3070=ORIENTED_EDGE('',*,*,#2121,.T.);
#3071=ORIENTED_EDGE('',*,*,#1917,.T.);
#3072=ORIENTED_EDGE('',*,*,#2123,.T.);
#3073=ORIENTED_EDGE('',*,*,#2124,.T.);
#3074=ORIENTED_EDGE('',*,*,#2125,.T.);
#3075=ORIENTED_EDGE('',*,*,#1763,.F.);
#3076=ORIENTED_EDGE('',*,*,#2122,.T.);
#3077=ORIENTED_EDGE('',*,*,#2123,.F.);
#3078=ORIENTED_EDGE('',*,*,#1916,.T.);
#3079=ORIENTED_EDGE('',*,*,#1995,.F.);
#3080=ORIENTED_EDGE('',*,*,#1999,.T.);
#3081=ORIENTED_EDGE('',*,*,#2109,.T.);
#3082=ORIENTED_EDGE('',*,*,#1989,.T.);
#3083=ORIENTED_EDGE('',*,*,#1986,.F.);
#3084=ORIENTED_EDGE('',*,*,#1914,.T.);
#3085=ORIENTED_EDGE('',*,*,#2126,.F.);
#3086=ORIENTED_EDGE('',*,*,#2127,.F.);
#3087=ORIENTED_EDGE('',*,*,#2128,.F.);
#3088=ORIENTED_EDGE('',*,*,#1764,.F.);
#3089=ORIENTED_EDGE('',*,*,#2125,.F.);
#3090=ORIENTED_EDGE('',*,*,#2124,.F.);
#3091=ORIENTED_EDGE('',*,*,#2126,.T.);
#3092=ORIENTED_EDGE('',*,*,#1913,.T.);
#3093=ORIENTED_EDGE('',*,*,#2129,.T.);
#3094=ORIENTED_EDGE('',*,*,#2130,.T.);
#3095=ORIENTED_EDGE('',*,*,#1765,.F.);
#3096=ORIENTED_EDGE('',*,*,#2128,.T.);
#3097=ORIENTED_EDGE('',*,*,#2127,.T.);
#3098=ORIENTED_EDGE('',*,*,#2129,.F.);
#3099=ORIENTED_EDGE('',*,*,#1912,.T.);
#3100=ORIENTED_EDGE('',*,*,#1985,.T.);
#3101=ORIENTED_EDGE('',*,*,#2131,.F.);
#3102=ORIENTED_EDGE('',*,*,#1692,.F.);
#3103=ORIENTED_EDGE('',*,*,#1780,.F.);
#3104=ORIENTED_EDGE('',*,*,#1766,.F.);
#3105=ORIENTED_EDGE('',*,*,#2130,.F.);
#3106=ORIENTED_EDGE('',*,*,#2131,.T.);
#3107=ORIENTED_EDGE('',*,*,#1984,.F.);
#3108=ORIENTED_EDGE('',*,*,#2132,.F.);
#3109=ORIENTED_EDGE('',*,*,#1693,.F.);
#3110=ORIENTED_EDGE('',*,*,#2132,.T.);
#3111=ORIENTED_EDGE('',*,*,#1983,.T.);
#3112=ORIENTED_EDGE('',*,*,#1980,.T.);
#3113=ORIENTED_EDGE('',*,*,#2133,.F.);
#3114=ORIENTED_EDGE('',*,*,#2134,.F.);
#3115=ORIENTED_EDGE('',*,*,#1772,.F.);
#3116=ORIENTED_EDGE('',*,*,#1781,.F.);
#3117=ORIENTED_EDGE('',*,*,#1694,.F.);
#3118=ORIENTED_EDGE('',*,*,#2133,.T.);
#3119=ORIENTED_EDGE('',*,*,#1979,.T.);
#3120=ORIENTED_EDGE('',*,*,#2135,.T.);
#3121=ORIENTED_EDGE('',*,*,#2136,.T.);
#3122=ORIENTED_EDGE('',*,*,#2137,.T.);
#3123=ORIENTED_EDGE('',*,*,#1773,.F.);
#3124=ORIENTED_EDGE('',*,*,#2134,.T.);
#3125=ORIENTED_EDGE('',*,*,#2135,.F.);
#3126=ORIENTED_EDGE('',*,*,#1982,.T.);
#3127=ORIENTED_EDGE('',*,*,#1988,.F.);
#3128=ORIENTED_EDGE('',*,*,#1991,.T.);
#3129=ORIENTED_EDGE('',*,*,#2108,.T.);
#3130=ORIENTED_EDGE('',*,*,#2054,.T.);
#3131=ORIENTED_EDGE('',*,*,#2052,.F.);
#3132=ORIENTED_EDGE('',*,*,#2060,.T.);
#3133=ORIENTED_EDGE('',*,*,#2138,.F.);
#3134=ORIENTED_EDGE('',*,*,#2139,.F.);
#3135=ORIENTED_EDGE('',*,*,#2140,.F.);
#3136=ORIENTED_EDGE('',*,*,#1774,.F.);
#3137=ORIENTED_EDGE('',*,*,#2137,.F.);
#3138=ORIENTED_EDGE('',*,*,#2136,.F.);
#3139=ORIENTED_EDGE('',*,*,#2138,.T.);
#3140=ORIENTED_EDGE('',*,*,#2059,.T.);
#3141=ORIENTED_EDGE('',*,*,#2141,.T.);
#3142=ORIENTED_EDGE('',*,*,#2142,.T.);
#3143=ORIENTED_EDGE('',*,*,#1775,.F.);
#3144=ORIENTED_EDGE('',*,*,#2140,.T.);
#3145=ORIENTED_EDGE('',*,*,#2139,.T.);
#3146=ORIENTED_EDGE('',*,*,#2141,.F.);
#3147=ORIENTED_EDGE('',*,*,#2058,.T.);
#3148=ORIENTED_EDGE('',*,*,#2050,.T.);
#3149=ORIENTED_EDGE('',*,*,#2014,.T.);
#3150=ORIENTED_EDGE('',*,*,#1696,.F.);
#3151=ORIENTED_EDGE('',*,*,#1782,.F.);
#3152=ORIENTED_EDGE('',*,*,#1776,.F.);
#3153=ORIENTED_EDGE('',*,*,#2142,.F.);
#3154=ORIENTED_EDGE('',*,*,#1911,.F.);
#3155=ORIENTED_EDGE('',*,*,#2106,.T.);
#3156=ORIENTED_EDGE('',*,*,#2143,.T.);
#3157=ORIENTED_EDGE('',*,*,#1672,.T.);
#3158=ORIENTED_EDGE('',*,*,#2143,.F.);
#3159=ORIENTED_EDGE('',*,*,#2105,.F.);
#3160=ORIENTED_EDGE('',*,*,#2111,.T.);
#3161=ORIENTED_EDGE('',*,*,#1673,.F.);
#3162=ORIENTED_EDGE('',*,*,#2144,.F.);
#3163=ORIENTED_EDGE('',*,*,#2145,.T.);
#3164=ORIENTED_EDGE('',*,*,#1750,.T.);
#3165=ORIENTED_EDGE('',*,*,#2145,.F.);
#3166=ORIENTED_EDGE('',*,*,#2146,.F.);
#3167=ORIENTED_EDGE('',*,*,#2147,.T.);
#3168=ORIENTED_EDGE('',*,*,#1759,.F.);
#3169=ORIENTED_EDGE('',*,*,#2147,.F.);
#3170=ORIENTED_EDGE('',*,*,#2146,.T.);
#3171=ORIENTED_EDGE('',*,*,#2144,.T.);
#3172=PLANE('',#3426);
#3173=PLANE('',#3430);
#3174=PLANE('',#3431);
#3175=PLANE('',#3433);
#3176=PLANE('',#3434);
#3177=PLANE('',#3452);
#3178=PLANE('',#3458);
#3179=PLANE('',#3472);
#3180=PLANE('',#3473);
#3181=PLANE('',#3480);
#3182=PLANE('',#3488);
#3183=PLANE('',#3490);
#3184=PLANE('',#3493);
#3185=PLANE('',#3499);
#3186=PLANE('',#3509);
#3187=PLANE('',#3512);
#3188=PLANE('',#3514);
#3189=PLANE('',#3523);
#3190=PLANE('',#3528);
#3191=PLANE('',#3534);
#3192=PLANE('',#3535);
#3193=PLANE('',#3536);
#3194=PLANE('',#3537);
#3195=PLANE('',#3540);
#3196=PLANE('',#3541);
#3197=PLANE('',#3545);
#3198=PLANE('',#3549);
#3199=PLANE('',#3555);
#3200=PLANE('',#3561);
#3201=PLANE('',#3565);
#3202=PLANE('',#3566);
#3203=PLANE('',#3567);
#3204=PLANE('',#3568);
#3205=PLANE('',#3569);
#3206=PLANE('',#3570);
#3207=PLANE('',#3573);
#3208=PLANE('',#3574);
#3209=PLANE('',#3575);
#3210=PLANE('',#3582);
#3211=PLANE('',#3595);
#3212=PLANE('',#3599);
#3213=PLANE('',#3617);
#3214=PLANE('',#3621);
#3215=PLANE('',#3631);
#3216=PLANE('',#3638);
#3217=PLANE('',#3651);
#3218=PLANE('',#3661);
#3219=PLANE('',#3668);
#3220=PLANE('',#3678);
#3221=PLANE('',#3684);
#3222=PLANE('',#3695);
#3223=PLANE('',#3704);
#3224=PLANE('',#3705);
#3225=PLANE('',#3706);
#3226=PLANE('',#3712);
#3227=PLANE('',#3723);
#3228=PLANE('',#3733);
#3229=PLANE('',#3739);
#3230=PLANE('',#3752);
#3231=PLANE('',#3753);
#3232=PLANE('',#3754);
#3233=PLANE('',#3760);
#3234=PLANE('',#3767);
#3235=PLANE('',#3770);
#3236=PLANE('',#3777);
#3237=PLANE('',#3778);
#3238=PLANE('',#3779);
#3239=PLANE('',#3780);
#3240=PLANE('',#3784);
#3241=PLANE('',#3786);
#3242=PLANE('',#3790);
#3243=PLANE('',#3797);
#3244=ADVANCED_FACE('',(#201),#3172,.T.);
#3245=ADVANCED_FACE('',(#202),#117,.T.);
#3246=ADVANCED_FACE('',(#203),#3173,.T.);
#3247=ADVANCED_FACE('',(#204),#3174,.T.);
#3248=ADVANCED_FACE('',(#205),#118,.T.);
#3249=ADVANCED_FACE('',(#206),#3175,.T.);
#3250=ADVANCED_FACE('',(#207,#43,#44,#45),#3176,.T.);
#3251=ADVANCED_FACE('',(#208),#3177,.F.);
#3252=ADVANCED_FACE('',(#209),#119,.F.);
#3253=ADVANCED_FACE('',(#210),#29,.F.);
#3254=ADVANCED_FACE('',(#211,#46,#47,#48,#49),#3178,.F.);
#3255=ADVANCED_FACE('',(#212),#3179,.F.);
#3256=ADVANCED_FACE('',(#213),#3180,.F.);
#3257=ADVANCED_FACE('',(#214),#120,.F.);
#3258=ADVANCED_FACE('',(#215),#30,.F.);
#3259=ADVANCED_FACE('',(#216),#3181,.T.);
#3260=ADVANCED_FACE('',(#217),#121,.F.);
#3261=ADVANCED_FACE('',(#218),#122,.T.);
#3262=ADVANCED_FACE('',(#219,#50),#3182,.F.);
#3263=ADVANCED_FACE('',(#220),#3183,.F.);
#3264=ADVANCED_FACE('',(#221,#51),#3184,.T.);
#3265=ADVANCED_FACE('',(#222),#3185,.T.);
#3266=ADVANCED_FACE('',(#223),#123,.F.);
#3267=ADVANCED_FACE('',(#224),#124,.F.);
#3268=ADVANCED_FACE('',(#225),#125,.T.);
#3269=ADVANCED_FACE('',(#226),#31,.T.);
#3270=ADVANCED_FACE('',(#227),#126,.T.);
#3271=ADVANCED_FACE('',(#228,#52),#3186,.T.);
#3272=ADVANCED_FACE('',(#229),#3187,.F.);
#3273=ADVANCED_FACE('',(#230,#53),#3188,.T.);
#3274=ADVANCED_FACE('',(#231),#127,.F.);
#3275=ADVANCED_FACE('',(#232),#128,.F.);
#3276=ADVANCED_FACE('',(#233,#54),#3189,.T.);
#3277=ADVANCED_FACE('',(#234),#3190,.F.);
#3278=ADVANCED_FACE('',(#235),#129,.T.);
#3279=ADVANCED_FACE('',(#236),#130,.T.);
#3280=ADVANCED_FACE('',(#237),#131,.T.);
#3281=ADVANCED_FACE('',(#238),#3191,.F.);
#3282=ADVANCED_FACE('',(#239),#3192,.T.);
#3283=ADVANCED_FACE('',(#240),#3193,.T.);
#3284=ADVANCED_FACE('',(#241),#3194,.F.);
#3285=ADVANCED_FACE('',(#242),#132,.F.);
#3286=ADVANCED_FACE('',(#243),#3195,.F.);
#3287=ADVANCED_FACE('',(#244),#3196,.F.);
#3288=ADVANCED_FACE('',(#245),#133,.F.);
#3289=ADVANCED_FACE('',(#246),#3197,.T.);
#3290=ADVANCED_FACE('',(#247),#134,.F.);
#3291=ADVANCED_FACE('',(#248),#3198,.T.);
#3292=ADVANCED_FACE('',(#249),#135,.T.);
#3293=ADVANCED_FACE('',(#250),#136,.F.);
#3294=ADVANCED_FACE('',(#251),#3199,.T.);
#3295=ADVANCED_FACE('',(#252),#137,.F.);
#3296=ADVANCED_FACE('',(#253),#138,.T.);
#3297=ADVANCED_FACE('',(#254),#3200,.T.);
#3298=ADVANCED_FACE('',(#255),#22,.T.);
#3299=ADVANCED_FACE('',(#256),#23,.T.);
#3300=ADVANCED_FACE('',(#257),#32,.T.);
#3301=ADVANCED_FACE('',(#258),#3201,.T.);
#3302=ADVANCED_FACE('',(#259),#3202,.T.);
#3303=ADVANCED_FACE('',(#260),#3203,.T.);
#3304=ADVANCED_FACE('',(#261),#3204,.F.);
#3305=ADVANCED_FACE('',(#262),#3205,.T.);
#3306=ADVANCED_FACE('',(#263),#3206,.T.);
#3307=ADVANCED_FACE('',(#264),#139,.T.);
#3308=ADVANCED_FACE('',(#265),#24,.T.);
#3309=ADVANCED_FACE('',(#266),#25,.T.);
#3310=ADVANCED_FACE('',(#267),#3207,.T.);
#3311=ADVANCED_FACE('',(#268),#3208,.T.);
#3312=ADVANCED_FACE('',(#269),#3209,.F.);
#3313=ADVANCED_FACE('',(#270),#140,.F.);
#3314=ADVANCED_FACE('',(#271),#141,.F.);
#3315=ADVANCED_FACE('',(#272),#3210,.T.);
#3316=ADVANCED_FACE('',(#273),#142,.T.);
#3317=ADVANCED_FACE('',(#274),#33,.F.);
#3318=ADVANCED_FACE('',(#275),#34,.F.);
#3319=ADVANCED_FACE('',(#276),#143,.T.);
#3320=ADVANCED_FACE('',(#277),#3211,.F.);
#3321=ADVANCED_FACE('',(#278),#144,.F.);
#3322=ADVANCED_FACE('',(#279),#3212,.T.);
#3323=ADVANCED_FACE('',(#280),#145,.F.);
#3324=ADVANCED_FACE('',(#281),#146,.T.);
#3325=ADVANCED_FACE('',(#282),#147,.T.);
#3326=ADVANCED_FACE('',(#283),#148,.F.);
#3327=ADVANCED_FACE('',(#284),#149,.F.);
#3328=ADVANCED_FACE('',(#285),#150,.F.);
#3329=ADVANCED_FACE('',(#286),#3213,.F.);
#3330=ADVANCED_FACE('',(#287),#151,.T.);
#3331=ADVANCED_FACE('',(#288),#3214,.F.);
#3332=ADVANCED_FACE('',(#289),#152,.T.);
#3333=ADVANCED_FACE('',(#290),#153,.F.);
#3334=ADVANCED_FACE('',(#291),#154,.T.);
#3335=ADVANCED_FACE('',(#292),#3215,.F.);
#3336=ADVANCED_FACE('',(#293),#155,.F.);
#3337=ADVANCED_FACE('',(#294),#156,.F.);
#3338=ADVANCED_FACE('',(#295),#3216,.T.);
#3339=ADVANCED_FACE('',(#296),#35,.F.);
#3340=ADVANCED_FACE('',(#297),#157,.T.);
#3341=ADVANCED_FACE('',(#298),#158,.T.);
#3342=ADVANCED_FACE('',(#299),#3217,.T.);
#3343=ADVANCED_FACE('',(#300),#159,.T.);
#3344=ADVANCED_FACE('',(#301),#160,.F.);
#3345=ADVANCED_FACE('',(#302),#161,.T.);
#3346=ADVANCED_FACE('',(#303),#162,.T.);
#3347=ADVANCED_FACE('',(#304),#3218,.T.);
#3348=ADVANCED_FACE('',(#305),#163,.F.);
#3349=ADVANCED_FACE('',(#306),#3219,.T.);
#3350=ADVANCED_FACE('',(#307),#164,.F.);
#3351=ADVANCED_FACE('',(#308),#165,.F.);
#3352=ADVANCED_FACE('',(#309),#3220,.T.);
#3353=ADVANCED_FACE('',(#310),#166,.F.);
#3354=ADVANCED_FACE('',(#311),#3221,.F.);
#3355=ADVANCED_FACE('',(#312),#167,.T.);
#3356=ADVANCED_FACE('',(#313),#36,.T.);
#3357=ADVANCED_FACE('',(#314),#168,.F.);
#3358=ADVANCED_FACE('',(#315),#37,.T.);
#3359=ADVANCED_FACE('',(#316),#3222,.F.);
#3360=ADVANCED_FACE('',(#317),#169,.T.);
#3361=ADVANCED_FACE('',(#318),#170,.T.);
#3362=ADVANCED_FACE('',(#319),#171,.F.);
#3363=ADVANCED_FACE('',(#320),#3223,.F.);
#3364=ADVANCED_FACE('',(#321),#3224,.F.);
#3365=ADVANCED_FACE('',(#322),#3225,.T.);
#3366=ADVANCED_FACE('',(#323),#172,.F.);
#3367=ADVANCED_FACE('',(#324),#3226,.T.);
#3368=ADVANCED_FACE('',(#325),#173,.F.);
#3369=ADVANCED_FACE('',(#326),#174,.T.);
#3370=ADVANCED_FACE('',(#327),#175,.T.);
#3371=ADVANCED_FACE('',(#328),#176,.T.);
#3372=ADVANCED_FACE('',(#329),#3227,.F.);
#3373=ADVANCED_FACE('',(#330),#177,.F.);
#3374=ADVANCED_FACE('',(#331),#178,.F.);
#3375=ADVANCED_FACE('',(#332),#179,.F.);
#3376=ADVANCED_FACE('',(#333),#3228,.F.);
#3377=ADVANCED_FACE('',(#334),#180,.T.);
#3378=ADVANCED_FACE('',(#335),#181,.T.);
#3379=ADVANCED_FACE('',(#336,#55),#3229,.T.);
#3380=ADVANCED_FACE('',(#337),#38,.F.);
#3381=ADVANCED_FACE('',(#338),#182,.T.);
#3382=ADVANCED_FACE('',(#339),#183,.T.);
#3383=ADVANCED_FACE('',(#340),#184,.F.);
#3384=ADVANCED_FACE('',(#341),#3230,.F.);
#3385=ADVANCED_FACE('',(#342),#3231,.F.);
#3386=ADVANCED_FACE('',(#343,#56,#57),#3232,.T.);
#3387=ADVANCED_FACE('',(#344,#58,#59,#60,#61,#62,#63),#3233,.T.);
#3388=ADVANCED_FACE('',(#345),#185,.F.);
#3389=ADVANCED_FACE('',(#346),#186,.F.);
#3390=ADVANCED_FACE('',(#347),#3234,.T.);
#3391=ADVANCED_FACE('',(#348),#187,.F.);
#3392=ADVANCED_FACE('',(#349),#26,.T.);
#3393=ADVANCED_FACE('',(#350),#27,.T.);
#3394=ADVANCED_FACE('',(#351),#3235,.T.);
#3395=ADVANCED_FACE('',(#352),#188,.F.);
#3396=ADVANCED_FACE('',(#353),#189,.F.);
#3397=ADVANCED_FACE('',(#354),#190,.F.);
#3398=ADVANCED_FACE('',(#355),#191,.F.);
#3399=ADVANCED_FACE('',(#356),#192,.F.);
#3400=ADVANCED_FACE('',(#357),#193,.F.);
#3401=ADVANCED_FACE('',(#358),#3236,.T.);
#3402=ADVANCED_FACE('',(#359),#3237,.F.);
#3403=ADVANCED_FACE('',(#360),#3238,.T.);
#3404=ADVANCED_FACE('',(#361),#3239,.T.);
#3405=ADVANCED_FACE('',(#362),#39,.T.);
#3406=ADVANCED_FACE('',(#363),#194,.F.);
#3407=ADVANCED_FACE('',(#364),#40,.T.);
#3408=ADVANCED_FACE('',(#365),#3240,.T.);
#3409=ADVANCED_FACE('',(#366),#195,.T.);
#3410=ADVANCED_FACE('',(#367),#3241,.T.);
#3411=ADVANCED_FACE('',(#368),#41,.T.);
#3412=ADVANCED_FACE('',(#369),#196,.F.);
#3413=ADVANCED_FACE('',(#370),#42,.T.);
#3414=ADVANCED_FACE('',(#371),#3242,.T.);
#3415=ADVANCED_FACE('',(#372),#197,.T.);
#3416=ADVANCED_FACE('',(#373),#198,.F.);
#3417=ADVANCED_FACE('',(#374),#199,.F.);
#3418=ADVANCED_FACE('',(#375),#200,.T.);
#3419=ADVANCED_FACE('',(#376,#64),#3243,.T.);
#3420=CLOSED_SHELL('',(#3244,#3245,#3246,#3247,#3248));
#3421=CLOSED_SHELL('',(#3249,#3250,#3251,#3252,#3253,#3254,#3255,#3256,
#3257,#3258,#3259,#3260,#3261,#3262,#3263,#3264,#3265,#3266,#3267,#3268,
#3269,#3270,#3271,#3272,#3273,#3274,#3275,#3276,#3277,#3278,#3279,#3280,
#3281,#3282,#3283,#3284,#3285,#3286,#3287,#3288,#3289,#3290,#3291,#3292,
#3293,#3294,#3295,#3296,#3297,#3298,#3299,#3300,#3301,#3302,#3303,#3304,
#3305,#3306,#3307,#3308,#3309,#3310,#3311,#3312,#3313,#3314,#3315,#3316,
#3317,#3318,#3319,#3320,#3321,#3322,#3323,#3324,#3325,#3326,#3327,#3328,
#3329,#3330,#3331,#3332,#3333,#3334,#3335,#3336,#3337,#3338,#3339,#3340,
#3341,#3342,#3343,#3344,#3345,#3346,#3347,#3348,#3349,#3350,#3351,#3352,
#3353,#3354,#3355,#3356,#3357,#3358,#3359,#3360,#3361,#3362,#3363,#3364,
#3365,#3366,#3367,#3368,#3369,#3370,#3371,#3372,#3373,#3374,#3375,#3376,
#3377,#3378,#3379,#3380,#3381,#3382,#3383,#3384,#3385,#3386,#3387,#3388,
#3389,#3390,#3391,#3392,#3393,#3394,#3395,#3396,#3397,#3398,#3399,#3400,
#3401,#3402,#3403,#3404,#3405,#3406,#3407,#3408,#3409,#3410,#3411,#3412,
#3413,#3414,#3415,#3416,#3417,#3418,#3419));
#3422=BREP_WITH_VOIDS('Corps129',#3421,(#79));
#3423=AXIS2_PLACEMENT_3D('',#4813,#3800,#3801);
#3424=AXIS2_PLACEMENT_3D('',#4814,#3802,#3803);
#3425=AXIS2_PLACEMENT_3D('',#4815,#3804,#3805);
#3426=AXIS2_PLACEMENT_3D('',#4816,#3806,#3807);
#3427=AXIS2_PLACEMENT_3D('',#4824,#3811,#3812);
#3428=AXIS2_PLACEMENT_3D('',#4825,#3813,#3814);
#3429=AXIS2_PLACEMENT_3D('',#4829,#3816,#3817);
#3430=AXIS2_PLACEMENT_3D('',#4834,#3818,#3819);
#3431=AXIS2_PLACEMENT_3D('',#4836,#3821,#3822);
#3432=AXIS2_PLACEMENT_3D('',#4838,#3824,#3825);
#3433=AXIS2_PLACEMENT_3D('',#4839,#3826,#3827);
#3434=AXIS2_PLACEMENT_3D('',#4862,#3837,#3838);
#3435=AXIS2_PLACEMENT_3D('',#4865,#3839,#3840);
#3436=AXIS2_PLACEMENT_3D('',#4867,#3841,#3842);
#3437=AXIS2_PLACEMENT_3D('',#4869,#3843,#3844);
#3438=AXIS2_PLACEMENT_3D('',#4871,#3845,#3846);
#3439=AXIS2_PLACEMENT_3D('',#4873,#3847,#3848);
#3440=AXIS2_PLACEMENT_3D('',#4875,#3849,#3850);
#3441=AXIS2_PLACEMENT_3D('',#4877,#3851,#3852);
#3442=AXIS2_PLACEMENT_3D('',#4879,#3853,#3854);
#3443=AXIS2_PLACEMENT_3D('',#4881,#3855,#3856);
#3444=AXIS2_PLACEMENT_3D('',#4883,#3857,#3858);
#3445=AXIS2_PLACEMENT_3D('',#4890,#3862,#3863);
#3446=AXIS2_PLACEMENT_3D('',#4894,#3865,#3866);
#3447=AXIS2_PLACEMENT_3D('',#4896,#3867,#3868);
#3448=AXIS2_PLACEMENT_3D('',#4898,#3869,#3870);
#3449=AXIS2_PLACEMENT_3D('',#4899,#3871,#3872);
#3450=AXIS2_PLACEMENT_3D('',#4901,#3873,#3874);
#3451=AXIS2_PLACEMENT_3D('',#4903,#3875,#3876);
#3452=AXIS2_PLACEMENT_3D('',#4904,#3877,#3878);
#3453=AXIS2_PLACEMENT_3D('',#4910,#3882,#3883);
#3454=AXIS2_PLACEMENT_3D('',#4912,#3884,#3885);
#3455=AXIS2_PLACEMENT_3D('',#4927,#3888,#3889);
#3456=AXIS2_PLACEMENT_3D('',#4928,#3890,#3891);
#3457=AXIS2_PLACEMENT_3D('',#4930,#3892,#3893);
#3458=AXIS2_PLACEMENT_3D('',#4938,#3894,#3895);
#3459=AXIS2_PLACEMENT_3D('',#4946,#3899,#3900);
#3460=AXIS2_PLACEMENT_3D('',#4950,#3902,#3903);
#3461=AXIS2_PLACEMENT_3D('',#4954,#3905,#3906);
#3462=AXIS2_PLACEMENT_3D('',#4958,#3908,#3909);
#3463=AXIS2_PLACEMENT_3D('',#4962,#3911,#3912);
#3464=AXIS2_PLACEMENT_3D('',#4966,#3914,#3915);
#3465=AXIS2_PLACEMENT_3D('',#4970,#3917,#3918);
#3466=AXIS2_PLACEMENT_3D('',#4982,#3924,#3925);
#3467=AXIS2_PLACEMENT_3D('',#4983,#3926,#3927);
#3468=AXIS2_PLACEMENT_3D('',#4985,#3928,#3929);
#3469=AXIS2_PLACEMENT_3D('',#4987,#3930,#3931);
#3470=AXIS2_PLACEMENT_3D('',#4989,#3932,#3933);
#3471=AXIS2_PLACEMENT_3D('',#4991,#3934,#3935);
#3472=AXIS2_PLACEMENT_3D('',#4992,#3936,#3937);
#3473=AXIS2_PLACEMENT_3D('',#4998,#3941,#3942);
#3474=AXIS2_PLACEMENT_3D('',#5002,#3945,#3946);
#3475=AXIS2_PLACEMENT_3D('',#5004,#3947,#3948);
#3476=AXIS2_PLACEMENT_3D('',#5006,#3950,#3951);
#3477=AXIS2_PLACEMENT_3D('',#5007,#3952,#3953);
#3478=AXIS2_PLACEMENT_3D('',#5008,#3954,#3955);
#3479=AXIS2_PLACEMENT_3D('',#5014,#3956,#3957);
#3480=AXIS2_PLACEMENT_3D('',#5021,#3958,#3959);
#3481=AXIS2_PLACEMENT_3D('',#5024,#3960,#3961);
#3482=AXIS2_PLACEMENT_3D('',#5030,#3964,#3965);
#3483=AXIS2_PLACEMENT_3D('',#5031,#3966,#3967);
#3484=AXIS2_PLACEMENT_3D('',#5032,#3968,#3969);
#3485=AXIS2_PLACEMENT_3D('',#5034,#3971,#3972);
#3486=AXIS2_PLACEMENT_3D('',#5036,#3974,#3975);
#3487=AXIS2_PLACEMENT_3D('',#5038,#3976,#3977);
#3488=AXIS2_PLACEMENT_3D('',#5040,#3979,#3980);
#3489=AXIS2_PLACEMENT_3D('',#5042,#3981,#3982);
#3490=AXIS2_PLACEMENT_3D('',#5043,#3983,#3984);
#3491=AXIS2_PLACEMENT_3D('',#5045,#3985,#3986);
#3492=AXIS2_PLACEMENT_3D('',#5046,#3987,#3988);
#3493=AXIS2_PLACEMENT_3D('',#5047,#3989,#3990);
#3494=AXIS2_PLACEMENT_3D('',#5050,#3991,#3992);
#3495=AXIS2_PLACEMENT_3D('',#5054,#3994,#3995);
#3496=AXIS2_PLACEMENT_3D('',#5056,#3996,#3997);
#3497=AXIS2_PLACEMENT_3D('',#5058,#3998,#3999);
#3498=AXIS2_PLACEMENT_3D('',#5061,#4001,#4002);
#3499=AXIS2_PLACEMENT_3D('',#5062,#4003,#4004);
#3500=AXIS2_PLACEMENT_3D('',#5067,#4006,#4007);
#3501=AXIS2_PLACEMENT_3D('',#5070,#4009,#4010);
#3502=AXIS2_PLACEMENT_3D('',#5071,#4011,#4012);
#3503=AXIS2_PLACEMENT_3D('',#5073,#4014,#4015);
#3504=AXIS2_PLACEMENT_3D('',#5075,#4016,#4017);
#3505=AXIS2_PLACEMENT_3D('',#5077,#4019,#4020);
#3506=AXIS2_PLACEMENT_3D('',#5078,#4021,#4022);
#3507=AXIS2_PLACEMENT_3D('',#5102,#4024,#4025);
#3508=AXIS2_PLACEMENT_3D('',#5133,#4026,#4027);
#3509=AXIS2_PLACEMENT_3D('',#5135,#4029,#4030);
#3510=AXIS2_PLACEMENT_3D('',#5137,#4031,#4032);
#3511=AXIS2_PLACEMENT_3D('',#5139,#4033,#4034);
#3512=AXIS2_PLACEMENT_3D('',#5140,#4035,#4036);
#3513=AXIS2_PLACEMENT_3D('',#5141,#4037,#4038);
#3514=AXIS2_PLACEMENT_3D('',#5142,#4039,#4040);
#3515=AXIS2_PLACEMENT_3D('',#5145,#4041,#4042);
#3516=AXIS2_PLACEMENT_3D('',#5149,#4044,#4045);
#3517=AXIS2_PLACEMENT_3D('',#5151,#4046,#4047);
#3518=AXIS2_PLACEMENT_3D('',#5153,#4048,#4049);
#3519=AXIS2_PLACEMENT_3D('',#5156,#4051,#4052);
#3520=AXIS2_PLACEMENT_3D('',#5157,#4053,#4054);
#3521=AXIS2_PLACEMENT_3D('',#5159,#4056,#4057);
#3522=AXIS2_PLACEMENT_3D('',#5161,#4058,#4059);
#3523=AXIS2_PLACEMENT_3D('',#5163,#4061,#4062);
#3524=AXIS2_PLACEMENT_3D('',#5166,#4063,#4064);
#3525=AXIS2_PLACEMENT_3D('',#5170,#4066,#4067);
#3526=AXIS2_PLACEMENT_3D('',#5172,#4068,#4069);
#3527=AXIS2_PLACEMENT_3D('',#5174,#4070,#4071);
#3528=AXIS2_PLACEMENT_3D('',#5176,#4073,#4074);
#3529=AXIS2_PLACEMENT_3D('',#5178,#4075,#4076);
#3530=AXIS2_PLACEMENT_3D('',#5179,#4077,#4078);
#3531=AXIS2_PLACEMENT_3D('',#5180,#4079,#4080);
#3532=AXIS2_PLACEMENT_3D('',#5183,#4083,#4084);
#3533=AXIS2_PLACEMENT_3D('',#5186,#4087,#4088);
#3534=AXIS2_PLACEMENT_3D('',#5189,#4091,#4092);
#3535=AXIS2_PLACEMENT_3D('',#5191,#4094,#4095);
#3536=AXIS2_PLACEMENT_3D('',#5192,#4096,#4097);
#3537=AXIS2_PLACEMENT_3D('',#5196,#4100,#4101);
#3538=AXIS2_PLACEMENT_3D('',#5198,#4103,#4104);
#3539=AXIS2_PLACEMENT_3D('',#5199,#4105,#4106);
#3540=AXIS2_PLACEMENT_3D('',#5200,#4107,#4108);
#3541=AXIS2_PLACEMENT_3D('',#5214,#4116,#4117);
#3542=AXIS2_PLACEMENT_3D('',#5226,#4124,#4125);
#3543=AXIS2_PLACEMENT_3D('',#5231,#4127,#4128);
#3544=AXIS2_PLACEMENT_3D('',#5234,#4130,#4131);
#3545=AXIS2_PLACEMENT_3D('',#5235,#4132,#4133);
#3546=AXIS2_PLACEMENT_3D('',#5241,#4137,#4138);
#3547=AXIS2_PLACEMENT_3D('',#5245,#4140,#4141);
#3548=AXIS2_PLACEMENT_3D('',#5246,#4142,#4143);
#3549=AXIS2_PLACEMENT_3D('',#5247,#4144,#4145);
#3550=AXIS2_PLACEMENT_3D('',#5253,#4149,#4150);
#3551=AXIS2_PLACEMENT_3D('',#5262,#4152,#4153);
#3552=AXIS2_PLACEMENT_3D('',#5277,#4154,#4155);
#3553=AXIS2_PLACEMENT_3D('',#5280,#4156,#4157);
#3554=AXIS2_PLACEMENT_3D('',#5284,#4159,#4160);
#3555=AXIS2_PLACEMENT_3D('',#5286,#4162,#4163);
#3556=AXIS2_PLACEMENT_3D('',#5292,#4167,#4168);
#3557=AXIS2_PLACEMENT_3D('',#5294,#4169,#4170);
#3558=AXIS2_PLACEMENT_3D('',#5296,#4171,#4172);
#3559=AXIS2_PLACEMENT_3D('',#5298,#4174,#4175);
#3560=AXIS2_PLACEMENT_3D('',#5303,#4177,#4178);
#3561=AXIS2_PLACEMENT_3D('',#5326,#4180,#4181);
#3562=AXIS2_PLACEMENT_3D('',#5327,#4182,#4183);
#3563=AXIS2_PLACEMENT_3D('',#5379,#4187,#4188);
#3564=AXIS2_PLACEMENT_3D('',#5383,#4190,#4191);
#3565=AXIS2_PLACEMENT_3D('',#5385,#4193,#4194);
#3566=AXIS2_PLACEMENT_3D('',#5388,#4197,#4198);
#3567=AXIS2_PLACEMENT_3D('',#5391,#4201,#4202);
#3568=AXIS2_PLACEMENT_3D('',#5393,#4204,#4205);
#3569=AXIS2_PLACEMENT_3D('',#5396,#4208,#4209);
#3570=AXIS2_PLACEMENT_3D('',#5400,#4212,#4213);
#3571=AXIS2_PLACEMENT_3D('',#5406,#4217,#4218);
#3572=AXIS2_PLACEMENT_3D('',#5410,#4220,#4221);
#3573=AXIS2_PLACEMENT_3D('',#5522,#4227,#4228);
#3574=AXIS2_PLACEMENT_3D('',#5536,#4232,#4233);
#3575=AXIS2_PLACEMENT_3D('',#5548,#4236,#4237);
#3576=AXIS2_PLACEMENT_3D('',#5550,#4238,#4239);
#3577=AXIS2_PLACEMENT_3D('',#5553,#4241,#4242);
#3578=AXIS2_PLACEMENT_3D('',#5554,#4243,#4244);
#3579=AXIS2_PLACEMENT_3D('',#5557,#4246,#4247);
#3580=AXIS2_PLACEMENT_3D('',#5558,#4248,#4249);
#3581=AXIS2_PLACEMENT_3D('',#5560,#4250,#4251);
#3582=AXIS2_PLACEMENT_3D('',#5562,#4253,#4254);
#3583=AXIS2_PLACEMENT_3D('',#5564,#4256,#4257);
#3584=AXIS2_PLACEMENT_3D('',#5567,#4258,#4259);
#3585=AXIS2_PLACEMENT_3D('',#5571,#4261,#4262);
#3586=AXIS2_PLACEMENT_3D('',#5573,#4264,#4265);
#3587=AXIS2_PLACEMENT_3D('',#5575,#4266,#4267);
#3588=AXIS2_PLACEMENT_3D('',#5578,#4269,#4270);
#3589=AXIS2_PLACEMENT_3D('',#5579,#4271,#4272);
#3590=AXIS2_PLACEMENT_3D('',#5581,#4273,#4274);
#3591=AXIS2_PLACEMENT_3D('',#5584,#4276,#4277);
#3592=AXIS2_PLACEMENT_3D('',#5585,#4278,#4279);
#3593=AXIS2_PLACEMENT_3D('',#5590,#4281,#4282);
#3594=AXIS2_PLACEMENT_3D('',#5593,#4284,#4285);
#3595=AXIS2_PLACEMENT_3D('',#5594,#4286,#4287);
#3596=AXIS2_PLACEMENT_3D('',#5601,#4292,#4293);
#3597=AXIS2_PLACEMENT_3D('',#5605,#4295,#4296);
#3598=AXIS2_PLACEMENT_3D('',#5606,#4297,#4298);
#3599=AXIS2_PLACEMENT_3D('',#5607,#4299,#4300);
#3600=AXIS2_PLACEMENT_3D('',#5610,#4303,#4304);
#3601=AXIS2_PLACEMENT_3D('',#5614,#4306,#4307);
#3602=AXIS2_PLACEMENT_3D('',#5616,#4309,#4310);
#3603=AXIS2_PLACEMENT_3D('',#5621,#4312,#4313);
#3604=AXIS2_PLACEMENT_3D('',#5624,#4315,#4316);
#3605=AXIS2_PLACEMENT_3D('',#5625,#4317,#4318);
#3606=AXIS2_PLACEMENT_3D('',#5630,#4320,#4321);
#3607=AXIS2_PLACEMENT_3D('',#5633,#4323,#4324);
#3608=AXIS2_PLACEMENT_3D('',#5634,#4325,#4326);
#3609=AXIS2_PLACEMENT_3D('',#5639,#4328,#4329);
#3610=AXIS2_PLACEMENT_3D('',#5642,#4331,#4332);
#3611=AXIS2_PLACEMENT_3D('',#5643,#4333,#4334);
#3612=AXIS2_PLACEMENT_3D('',#5647,#4336,#4337);
#3613=AXIS2_PLACEMENT_3D('',#5648,#4338,#4339);
#3614=AXIS2_PLACEMENT_3D('',#5649,#4340,#4341);
#3615=AXIS2_PLACEMENT_3D('',#5653,#4343,#4344);
#3616=AXIS2_PLACEMENT_3D('',#5654,#4345,#4346);
#3617=AXIS2_PLACEMENT_3D('',#5655,#4347,#4348);
#3618=AXIS2_PLACEMENT_3D('',#5665,#4354,#4355);
#3619=AXIS2_PLACEMENT_3D('',#5669,#4357,#4358);
#3620=AXIS2_PLACEMENT_3D('',#5670,#4359,#4360);
#3621=AXIS2_PLACEMENT_3D('',#5671,#4361,#4362);
#3622=AXIS2_PLACEMENT_3D('',#5681,#4368,#4369);
#3623=AXIS2_PLACEMENT_3D('',#5683,#4370,#4371);
#3624=AXIS2_PLACEMENT_3D('',#5686,#4373,#4374);
#3625=AXIS2_PLACEMENT_3D('',#5687,#4375,#4376);
#3626=AXIS2_PLACEMENT_3D('',#5689,#4377,#4378);
#3627=AXIS2_PLACEMENT_3D('',#5692,#4380,#4381);
#3628=AXIS2_PLACEMENT_3D('',#5693,#4382,#4383);
#3629=AXIS2_PLACEMENT_3D('',#5695,#4384,#4385);
#3630=AXIS2_PLACEMENT_3D('',#5698,#4387,#4388);
#3631=AXIS2_PLACEMENT_3D('',#5699,#4389,#4390);
#3632=AXIS2_PLACEMENT_3D('',#5709,#4396,#4397);
#3633=AXIS2_PLACEMENT_3D('',#5711,#4398,#4399);
#3634=AXIS2_PLACEMENT_3D('',#5714,#4401,#4402);
#3635=AXIS2_PLACEMENT_3D('',#5715,#4403,#4404);
#3636=AXIS2_PLACEMENT_3D('',#5716,#4405,#4406);
#3637=AXIS2_PLACEMENT_3D('',#5717,#4407,#4408);
#3638=AXIS2_PLACEMENT_3D('',#5718,#4409,#4410);
#3639=AXIS2_PLACEMENT_3D('',#5720,#4411,#4412);
#3640=AXIS2_PLACEMENT_3D('',#5722,#4413,#4414);
#3641=AXIS2_PLACEMENT_3D('',#5723,#4415,#4416);
#3642=AXIS2_PLACEMENT_3D('',#5724,#4417,#4418);
#3643=AXIS2_PLACEMENT_3D('',#5726,#4419,#4420);
#3644=AXIS2_PLACEMENT_3D('',#5729,#4422,#4423);
#3645=AXIS2_PLACEMENT_3D('',#5730,#4424,#4425);
#3646=AXIS2_PLACEMENT_3D('',#5732,#4426,#4427);
#3647=AXIS2_PLACEMENT_3D('',#5734,#4428,#4429);
#3648=AXIS2_PLACEMENT_3D('',#5736,#4431,#4432);
#3649=AXIS2_PLACEMENT_3D('',#5738,#4433,#4434);
#3650=AXIS2_PLACEMENT_3D('',#5741,#4436,#4437);
#3651=AXIS2_PLACEMENT_3D('',#5742,#4438,#4439);
#3652=AXIS2_PLACEMENT_3D('',#5743,#4440,#4441);
#3653=AXIS2_PLACEMENT_3D('',#5745,#4442,#4443);
#3654=AXIS2_PLACEMENT_3D('',#5747,#4445,#4446);
#3655=AXIS2_PLACEMENT_3D('',#5749,#4447,#4448);
#3656=AXIS2_PLACEMENT_3D('',#5751,#4450,#4451);
#3657=AXIS2_PLACEMENT_3D('',#5752,#4452,#4453);
#3658=AXIS2_PLACEMENT_3D('',#5753,#4454,#4455);
#3659=AXIS2_PLACEMENT_3D('',#5756,#4456,#4457);
#3660=AXIS2_PLACEMENT_3D('',#5760,#4459,#4460);
#3661=AXIS2_PLACEMENT_3D('',#5762,#4462,#4463);
#3662=AXIS2_PLACEMENT_3D('',#5766,#4465,#4466);
#3663=AXIS2_PLACEMENT_3D('',#5769,#4468,#4469);
#3664=AXIS2_PLACEMENT_3D('',#5771,#4470,#4471);
#3665=AXIS2_PLACEMENT_3D('',#5772,#4472,#4473);
#3666=AXIS2_PLACEMENT_3D('',#5773,#4474,#4475);
#3667=AXIS2_PLACEMENT_3D('',#5777,#4477,#4478);
#3668=AXIS2_PLACEMENT_3D('',#5779,#4480,#4481);
#3669=AXIS2_PLACEMENT_3D('',#5781,#4482,#4483);
#3670=AXIS2_PLACEMENT_3D('',#5783,#4484,#4485);
#3671=AXIS2_PLACEMENT_3D('',#5785,#4486,#4487);
#3672=AXIS2_PLACEMENT_3D('',#5786,#4488,#4489);
#3673=AXIS2_PLACEMENT_3D('',#5788,#4491,#4492);
#3674=AXIS2_PLACEMENT_3D('',#5792,#4494,#4495);
#3675=AXIS2_PLACEMENT_3D('',#5794,#4497,#4498);
#3676=AXIS2_PLACEMENT_3D('',#5796,#4499,#4500);
#3677=AXIS2_PLACEMENT_3D('',#5799,#4502,#4503);
#3678=AXIS2_PLACEMENT_3D('',#5800,#4504,#4505);
#3679=AXIS2_PLACEMENT_3D('',#5802,#4506,#4507);
#3680=AXIS2_PLACEMENT_3D('',#5806,#4509,#4510);
#3681=AXIS2_PLACEMENT_3D('',#5807,#4511,#4512);
#3682=AXIS2_PLACEMENT_3D('',#5808,#4513,#4514);
#3683=AXIS2_PLACEMENT_3D('',#5811,#4516,#4517);
#3684=AXIS2_PLACEMENT_3D('',#5812,#4518,#4519);
#3685=AXIS2_PLACEMENT_3D('',#5822,#4525,#4526);
#3686=AXIS2_PLACEMENT_3D('',#5825,#4528,#4529);
#3687=AXIS2_PLACEMENT_3D('',#5828,#4531,#4532);
#3688=AXIS2_PLACEMENT_3D('',#5829,#4533,#4534);
#3689=AXIS2_PLACEMENT_3D('',#5839,#4535,#4536);
#3690=AXIS2_PLACEMENT_3D('',#5855,#4537,#4538);
#3691=AXIS2_PLACEMENT_3D('',#5867,#4540,#4541);
#3692=AXIS2_PLACEMENT_3D('',#5870,#4543,#4544);
#3693=AXIS2_PLACEMENT_3D('',#5892,#4546,#4547);
#3694=AXIS2_PLACEMENT_3D('',#5893,#4548,#4549);
#3695=AXIS2_PLACEMENT_3D('',#5894,#4550,#4551);
#3696=AXIS2_PLACEMENT_3D('',#5902,#4556,#4557);
#3697=AXIS2_PLACEMENT_3D('',#5904,#4558,#4559);
#3698=AXIS2_PLACEMENT_3D('',#5908,#4561,#4562);
#3699=AXIS2_PLACEMENT_3D('',#5911,#4564,#4565);
#3700=AXIS2_PLACEMENT_3D('',#5912,#4566,#4567);
#3701=AXIS2_PLACEMENT_3D('',#5913,#4568,#4569);
#3702=AXIS2_PLACEMENT_3D('',#5918,#4571,#4572);
#3703=AXIS2_PLACEMENT_3D('',#5921,#4574,#4575);
#3704=AXIS2_PLACEMENT_3D('',#5922,#4576,#4577);
#3705=AXIS2_PLACEMENT_3D('',#5928,#4581,#4582);
#3706=AXIS2_PLACEMENT_3D('',#5931,#4585,#4586);
#3707=AXIS2_PLACEMENT_3D('',#5933,#4587,#4588);
#3708=AXIS2_PLACEMENT_3D('',#5937,#4590,#4591);
#3709=AXIS2_PLACEMENT_3D('',#5938,#4592,#4593);
#3710=AXIS2_PLACEMENT_3D('',#5939,#4594,#4595);
#3711=AXIS2_PLACEMENT_3D('',#5941,#4596,#4597);
#3712=AXIS2_PLACEMENT_3D('',#5943,#4599,#4600);
#3713=AXIS2_PLACEMENT_3D('',#5944,#4601,#4602);
#3714=AXIS2_PLACEMENT_3D('',#5945,#4603,#4604);
#3715=AXIS2_PLACEMENT_3D('',#5946,#4605,#4606);
#3716=AXIS2_PLACEMENT_3D('',#5947,#4607,#4608);
#3717=AXIS2_PLACEMENT_3D('',#5948,#4609,#4610);
#3718=AXIS2_PLACEMENT_3D('',#5952,#4612,#4613);
#3719=AXIS2_PLACEMENT_3D('',#5954,#4615,#4616);
#3720=AXIS2_PLACEMENT_3D('',#5955,#4617,#4618);
#3721=AXIS2_PLACEMENT_3D('',#5957,#4619,#4620);
#3722=AXIS2_PLACEMENT_3D('',#5959,#4621,#4622);
#3723=AXIS2_PLACEMENT_3D('',#5961,#4624,#4625);
#3724=AXIS2_PLACEMENT_3D('',#5971,#4631,#4632);
#3725=AXIS2_PLACEMENT_3D('',#5975,#4634,#4635);
#3726=AXIS2_PLACEMENT_3D('',#5976,#4636,#4637);
#3727=AXIS2_PLACEMENT_3D('',#5977,#4638,#4639);
#3728=AXIS2_PLACEMENT_3D('',#5981,#4641,#4642);
#3729=AXIS2_PLACEMENT_3D('',#5982,#4643,#4644);
#3730=AXIS2_PLACEMENT_3D('',#5983,#4645,#4646);
#3731=AXIS2_PLACEMENT_3D('',#5987,#4648,#4649);
#3732=AXIS2_PLACEMENT_3D('',#5988,#4650,#4651);
#3733=AXIS2_PLACEMENT_3D('',#5989,#4652,#4653);
#3734=AXIS2_PLACEMENT_3D('',#5999,#4659,#4660);
#3735=AXIS2_PLACEMENT_3D('',#6003,#4662,#4663);
#3736=AXIS2_PLACEMENT_3D('',#6004,#4664,#4665);
#3737=AXIS2_PLACEMENT_3D('',#6005,#4666,#4667);
#3738=AXIS2_PLACEMENT_3D('',#6006,#4668,#4669);
#3739=AXIS2_PLACEMENT_3D('',#6007,#4670,#4671);
#3740=AXIS2_PLACEMENT_3D('',#6011,#4673,#4674);
#3741=AXIS2_PLACEMENT_3D('',#6014,#4676,#4677);
#3742=AXIS2_PLACEMENT_3D('',#6015,#4678,#4679);
#3743=AXIS2_PLACEMENT_3D('',#6017,#4680,#4681);
#3744=AXIS2_PLACEMENT_3D('',#6020,#4683,#4684);
#3745=AXIS2_PLACEMENT_3D('',#6021,#4685,#4686);
#3746=AXIS2_PLACEMENT_3D('',#6022,#4687,#4688);
#3747=AXIS2_PLACEMENT_3D('',#6023,#4689,#4690);
#3748=AXIS2_PLACEMENT_3D('',#6025,#4691,#4692);
#3749=AXIS2_PLACEMENT_3D('',#6027,#4693,#4694);
#3750=AXIS2_PLACEMENT_3D('',#6029,#4696,#4697);
#3751=AXIS2_PLACEMENT_3D('',#6032,#4698,#4699);
#3752=AXIS2_PLACEMENT_3D('',#6035,#4702,#4703);
#3753=AXIS2_PLACEMENT_3D('',#6037,#4705,#4706);
#3754=AXIS2_PLACEMENT_3D('',#6039,#4708,#4709);
#3755=AXIS2_PLACEMENT_3D('',#6040,#4710,#4711);
#3756=AXIS2_PLACEMENT_3D('',#6042,#4712,#4713);
#3757=AXIS2_PLACEMENT_3D('',#6044,#4714,#4715);
#3758=AXIS2_PLACEMENT_3D('',#6045,#4716,#4717);
#3759=AXIS2_PLACEMENT_3D('',#6047,#4718,#4719);
#3760=AXIS2_PLACEMENT_3D('',#6048,#4720,#4721);
#3761=AXIS2_PLACEMENT_3D('',#6049,#4722,#4723);
#3762=AXIS2_PLACEMENT_3D('',#6050,#4724,#4725);
#3763=AXIS2_PLACEMENT_3D('',#6051,#4726,#4727);
#3764=AXIS2_PLACEMENT_3D('',#6052,#4728,#4729);
#3765=AXIS2_PLACEMENT_3D('',#6054,#4731,#4732);
#3766=AXIS2_PLACEMENT_3D('',#6055,#4733,#4734);
#3767=AXIS2_PLACEMENT_3D('',#6056,#4735,#4736);
#3768=AXIS2_PLACEMENT_3D('',#6057,#4737,#4738);
#3769=AXIS2_PLACEMENT_3D('',#6058,#4739,#4740);
#3770=AXIS2_PLACEMENT_3D('',#6091,#4741,#4742);
#3771=AXIS2_PLACEMENT_3D('',#6092,#4743,#4744);
#3772=AXIS2_PLACEMENT_3D('',#6094,#4746,#4747);
#3773=AXIS2_PLACEMENT_3D('',#6096,#4749,#4750);
#3774=AXIS2_PLACEMENT_3D('',#6098,#4752,#4753);
#3775=AXIS2_PLACEMENT_3D('',#6100,#4755,#4756);
#3776=AXIS2_PLACEMENT_3D('',#6102,#4758,#4759);
#3777=AXIS2_PLACEMENT_3D('',#6104,#4761,#4762);
#3778=AXIS2_PLACEMENT_3D('',#6105,#4763,#4764);
#3779=AXIS2_PLACEMENT_3D('',#6107,#4766,#4767);
#3780=AXIS2_PLACEMENT_3D('',#6108,#4768,#4769);
#3781=AXIS2_PLACEMENT_3D('',#6116,#4770,#4771);
#3782=AXIS2_PLACEMENT_3D('',#6144,#4772,#4773);
#3783=AXIS2_PLACEMENT_3D('',#6169,#4774,#4775);
#3784=AXIS2_PLACEMENT_3D('',#6177,#4776,#4777);
#3785=AXIS2_PLACEMENT_3D('',#6179,#4779,#4780);
#3786=AXIS2_PLACEMENT_3D('',#6181,#4782,#4783);
#3787=AXIS2_PLACEMENT_3D('',#6189,#4784,#4785);
#3788=AXIS2_PLACEMENT_3D('',#6214,#4786,#4787);
#3789=AXIS2_PLACEMENT_3D('',#6236,#4788,#4789);
#3790=AXIS2_PLACEMENT_3D('',#6244,#4790,#4791);
#3791=AXIS2_PLACEMENT_3D('',#6245,#4792,#4793);
#3792=AXIS2_PLACEMENT_3D('',#6247,#4795,#4796);
#3793=AXIS2_PLACEMENT_3D('',#6248,#4797,#4798);
#3794=AXIS2_PLACEMENT_3D('',#6250,#4799,#4800);
#3795=AXIS2_PLACEMENT_3D('',#6252,#4802,#4803);
#3796=AXIS2_PLACEMENT_3D('',#6254,#4804,#4805);
#3797=AXIS2_PLACEMENT_3D('',#6256,#4807,#4808);
#3798=AXIS2_PLACEMENT_3D('',#6257,#4809,#4810);
#3799=AXIS2_PLACEMENT_3D('',#6258,#4811,#4812);
#3800=DIRECTION('axis',(0.,0.,1.));
#3801=DIRECTION('refdir',(1.,0.,0.));
#3802=DIRECTION('axis',(0.,0.,1.));
#3803=DIRECTION('refdir',(1.,0.,0.));
#3804=DIRECTION('axis',(0.,0.,1.));
#3805=DIRECTION('refdir',(1.,0.,0.));
#3806=DIRECTION('center_axis',(-1.45923397988268E-16,3.25993679287369E-16,
-1.));
#3807=DIRECTION('ref_axis',(0.819152044288996,0.57357643635104,6.74488430669293E-17));
#3808=DIRECTION('',(-0.573576436351041,0.819152044288995,2.96088881518358E-16));
#3809=DIRECTION('',(-0.819152044288996,-0.573576436351039,-6.74488430669286E-17));
#3810=DIRECTION('',(-0.57357643635104,0.819152044288996,3.50736611411883E-16));
#3811=DIRECTION('center_axis',(-1.45923397988267E-16,3.25993679287369E-16,
-1.));
#3812=DIRECTION('ref_axis',(-1.,7.50980127226123E-15,-1.56489480385307E-29));
#3813=DIRECTION('center_axis',(-0.573576436351042,0.819152044288995,2.96088881518359E-16));
#3814=DIRECTION('ref_axis',(-0.579227965339571,-0.405579787672635,0.707106781186549));
#3815=DIRECTION('',(0.573576436351041,-0.819152044288995,-2.96088881518358E-16));
#3816=DIRECTION('center_axis',(-0.57357643635104,0.819152044288996,1.53953517590998E-15));
#3817=DIRECTION('ref_axis',(-0.579227965339571,-0.405579787672635,0.707106781186549));
#3818=DIRECTION('center_axis',(-0.57357643635104,0.819152044288996,1.53953517590998E-15));
#3819=DIRECTION('ref_axis',(-1.65043773699734E-15,-3.03507436604657E-15,
1.));
#3820=DIRECTION('',(-8.27790242152315E-16,1.2998004536438E-15,-1.));
#3821=DIRECTION('center_axis',(0.819152044288996,0.57357643635104,6.74488430669293E-17));
#3822=DIRECTION('ref_axis',(-1.45923397988269E-16,3.25993679287369E-16,
-1.));
#3823=DIRECTION('',(1.23259516440783E-29,-2.46519032881566E-31,-1.));
#3824=DIRECTION('center_axis',(1.25231668703835E-29,-2.21867129593409E-31,
-1.));
#3825=DIRECTION('ref_axis',(-1.,7.50980127226123E-15,-1.56489480385307E-29));
#3826=DIRECTION('center_axis',(0.819152044288995,0.573576436351041,-7.66911719789187E-16));
#3827=DIRECTION('ref_axis',(-7.98047151478036E-16,-1.97340331721138E-16,
-1.));
#3828=DIRECTION('',(-0.405579787672636,0.579227965339572,-0.707106781186547));
#3829=DIRECTION('',(-6.28217301302419E-16,-4.39882493734763E-16,-1.));
#3830=DIRECTION('',(-0.573576436351041,0.819152044288995,2.96089305034832E-16));
#3831=DIRECTION('',(-1.51125840289002E-15,8.21230895368944E-16,-1.));
#3832=DIRECTION('',(-0.573576436351041,0.819152044288995,2.96088881518362E-16));
#3833=DIRECTION('',(-7.98046908558969E-16,-1.97340678645522E-16,-1.));
#3834=DIRECTION('',(0.573576436351041,-0.819152044288995,-3.43453453523572E-16));
#3835=DIRECTION('',(1.2489999812708E-17,5.72841798811624E-17,-1.));
#3836=DIRECTION('',(0.573576436351041,-0.819152044288995,6.69809420064047E-30));
#3837=DIRECTION('center_axis',(1.10440526730941E-29,-4.43734259186818E-31,
-1.));
#3838=DIRECTION('ref_axis',(0.819152044288995,0.573576436351041,1.14384831257047E-29));
#3839=DIRECTION('center_axis',(1.18329135783151E-29,-4.68386162474974E-31,
-1.));
#3840=DIRECTION('ref_axis',(-0.824126186312888,-0.566406240284635,7.69466347096323E-16));
#3841=DIRECTION('center_axis',(-2.09996009727593E-16,-5.83487031613637E-17,
-1.));
#3842=DIRECTION('ref_axis',(-0.824126188622019,-0.566406236924828,2.06112280509705E-16));
#3843=DIRECTION('center_axis',(-2.09996009727593E-16,-5.83487031613637E-17,
-1.));
#3844=DIRECTION('ref_axis',(-0.824126188622019,-0.566406236924828,2.06112280509705E-16));
#3845=DIRECTION('center_axis',(1.18329135783151E-29,-4.68386162474974E-31,
-1.));
#3846=DIRECTION('ref_axis',(-0.824126186312888,-0.566406240284635,7.69466347096323E-16));
#3847=DIRECTION('center_axis',(-2.09996009727592E-16,-5.83487031613636E-17,
-1.));
#3848=DIRECTION('ref_axis',(-0.824126188622019,-0.566406236924827,2.06112280509704E-16));
#3849=DIRECTION('center_axis',(1.26217744835361E-29,-4.68386162474974E-31,
-1.));
#3850=DIRECTION('ref_axis',(-0.824126186312888,-0.566406240284635,7.69466347096322E-16));
#3851=DIRECTION('center_axis',(-1.18329135783151E-29,4.68386162474974E-31,
1.));
#3852=DIRECTION('ref_axis',(-0.824126186312886,-0.566406240284637,7.69466347096329E-16));
#3853=DIRECTION('center_axis',(1.18329135783151E-29,-4.68386162474974E-31,
-1.));
#3854=DIRECTION('ref_axis',(-0.824126186312888,-0.566406240284635,7.69466347096323E-16));
#3855=DIRECTION('center_axis',(-2.09996009727593E-16,-5.83487031613637E-17,
-1.));
#3856=DIRECTION('ref_axis',(-0.824126188622019,-0.566406236924828,2.06112280509705E-16));
#3857=DIRECTION('center_axis',(1.18329135783151E-29,-4.68386162474974E-31,
-1.));
#3858=DIRECTION('ref_axis',(-0.824126186312888,-0.566406240284635,7.69466347096323E-16));
#3859=DIRECTION('',(-0.573576436351041,0.819152044288995,-7.39557098644698E-30));
#3860=DIRECTION('',(-0.819152044288996,-0.573576436351039,-1.41008886808256E-29));
#3861=DIRECTION('',(-0.819152044288996,-0.573576436351039,-1.41008886808256E-29));
#3862=DIRECTION('center_axis',(1.10440526730941E-29,-4.43734259186818E-31,
-1.));
#3863=DIRECTION('ref_axis',(-0.71325044915419,-0.700909264299843,-4.90595103528764E-17));
#3864=DIRECTION('',(0.573576436351041,-0.819152044288995,7.93791285878643E-30));
#3865=DIRECTION('center_axis',(1.26217744835361E-29,-4.68386162474974E-31,
-1.));
#3866=DIRECTION('ref_axis',(-0.819152041950633,-0.573576439690568,1.00777903806995E-16));
#3867=DIRECTION('center_axis',(1.26217744835361E-29,-4.68386162474974E-31,
-1.));
#3868=DIRECTION('ref_axis',(-0.819152041950633,-0.573576439690569,1.00777903806996E-16));
#3869=DIRECTION('center_axis',(2.12104072556793E-16,5.38391434808022E-17,
1.));
#3870=DIRECTION('ref_axis',(-0.819152041950633,-0.573576439690569,-3.43311306043067E-16));
#3871=DIRECTION('center_axis',(1.26217744835361E-29,-4.68386162474974E-31,
-1.));
#3872=DIRECTION('ref_axis',(-0.819152041950633,-0.573576439690568,1.00777903806994E-16));
#3873=DIRECTION('center_axis',(-2.56980943573883E-18,6.36254184710115E-18,
1.));
#3874=DIRECTION('ref_axis',(-0.824126188622019,-0.566406236924827,2.06112280509704E-16));
#3875=DIRECTION('center_axis',(-2.12104072556794E-16,-5.38391434808022E-17,
-1.));
#3876=DIRECTION('ref_axis',(-0.819152041950632,-0.57357643969057,2.04626348374649E-16));
#3877=DIRECTION('center_axis',(-0.819152044288995,-0.573576436351041,-3.09280658517048E-15));
#3878=DIRECTION('ref_axis',(-1.65043773699734E-15,-3.03507436604659E-15,
1.));
#3879=DIRECTION('',(-0.573576436351041,0.819152044288995,7.26569714598037E-17));
#3880=DIRECTION('',(7.9804690855897E-16,1.97340678645525E-16,1.));
#3881=DIRECTION('',(1.2489999812708E-17,5.72841798811624E-17,-1.));
#3882=DIRECTION('center_axis',(-1.2489999812708E-17,-5.72841798811624E-17,
1.));
#3883=DIRECTION('ref_axis',(-0.71325044915419,-0.700909264299843,-4.90595103528764E-17));
#3884=DIRECTION('center_axis',(-1.24899998127113E-17,-5.72841798811624E-17,
1.));
#3885=DIRECTION('ref_axis',(-0.713250449154191,-0.700909264299841,-4.90595103528794E-17));
#3886=DIRECTION('',(5.1221179695659E-16,6.13233346738588E-16,1.));
#3887=DIRECTION('',(1.24899998127091E-17,5.72841798811625E-17,-1.));
#3888=DIRECTION('center_axis',(-2.10874112223872E-16,-5.89578585379387E-17,
-1.));
#3889=DIRECTION('ref_axis',(-0.71325044915419,-0.700909264299842,-4.90595103528779E-17));
#3890=DIRECTION('center_axis',(-1.5186313658622E-16,-7.28238113346208E-17,
-1.));
#3891=DIRECTION('ref_axis',(-0.999147273204275,-0.0412883330792264,2.77015986402688E-16));
#3892=DIRECTION('center_axis',(1.41381333001313E-16,-3.20282973354285E-16,
1.));
#3893=DIRECTION('ref_axis',(0.82412618862202,0.566406236924827,-4.41266750797158E-17));
#3894=DIRECTION('center_axis',(1.41381333001313E-16,-3.20282973354285E-16,
1.));
#3895=DIRECTION('ref_axis',(-0.82412618862202,-0.566406236924827,-6.48942145800264E-17));
#3896=DIRECTION('',(-0.819152044288993,-0.573576436351044,-6.78939585281389E-17));
#3897=DIRECTION('',(-0.573576436351039,0.819152044288996,3.43453453523573E-16));
#3898=DIRECTION('',(-0.953188344759991,0.302377213780584,2.31609311887711E-16));
#3899=DIRECTION('center_axis',(-1.41381333001313E-16,3.20282973354285E-16,
-1.));
#3900=DIRECTION('ref_axis',(-1.,4.72740126614583E-15,-9.92437913019982E-30));
#3901=DIRECTION('',(-0.996194698091746,-0.0871557427476538,1.12928833912931E-16));
#3902=DIRECTION('center_axis',(1.41381333001313E-16,-3.20282973354285E-16,
1.));
#3903=DIRECTION('ref_axis',(-0.422618261740705,-0.906307787036647,-3.04921101634342E-16));
#3904=DIRECTION('',(-0.573576436351043,0.819152044288994,3.43453453523573E-16));
#3905=DIRECTION('center_axis',(-1.41381333001312E-16,3.20282973354285E-16,
-1.));
#3906=DIRECTION('ref_axis',(-1.,5.15716501761363E-15,-1.09422641691947E-29));
#3907=DIRECTION('',(0.422618261740704,0.906307787036648,2.30524619610641E-16));
#3908=DIRECTION('center_axis',(1.41381333001313E-16,-3.20282973354285E-16,
1.));
#3909=DIRECTION('ref_axis',(-0.57357643635104,0.819152044288996,3.04921101634339E-16));
#3910=DIRECTION('',(0.996194698091746,0.0871557427476523,-1.12928833912932E-16));
#3911=DIRECTION('center_axis',(-1.41381333001312E-16,3.20282973354285E-16,
-1.));
#3912=DIRECTION('ref_axis',(-1.,5.15716501761363E-15,-1.09422641691947E-29));
#3913=DIRECTION('',(0.573576436351041,-0.819152044288995,-3.43453453523573E-16));
#3914=DIRECTION('center_axis',(1.41381333001313E-16,-3.20282973354285E-16,
1.));
#3915=DIRECTION('ref_axis',(0.996194698091746,0.0871557427476517,2.03268658921053E-30));
#3916=DIRECTION('',(-0.422618261740704,-0.906307787036648,-2.30524619610641E-16));
#3917=DIRECTION('center_axis',(-1.41381333001313E-16,3.20282973354285E-16,
-1.));
#3918=DIRECTION('ref_axis',(-1.,4.72740126614583E-15,-9.92437913019982E-30));
#3919=DIRECTION('',(-0.0425313571145985,-0.999095132438343,-3.13980019717929E-16));
#3920=DIRECTION('',(0.573576436351039,-0.819152044288996,-3.43453453523573E-16));
#3921=DIRECTION('',(-0.819152044288992,-0.573576436351045,-6.78939585281395E-17));
#3922=DIRECTION('',(-0.573576436351041,0.819152044288995,3.43453453523572E-16));
#3923=DIRECTION('',(0.819152044288996,0.573576436351039,6.78939585281379E-17));
#3924=DIRECTION('center_axis',(-1.41381333001311E-16,3.20282973354285E-16,
-1.));
#3925=DIRECTION('ref_axis',(0.82412618862202,0.566406236924826,-2.14354835963513E-16));
#3926=DIRECTION('center_axis',(-1.41381333001311E-16,3.20282973354285E-16,
-1.));
#3927=DIRECTION('ref_axis',(0.823136366219454,0.567843748408867,-7.69840879542938E-16));
#3928=DIRECTION('center_axis',(-1.41381333001312E-16,3.20282973354285E-16,
-1.));
#3929=DIRECTION('ref_axis',(0.824126186312886,0.566406240284636,-3.25377138151498E-16));
#3930=DIRECTION('center_axis',(-1.45923397988267E-16,3.25993679287368E-16,
-1.));
#3931=DIRECTION('ref_axis',(-0.819152044288996,-0.57357643635104,-1.5827413406511E-16));
#3932=DIRECTION('center_axis',(-1.45923397988268E-16,3.25993679287368E-16,
-1.));
#3933=DIRECTION('ref_axis',(-0.819152044288995,-0.573576436351041,-1.58274134065109E-16));
#3934=DIRECTION('center_axis',(-1.45923397988266E-16,3.25993679287368E-16,
-1.));
#3935=DIRECTION('ref_axis',(-0.819152044288996,-0.57357643635104,-1.58274134065111E-16));
#3936=DIRECTION('center_axis',(-0.573576436351045,0.819152044288992,2.96088881518365E-16));
#3937=DIRECTION('ref_axis',(-7.98046908558979E-16,-1.97340678645529E-16,
-1.));
#3938=DIRECTION('',(7.98046908558969E-16,1.97340678645522E-16,1.));
#3939=DIRECTION('',(2.36364923132839E-15,2.01650279203214E-15,-1.));
#3940=DIRECTION('',(0.819152044288992,0.573576436351045,-7.66911719789194E-16));
#3941=DIRECTION('center_axis',(-0.573576436351044,0.819152044288994,2.96088881518364E-16));
#3942=DIRECTION('ref_axis',(-7.98046908558979E-16,-1.97340678645529E-16,
-1.));
#3943=DIRECTION('',(0.819152044288993,0.573576436351044,-7.66911719789194E-16));
#3944=DIRECTION('',(1.14578747821266E-16,-2.8122887962934E-16,1.));
#3945=DIRECTION('center_axis',(-7.98046908558971E-16,-1.97340678645525E-16,
-1.));
#3946=DIRECTION('ref_axis',(-0.824126186312887,-0.566406240284635,7.69466347096324E-16));
#3947=DIRECTION('center_axis',(2.10874112223873E-16,5.89578585379386E-17,
1.));
#3948=DIRECTION('ref_axis',(-0.824126186312887,-0.566406240284636,7.69466347096327E-16));
#3949=DIRECTION('',(7.98046908558976E-16,1.97340678645527E-16,1.));
#3950=DIRECTION('center_axis',(1.26217744835361E-29,-4.68386162474974E-31,
-1.));
#3951=DIRECTION('ref_axis',(-0.824126186312888,-0.566406240284635,7.69466347096322E-16));
#3952=DIRECTION('center_axis',(1.18329135783151E-29,-4.68386162474974E-31,
-1.));
#3953=DIRECTION('ref_axis',(-0.824126186312888,-0.566406240284635,7.69466347096323E-16));
#3954=DIRECTION('center_axis',(-1.51863136586218E-16,-7.28238113346206E-17,
-1.));
#3955=DIRECTION('ref_axis',(0.82412618862202,0.566406236924827,-4.4126675079715E-17));
#3956=DIRECTION('center_axis',(-1.24899998127119E-17,-5.72841798811624E-17,
1.));
#3957=DIRECTION('ref_axis',(-0.713250449154191,-0.700909264299841,-4.90595103528804E-17));
#3958=DIRECTION('center_axis',(-2.10874112223872E-16,-5.89578585379387E-17,
-1.));
#3959=DIRECTION('ref_axis',(-0.824126186312888,-0.566406240284634,2.07180976888882E-16));
#3960=DIRECTION('center_axis',(-2.10874112223873E-16,-5.89578585379388E-17,
-1.));
#3961=DIRECTION('ref_axis',(-0.71325044915419,-0.700909264299842,-4.90595103528791E-17));
#3962=DIRECTION('',(-0.819152044288996,-0.57357643635104,2.06554798510892E-16));
#3963=DIRECTION('',(0.57357643635104,-0.819152044288996,-7.26569714598039E-17));
#3964=DIRECTION('center_axis',(2.10874112223872E-16,5.89578585379383E-17,
1.));
#3965=DIRECTION('ref_axis',(-0.824126186312888,-0.566406240284635,7.69466347096323E-16));
#3966=DIRECTION('center_axis',(2.10874112223872E-16,5.89578585379384E-17,
1.));
#3967=DIRECTION('ref_axis',(-0.824126186312886,-0.566406240284637,7.69466347096329E-16));
#3968=DIRECTION('center_axis',(-7.9804690855897E-16,-1.97340678645525E-16,
-1.));
#3969=DIRECTION('ref_axis',(0.977347626404859,0.211640301362449,-8.21734492539454E-16));
#3970=DIRECTION('',(-7.9804690855897E-16,-1.97340678645525E-16,-1.));
#3971=DIRECTION('center_axis',(1.18329135783151E-29,-4.68386162474974E-31,
-1.));
#3972=DIRECTION('ref_axis',(-0.824126186312888,-0.566406240284635,7.69466347096323E-16));
#3973=DIRECTION('',(-7.98046908558976E-16,-1.97340678645527E-16,-1.));
#3974=DIRECTION('center_axis',(-1.54063682774991E-16,-2.02554273331442E-16,
1.));
#3975=DIRECTION('ref_axis',(-0.819152041950631,-0.573576439690571,-2.4238193927713E-16));
#3976=DIRECTION('center_axis',(-2.12104072556795E-16,-5.38391434808021E-17,
-1.));
#3977=DIRECTION('ref_axis',(-0.819152041950631,-0.573576439690571,-2.42381939277131E-16));
#3978=DIRECTION('',(-1.54063682774991E-16,-2.02554273331442E-16,1.));
#3979=DIRECTION('center_axis',(2.12104072556796E-16,5.38391434808022E-17,
1.));
#3980=DIRECTION('ref_axis',(0.819152041950631,0.573576439690571,-2.04626348374652E-16));
#3981=DIRECTION('center_axis',(-2.12104072556795E-16,-5.38391434808021E-17,
-1.));
#3982=DIRECTION('ref_axis',(0.819152041950631,0.573576439690571,-7.66911718582094E-16));
#3983=DIRECTION('center_axis',(-2.10874105906772E-16,-5.89578601195277E-17,
-1.));
#3984=DIRECTION('ref_axis',(-0.824126188622019,-0.566406236924828,2.07180972867465E-16));
#3985=DIRECTION('center_axis',(2.10874105906772E-16,5.89578601195277E-17,
1.));
#3986=DIRECTION('ref_axis',(-0.824126188622019,-0.566406236924828,2.07180972867465E-16));
#3987=DIRECTION('center_axis',(2.10874105906772E-16,5.89578601195277E-17,
1.));
#3988=DIRECTION('ref_axis',(-0.824126188622019,-0.566406236924828,2.07180972867465E-16));
#3989=DIRECTION('center_axis',(2.10874112223872E-16,5.89578585379384E-17,
1.));
#3990=DIRECTION('ref_axis',(-0.824126188622017,-0.566406236924831,2.07180977177731E-16));
#3991=DIRECTION('center_axis',(-2.10874112223872E-16,-5.89578585379384E-17,
-1.));
#3992=DIRECTION('ref_axis',(0.996194698091746,0.0871557427476517,2.03268658921053E-30));
#3993=DIRECTION('',(0.573576436351041,-0.819152044288995,-7.26569714598045E-17));
#3994=DIRECTION('center_axis',(-2.12104072556793E-16,-5.38391434808015E-17,
-1.));
#3995=DIRECTION('ref_axis',(0.819152041950633,0.573576439690569,-1.07071926475101E-16));
#3996=DIRECTION('center_axis',(2.12104072556793E-16,5.38391434808015E-17,
1.));
#3997=DIRECTION('ref_axis',(0.819152041950632,0.573576439690569,-3.97998606079267E-17));
#3998=DIRECTION('center_axis',(-2.12104072556793E-16,-5.38391434808015E-17,
-1.));
#3999=DIRECTION('ref_axis',(0.819152041950633,0.573576439690569,-1.07071926475101E-16));
#4000=DIRECTION('',(-0.422618261740704,-0.906307787036648,1.42553217054106E-16));
#4001=DIRECTION('center_axis',(-2.12104072556792E-16,-5.38391434808022E-17,
-1.));
#4002=DIRECTION('ref_axis',(-0.819152044288996,-0.57357643635104,-1.5827413406511E-16));
#4003=DIRECTION('center_axis',(2.12104072556793E-16,5.38391434808015E-17,
1.));
#4004=DIRECTION('ref_axis',(-0.819152044288993,-0.573576436351044,2.04626348690828E-16));
#4005=DIRECTION('',(-0.266720335100855,-0.963773968751848,1.08461234295296E-16));
#4006=DIRECTION('center_axis',(-2.12104072556793E-16,-5.38391434808015E-17,
-1.));
#4007=DIRECTION('ref_axis',(0.999998476913288,-0.00174532836590626,5.47884294686043E-16));
#4008=DIRECTION('',(0.507995698836417,0.861359605486408,-1.54122819952887E-16));
#4009=DIRECTION('center_axis',(-2.12104072556793E-16,-5.38391434808015E-17,
-1.));
#4010=DIRECTION('ref_axis',(-1.,5.15716501761363E-15,-1.09422641691947E-29));
#4011=DIRECTION('center_axis',(4.01790250269631E-17,-3.33324126370617E-16,
1.));
#4012=DIRECTION('ref_axis',(-0.819152044288996,-0.57357643635104,-1.5827413406511E-16));
#4013=DIRECTION('',(-4.01790250269631E-17,3.33324126370617E-16,-1.));
#4014=DIRECTION('center_axis',(-3.06293911532031E-16,-1.2879855439638E-16,
-1.));
#4015=DIRECTION('ref_axis',(0.824126186312886,0.566406240284636,-3.25377138151498E-16));
#4016=DIRECTION('center_axis',(-2.10874112223872E-16,-5.89578585379384E-17,
-1.));
#4017=DIRECTION('ref_axis',(0.824126186312886,0.566406240284636,-3.25377138151498E-16));
#4018=DIRECTION('',(-3.06293911532031E-16,-1.2879855439638E-16,-1.));
#4019=DIRECTION('center_axis',(7.98046908558976E-16,1.97340678645528E-16,
1.));
#4020=DIRECTION('ref_axis',(-0.824126186312886,-0.566406240284637,7.69466347096329E-16));
#4021=DIRECTION('center_axis',(2.10874112223872E-16,5.89578585379384E-17,
1.));
#4022=DIRECTION('ref_axis',(-0.824126186312886,-0.566406240284637,7.69466347096329E-16));
#4023=DIRECTION('',(-1.24899998127091E-17,-5.72841798811625E-17,1.));
#4024=DIRECTION('center_axis',(-1.69171325655539E-18,6.9716988052651E-18,
1.));
#4025=DIRECTION('ref_axis',(-0.823136366219454,-0.567843748408867,5.04196965532439E-16));
#4026=DIRECTION('center_axis',(-5.1221179695659E-16,-6.13233346738588E-16,
-1.));
#4027=DIRECTION('ref_axis',(-0.39027180706481,-0.920699688612073,7.64505574986919E-16));
#4028=DIRECTION('',(-5.1221179695659E-16,-6.13233346738588E-16,-1.));
#4029=DIRECTION('center_axis',(2.10874112223872E-16,5.89578585379384E-17,
1.));
#4030=DIRECTION('ref_axis',(-0.824126188622017,-0.566406236924831,2.07180977177731E-16));
#4031=DIRECTION('center_axis',(-2.10874112223872E-16,-5.89578585379384E-17,
-1.));
#4032=DIRECTION('ref_axis',(0.824126186312886,0.566406240284637,1.18712072603798E-16));
#4033=DIRECTION('center_axis',(-2.10874112223872E-16,-5.89578585379384E-17,
-1.));
#4034=DIRECTION('ref_axis',(0.824126186312886,0.566406240284638,-7.69466347096329E-16));
#4035=DIRECTION('center_axis',(-2.10874105906772E-16,-5.89578601195277E-17,
-1.));
#4036=DIRECTION('ref_axis',(-0.824126188622019,-0.566406236924828,2.07180972867465E-16));
#4037=DIRECTION('center_axis',(2.10874105906772E-16,5.89578601195277E-17,
1.));
#4038=DIRECTION('ref_axis',(-0.824126188622019,-0.566406236924828,2.07180972867465E-16));
#4039=DIRECTION('center_axis',(2.10874112223872E-16,5.89578585379384E-17,
1.));
#4040=DIRECTION('ref_axis',(-0.824126188622017,-0.566406236924831,2.07180977177731E-16));
#4041=DIRECTION('center_axis',(-2.10874112223872E-16,-5.89578585379384E-17,
-1.));
#4042=DIRECTION('ref_axis',(-0.422618261740705,-0.906307787036647,-3.04921101634342E-16));
#4043=DIRECTION('',(-0.996194698091746,-0.0871557427476538,2.1521018851391E-16));
#4044=DIRECTION('center_axis',(-2.12104072556793E-16,-5.38391434808015E-17,
-1.));
#4045=DIRECTION('ref_axis',(-0.819152041950632,-0.57357643969057,1.07071926475102E-16));
#4046=DIRECTION('center_axis',(2.12104072556793E-16,5.38391434808015E-17,
1.));
#4047=DIRECTION('ref_axis',(0.819152041950632,0.57357643969057,-2.27360364410566E-16));
#4048=DIRECTION('center_axis',(-2.12104072556793E-16,-5.38391434808015E-17,
-1.));
#4049=DIRECTION('ref_axis',(-0.819152041950632,-0.57357643969057,1.07071926475102E-16));
#4050=DIRECTION('',(-0.573576436351043,0.819152044288994,7.26569714598049E-17));
#4051=DIRECTION('center_axis',(-2.12104072556793E-16,-5.38391434808014E-17,
-1.));
#4052=DIRECTION('ref_axis',(-0.819152044288995,-0.573576436351041,-1.58274134065108E-16));
#4053=DIRECTION('center_axis',(4.01790250269648E-17,-3.33324126370617E-16,
1.));
#4054=DIRECTION('ref_axis',(-0.819152044288995,-0.573576436351041,-1.58274134065108E-16));
#4055=DIRECTION('',(-4.01790250269648E-17,3.33324126370617E-16,-1.));
#4056=DIRECTION('center_axis',(4.01790250269621E-17,-3.33324126370617E-16,
1.));
#4057=DIRECTION('ref_axis',(-0.819152044288996,-0.57357643635104,-1.5827413406511E-16));
#4058=DIRECTION('center_axis',(-2.12104072556792E-16,-5.38391434808019E-17,
-1.));
#4059=DIRECTION('ref_axis',(-0.819152044288996,-0.57357643635104,-1.5827413406511E-16));
#4060=DIRECTION('',(-4.01790250269621E-17,3.33324126370617E-16,-1.));
#4061=DIRECTION('center_axis',(2.10874112223872E-16,5.89578585379384E-17,
1.));
#4062=DIRECTION('ref_axis',(-0.824126188622017,-0.566406236924831,2.07180977177731E-16));
#4063=DIRECTION('center_axis',(-2.10874112223872E-16,-5.89578585379384E-17,
-1.));
#4064=DIRECTION('ref_axis',(-0.57357643635104,0.819152044288996,3.04921101634339E-16));
#4065=DIRECTION('',(0.422618261740704,0.906307787036648,-1.42553217054106E-16));
#4066=DIRECTION('center_axis',(-2.12104072556792E-16,-5.38391434808014E-17,
-1.));
#4067=DIRECTION('ref_axis',(-0.819152041950633,-0.573576439690569,1.79333747721873E-16));
#4068=DIRECTION('center_axis',(2.12104072556792E-16,5.38391434808014E-17,
1.));
#4069=DIRECTION('ref_axis',(0.819152041950633,0.573576439690568,-2.27360364410563E-16));
#4070=DIRECTION('center_axis',(-2.12104072556792E-16,-5.38391434808014E-17,
-1.));
#4071=DIRECTION('ref_axis',(0.819152041950633,0.573576439690569,-1.79333747721873E-16));
#4072=DIRECTION('',(0.996194698091746,0.0871557427476523,-2.1521018851391E-16));
#4073=DIRECTION('center_axis',(-2.10874105906771E-16,-5.89578601195276E-17,
-1.));
#4074=DIRECTION('ref_axis',(-0.824126188622019,-0.566406236924828,2.07180972867464E-16));
#4075=DIRECTION('center_axis',(2.10874105906771E-16,5.89578601195276E-17,
1.));
#4076=DIRECTION('ref_axis',(-0.824126188622019,-0.566406236924828,2.07180972867464E-16));
#4077=DIRECTION('center_axis',(2.10874105906771E-16,5.89578601195276E-17,
1.));
#4078=DIRECTION('ref_axis',(-0.824126188622019,-0.566406236924828,2.07180972867464E-16));
#4079=DIRECTION('center_axis',(-4.01790250269649E-17,3.33324126370618E-16,
-1.));
#4080=DIRECTION('ref_axis',(-0.422618261740705,-0.906307787036647,-3.04921101634342E-16));
#4081=DIRECTION('',(4.01790250269649E-17,-3.33324126370618E-16,1.));
#4082=DIRECTION('',(-4.01790250269649E-17,3.33324126370618E-16,-1.));
#4083=DIRECTION('center_axis',(-4.01790250269641E-17,3.33324126370618E-16,
-1.));
#4084=DIRECTION('ref_axis',(-0.57357643635104,0.819152044288996,3.04921101634339E-16));
#4085=DIRECTION('',(4.01790250269641E-17,-3.33324126370618E-16,1.));
#4086=DIRECTION('',(-4.01790250269641E-17,3.33324126370618E-16,-1.));
#4087=DIRECTION('center_axis',(4.01790250269627E-17,-3.33324126370618E-16,
1.));
#4088=DIRECTION('ref_axis',(0.996194698091746,0.0871557427476517,2.03268658921053E-30));
#4089=DIRECTION('',(-4.01790250269626E-17,3.33324126370618E-16,-1.));
#4090=DIRECTION('',(4.01790250269626E-17,-3.33324126370618E-16,1.));
#4091=DIRECTION('center_axis',(0.819152044288995,0.573576436351041,3.09280658517048E-15));
#4092=DIRECTION('ref_axis',(1.65043773699734E-15,3.03507436604658E-15,-1.));
#4093=DIRECTION('',(-0.405579787672633,0.579227965339573,-0.707106781186547));
#4094=DIRECTION('center_axis',(-2.10874112223873E-16,-5.89578585379388E-17,
-1.));
#4095=DIRECTION('ref_axis',(-0.824126186312888,-0.566406240284635,2.07180976888883E-16));
#4096=DIRECTION('center_axis',(0.405579787672634,-0.579227965339572,-0.707106781186548));
#4097=DIRECTION('ref_axis',(-0.867439421552547,6.17457465292438E-15,-0.497542812164523));
#4098=DIRECTION('',(-0.405579787672636,0.579227965339572,-0.707106781186547));
#4099=DIRECTION('',(-0.819152041950634,-0.573576439690567,1.11385641092894E-15));
#4100=DIRECTION('center_axis',(0.405579787672634,-0.579227965339572,-0.707106781186548));
#4101=DIRECTION('ref_axis',(-0.867439421552547,6.17457465292438E-15,-0.497542812164523));
#4102=DIRECTION('',(-0.405579787672636,0.579227965339572,-0.707106781186547));
#4103=DIRECTION('center_axis',(0.405579787672634,-0.579227965339572,-0.707106781186548));
#4104=DIRECTION('ref_axis',(0.405579787672635,-0.579227965339572,0.707106781186548));
#4105=DIRECTION('center_axis',(-1.24899998127088E-17,-5.72841798811624E-17,
1.));
#4106=DIRECTION('ref_axis',(0.975765539113671,0.218818675341498,2.47221597603961E-17));
#4107=DIRECTION('center_axis',(7.98046908558976E-16,1.97340678645526E-16,
1.));
#4108=DIRECTION('ref_axis',(-0.819152044288992,-0.573576436351045,7.66911719789193E-16));
#4109=DIRECTION('',(0.573576436351041,-0.819152044288995,-2.96088881518362E-16));
#4110=DIRECTION('',(0.57357643635104,-0.819152044288996,-2.96088881518361E-16));
#4111=DIRECTION('',(0.819152044288995,0.573576436351041,-7.66911719789195E-16));
#4112=DIRECTION('',(0.57357643635104,-0.819152044288996,-2.96088881518362E-16));
#4113=DIRECTION('',(-0.819152044288995,-0.573576436351041,7.66911719789195E-16));
#4114=DIRECTION('',(-0.57357643635104,0.819152044288996,2.96088881518362E-16));
#4115=DIRECTION('',(0.819152044288997,0.573576436351039,-7.66911719789195E-16));
#4116=DIRECTION('center_axis',(7.98046908558976E-16,1.97340678645526E-16,
1.));
#4117=DIRECTION('ref_axis',(-0.819152044288992,-0.573576436351045,7.66911719789193E-16));
#4118=DIRECTION('',(0.819152044288997,0.573576436351039,-7.66911719789195E-16));
#4119=DIRECTION('',(-0.57357643635104,0.819152044288996,2.96088881518362E-16));
#4120=DIRECTION('',(-0.819152044288995,-0.573576436351041,7.66911719789195E-16));
#4121=DIRECTION('',(-0.57357643635104,0.819152044288996,2.96088881518362E-16));
#4122=DIRECTION('',(0.819152044288995,0.573576436351041,-7.66911719789195E-16));
#4123=DIRECTION('',(-0.57357643635104,0.819152044288996,2.96088881518361E-16));
#4124=DIRECTION('center_axis',(0.57357643635104,-0.819152044288996,-2.96088881518358E-16));
#4125=DIRECTION('ref_axis',(-7.9804690855897E-16,-1.97340678645525E-16,
-1.));
#4126=DIRECTION('',(0.57357643635104,-0.819152044288996,-2.96088881518357E-16));
#4127=DIRECTION('center_axis',(0.573576436351041,-0.819152044288995,-2.96089305034833E-16));
#4128=DIRECTION('ref_axis',(-7.9804690855897E-16,-1.97340678645525E-16,
-1.));
#4129=DIRECTION('',(-0.57357643635104,0.819152044288996,2.96088881518358E-16));
#4130=DIRECTION('center_axis',(-0.573576436351039,0.819152044288997,1.53953517590997E-15));
#4131=DIRECTION('ref_axis',(-7.98046908558969E-16,-1.97340678645525E-16,
-1.));
#4132=DIRECTION('center_axis',(-7.9804690855897E-16,-1.97340678645525E-16,
-1.));
#4133=DIRECTION('ref_axis',(-0.819152044288996,-0.57357643635104,7.66911719789188E-16));
#4134=DIRECTION('',(-0.57357643635104,0.819152044288996,2.96088881518358E-16));
#4135=DIRECTION('',(0.819152044288995,0.573576436351041,-7.66911719789189E-16));
#4136=DIRECTION('',(-0.819152044288996,-0.573576436351039,7.66911719789189E-16));
#4137=DIRECTION('center_axis',(0.57357643635104,-0.819152044288996,-2.96088881518358E-16));
#4138=DIRECTION('ref_axis',(-7.9804690855897E-16,-1.97340678645525E-16,
-1.));
#4139=DIRECTION('',(0.57357643635104,-0.819152044288996,-2.96088881518358E-16));
#4140=DIRECTION('center_axis',(0.573576436351041,-0.819152044288995,-2.96089305034833E-16));
#4141=DIRECTION('ref_axis',(-7.9804690855897E-16,-1.97340678645525E-16,
-1.));
#4142=DIRECTION('center_axis',(-0.573576436351039,0.819152044288997,1.53953517590997E-15));
#4143=DIRECTION('ref_axis',(-7.98046908558969E-16,-1.97340678645525E-16,
-1.));
#4144=DIRECTION('center_axis',(0.819152044288996,0.57357643635104,3.09280658517048E-15));
#4145=DIRECTION('ref_axis',(1.65043773699735E-15,3.03507436604658E-15,-1.));
#4146=DIRECTION('',(2.53347883683288E-15,1.77396097944511E-15,-1.));
#4147=DIRECTION('',(-0.573576436351039,0.819152044288997,2.57118266066219E-15));
#4148=DIRECTION('',(-2.36364898840933E-15,-2.01650313895651E-15,1.));
#4149=DIRECTION('center_axis',(-0.57357643635104,0.819152044288996,2.5711826606622E-15));
#4150=DIRECTION('ref_axis',(0.57922796533957,0.405579787672633,0.70710678118655));
#4151=DIRECTION('',(0.573576436351039,-0.819152044288997,-2.57118266066219E-15));
#4152=DIRECTION('center_axis',(0.573576436351041,-0.819152044288995,-2.96089305034833E-16));
#4153=DIRECTION('ref_axis',(0.57922796533957,0.405579787672633,0.70710678118655));
#4154=DIRECTION('center_axis',(-0.57357643635104,0.819152044288996,2.96088881518358E-16));
#4155=DIRECTION('ref_axis',(7.98046908558969E-16,1.97340678645524E-16,1.));
#4156=DIRECTION('center_axis',(0.573576436351041,-0.819152044288995,-2.96089305034833E-16));
#4157=DIRECTION('ref_axis',(7.98046908558969E-16,1.97340678645524E-16,1.));
#4158=DIRECTION('',(-0.57357643635104,0.819152044288996,2.96088881518358E-16));
#4159=DIRECTION('center_axis',(0.573576436351041,-0.819152044288995,-2.96089305034833E-16));
#4160=DIRECTION('ref_axis',(7.98046908558969E-16,1.97340678645524E-16,1.));
#4161=DIRECTION('',(-0.57357643635104,0.819152044288996,2.96088881518358E-16));
#4162=DIRECTION('center_axis',(-7.9804690855897E-16,-1.97340678645525E-16,
-1.));
#4163=DIRECTION('ref_axis',(-0.819152044288996,-0.57357643635104,7.66911719789188E-16));
#4164=DIRECTION('',(0.819152044288995,0.573576436351041,-7.66911719789189E-16));
#4165=DIRECTION('',(-0.57357643635104,0.819152044288996,2.96088881518358E-16));
#4166=DIRECTION('',(0.819152044288995,0.573576436351041,-7.66911719789189E-16));
#4167=DIRECTION('center_axis',(-0.57357643635104,0.819152044288996,2.96088881518358E-16));
#4168=DIRECTION('ref_axis',(7.98046908558969E-16,1.97340678645524E-16,1.));
#4169=DIRECTION('center_axis',(0.573576436351041,-0.819152044288995,-2.96089305034833E-16));
#4170=DIRECTION('ref_axis',(7.98046908558969E-16,1.97340678645524E-16,1.));
#4171=DIRECTION('center_axis',(0.573576436351041,-0.819152044288995,-2.96089305034833E-16));
#4172=DIRECTION('ref_axis',(7.98046908558969E-16,1.97340678645524E-16,1.));
#4173=DIRECTION('',(-0.57357643635104,0.819152044288996,2.96088881518358E-16));
#4174=DIRECTION('center_axis',(0.57357643635104,-0.819152044288996,-2.5711826606622E-15));
#4175=DIRECTION('ref_axis',(-0.57922796533957,-0.40557978767264,0.707106781186546));
#4176=DIRECTION('',(0.573576436351039,-0.819152044288996,-2.5711826606622E-15));
#4177=DIRECTION('center_axis',(0.573576436351041,-0.819152044288995,-2.96089305034833E-16));
#4178=DIRECTION('ref_axis',(-0.57922796533957,-0.40557978767264,0.707106781186546));
#4179=DIRECTION('',(-0.573576436351039,0.819152044288997,2.57118266066219E-15));
#4180=DIRECTION('center_axis',(-1.05870904912265E-15,-3.88015051216696E-15,
1.));
#4181=DIRECTION('ref_axis',(0.819152044288997,0.573576436351039,3.09280658517048E-15));
#4182=DIRECTION('center_axis',(-1.05870904912265E-15,-3.88015051216696E-15,
1.));
#4183=DIRECTION('ref_axis',(1.,-4.26150919579032E-15,1.05870904912264E-15));
#4184=DIRECTION('',(-0.819152044288995,-0.573576436351041,-3.09280658517048E-15));
#4185=DIRECTION('',(-0.498617479895885,0.501378707906835,0.707106781186512));
#4186=DIRECTION('',(0.299822971625637,-0.640395335465223,-0.707106781186517));
#4187=DIRECTION('center_axis',(1.05694698365873E-15,3.88039976518065E-15,
-1.));
#4188=DIRECTION('ref_axis',(1.,-4.20989973127788E-15,5.48662263370369E-16));
#4189=DIRECTION('',(-0.498617479895885,0.501378707906835,0.707106781186512));
#4190=DIRECTION('center_axis',(1.05870904912266E-15,3.88015051216696E-15,
-1.));
#4191=DIRECTION('ref_axis',(1.,-4.72740126614583E-15,9.92437913019982E-30));
#4192=DIRECTION('',(0.299822971625637,-0.640395335465223,-0.707106781186517));
#4193=DIRECTION('center_axis',(0.819152044288996,0.57357643635104,-7.66911719789189E-16));
#4194=DIRECTION('ref_axis',(-7.98046908558969E-16,-1.97340678645524E-16,
-1.));
#4195=DIRECTION('',(7.98047151478039E-16,1.9734033172114E-16,1.));
#4196=DIRECTION('',(7.98047151478039E-16,1.9734033172114E-16,1.));
#4197=DIRECTION('center_axis',(0.573576436351041,-0.819152044288995,-2.96089305034833E-16));
#4198=DIRECTION('ref_axis',(-7.98047151478037E-16,-1.97340331721139E-16,
-1.));
#4199=DIRECTION('',(1.14578990740334E-16,-2.81229226553721E-16,1.));
#4200=DIRECTION('',(-7.98047151478039E-16,-1.9734033172114E-16,-1.));
#4201=DIRECTION('center_axis',(-0.819152044288996,-0.57357643635104,7.66911719789189E-16));
#4202=DIRECTION('ref_axis',(7.98046908558969E-16,1.97340678645524E-16,1.));
#4203=DIRECTION('',(-7.98047151478039E-16,-1.9734033172114E-16,-1.));
#4204=DIRECTION('center_axis',(0.573576436351041,-0.819152044288995,-2.96089305034833E-16));
#4205=DIRECTION('ref_axis',(-7.98047151478037E-16,-1.97340331721139E-16,
-1.));
#4206=DIRECTION('',(7.98047151478039E-16,1.9734033172114E-16,1.));
#4207=DIRECTION('',(-7.98047151478039E-16,-1.9734033172114E-16,-1.));
#4208=DIRECTION('center_axis',(0.999095132438343,-0.0425313571145986,2.45573740609114E-15));
#4209=DIRECTION('ref_axis',(2.45796153575264E-15,-2.51449413539197E-30,
-1.));
#4210=DIRECTION('',(-7.49417859959961E-30,9.86076131526265E-32,1.));
#4211=DIRECTION('',(0.0425313571146022,0.999095132438343,1.1170413455516E-14));
#4212=DIRECTION('center_axis',(-0.819152044288995,-0.573576436351041,7.66911719789187E-16));
#4213=DIRECTION('ref_axis',(7.98047151478036E-16,1.97340331721138E-16,1.));
#4214=DIRECTION('',(1.51125840289002E-15,-8.21230895368944E-16,1.));
#4215=DIRECTION('',(0.573576436351041,-0.819152044288995,-2.96089305034832E-16));
#4216=DIRECTION('',(6.28217301302419E-16,4.39882493734763E-16,1.));
#4217=DIRECTION('center_axis',(7.69139382590485E-30,0.,-1.));
#4218=DIRECTION('ref_axis',(-1.,4.72740126614583E-15,-9.92437913019982E-30));
#4219=DIRECTION('',(-7.49417859959961E-30,9.86076131526265E-32,1.));
#4220=DIRECTION('center_axis',(1.41008886808255E-29,-2.46519032881565E-31,
-1.));
#4221=DIRECTION('ref_axis',(-1.,4.72740126614583E-15,-9.92437913019982E-30));
#4222=DIRECTION('',(7.49417859959961E-30,-9.86076131526265E-32,-1.));
#4223=DIRECTION('',(7.49417859959961E-30,-9.86076131526265E-32,-1.));
#4224=DIRECTION('',(0.496836589970361,-0.486619726892121,-0.718578210263894));
#4225=DIRECTION('',(-0.953188344759994,0.302377213780572,-1.8735446498999E-30));
#4226=DIRECTION('',(-0.286440275305271,0.633529160302526,0.718743884655318));
#4227=DIRECTION('center_axis',(0.819152044288995,0.573576436351041,1.58274134065109E-16));
#4228=DIRECTION('ref_axis',(-0.573576436351041,0.819152044288995,3.72582389156283E-17));
#4229=DIRECTION('',(-8.48025473112588E-30,1.97215226305253E-31,1.));
#4230=DIRECTION('',(0.573576436351041,-0.819152044288995,9.86076131526265E-30));
#4231=DIRECTION('',(-1.16356983520099E-29,1.97215226305253E-31,1.));
#4232=DIRECTION('center_axis',(0.906307787036648,-0.422618261740705,-1.77283426140466E-16));
#4233=DIRECTION('ref_axis',(0.422618261740704,0.906307787036648,-1.13905905453111E-16));
#4234=DIRECTION('',(1.16356983520099E-29,-1.97215226305253E-31,-1.));
#4235=DIRECTION('',(-0.422618261740704,-0.906307787036648,-5.81784917600496E-30));
#4236=DIRECTION('center_axis',(-0.573576439690567,0.819152041950634,7.18892887232434E-26));
#4237=DIRECTION('ref_axis',(-0.819152041950634,-0.573576439690567,7.66911722516622E-16));
#4238=DIRECTION('center_axis',(0.573576439690567,-0.819152041950634,-7.18892887232434E-26));
#4239=DIRECTION('ref_axis',(-0.579227963686101,-0.405579790034037,0.707106781186547));
#4240=DIRECTION('',(-0.819152041950634,-0.573576439690567,7.66911714886256E-16));
#4241=DIRECTION('center_axis',(0.573576439690567,-0.819152041950634,-7.18892887232434E-26));
#4242=DIRECTION('ref_axis',(-0.579227963686101,-0.405579790034038,-0.707106781186546));
#4243=DIRECTION('center_axis',(0.573576436351041,-0.819152044288995,-2.96089305034832E-16));
#4244=DIRECTION('ref_axis',(-0.579227965339571,-0.405579787672634,0.707106781186549));
#4245=DIRECTION('',(0.573576436351041,-0.819152044288995,-2.96089305034832E-16));
#4246=DIRECTION('center_axis',(0.573576436351039,-0.819152044288997,-1.53953517590997E-15));
#4247=DIRECTION('ref_axis',(-0.579227965339571,-0.405579787672634,0.707106781186549));
#4248=DIRECTION('center_axis',(0.573576436351041,-0.819152044288995,-2.96089305034832E-16));
#4249=DIRECTION('ref_axis',(0.579227965339572,0.405579787672634,0.707106781186548));
#4250=DIRECTION('center_axis',(0.573576436351039,-0.819152044288997,-1.53953517590997E-15));
#4251=DIRECTION('ref_axis',(0.579227965339572,0.405579787672634,0.707106781186548));
#4252=DIRECTION('',(-0.573576436351041,0.819152044288995,2.96089305034832E-16));
#4253=DIRECTION('center_axis',(-7.9804714844134E-16,-1.97340329614507E-16,
-1.));
#4254=DIRECTION('ref_axis',(-0.824126188622019,-0.566406236924828,7.69466348276088E-16));
#4255=DIRECTION('',(-0.819152044288996,-0.573576436351039,7.66911719789188E-16));
#4256=DIRECTION('center_axis',(1.69171325656111E-18,-6.97169880526506E-18,
-1.));
#4257=DIRECTION('ref_axis',(-0.178271624909223,-0.983981314737341,6.55843688522983E-18));
#4258=DIRECTION('center_axis',(1.69171325656042E-18,-6.97169880526511E-18,
-1.));
#4259=DIRECTION('ref_axis',(-0.178271624909223,-0.983981314737341,6.55843688522983E-18));
#4260=DIRECTION('',(-7.98046908558968E-16,-1.97340678645524E-16,-1.));
#4261=DIRECTION('center_axis',(-1.69171325655924E-18,6.97169880526507E-18,
1.));
#4262=DIRECTION('ref_axis',(-0.178271624909223,-0.983981314737341,6.55843688522983E-18));
#4263=DIRECTION('',(7.98046908558968E-16,1.97340678645524E-16,1.));
#4264=DIRECTION('center_axis',(2.1087410590677E-16,5.89578601195276E-17,
1.));
#4265=DIRECTION('ref_axis',(-0.824126188622019,-0.566406236924828,2.07180972867463E-16));
#4266=DIRECTION('center_axis',(1.69171325655924E-18,-6.97169880526507E-18,
-1.));
#4267=DIRECTION('ref_axis',(-0.824126188622019,-0.566406236924828,2.07180972867463E-16));
#4268=DIRECTION('',(-0.582745216528053,-0.4005096910359,-0.707106781186548));
#4269=DIRECTION('center_axis',(-2.1087410590677E-16,-5.89578601195276E-17,
-1.));
#4270=DIRECTION('ref_axis',(-0.82412618862202,-0.566406236924827,2.07180972867464E-16));
#4271=DIRECTION('center_axis',(2.1087410590677E-16,5.89578601195276E-17,
1.));
#4272=DIRECTION('ref_axis',(-0.824126188622019,-0.566406236924828,2.07180972867463E-16));
#4273=DIRECTION('center_axis',(1.69171325655924E-18,-6.97169880526507E-18,
-1.));
#4274=DIRECTION('ref_axis',(-0.824126188622019,-0.566406236924828,2.07180972867463E-16));
#4275=DIRECTION('',(-0.582745216528053,-0.400509691035899,-0.707106781186548));
#4276=DIRECTION('center_axis',(-2.1087410590677E-16,-5.89578601195276E-17,
-1.));
#4277=DIRECTION('ref_axis',(-0.82412618862202,-0.566406236924827,2.07180972867464E-16));
#4278=DIRECTION('center_axis',(1.69171325656042E-18,-6.97169880526511E-18,
-1.));
#4279=DIRECTION('ref_axis',(-0.178514539413968,-0.983937274026052,6.55771890496758E-18));
#4280=DIRECTION('',(1.67222131789343E-17,3.66822741733274E-18,-1.));
#4281=DIRECTION('center_axis',(-1.69171325656022E-18,6.97169880526511E-18,
1.));
#4282=DIRECTION('ref_axis',(-0.178514539413968,-0.983937274026052,6.55771890496758E-18));
#4283=DIRECTION('',(-1.69171325656033E-18,6.97169880526506E-18,1.));
#4284=DIRECTION('center_axis',(1.69171325656101E-18,-6.97169880526521E-18,
-1.));
#4285=DIRECTION('ref_axis',(-0.178514539413968,-0.983937274026052,6.55771890496758E-18));
#4286=DIRECTION('center_axis',(0.816195487868589,0.577775843717056,1.57680081348215E-17));
#4287=DIRECTION('ref_axis',(0.577775843717056,-0.816195487868589,9.30617808706631E-17));
#4288=DIRECTION('',(-3.08628765705954E-18,-2.29310280430325E-17,1.));
#4289=DIRECTION('',(-0.577775843717056,0.816195487868589,-6.66770016177471E-18));
#4290=DIRECTION('',(0.577775843717056,-0.816195487868589,6.66770016177416E-18));
#4291=DIRECTION('',(-0.577775843717056,0.816195487868589,-6.66770016177371E-18));
#4292=DIRECTION('center_axis',(3.08628765705874E-18,2.29310280430329E-17,
-1.));
#4293=DIRECTION('ref_axis',(0.158562850235258,0.987348885918889,-6.61525617259935E-18));
#4294=DIRECTION('',(1.99265849426507E-19,2.07979580890856E-17,-1.));
#4295=DIRECTION('center_axis',(1.69171325656022E-18,-6.97169880526511E-18,
-1.));
#4296=DIRECTION('ref_axis',(0.158562850235258,0.987348885918889,-6.61525617259935E-18));
#4297=DIRECTION('center_axis',(1.69171325655924E-18,-6.97169880526507E-18,
-1.));
#4298=DIRECTION('ref_axis',(0.158562850235258,0.987348885918889,-6.61525617259928E-18));
#4299=DIRECTION('center_axis',(-0.573576436351039,0.819152044288997,1.53953517590997E-15));
#4300=DIRECTION('ref_axis',(-1.65043773699734E-15,-3.03507436604657E-15,
1.));
#4301=DIRECTION('',(1.51125840289002E-15,-8.21230895368946E-16,1.));
#4302=DIRECTION('',(-1.51125840289002E-15,8.21230895368946E-16,-1.));
#4303=DIRECTION('center_axis',(-2.52382032415925E-16,1.84737980966097E-16,
-1.));
#4304=DIRECTION('ref_axis',(-0.819152041950633,-0.573576439690569,1.00777903806996E-16));
#4305=DIRECTION('',(-2.52382032415925E-16,1.84737980966098E-16,-1.));
#4306=DIRECTION('center_axis',(1.09454450599415E-29,-1.23259516440783E-31,
-1.));
#4307=DIRECTION('ref_axis',(-0.819152041950633,-0.573576439690569,1.00777903806996E-16));
#4308=DIRECTION('',(1.11394551679439E-16,4.39457087373845E-16,-1.));
#4309=DIRECTION('center_axis',(9.95936892841524E-30,-7.39557098644696E-32,
-1.));
#4310=DIRECTION('ref_axis',(0.819152041950632,0.573576439690569,1.05605572795716E-29));
#4311=DIRECTION('',(1.00579765415679E-29,-9.86076131526265E-32,-1.));
#4312=DIRECTION('center_axis',(9.95936892841524E-30,-7.39557098644696E-32,
-1.));
#4313=DIRECTION('ref_axis',(0.819152041950632,0.573576439690569,1.05605572795716E-29));
#4314=DIRECTION('',(-1.00579765415679E-29,4.93038065763131E-32,1.));
#4315=DIRECTION('center_axis',(-1.55800028781149E-29,3.45126646034191E-31,
1.));
#4316=DIRECTION('ref_axis',(0.819152041950632,0.573576439690569,1.05605572795716E-29));
#4317=DIRECTION('center_axis',(9.95936892841524E-30,-7.39557098644696E-32,
-1.));
#4318=DIRECTION('ref_axis',(0.819152041950632,0.573576439690569,1.05605572795716E-29));
#4319=DIRECTION('',(1.00579765415679E-29,-4.93038065763131E-32,-1.));
#4320=DIRECTION('center_axis',(-9.95936892841524E-30,7.39557098644696E-32,
1.));
#4321=DIRECTION('ref_axis',(0.819152041950632,0.573576439690569,1.05605572795716E-29));
#4322=DIRECTION('',(-1.00579765415679E-29,9.86076131526265E-32,1.));
#4323=DIRECTION('center_axis',(-1.47911419728939E-29,2.95822839457878E-31,
1.));
#4324=DIRECTION('ref_axis',(0.819152041950632,0.573576439690569,1.05605572795716E-29));
#4325=DIRECTION('center_axis',(-3.53985016578658E-18,2.33516544296881E-17,
-1.));
#4326=DIRECTION('ref_axis',(-0.984864623824638,-0.173325337844054,-4.57736489272877E-19));
#4327=DIRECTION('',(1.99265849425028E-19,2.07979580890855E-17,-1.));
#4328=DIRECTION('center_axis',(1.69171325655855E-18,-6.97169880526502E-18,
-1.));
#4329=DIRECTION('ref_axis',(-0.984864623824638,-0.173325337844054,-4.57736489272877E-19));
#4330=DIRECTION('',(3.53985016578669E-18,-2.33516544296879E-17,1.));
#4331=DIRECTION('center_axis',(1.69171325655845E-18,-6.97169880526502E-18,
-1.));
#4332=DIRECTION('ref_axis',(-0.984864623824638,-0.173325337844053,-4.57736489273617E-19));
#4333=DIRECTION('center_axis',(1.99265849423154E-19,2.0797958089085E-17,
-1.));
#4334=DIRECTION('ref_axis',(0.999961923064171,-0.00872653549837958,1.77641424338787E-20));
#4335=DIRECTION('',(-1.99265849425028E-19,-2.07979580890855E-17,1.));
#4336=DIRECTION('center_axis',(-1.69171325655855E-18,6.97169880526502E-18,
1.));
#4337=DIRECTION('ref_axis',(0.999961923064171,-0.00872653549837984,1.77641424349407E-20));
#4338=DIRECTION('center_axis',(-1.69171325655845E-18,6.97169880526502E-18,
1.));
#4339=DIRECTION('ref_axis',(0.999961923064171,-0.00872653549837984,1.77641424349407E-20));
#4340=DIRECTION('center_axis',(-6.79110639566024E-19,2.0858064133108E-17,
-1.));
#4341=DIRECTION('ref_axis',(0.665098032137492,-0.746756056317481,6.33131346353247E-18));
#4342=DIRECTION('',(-6.79110639565632E-19,2.08580641331075E-17,-1.));
#4343=DIRECTION('center_axis',(1.69171325655855E-18,-6.97169880526502E-18,
-1.));
#4344=DIRECTION('ref_axis',(0.665098032137492,-0.746756056317481,6.33131346353247E-18));
#4345=DIRECTION('center_axis',(1.69171325655845E-18,-6.97169880526502E-18,
-1.));
#4346=DIRECTION('ref_axis',(0.665098032137491,-0.746756056317481,6.33131346353321E-18));
#4347=DIRECTION('center_axis',(0.998885149836103,-0.0472065401920828,-1.66299057578293E-18));
#4348=DIRECTION('ref_axis',(-0.0472065401920826,-0.998885149836103,1.10626675311527E-16));
#4349=DIRECTION('',(-0.0472065401920828,-0.998885149836103,6.88406647587014E-18));
#4350=DIRECTION('',(1.98610955124915E-18,6.79788774177612E-18,1.));
#4351=DIRECTION('',(0.0472065401920826,0.998885149836103,-6.88406647586989E-18));
#4352=DIRECTION('',(0.0472065401920831,0.998885149836103,-6.88406647587009E-18));
#4353=DIRECTION('',(7.9804690855897E-16,1.97340678645524E-16,1.));
#4354=DIRECTION('center_axis',(1.69171325655845E-18,-6.97169880526502E-18,
-1.));
#4355=DIRECTION('ref_axis',(-0.680057323422214,0.733158943790373,-6.26182532174765E-18));
#4356=DIRECTION('',(1.69171325655875E-18,-6.97169880526496E-18,-1.));
#4357=DIRECTION('center_axis',(-1.69171325655855E-18,6.97169880526502E-18,
1.));
#4358=DIRECTION('ref_axis',(-0.680057323422214,0.733158943790373,-6.26182532174765E-18));
#4359=DIRECTION('center_axis',(1.69171325655963E-18,-6.97169880526512E-18,
-1.));
#4360=DIRECTION('ref_axis',(-0.680057323422214,0.733158943790373,-6.26182532174765E-18));
#4361=DIRECTION('center_axis',(-0.81202505142868,0.583622579971208,1.65029998177711E-17));
#4362=DIRECTION('ref_axis',(0.583622579971208,0.81202505142868,-8.75716608792984E-17));
#4363=DIRECTION('',(-0.583622579971208,-0.81202505142868,4.67387202552494E-18));
#4364=DIRECTION('',(-1.61286265257476E-17,5.83622215901423E-18,-1.));
#4365=DIRECTION('',(0.583622579971208,0.812025051428681,-4.67387202552455E-18));
#4366=DIRECTION('',(7.9804690855897E-16,1.97340678645524E-16,1.));
#4367=DIRECTION('',(-0.583622579971208,-0.81202505142868,4.67387202552495E-18));
#4368=DIRECTION('center_axis',(1.69171325655845E-18,-6.97169880526502E-18,
-1.));
#4369=DIRECTION('ref_axis',(0.988152269711332,0.15347668182608,6.01677094848379E-19));
#4370=DIRECTION('center_axis',(-1.69171325655855E-18,6.97169880526502E-18,
1.));
#4371=DIRECTION('ref_axis',(0.988152269711332,0.15347668182608,6.01677094848379E-19));
#4372=DIRECTION('',(-1.69171325655875E-18,6.97169880526496E-18,1.));
#4373=DIRECTION('center_axis',(1.69171325655963E-18,-6.97169880526512E-18,
-1.));
#4374=DIRECTION('ref_axis',(0.988152269711332,0.15347668182608,6.01677094848379E-19));
#4375=DIRECTION('center_axis',(1.69171325655845E-18,-6.97169880526502E-18,
-1.));
#4376=DIRECTION('ref_axis',(-0.999961923064171,0.00872653549838023,-1.75248761841278E-18));
#4377=DIRECTION('center_axis',(1.69171325655855E-18,-6.97169880526502E-18,
-1.));
#4378=DIRECTION('ref_axis',(-0.999961923064171,0.00872653549838023,-1.75248761841278E-18));
#4379=DIRECTION('',(1.69171325655875E-18,-6.97169880526496E-18,-1.));
#4380=DIRECTION('center_axis',(-1.69171325655963E-18,6.97169880526512E-18,
1.));
#4381=DIRECTION('ref_axis',(-0.999961923064171,0.00872653549838023,-1.75248761841278E-18));
#4382=DIRECTION('center_axis',(-1.69171325655845E-18,6.97169880526502E-18,
1.));
#4383=DIRECTION('ref_axis',(0.913595021469798,0.40662530263819,-1.28932832764514E-18));
#4384=DIRECTION('center_axis',(-1.69171325655855E-18,6.97169880526502E-18,
1.));
#4385=DIRECTION('ref_axis',(0.913595021469798,0.40662530263819,-1.28932832764514E-18));
#4386=DIRECTION('',(-1.33560924609096E-17,-2.23310447467425E-17,1.));
#4387=DIRECTION('center_axis',(1.69171325655963E-18,-6.97169880526512E-18,
-1.));
#4388=DIRECTION('ref_axis',(0.913595021469798,0.40662530263819,-1.28932832764514E-18));
#4389=DIRECTION('center_axis',(-0.369839855388191,-0.929095517891698,-2.56872888883327E-17));
#4390=DIRECTION('ref_axis',(-0.929095517891698,0.36983985538819,-4.50572886476281E-17));
#4391=DIRECTION('',(-0.929095517891698,0.36983985538819,-4.15017528217924E-18));
#4392=DIRECTION('',(0.929095517891698,-0.36983985538819,4.15017528217973E-18));
#4393=DIRECTION('',(2.62127911385302E-18,2.66041918445826E-17,-1.));
#4394=DIRECTION('',(0.929095517891698,-0.369839855388191,4.15017528217954E-18));
#4395=DIRECTION('',(-7.98046908558975E-16,-1.97340678645527E-16,-1.));
#4396=DIRECTION('center_axis',(2.62127911385212E-18,2.66041918445825E-17,
-1.));
#4397=DIRECTION('ref_axis',(-0.921689638423486,-0.387928099552977,1.14528328842572E-18));
#4398=DIRECTION('center_axis',(1.69171325655855E-18,-6.97169880526502E-18,
-1.));
#4399=DIRECTION('ref_axis',(-0.921689638423486,-0.387928099552977,1.14528328842572E-18));
#4400=DIRECTION('',(-1.99265849425028E-19,-2.07979580890855E-17,1.));
#4401=DIRECTION('center_axis',(1.69171325655845E-18,-6.97169880526502E-18,
-1.));
#4402=DIRECTION('ref_axis',(-0.921689638423486,-0.387928099552976,1.14528328842498E-18));
#4403=DIRECTION('center_axis',(1.99265849423943E-19,2.07979580890849E-17,
-1.));
#4404=DIRECTION('ref_axis',(0.999961923064171,-0.00872653549837984,1.77641424349407E-20));
#4405=DIRECTION('center_axis',(-1.69171325655845E-18,6.97169880526502E-18,
1.));
#4406=DIRECTION('ref_axis',(0.999961923064171,-0.00872653549838069,1.77641424360026E-20));
#4407=DIRECTION('center_axis',(-1.69171325656022E-18,6.97169880526511E-18,
1.));
#4408=DIRECTION('ref_axis',(0.999961923064171,-0.00872653549838112,1.77641424372162E-20));
#4409=DIRECTION('center_axis',(-1.69171325655963E-18,6.97169880526512E-18,
1.));
#4410=DIRECTION('ref_axis',(-0.999961923064171,0.00872653549838048,-1.75248761841406E-18));
#4411=DIRECTION('center_axis',(1.69171325655963E-18,-6.97169880526512E-18,
-1.));
#4412=DIRECTION('ref_axis',(0.913716450099025,0.406352370263096,-1.28722010290801E-18));
#4413=DIRECTION('center_axis',(-1.69171325655963E-18,6.97169880526512E-18,
1.));
#4414=DIRECTION('ref_axis',(-0.999961923064171,0.00872653549838065,-1.75248761841347E-18));
#4415=DIRECTION('center_axis',(1.69171325655963E-18,-6.97169880526512E-18,
-1.));
#4416=DIRECTION('ref_axis',(0.988121691008695,0.153673432180443,6.00253680242365E-19));
#4417=DIRECTION('center_axis',(2.10874105906771E-16,5.89578601195277E-17,
1.));
#4418=DIRECTION('ref_axis',(-0.824126188622019,-0.566406236924828,2.07180972867464E-16));
#4419=DIRECTION('center_axis',(1.69171325655845E-18,-6.97169880526502E-18,
-1.));
#4420=DIRECTION('ref_axis',(-0.824126188622019,-0.566406236924828,2.07180972867464E-16));
#4421=DIRECTION('',(-0.582745216528052,-0.4005096910359,-0.707106781186548));
#4422=DIRECTION('center_axis',(-2.10874105906771E-16,-5.89578601195277E-17,
-1.));
#4423=DIRECTION('ref_axis',(-0.824126188622019,-0.566406236924828,2.07180972867464E-16));
#4424=DIRECTION('center_axis',(-1.69171325655943E-18,6.97169880526487E-18,
1.));
#4425=DIRECTION('ref_axis',(-0.679883717938214,0.73331993705511,-6.26265402760144E-18));
#4426=DIRECTION('center_axis',(1.69171325655963E-18,-6.97169880526512E-18,
-1.));
#4427=DIRECTION('ref_axis',(-0.679883717938214,0.73331993705511,-6.26265402760144E-18));
#4428=DIRECTION('center_axis',(-1.69171325655845E-18,6.97169880526502E-18,
1.));
#4429=DIRECTION('ref_axis',(-0.679883717938214,0.73331993705511,-6.26265402760144E-18));
#4430=DIRECTION('',(-7.98046908558975E-16,-1.97340678645527E-16,-1.));
#4431=DIRECTION('center_axis',(-3.13220937966949E-16,-5.41002052053001E-16,
1.));
#4432=DIRECTION('ref_axis',(0.83292123903197,0.553391551769132,5.60274336838088E-16));
#4433=DIRECTION('center_axis',(4.21092129927991E-16,5.12536815326407E-16,
-1.));
#4434=DIRECTION('ref_axis',(0.83292123903197,0.553391551769132,5.60274336838088E-16));
#4435=DIRECTION('',(3.13220937966949E-16,5.41002052053001E-16,-1.));
#4436=DIRECTION('center_axis',(-2.10874112223873E-16,-5.89578585379388E-17,
-1.));
#4437=DIRECTION('ref_axis',(0.83292123903197,0.553391551769132,5.60274336838088E-16));
#4438=DIRECTION('center_axis',(-4.21092129927991E-16,-5.12536815326407E-16,
1.));
#4439=DIRECTION('ref_axis',(0.82412618690442,0.56640623942395,6.37337101508381E-16));
#4440=DIRECTION('center_axis',(-1.69171325655943E-18,6.97169880526487E-18,
1.));
#4441=DIRECTION('ref_axis',(0.913716450099025,0.406352370263096,-1.28722010290801E-18));
#4442=DIRECTION('center_axis',(-1.69171325655845E-18,6.97169880526502E-18,
1.));
#4443=DIRECTION('ref_axis',(0.913716450099025,0.406352370263096,-1.28722010290801E-18));
#4444=DIRECTION('',(-7.98046908558975E-16,-1.97340678645527E-16,-1.));
#4445=DIRECTION('center_axis',(1.69171325655943E-18,-6.97169880526487E-18,
-1.));
#4446=DIRECTION('ref_axis',(-0.999961923064171,0.00872653549838065,-1.75248761841347E-18));
#4447=DIRECTION('center_axis',(-1.69171325655845E-18,6.97169880526502E-18,
1.));
#4448=DIRECTION('ref_axis',(-0.999961923064171,0.00872653549838065,-1.75248761841347E-18));
#4449=DIRECTION('',(-7.98046908558975E-16,-1.97340678645527E-16,-1.));
#4450=DIRECTION('center_axis',(1.69171325655943E-18,-6.97169880526487E-18,
-1.));
#4451=DIRECTION('ref_axis',(0.988121691008695,0.153673432180443,6.00253680242365E-19));
#4452=DIRECTION('center_axis',(-1.69171325655845E-18,6.97169880526502E-18,
1.));
#4453=DIRECTION('ref_axis',(0.988121691008695,0.153673432180443,6.00253680242365E-19));
#4454=DIRECTION('center_axis',(-1.85037170770847E-16,1.1339875512552E-30,
-1.));
#4455=DIRECTION('ref_axis',(0.819152041950633,0.573576439690568,-1.51573576273705E-16));
#4456=DIRECTION('center_axis',(-1.85037170770847E-16,1.1339875512552E-30,
-1.));
#4457=DIRECTION('ref_axis',(0.819152041950633,0.573576439690568,-1.51573576273705E-16));
#4458=DIRECTION('',(1.85037170770847E-16,-1.10933564796705E-30,1.));
#4459=DIRECTION('center_axis',(-1.62702561701833E-29,3.45126646034191E-31,
1.));
#4460=DIRECTION('ref_axis',(0.819152041950633,0.573576439690568,-1.51573576273705E-16));
#4461=DIRECTION('',(-1.85037170770847E-16,1.15863945454336E-30,-1.));
#4462=DIRECTION('center_axis',(-1.55800028781149E-29,3.45126646034191E-31,
1.));
#4463=DIRECTION('ref_axis',(-1.,9.2148511043888E-15,-2.04117759225937E-29));
#4464=DIRECTION('',(0.422618261740704,0.906307787036648,6.40949485492072E-30));
#4465=DIRECTION('center_axis',(1.55800028781149E-29,-3.45126646034191E-31,
-1.));
#4466=DIRECTION('ref_axis',(-1.,5.15716501761363E-15,-1.09422641691947E-29));
#4467=DIRECTION('',(-0.573576436351043,0.819152044288994,-9.41702705607583E-30));
#4468=DIRECTION('center_axis',(-1.55800028781149E-29,3.45126646034191E-31,
1.));
#4469=DIRECTION('ref_axis',(0.819152041950634,0.573576439690567,-2.2736036441056E-16));
#4470=DIRECTION('center_axis',(1.62702561701833E-29,-3.45126646034191E-31,
-1.));
#4471=DIRECTION('ref_axis',(1.,-8.98751972315603E-15,1.79774423978938E-29));
#4472=DIRECTION('center_axis',(-1.70591170754043E-29,1.97215226305252E-31,
1.));
#4473=DIRECTION('ref_axis',(0.819152041950635,0.573576439690566,-2.27360364410558E-16));
#4474=DIRECTION('center_axis',(-1.47911419728939E-29,2.95822839457878E-31,
1.));
#4475=DIRECTION('ref_axis',(-0.996194698090791,-0.0871557427585692,-1.21935742172809E-29));
#4476=DIRECTION('',(1.39036734545203E-29,-9.86076131526263E-32,-1.));
#4477=DIRECTION('center_axis',(2.10874112223873E-16,5.89578585379388E-17,
1.));
#4478=DIRECTION('ref_axis',(0.999961923064171,-0.00872653549838262,1.75248761841678E-18));
#4479=DIRECTION('',(-1.45939267465887E-29,4.93038065763132E-32,1.));
#4480=DIRECTION('center_axis',(-1.41008886808255E-29,2.46519032881565E-31,
1.));
#4481=DIRECTION('ref_axis',(-1.,8.32667268468867E-15,-1.83410160463885E-29));
#4482=DIRECTION('center_axis',(-1.47911419728939E-29,2.95822839457878E-31,
1.));
#4483=DIRECTION('ref_axis',(0.819152041950633,0.573576439690569,1.22146204679382E-29));
#4484=DIRECTION('center_axis',(-1.62702561701833E-29,2.46519032881565E-31,
1.));
#4485=DIRECTION('ref_axis',(0.819152041950634,0.573576439690567,-3.97998606079212E-17));
#4486=DIRECTION('center_axis',(1.47911419728939E-29,-2.95822839457878E-31,
-1.));
#4487=DIRECTION('ref_axis',(1.,-8.53436746820699E-15,1.73066423084202E-29));
#4488=DIRECTION('center_axis',(-1.47911419728939E-29,2.95822839457878E-31,
1.));
#4489=DIRECTION('ref_axis',(0.819152041950634,0.573576439690567,-2.27360364410561E-16));
#4490=DIRECTION('',(-0.996194698091746,-0.0871557427476538,-1.44953191334361E-29));
#4491=DIRECTION('center_axis',(-1.41008886808255E-29,2.46519032881565E-31,
1.));
#4492=DIRECTION('ref_axis',(1.,-8.15674058908279E-15,1.65016822010518E-29));
#4493=DIRECTION('',(1.08468374467889E-29,-6.93889390390722E-17,-1.));
#4494=DIRECTION('center_axis',(2.10874112223872E-16,5.89578585379387E-17,
1.));
#4495=DIRECTION('ref_axis',(0.999961923064171,-0.00872653549838308,1.75248761841772E-18));
#4496=DIRECTION('',(-1.39036734545203E-29,9.86076131526263E-32,1.));
#4497=DIRECTION('center_axis',(1.69171325655864E-18,-6.97169880526482E-18,
-1.));
#4498=DIRECTION('ref_axis',(-0.999961923064171,0.00872653549838019,-1.75248761841265E-18));
#4499=DIRECTION('center_axis',(-1.69171325655766E-18,6.97169880526497E-18,
1.));
#4500=DIRECTION('ref_axis',(-0.999961923064171,0.00872653549838019,-1.75248761841265E-18));
#4501=DIRECTION('',(-7.98046908558975E-16,-1.97340678645527E-16,-1.));
#4502=DIRECTION('center_axis',(-1.69171325655963E-18,6.97169880526512E-18,
1.));
#4503=DIRECTION('ref_axis',(-0.999961923064171,0.00872653549838065,-1.75248761841347E-18));
#4504=DIRECTION('center_axis',(-1.69171325655884E-18,6.97169880526512E-18,
1.));
#4505=DIRECTION('ref_axis',(-0.999961923064171,0.00872653549838009,-1.75248761841298E-18));
#4506=DIRECTION('center_axis',(1.69171325655963E-18,-6.97169880526512E-18,
-1.));
#4507=DIRECTION('ref_axis',(-0.493940612530093,0.869495641905925,-6.89746761003151E-18));
#4508=DIRECTION('',(0.967242321131819,-0.253854864463005,3.40609631225622E-18));
#4509=DIRECTION('center_axis',(1.69171325656022E-18,-6.97169880526517E-18,
-1.));
#4510=DIRECTION('ref_axis',(-0.493676008113844,0.869645904384526,-6.89806755997451E-18));
#4511=DIRECTION('center_axis',(-1.69171325656022E-18,6.97169880526517E-18,
1.));
#4512=DIRECTION('ref_axis',(-0.999961923064171,0.00872653549838052,-1.75248761841447E-18));
#4513=DIRECTION('center_axis',(1.69171325655766E-18,-6.97169880526497E-18,
-1.));
#4514=DIRECTION('ref_axis',(-0.999961923064171,0.00872653549837975,-1.75248761841194E-18));
#4515=DIRECTION('',(-1.69171325655954E-18,6.97169880526501E-18,1.));
#4516=DIRECTION('center_axis',(1.69171325656022E-18,-6.97169880526511E-18,
-1.));
#4517=DIRECTION('ref_axis',(-0.999961923064171,0.00872653549838099,-1.75248761841548E-18));
#4518=DIRECTION('center_axis',(-0.963773968751848,0.266720335100855,9.85297243737262E-18));
#4519=DIRECTION('ref_axis',(-0.266720335100855,-0.963773968751848,1.08461234295297E-16));
#4520=DIRECTION('',(-8.5788623442785E-30,2.95822839457879E-31,1.));
#4521=DIRECTION('',(0.266720335100857,0.963773968751847,4.73316543132607E-30));
#4522=DIRECTION('',(-1.4791141972894E-29,2.95822839457879E-31,1.));
#4523=DIRECTION('',(0.266720335100855,0.963773968751848,-1.08461234295297E-16));
#4524=DIRECTION('',(-5.49372234830152E-16,-8.52047919241745E-16,1.));
#4525=DIRECTION('center_axis',(8.67746995743111E-30,-1.97215226305253E-31,
-1.));
#4526=DIRECTION('ref_axis',(-1.,5.15716501761363E-15,-1.09422641691947E-29));
#4527=DIRECTION('',(8.48025473112588E-30,-1.97215226305253E-31,-1.));
#4528=DIRECTION('center_axis',(1.62702561701833E-29,-2.46519032881565E-31,
-1.));
#4529=DIRECTION('ref_axis',(-1.,5.15716501761363E-15,-1.09422641691947E-29));
#4530=DIRECTION('',(8.5788623442785E-30,-2.95822839457879E-31,-1.));
#4531=DIRECTION('center_axis',(1.62702561701833E-29,-2.46519032881565E-31,
-1.));
#4532=DIRECTION('ref_axis',(-1.,5.15716501761363E-15,-1.09422641691947E-29));
#4533=DIRECTION('center_axis',(-2.11058022910501E-16,-5.20417042793031E-17,
-1.));
#4534=DIRECTION('ref_axis',(0.819152041950633,0.573576439690569,-1.07071926475101E-16));
#4535=DIRECTION('center_axis',(-1.17343059651625E-29,2.21867129593409E-31,
1.));
#4536=DIRECTION('ref_axis',(0.819152041950633,0.573576439690569,1.22146204679382E-29));
#4537=DIRECTION('center_axis',(1.0551014607331E-29,-6.93889390390724E-17,
-1.));
#4538=DIRECTION('ref_axis',(-0.996194698092642,-0.0871557427374149,6.0476445197028E-18));
#4539=DIRECTION('',(-1.16356983520099E-29,2.46519032881566E-31,1.));
#4540=DIRECTION('center_axis',(-1.62702561701833E-29,2.46519032881565E-31,
1.));
#4541=DIRECTION('ref_axis',(0.819152041950634,0.573576439690567,-3.97998606079212E-17));
#4542=DIRECTION('',(-1.08468374467889E-29,6.93889390390722E-17,1.));
#4543=DIRECTION('center_axis',(-2.10874112223873E-16,-5.89578585379388E-17,
-1.));
#4544=DIRECTION('ref_axis',(0.819152041950632,0.573576439690569,-3.97998606079267E-17));
#4545=DIRECTION('',(1.16356983520099E-29,-2.46519032881566E-31,-1.));
#4546=DIRECTION('center_axis',(-2.11058022910501E-16,-5.20417042793029E-17,
-1.));
#4547=DIRECTION('ref_axis',(0.819152041950633,0.573576439690569,-1.07071926475101E-16));
#4548=DIRECTION('center_axis',(1.17343059651625E-29,-2.21867129593409E-31,
-1.));
#4549=DIRECTION('ref_axis',(0.819152041950633,0.573576439690569,1.22146204679382E-29));
#4550=DIRECTION('center_axis',(0.861359605486408,-0.507995698836417,-1.27291543121157E-16));
#4551=DIRECTION('ref_axis',(0.507995698836417,0.861359605486408,-1.54122819952888E-16));
#4552=DIRECTION('',(5.49372234830152E-16,8.52047919241745E-16,-1.));
#4553=DIRECTION('',(-0.507995698836417,-0.861359605486408,1.54122819952887E-16));
#4554=DIRECTION('',(1.4791141972894E-29,-2.95822839457879E-31,-1.));
#4555=DIRECTION('',(-0.507995698836419,-0.861359605486407,-9.26911563634689E-30));
#4556=DIRECTION('center_axis',(-5.49372234830152E-16,-8.52047919241744E-16,
1.));
#4557=DIRECTION('ref_axis',(0.999998476913288,-0.00174532836590626,5.47884294686043E-16));
#4558=DIRECTION('center_axis',(-2.12104072556794E-16,-5.38391434808022E-17,
-1.));
#4559=DIRECTION('ref_axis',(0.999998476913288,-0.00174532836590626,5.47884294686043E-16));
#4560=DIRECTION('',(5.49372234830152E-16,8.52047919241745E-16,-1.));
#4561=DIRECTION('center_axis',(-1.73472740509605E-18,1.11022304220275E-16,
1.));
#4562=DIRECTION('ref_axis',(0.999998476913288,-0.00174532836590626,5.47884294686043E-16));
#4563=DIRECTION('',(-5.49372234830152E-16,-8.52047919241745E-16,1.));
#4564=DIRECTION('center_axis',(-2.12104072556794E-16,-5.38391434808022E-17,
-1.));
#4565=DIRECTION('ref_axis',(0.999998476913288,-0.00174532836590626,5.47884294686043E-16));
#4566=DIRECTION('center_axis',(1.17343059651625E-29,-2.21867129593409E-31,
-1.));
#4567=DIRECTION('ref_axis',(0.819152041950633,0.573576439690569,1.22146204679382E-29));
#4568=DIRECTION('center_axis',(9.98247727698835E-17,-2.47796627396276E-17,
1.));
#4569=DIRECTION('ref_axis',(0.81915204195063,0.573576439690573,-6.75586357207786E-17));
#4570=DIRECTION('',(9.79130178853339E-17,-1.86781448239284E-17,1.));
#4571=DIRECTION('center_axis',(-2.10874112223873E-16,-5.89578585379388E-17,
-1.));
#4572=DIRECTION('ref_axis',(0.81915204195063,0.573576439690573,-6.75586357207786E-17));
#4573=DIRECTION('',(9.98247727698835E-17,-2.47796627396274E-17,1.));
#4574=DIRECTION('center_axis',(2.45753452965045E-18,-1.18004913796666E-16,
-1.));
#4575=DIRECTION('ref_axis',(0.824126186312886,0.566406240284638,-7.0113264235011E-17));
#4576=DIRECTION('center_axis',(-0.952226682381728,0.30539211738401,6.99655272424553E-16));
#4577=DIRECTION('ref_axis',(0.305392117384009,0.952226682381728,-1.16041980802891E-16));
#4578=DIRECTION('',(9.79130178853339E-17,-1.86781448239284E-17,1.));
#4579=DIRECTION('',(-0.305392117384009,-0.952226682381728,1.0518862834272E-16));
#4580=DIRECTION('',(0.305392117384009,0.952226682381728,-1.16041980802889E-16));
#4581=DIRECTION('center_axis',(0.889726746262941,-0.456493501579551,-6.19958941918394E-16));
#4582=DIRECTION('ref_axis',(-0.456493501579551,-0.889726746262941,1.44726256731494E-16));
#4583=DIRECTION('',(-0.456493501579551,-0.889726746262941,1.44726256731492E-16));
#4584=DIRECTION('',(0.456493501579551,0.889726746262941,-9.79876217090808E-17));
#4585=DIRECTION('center_axis',(-1.62702561701833E-29,2.46519032881565E-31,
1.));
#4586=DIRECTION('ref_axis',(-1.,9.71445146547012E-15,-2.14964596672726E-29));
#4587=DIRECTION('center_axis',(1.70591170754043E-29,-1.97215226305252E-31,
-1.));
#4588=DIRECTION('ref_axis',(1.,-8.98751972315603E-15,1.79774423978938E-29));
#4589=DIRECTION('',(0.996194698091746,0.0871557427476523,1.68619018490991E-29));
#4590=DIRECTION('center_axis',(-1.70591170754043E-29,1.97215226305252E-31,
1.));
#4591=DIRECTION('ref_axis',(0.819152041950633,0.573576439690568,-1.51573576273705E-16));
#4592=DIRECTION('center_axis',(-1.70591170754043E-29,1.97215226305252E-31,
1.));
#4593=DIRECTION('ref_axis',(0.819152041950635,0.573576439690566,-2.27360364410558E-16));
#4594=DIRECTION('center_axis',(-1.47911419728939E-29,2.95822839457878E-31,
1.));
#4595=DIRECTION('ref_axis',(1.,-8.53436746820699E-15,1.73066423084202E-29));
#4596=DIRECTION('center_axis',(-2.10874112223873E-16,-5.89578585379388E-17,
-1.));
#4597=DIRECTION('ref_axis',(0.81915204195063,0.573576439690573,-6.75586357207786E-17));
#4598=DIRECTION('',(1.45939267465887E-29,-4.93038065763132E-32,-1.));
#4599=DIRECTION('center_axis',(-1.62702561701833E-29,2.46519032881565E-31,
1.));
#4600=DIRECTION('ref_axis',(-1.,9.71445146547012E-15,-2.14964596672726E-29));
#4601=DIRECTION('center_axis',(1.62702561701833E-29,-2.46519032881565E-31,
-1.));
#4602=DIRECTION('ref_axis',(1.,-8.53436746820699E-15,1.73066423084202E-29));
#4603=DIRECTION('center_axis',(-1.62702561701833E-29,2.46519032881565E-31,
1.));
#4604=DIRECTION('ref_axis',(0.819152041950633,0.573576439690569,1.22146204679382E-29));
#4605=DIRECTION('center_axis',(-1.47911419728939E-29,2.95822839457878E-31,
1.));
#4606=DIRECTION('ref_axis',(1.,-8.53436746820699E-15,1.73066423084202E-29));
#4607=DIRECTION('center_axis',(-2.10874112223873E-16,-5.89578585379388E-17,
-1.));
#4608=DIRECTION('ref_axis',(0.824126186312886,0.566406240284638,-7.0113264235011E-17));
#4609=DIRECTION('center_axis',(-1.85037170770847E-16,1.1339875512552E-30,
-1.));
#4610=DIRECTION('ref_axis',(0.819152041950633,0.573576439690568,-1.51573576273705E-16));
#4611=DIRECTION('',(-1.85037170770847E-16,1.10933564796705E-30,-1.));
#4612=DIRECTION('center_axis',(-1.85037170770846E-16,1.20794326111967E-30,
-1.));
#4613=DIRECTION('ref_axis',(0.819152041950633,0.573576439690568,-1.51573576273705E-16));
#4614=DIRECTION('',(1.85037170770847E-16,-1.15863945454336E-30,1.));
#4615=DIRECTION('center_axis',(1.17343059651625E-29,-2.21867129593409E-31,
-1.));
#4616=DIRECTION('ref_axis',(0.819152041950633,0.573576439690569,1.22146204679382E-29));
#4617=DIRECTION('center_axis',(9.79130178853338E-17,-1.86781448239284E-17,
1.));
#4618=DIRECTION('ref_axis',(0.824126186312886,0.566406240284638,-7.0113264235011E-17));
#4619=DIRECTION('center_axis',(-1.73472740509605E-18,1.11022304220275E-16,
1.));
#4620=DIRECTION('ref_axis',(0.824126186312886,0.566406240284638,-7.0113264235011E-17));
#4621=DIRECTION('center_axis',(-2.10874112223873E-16,-5.89578585379388E-17,
-1.));
#4622=DIRECTION('ref_axis',(0.81915204195063,0.573576439690573,-6.75586357207786E-17));
#4623=DIRECTION('',(-9.79130178853339E-17,1.86781448239284E-17,-1.));
#4624=DIRECTION('center_axis',(-0.253854864463005,-0.967242321131819,1.0713121448438E-16));
#4625=DIRECTION('ref_axis',(-0.967242321131819,0.253854864463005,1.39059584564747E-17));
#4626=DIRECTION('',(-7.98046908558975E-16,-1.97340678645527E-16,-1.));
#4627=DIRECTION('',(0.967242321131819,-0.253854864463005,3.40609631225395E-18));
#4628=DIRECTION('',(-7.13519112486243E-19,1.10946701191073E-16,1.));
#4629=DIRECTION('',(0.967242321131819,-0.253854864463005,3.40609631225543E-18));
#4630=DIRECTION('',(-2.39012594296288E-17,-1.04486498681238E-16,-1.));
#4631=DIRECTION('center_axis',(7.13519112485255E-19,-1.10946701191073E-16,
-1.));
#4632=DIRECTION('ref_axis',(0.511303251510294,-0.8594003636228,6.85645897701767E-18));
#4633=DIRECTION('',(-1.01178423001305E-18,-1.17974635752701E-16,-1.));
#4634=DIRECTION('center_axis',(1.69171325655943E-18,-6.97169880526507E-18,
-1.));
#4635=DIRECTION('ref_axis',(0.511303251510294,-0.8594003636228,6.85645897701767E-18));
#4636=DIRECTION('center_axis',(1.69171325655845E-18,-6.97169880526502E-18,
-1.));
#4637=DIRECTION('ref_axis',(0.511303251510294,-0.8594003636228,6.85645897701822E-18));
#4638=DIRECTION('center_axis',(-1.01178423001393E-18,-1.17974635752701E-16,
-1.));
#4639=DIRECTION('ref_axis',(0.999961923064171,-0.00872653549838069,1.77641424360026E-20));
#4640=DIRECTION('',(1.01178423001305E-18,1.17974635752701E-16,1.));
#4641=DIRECTION('center_axis',(-1.69171325655943E-18,6.97169880526507E-18,
1.));
#4642=DIRECTION('ref_axis',(0.999961923064171,-0.00872653549838069,1.77641424360026E-20));
#4643=DIRECTION('center_axis',(-1.69171325655845E-18,6.97169880526502E-18,
1.));
#4644=DIRECTION('ref_axis',(0.999961923064171,-0.00872653549838103,1.77641424366094E-20));
#4645=DIRECTION('center_axis',(-2.76995942853323E-18,-1.12184894585132E-16,
-1.));
#4646=DIRECTION('ref_axis',(0.460306220094259,0.887760206217048,-5.41049063443319E-18));
#4647=DIRECTION('',(-2.76995942853264E-18,-1.12184894585132E-16,-1.));
#4648=DIRECTION('center_axis',(1.69171325655943E-18,-6.97169880526507E-18,
-1.));
#4649=DIRECTION('ref_axis',(0.460306220094259,0.887760206217048,-5.41049063443319E-18));
#4650=DIRECTION('center_axis',(1.69171325655845E-18,-6.97169880526502E-18,
-1.));
#4651=DIRECTION('ref_axis',(0.46030622009426,0.887760206217048,-5.41049063443288E-18));
#4652=DIRECTION('center_axis',(-0.313897321052032,0.949456935219474,-1.05645243346682E-16));
#4653=DIRECTION('ref_axis',(0.949456935219475,0.313897321052032,-3.07184376787047E-17));
#4654=DIRECTION('',(0.949456935219474,0.313897321052032,-5.82188694308986E-19));
#4655=DIRECTION('',(-3.26089957749924E-17,1.00488356439945E-16,1.));
#4656=DIRECTION('',(-0.949456935219475,-0.313897321052032,5.82188694308E-19));
#4657=DIRECTION('',(-0.949456935219475,-0.313897321052031,5.8218869430869E-19));
#4658=DIRECTION('',(7.98046908558969E-16,1.97340678645524E-16,1.));
#4659=DIRECTION('center_axis',(-1.69171325655963E-18,6.97169880526512E-18,
1.));
#4660=DIRECTION('ref_axis',(-0.442367844321914,-0.896833702706351,5.50409490716273E-18));
#4661=DIRECTION('',(1.69171325655954E-18,-6.97169880526501E-18,-1.));
#4662=DIRECTION('center_axis',(-1.69171325655943E-18,6.97169880526507E-18,
1.));
#4663=DIRECTION('ref_axis',(-0.442367844321914,-0.896833702706351,5.50409490716273E-18));
#4664=DIRECTION('center_axis',(1.69171325656022E-18,-6.97169880526517E-18,
-1.));
#4665=DIRECTION('ref_axis',(-0.442367844321914,-0.896833702706351,5.50409490716273E-18));
#4666=DIRECTION('center_axis',(1.69171325655963E-18,-6.97169880526512E-18,
-1.));
#4667=DIRECTION('ref_axis',(-0.493676008113844,0.869645904384526,-6.89806755997451E-18));
#4668=DIRECTION('center_axis',(-1.69171325655943E-18,6.97169880526507E-18,
1.));
#4669=DIRECTION('ref_axis',(-0.493676008113844,0.869645904384526,-6.89806755997451E-18));
#4670=DIRECTION('center_axis',(-2.45753452965045E-18,1.18004913796666E-16,
1.));
#4671=DIRECTION('ref_axis',(0.824126186312889,0.566406240284633,-6.48134009990259E-17));
#4672=DIRECTION('',(-0.313690128934256,-0.949525409354173,1.11277759755117E-16));
#4673=DIRECTION('center_axis',(-2.45753452965045E-18,1.18004913796666E-16,
1.));
#4674=DIRECTION('ref_axis',(0.824126186312885,0.566406240284638,-7.6946634709633E-16));
#4675=DIRECTION('',(0.464240351740902,0.885709261448408,-1.03377158351668E-16));
#4676=DIRECTION('center_axis',(-2.45753452965045E-18,1.18004913796666E-16,
1.));
#4677=DIRECTION('ref_axis',(0.824126186312886,0.566406240284637,1.18712072603798E-16));
#4678=DIRECTION('center_axis',(2.10874105906771E-16,5.89578601195277E-17,
1.));
#4679=DIRECTION('ref_axis',(-0.824126188622019,-0.566406236924828,2.07180972867464E-16));
#4680=DIRECTION('center_axis',(1.69171325655845E-18,-6.97169880526502E-18,
-1.));
#4681=DIRECTION('ref_axis',(-0.824126188622019,-0.566406236924828,2.07180972867464E-16));
#4682=DIRECTION('',(-0.582745216528052,-0.4005096910359,-0.707106781186548));
#4683=DIRECTION('center_axis',(-2.10874105906771E-16,-5.89578601195277E-17,
-1.));
#4684=DIRECTION('ref_axis',(-0.824126188622019,-0.566406236924828,2.07180972867464E-16));
#4685=DIRECTION('center_axis',(1.69171325656032E-18,-6.97169880526507E-18,
-1.));
#4686=DIRECTION('ref_axis',(-0.493940612530093,0.869495641905925,-6.89746761003151E-18));
#4687=DIRECTION('center_axis',(-1.69171325655845E-18,6.97169880526502E-18,
1.));
#4688=DIRECTION('ref_axis',(-0.493940612530093,0.869495641905925,-6.89746761003151E-18));
#4689=DIRECTION('center_axis',(-1.69171325656032E-18,6.97169880526507E-18,
1.));
#4690=DIRECTION('ref_axis',(-0.442540611314931,-0.896748463805212,5.50320837500518E-18));
#4691=DIRECTION('center_axis',(1.69171325655963E-18,-6.97169880526512E-18,
-1.));
#4692=DIRECTION('ref_axis',(-0.442540611314931,-0.896748463805212,5.50320837500518E-18));
#4693=DIRECTION('center_axis',(-1.69171325655845E-18,6.97169880526502E-18,
1.));
#4694=DIRECTION('ref_axis',(-0.442540611314931,-0.896748463805212,5.50320837500518E-18));
#4695=DIRECTION('',(-7.98046908558975E-16,-1.97340678645527E-16,-1.));
#4696=DIRECTION('center_axis',(-7.98046908558976E-16,-1.97340678645528E-16,
-1.));
#4697=DIRECTION('ref_axis',(-0.390278735338821,-0.92069675178222,4.93151660036889E-16));
#4698=DIRECTION('center_axis',(-2.10874112223873E-16,-5.89578585379388E-17,
-1.));
#4699=DIRECTION('ref_axis',(0.824126186312885,0.566406240284638,-7.6946634709633E-16));
#4700=DIRECTION('',(-7.98046908558977E-16,-1.97340678645528E-16,-1.));
#4701=DIRECTION('',(-7.98046908558977E-16,-1.97340678645528E-16,-1.));
#4702=DIRECTION('center_axis',(-0.949525409354173,0.313690128934256,6.95861994605005E-16));
#4703=DIRECTION('ref_axis',(0.313690128934256,0.949525409354173,-1.22131112215287E-16));
#4704=DIRECTION('',(0.313690128934256,0.949525409354173,-1.22131112215285E-16));
#4705=DIRECTION('center_axis',(0.885709261448408,-0.464240351740901,-6.15224031913767E-16));
#4706=DIRECTION('ref_axis',(-0.464240351740902,-0.885709261448408,1.50115793374082E-16));
#4707=DIRECTION('',(-0.464240351740902,-0.885709261448408,1.50115793374079E-16));
#4708=DIRECTION('center_axis',(2.12104072556792E-16,5.38391434808019E-17,
1.));
#4709=DIRECTION('ref_axis',(0.819152041950633,0.573576439690569,-2.04626348374648E-16));
#4710=DIRECTION('center_axis',(1.69171325655864E-18,-6.97169880526502E-18,
-1.));
#4711=DIRECTION('ref_axis',(-0.999961923064171,0.00872653549838023,-1.75248761841278E-18));
#4712=DIRECTION('center_axis',(1.08468374467889E-29,-2.71170936169722E-31,
-1.));
#4713=DIRECTION('ref_axis',(-0.819152041950633,-0.573576439690568,1.00777903806995E-16));
#4714=DIRECTION('center_axis',(1.16356983520099E-29,-2.71170936169722E-31,
-1.));
#4715=DIRECTION('ref_axis',(-0.819152041950633,-0.573576439690568,1.00777903806994E-16));
#4716=DIRECTION('center_axis',(1.17343059651625E-29,-1.23259516440783E-31,
-1.));
#4717=DIRECTION('ref_axis',(-0.819152041950633,-0.573576439690568,-3.43311306043069E-16));
#4718=DIRECTION('center_axis',(2.12104072556791E-16,5.38391434808018E-17,
1.));
#4719=DIRECTION('ref_axis',(0.819152041950632,0.57357643969057,-7.66911718582091E-16));
#4720=DIRECTION('center_axis',(2.10874112223874E-16,5.89578585379389E-17,
1.));
#4721=DIRECTION('ref_axis',(-0.824126188622018,-0.56640623692483,2.07180977177733E-16));
#4722=DIRECTION('center_axis',(2.10874112223872E-16,5.89578585379387E-17,
1.));
#4723=DIRECTION('ref_axis',(0.819152041950633,0.573576439690568,-2.27360364410563E-16));
#4724=DIRECTION('center_axis',(2.10874112223873E-16,5.89578585379388E-17,
1.));
#4725=DIRECTION('ref_axis',(0.819152041950632,0.57357643969057,-2.27360364410566E-16));
#4726=DIRECTION('center_axis',(-1.69171325655924E-18,6.97169880526507E-18,
1.));
#4727=DIRECTION('ref_axis',(-0.999961923064171,0.00872653549838111,-1.75248761841446E-18));
#4728=DIRECTION('center_axis',(-2.52382032415926E-16,1.84737980966097E-16,
-1.));
#4729=DIRECTION('ref_axis',(-0.819152041950633,-0.573576439690569,1.00777903806996E-16));
#4730=DIRECTION('',(-2.52382032415924E-16,1.84737980966098E-16,-1.));
#4731=DIRECTION('center_axis',(1.69171325655845E-18,-6.97169880526507E-18,
-1.));
#4732=DIRECTION('ref_axis',(-0.999961923064171,0.00872653549838023,-1.75248761841278E-18));
#4733=DIRECTION('center_axis',(-1.69171325656101E-18,6.97169880526502E-18,
1.));
#4734=DIRECTION('ref_axis',(-0.999961923064171,0.00872653549838109,-1.75248761841582E-18));
#4735=DIRECTION('center_axis',(-1.69171325655963E-18,6.97169880526512E-18,
1.));
#4736=DIRECTION('ref_axis',(-0.999961923064171,0.00872653549838048,-1.75248761841406E-18));
#4737=DIRECTION('center_axis',(-1.69171325655963E-18,6.97169880526512E-18,
1.));
#4738=DIRECTION('ref_axis',(-0.999961923064171,0.00872653549838065,-1.75248761841347E-18));
#4739=DIRECTION('center_axis',(1.69171325655963E-18,-6.97169880526512E-18,
-1.));
#4740=DIRECTION('ref_axis',(-0.999961923064171,0.00872653549838065,-1.75248761841347E-18));
#4741=DIRECTION('center_axis',(-0.819152044288996,-0.57357643635104,7.66911719789189E-16));
#4742=DIRECTION('ref_axis',(7.98046908558969E-16,1.97340678645524E-16,1.));
#4743=DIRECTION('center_axis',(-2.10874105906771E-16,-5.89578601195276E-17,
-1.));
#4744=DIRECTION('ref_axis',(-0.824126188622019,-0.566406236924828,2.07180972867464E-16));
#4745=DIRECTION('',(-2.10874105906771E-16,-5.89578601195276E-17,-1.));
#4746=DIRECTION('center_axis',(-2.10874105906771E-16,-5.89578601195276E-17,
-1.));
#4747=DIRECTION('ref_axis',(-0.824126188622019,-0.566406236924828,2.07180972867464E-16));
#4748=DIRECTION('',(-2.10874105906771E-16,-5.89578601195276E-17,-1.));
#4749=DIRECTION('center_axis',(-2.10874105906772E-16,-5.89578601195277E-17,
-1.));
#4750=DIRECTION('ref_axis',(-0.824126188622019,-0.566406236924828,2.07180972867465E-16));
#4751=DIRECTION('',(-2.10874105906772E-16,-5.89578601195278E-17,-1.));
#4752=DIRECTION('center_axis',(-6.60758127151846E-17,3.05729117774663E-16,
-1.));
#4753=DIRECTION('ref_axis',(0.824126186312886,0.566406240284637,1.18712072603798E-16));
#4754=DIRECTION('',(-6.60758127151846E-17,3.05729117774663E-16,-1.));
#4755=DIRECTION('center_axis',(-2.10874105906772E-16,-5.89578601195277E-17,
-1.));
#4756=DIRECTION('ref_axis',(-0.824126188622019,-0.566406236924828,2.07180972867465E-16));
#4757=DIRECTION('',(-2.10874105906772E-16,-5.89578601195278E-17,-1.));
#4758=DIRECTION('center_axis',(-7.98046908558974E-16,-1.97340678645527E-16,
-1.));
#4759=DIRECTION('ref_axis',(0.819152041950631,0.573576439690571,-7.66911718582094E-16));
#4760=DIRECTION('',(7.98046908558974E-16,1.97340678645527E-16,1.));
#4761=DIRECTION('center_axis',(0.819152044288996,0.57357643635104,-7.66911719789189E-16));
#4762=DIRECTION('ref_axis',(-7.98046908558969E-16,-1.97340678645524E-16,
-1.));
#4763=DIRECTION('center_axis',(0.819152044288996,0.57357643635104,6.74488430669293E-17));
#4764=DIRECTION('ref_axis',(-1.45923397988269E-16,3.25993679287369E-16,
-1.));
#4765=DIRECTION('',(-5.52508576832058E-17,-3.86870670423265E-17,1.));
#4766=DIRECTION('center_axis',(-0.302377213780584,-0.953188344759991,-2.31727890908672E-30));
#4767=DIRECTION('ref_axis',(1.4791141972894E-30,1.82424084332359E-30,-1.));
#4768=DIRECTION('center_axis',(0.0871557427476538,-0.996194698091746,-3.35557560205574E-16));
#4769=DIRECTION('ref_axis',(0.996194698091746,0.0871557427476535,-1.16955894154116E-16));
#4770=DIRECTION('center_axis',(-2.11058022910502E-16,-5.20417042793031E-17,
-1.));
#4771=DIRECTION('ref_axis',(-0.819152041950632,-0.57357643969057,1.07071926475102E-16));
#4772=DIRECTION('center_axis',(-2.7755575615628E-16,1.35585468084861E-30,
-1.));
#4773=DIRECTION('ref_axis',(0.819152041950632,0.57357643969057,-2.27360364410566E-16));
#4774=DIRECTION('center_axis',(-2.11058022910502E-16,-5.20417042793031E-17,
-1.));
#4775=DIRECTION('ref_axis',(-0.819152041950632,-0.57357643969057,1.07071926475102E-16));
#4776=DIRECTION('center_axis',(-0.819152044288994,-0.573576436351043,-1.58274134065107E-16));
#4777=DIRECTION('ref_axis',(0.573576436351042,-0.819152044288994,-3.72582389156296E-17));
#4778=DIRECTION('',(8.48025473112588E-30,-1.4791141972894E-31,-1.));
#4779=DIRECTION('center_axis',(8.48025473112586E-30,0.,-1.));
#4780=DIRECTION('ref_axis',(-1.,5.15716501761363E-15,-1.09422641691947E-29));
#4781=DIRECTION('',(-8.48025473112588E-30,1.4791141972894E-31,1.));
#4782=DIRECTION('center_axis',(-0.906307787036648,0.422618261740704,1.77283426140467E-16));
#4783=DIRECTION('ref_axis',(-0.422618261740704,-0.906307787036648,1.13905905453111E-16));
#4784=DIRECTION('center_axis',(-2.11058022910502E-16,-5.2041704279303E-17,
-1.));
#4785=DIRECTION('ref_axis',(-0.819152041950633,-0.573576439690569,1.79333747721874E-16));
#4786=DIRECTION('center_axis',(-2.77555756156278E-16,1.57772181044202E-30,
-1.));
#4787=DIRECTION('ref_axis',(0.573576436373738,-0.819152044273103,-1.59199441511135E-16));
#4788=DIRECTION('center_axis',(-2.11058022910501E-16,-5.20417042793029E-17,
-1.));
#4789=DIRECTION('ref_axis',(0.819152041950633,0.573576439690569,-1.79333747721873E-16));
#4790=DIRECTION('center_axis',(-0.0871557427476523,0.996194698091746,3.35557560205574E-16));
#4791=DIRECTION('ref_axis',(-0.996194698091746,-0.0871557427476519,1.51164144368741E-16));
#4792=DIRECTION('center_axis',(1.11394551679438E-16,4.39457087373846E-16,
-1.));
#4793=DIRECTION('ref_axis',(-0.819152041950632,-0.573576439690569,-3.43311306043067E-16));
#4794=DIRECTION('',(1.11394551679439E-16,4.39457087373845E-16,-1.));
#4795=DIRECTION('center_axis',(-2.52382032415924E-16,1.84737980966097E-16,
-1.));
#4796=DIRECTION('ref_axis',(0.991444861385327,-0.130526192132572,-2.7433601434252E-16));
#4797=DIRECTION('center_axis',(7.97168812381323E-16,1.96731521651936E-16,
1.));
#4798=DIRECTION('ref_axis',(0.824126186312885,0.566406240284639,-7.6839765471974E-16));
#4799=DIRECTION('center_axis',(-5.19970409806274E-16,-1.77281911622849E-16,
-1.));
#4800=DIRECTION('ref_axis',(0.824126186312885,0.566406240284639,-5.28934811062692E-16));
#4801=DIRECTION('',(-7.97168812381323E-16,-1.96731521651936E-16,-1.));
#4802=DIRECTION('center_axis',(7.97168812381323E-16,1.96731521651936E-16,
1.));
#4803=DIRECTION('ref_axis',(0.824126186312885,0.566406240284639,-7.6839765471974E-16));
#4804=DIRECTION('center_axis',(2.09996016046225E-16,5.83487015443462E-17,
1.));
#4805=DIRECTION('ref_axis',(0.824126186312885,0.566406240284639,-2.06112284512298E-16));
#4806=DIRECTION('',(-7.97168812381323E-16,-1.96731521651936E-16,-1.));
#4807=DIRECTION('center_axis',(2.09996016046225E-16,5.83487015443462E-17,
1.));
#4808=DIRECTION('ref_axis',(0.824126186312885,0.566406240284639,-2.06112284512298E-16));
#4809=DIRECTION('',(0.,0.,1.));
#4810=DIRECTION('',(1.,1.14520951371847E-31,-9.86076131526265E-32));
#4811=DIRECTION('',(5.6228536369443E-16,-2.18533430568886E-16,1.));
#4812=DIRECTION('',(-0.819152044288991,0.573576436351046,7.9804690855898E-16));
#4813=CARTESIAN_POINT('',(0.,0.,0.));
#4814=CARTESIAN_POINT('',(0.,0.,0.));
#4815=CARTESIAN_POINT('',(0.,0.,0.));
#4816=CARTESIAN_POINT('Origin',(17.7296691838802,-25.3257281490868,3.40000000000023));
#4817=CARTESIAN_POINT('',(14.4286645237303,-31.012125438726,3.40000000000023));
#4818=CARTESIAN_POINT('',(12.3390230291507,-28.0278081034343,3.40000000000422));
#4819=CARTESIAN_POINT('',(14.4287097902971,-31.0121900860833,3.40000000000023));
#4820=CARTESIAN_POINT('',(14.425066978857,-31.0146444667654,3.40000000000023));
#4821=CARTESIAN_POINT('',(19.3154046832623,-27.5903931417496,3.40000000000023));
#4822=CARTESIAN_POINT('',(12.3349253879779,-28.0296129199426,3.40000000000024));
#4823=CARTESIAN_POINT('',(13.5395666346953,-29.7500189152813,3.40000000000025));
#4824=CARTESIAN_POINT('Origin',(-0.0579069546592654,0.112529971587341,3.40000000000023));
#4825=CARTESIAN_POINT('Origin',(15.6416081192938,-30.1629095330379,3.15999985305007));
#4826=CARTESIAN_POINT('',(12.3349253880173,-28.0296129199332,3.37112812577758));
#4827=CARTESIAN_POINT('',(14.425066978857,-31.0146444667654,3.37112812524824));
#4828=CARTESIAN_POINT('',(14.4251122454239,-31.0147091141226,3.37112812524825));
#4829=CARTESIAN_POINT('Origin',(15.6415628527269,-30.1628448856807,3.15999985305007));
#4830=CARTESIAN_POINT('Ctrl Pts',(12.3349253880481,-28.0296129199116,3.37112812577757));
#4831=CARTESIAN_POINT('Ctrl Pts',(12.3362016453751,-28.0290509000562,3.38074924389368));
#4832=CARTESIAN_POINT('Ctrl Pts',(12.3375673974835,-28.0284493666562,3.39037439923346));
#4833=CARTESIAN_POINT('Ctrl Pts',(12.3390230291506,-28.0278081034343,3.4000000000076));
#4834=CARTESIAN_POINT('Origin',(19.3154046832623,-27.5903931417496,1.45500000000015));
#4835=CARTESIAN_POINT('',(14.425066978857,-31.0146444667654,2.74487243569594));
#4836=CARTESIAN_POINT('Origin',(14.2398017899156,-30.75005835646,4.03474487139175));
#4837=CARTESIAN_POINT('',(12.3349253879779,-28.0296129199426,5.67681656013641));
#4838=CARTESIAN_POINT('Origin',(-0.0579069546592655,0.112529971587341,5.67681656013641));
#4839=CARTESIAN_POINT('Origin',(12.1060406305163,-25.9853192021003,3.85999981465011));
#4840=CARTESIAN_POINT('',(11.5886290021401,-25.2463788163695,1.92999991346608));
#4841=CARTESIAN_POINT('',(11.2846338270699,-24.8122287130339,1.4000000000001));
#4842=CARTESIAN_POINT('',(11.7651587966929,-25.4984894905907,2.2377697185051));
#4843=CARTESIAN_POINT('',(11.58862900214,-25.2463788163695,2.55999985305008));
#4844=CARTESIAN_POINT('',(11.5886290021401,-25.2463788163695,3.42749984632177));
#4845=CARTESIAN_POINT('',(14.515016316599,-29.4256930264696,2.55999985305007));
#4846=CARTESIAN_POINT('',(12.1060406305163,-25.9853192021003,2.55999985305007));
#4847=CARTESIAN_POINT('',(14.515016316599,-29.4256930264696,1.92999991346609));
#4848=CARTESIAN_POINT('',(14.515016316599,-29.4256930264696,2.65749990732513));
#4849=CARTESIAN_POINT('',(14.5167370459081,-29.4281504826025,1.92999991346609));
#4850=CARTESIAN_POINT('',(13.6260068301925,-28.1560559004832,1.92999991346609));
#4851=CARTESIAN_POINT('',(14.5167370459081,-29.4281504826025,-1.7999999999999));
#4852=CARTESIAN_POINT('',(14.5167370459081,-29.4281504826025,3.37960533150785));
#4853=CARTESIAN_POINT('',(11.2646560859417,-24.7836975418625,-1.80000142979588));
#4854=CARTESIAN_POINT('',(4.42934016987686,-15.0218547408816,-1.80000142979588));
#4855=CARTESIAN_POINT('',(10.9728467788558,-24.3669506615989,-1.29999999999995));
#4856=CARTESIAN_POINT('Ctrl Pts',(10.9728467788502,-24.3669506615909,-1.29999999999028));
#4857=CARTESIAN_POINT('Ctrl Pts',(11.1174054446891,-24.573401832066,-1.54761297847293));
#4858=CARTESIAN_POINT('Ctrl Pts',(11.2646560859417,-24.7836975418625,-1.80000142979588));
#4859=CARTESIAN_POINT('',(10.9728467788558,-24.3669506615989,1.40000000000006));
#4860=CARTESIAN_POINT('',(10.9728467788558,-24.3669506615989,0.300000000000063));
#4861=CARTESIAN_POINT('',(4.46540891613942,-15.0733662489622,1.40000000000006));
#4862=CARTESIAN_POINT('Origin',(1.58471728513448,-0.828467368020476,1.40000000000006));
#4863=CARTESIAN_POINT('',(8.28212476803508,-23.985060588469,1.40000000000007));
#4864=CARTESIAN_POINT('',(-22.3053542424946,-12.3494557950119,1.40000000000007));
#4865=CARTESIAN_POINT('Origin',(-0.0579069566397713,0.112529972236823,1.40000000000007));
#4866=CARTESIAN_POINT('',(-22.4087739734009,-11.8868366495601,1.40000000000006));
#4867=CARTESIAN_POINT('Origin',(-22.9325061662758,-12.2467878131431,1.40000000000009));
#4868=CARTESIAN_POINT('',(-22.6746586471465,-11.6659479841869,1.40000000000007));
#4869=CARTESIAN_POINT('Origin',(-22.9325061662758,-12.2467878131431,1.40000000000009));
#4870=CARTESIAN_POINT('',(-12.5198927238885,22.3599772580917,1.40000000000007));
#4871=CARTESIAN_POINT('Origin',(-0.0579069566397713,0.112529972236823,1.40000000000007));
#4872=CARTESIAN_POINT('',(-11.8363849130634,22.7292816627436,1.40000000000007));
#4873=CARTESIAN_POINT('Origin',(-12.4172247420079,22.98712918185,1.40000000000009));
#4874=CARTESIAN_POINT('',(8.48098883521727,24.1403732743578,1.39999857091823));
#4875=CARTESIAN_POINT('Origin',(-0.0579069566397705,0.112529972236823,1.40000000000007));
#4876=CARTESIAN_POINT('',(11.271871738532,22.9573573710671,1.39999857091823));
#4877=CARTESIAN_POINT('Origin',(10.4437168688608,24.8871655252213,1.40000000000006));
#4878=CARTESIAN_POINT('',(22.1895403292151,12.5745157394855,1.40000000000006));
#4879=CARTESIAN_POINT('Origin',(-0.0579069566397713,0.112529972236823,1.40000000000007));
#4880=CARTESIAN_POINT('',(22.558844733867,11.8910079286605,1.40000000000006));
#4881=CARTESIAN_POINT('Origin',(22.8166922529852,12.4718477575821,1.40000000000007));
#4882=CARTESIAN_POINT('',(19.7076419124556,-15.9987417933129,1.40000000000007));
#4883=CARTESIAN_POINT('Origin',(-0.0579069566397713,0.112529972236823,1.40000000000007));
#4884=CARTESIAN_POINT('',(21.0775413969887,-17.955161011586,1.40000000000009));
#4885=CARTESIAN_POINT('',(16.1588393346116,-10.9305264654435,1.40000000000007));
#4886=CARTESIAN_POINT('',(19.4761540686459,-19.0764644904851,1.4000000000001));
#4887=CARTESIAN_POINT('',(17.8526875480831,-20.2132279862142,1.4000000000001));
#4888=CARTESIAN_POINT('',(17.8526875480831,-20.2132279862142,1.4000000000001));
#4889=CARTESIAN_POINT('',(9.08565658168367,-25.1326229464851,1.40000000000007));
#4890=CARTESIAN_POINT('Origin',(-0.0579069546592682,0.11252997158734,1.40000000000007));
#4891=CARTESIAN_POINT('',(4.73985983722296,-18.9261819881771,1.40000000000007));
#4892=CARTESIAN_POINT('',(2.69619570103021,21.0320165469656,1.40000000000007));
#4893=CARTESIAN_POINT('',(-18.3310429764939,10.6625299722248,1.40000000000007));
#4894=CARTESIAN_POINT('Origin',(-0.0579069566453638,0.112529972219515,1.40000000000007));
#4895=CARTESIAN_POINT('',(-16.0793771653933,9.36253011005996,1.40000000000007));
#4896=CARTESIAN_POINT('Origin',(-17.2052099515743,10.0125299722245,1.40000000000009));
#4897=CARTESIAN_POINT('',(2.35682763746786,18.4542601806769,1.40000000000007));
#4898=CARTESIAN_POINT('Origin',(-0.0579069566453648,0.112529972219514,1.4000000953675));
#4899=CARTESIAN_POINT('Origin',(2.52651165151633,19.7431382271307,1.40000000000009));
#4900=CARTESIAN_POINT('',(12.8251430215921,-22.402118073828,1.40000000000005));
#4901=CARTESIAN_POINT('Origin',(12.3014108287172,-22.762069237411,1.40000000000007));
#4902=CARTESIAN_POINT('',(14.686829798466,10.4369058866498,1.40000009536753));
#4903=CARTESIAN_POINT('Origin',(-0.0579069566453663,0.112529972219515,1.4000000953675));
#4904=CARTESIAN_POINT('Origin',(14.2810144001532,-32.5523628592445,1.10000000000013));
#4905=CARTESIAN_POINT('',(9.08565658168367,-25.1326229464851,0.199998570918213));
#4906=CARTESIAN_POINT('',(8.28212442809275,-23.985060102981,0.199998571364517));
#4907=CARTESIAN_POINT('',(-5.49197880617539,-4.31360202430057,0.199998570918223));
#4908=CARTESIAN_POINT('',(8.28212476803508,-23.985060588469,1.29999857136451));
#4909=CARTESIAN_POINT('',(9.08565658168367,-25.1326229464851,0.300000000000068));
#4910=CARTESIAN_POINT('Origin',(-0.0579069546592682,0.11252997158734,0.300000000000071));
#4911=CARTESIAN_POINT('',(8.93246754704242,25.4126419539314,-1.29999999999993));
#4912=CARTESIAN_POINT('Origin',(-0.0579069546592648,0.112529971587341,-1.29999999999992));
#4913=CARTESIAN_POINT('',(8.93246755552405,25.4126419508524,-0.774454628043215));
#4914=CARTESIAN_POINT('',(8.93246754704245,25.4126419539314,2.59999857020413));
#4915=CARTESIAN_POINT('',(8.45978997062687,25.575666838222,-0.277230879969821));
#4916=CARTESIAN_POINT('Ctrl Pts',(8.4597899738498,25.5756668371439,-0.277230883356633));
#4917=CARTESIAN_POINT('Ctrl Pts',(8.46701255110343,25.5732508062985,-0.284820675339981));
#4918=CARTESIAN_POINT('Ctrl Pts',(8.47423430008893,25.5708316356425,-0.292410127700475));
#4919=CARTESIAN_POINT('Ctrl Pts',(8.48145520356186,25.5684093304062,-0.299999204285101));
#4920=CARTESIAN_POINT('Ctrl Pts',(8.57895811664169,25.5357012603162,-0.402473510632068));
#4921=CARTESIAN_POINT('Ctrl Pts',(8.67558978266688,25.5026617195819,-0.504128539971901));
#4922=CARTESIAN_POINT('Ctrl Pts',(8.8255826001759,25.4504348976639,-0.661968021432403));
#4923=CARTESIAN_POINT('Ctrl Pts',(8.87932023666447,25.4315278080892,-0.718526499276874));
#4924=CARTESIAN_POINT('Ctrl Pts',(8.93246756404597,25.4126419478892,-0.774454628043214));
#4925=CARTESIAN_POINT('',(8.45978997062687,25.575666838222,0.200000000000076));
#4926=CARTESIAN_POINT('',(8.4597899696197,25.5756668385589,0.300000000000064));
#4927=CARTESIAN_POINT('Origin',(-0.0579069546592665,0.112529971587341,0.199998570918222));
#4928=CARTESIAN_POINT('Origin',(-0.0579069546592606,0.112529971587339,-1.49999999999992));
#4929=CARTESIAN_POINT('',(9.17195746630696,25.8580558502828,-1.79999999999992));
#4930=CARTESIAN_POINT('Origin',(-0.057906954659259,0.112529971587339,-1.79999999999989));
#4931=CARTESIAN_POINT('Ctrl Pts',(9.17195746629203,25.8580558502633,-1.79999999997645));
#4932=CARTESIAN_POINT('Ctrl Pts',(9.06726250425756,25.7209169779286,-1.63557467303665));
#4933=CARTESIAN_POINT('Ctrl Pts',(8.98864744584237,25.5708507682732,-1.46788748788845));
#4934=CARTESIAN_POINT('Ctrl Pts',(8.93607445549448,25.422902721507,-1.31087620212835));
#4935=CARTESIAN_POINT('Ctrl Pts',(8.93486239816311,25.4194918157633,-1.30725634564399));
#4936=CARTESIAN_POINT('Ctrl Pts',(8.93366004088999,25.4160715189123,-1.30363088805755));
#4937=CARTESIAN_POINT('Ctrl Pts',(8.93246754704244,25.4126419539314,-1.29999999999991));
#4938=CARTESIAN_POINT('Origin',(-0.978089379921813,1.49338201699331,-1.79999999999989));
#4939=CARTESIAN_POINT('',(12.8906651184382,-30.566738303888,-1.80000142979588));
#4940=CARTESIAN_POINT('',(19.007761676611,-26.2835011818988,-1.7999999999999));
#4941=CARTESIAN_POINT('',(12.8853077983204,-30.5590872578402,-1.80000142979588));
#4942=CARTESIAN_POINT('',(4.27360876369708,-18.2603064468797,-1.80000142979588));
#4943=CARTESIAN_POINT('',(9.33086452202643,-29.431521378195,-1.79999999999993));
#4944=CARTESIAN_POINT('',(2.56301690014814,-27.284576423984,-1.80000142979588));
#4945=CARTESIAN_POINT('',(9.33048189519817,-29.4316429700246,-1.7999999999999));
#4946=CARTESIAN_POINT('Origin',(-0.0579069546592706,0.112529971587341,-1.79999999999992));
#4947=CARTESIAN_POINT('',(-13.0062514929256,-31.3858539216863,-1.7999999999999));
#4948=CARTESIAN_POINT('',(-5.53858134316889,-30.7325174406317,-1.7999999999999));
#4949=CARTESIAN_POINT('',(-15.8640334691634,-30.0532483008293,-1.7999999999999));
#4950=CARTESIAN_POINT('Origin',(-13.2810721601564,-28.2446393213587,-1.7999999999999));
#4951=CARTESIAN_POINT('',(-28.7247964897906,-11.6861752277377,-1.79999999999994));
#4952=CARTESIAN_POINT('',(-27.2488360575252,-13.7940651771078,-1.79999999999989));
#4953=CARTESIAN_POINT('',(-30.3381056806045,6.75403319881432,-1.79999999999993));
#4954=CARTESIAN_POINT('Origin',(-0.0579069546592686,0.11252997158734,-1.79999999999993));
#4955=CARTESIAN_POINT('',(-20.862135316089,27.0753172240611,-1.79999999999988));
#4956=CARTESIAN_POINT('',(-24.0161631451998,20.3114827170533,-1.79999999999988));
#4957=CARTESIAN_POINT('',(-18.279174007082,28.8839262035318,-1.79999999999988));
#4958=CARTESIAN_POINT('Origin',(-18.0043533398512,25.7427116032041,-1.79999999999988));
#4959=CARTESIAN_POINT('',(4.05755938386702,30.8381371554407,-1.79999999999989));
#4960=CARTESIAN_POINT('',(0.271137212788907,30.5068681401482,-1.79999999999988));
#4961=CARTESIAN_POINT('',(20.8339029176688,23.0151996906069,-1.79999999999989));
#4962=CARTESIAN_POINT('Origin',(-0.0579069546592686,0.112529971587341,-1.7999999999999));
#4963=CARTESIAN_POINT('',(33.6946659426998,4.64812661122606,-1.7999999999999));
#4964=CARTESIAN_POINT('',(28.6909005384544,11.7942441995044,-1.79999999999989));
#4965=CARTESIAN_POINT('',(33.9694866099306,1.50691201089838,-1.7999999999999));
#4966=CARTESIAN_POINT('Origin',(31.1117046336928,2.83951763175539,-1.79999999999989));
#4967=CARTESIAN_POINT('',(24.4935162433687,-18.8143720187368,-1.7999999999999));
#4968=CARTESIAN_POINT('',(26.2718075668223,-15.0008139689085,-1.7999999999999));
#4969=CARTESIAN_POINT('',(24.4681152387863,-18.8472758124026,-1.79999999999993));
#4970=CARTESIAN_POINT('Origin',(-0.0579069546592706,0.112529971587341,-1.79999999999992));
#4971=CARTESIAN_POINT('',(24.3095961781717,-22.5710136050139,-1.80000142979588));
#4972=CARTESIAN_POINT('',(24.794182417349,-11.187700547214,-1.80000142979588));
#4973=CARTESIAN_POINT('',(24.3096446158268,-22.5710827811545,-1.80000142979588));
#4974=CARTESIAN_POINT('',(16.122770588349,-10.879014957363,-1.80000142979588));
#4975=CARTESIAN_POINT('',(22.708257287484,-23.6923862600536,-1.7999999999999));
#4976=CARTESIAN_POINT('',(19.007761676611,-26.2835011818988,-1.7999999999999));
#4977=CARTESIAN_POINT('',(17.6407086522253,-16.4551767775401,-1.80000142979588));
#4978=CARTESIAN_POINT('',(12.6208604114528,-9.28609051833281,-1.80000142979588));
#4979=CARTESIAN_POINT('',(24.6980133019197,-11.5136006078403,-1.7999999999999));
#4980=CARTESIAN_POINT('',(16.0627050375636,-17.5601068038483,-1.80000142979588));
#4981=CARTESIAN_POINT('',(12.0257943309531,24.648354050652,-1.79999999998817));
#4982=CARTESIAN_POINT('Origin',(-0.0579069546592573,0.11252997158734,-1.79999999999988));
#4983=CARTESIAN_POINT('Origin',(10.4437168754637,24.8871655345308,-1.80000142979587));
#4984=CARTESIAN_POINT('',(9.78441592421241,24.4340405391999,-1.7999999999999));
#4985=CARTESIAN_POINT('Origin',(10.4437168732627,24.8871655314276,-1.7999999999999));
#4986=CARTESIAN_POINT('',(31.9299832549287,3.58868612506085,-1.79999999999988));
#4987=CARTESIAN_POINT('Origin',(30.8241279951385,2.81435793598694,-1.79999999999988));
#4988=CARTESIAN_POINT('',(-12.0532175167761,-27.2086826098776,-1.7999999999999));
#4989=CARTESIAN_POINT('Origin',(-13.1590727765662,-27.9830107989515,-1.7999999999999));
#4990=CARTESIAN_POINT('',(-16.732920825097,26.2805709656393,-1.79999999999987));
#4991=CARTESIAN_POINT('Origin',(-17.8387760848871,25.5062427765654,-1.79999999999987));
#4992=CARTESIAN_POINT('Origin',(19.3676029410824,-26.031537615957,2.89921084836558));
#4993=CARTESIAN_POINT('',(22.708257287484,-23.6923862600536,1.92999991346608));
#4994=CARTESIAN_POINT('',(22.708257287484,-23.6923862600536,3.37960533150784));
#4995=CARTESIAN_POINT('',(24.3096446158268,-22.5710827811545,1.92999991346608));
#4996=CARTESIAN_POINT('',(24.3096446158268,-22.5710827811545,2.35460542418289));
#4997=CARTESIAN_POINT('',(18.9838789041075,-26.3002240792391,1.92999991346608));
#4998=CARTESIAN_POINT('Origin',(19.3676029410824,-26.031537615957,2.89921084836558));
#4999=CARTESIAN_POINT('',(12.8906651184383,-30.566738303888,1.92999991346609));
#5000=CARTESIAN_POINT('',(18.9838789041075,-26.3002240792392,1.92999991346608));
#5001=CARTESIAN_POINT('',(12.8906651184383,-30.566738303888,3.46697785987867));
#5002=CARTESIAN_POINT('Origin',(-0.0579069566397722,0.112529972236823,1.29999857136451));
#5003=CARTESIAN_POINT('',(8.48098883521727,24.1403732743578,0.199998570918233));
#5004=CARTESIAN_POINT('Origin',(-0.0579069566397759,0.112529972236822,0.199998571364522));
#5005=CARTESIAN_POINT('',(8.48098879031338,24.1403733923747,0.199998570918233));
#5006=CARTESIAN_POINT('Origin',(-0.0579069566397705,0.112529972236823,1.40000000000007));
#5007=CARTESIAN_POINT('Origin',(-0.0579069566397713,0.112529972236823,1.40000000000007));
#5008=CARTESIAN_POINT('Origin',(-0.0579069546592581,0.11252997158734,-1.49999999999991));
#5009=CARTESIAN_POINT('',(23.3241965773301,-13.0859447288972,-1.29999999999992));
#5010=CARTESIAN_POINT('Ctrl Pts',(24.6980133019056,-11.513600607857,-1.79999999999429));
#5011=CARTESIAN_POINT('Ctrl Pts',(24.022643289792,-12.3162511401825,-1.52988350035676));
#5012=CARTESIAN_POINT('Ctrl Pts',(23.3241965773276,-13.0859447288999,-1.29999999999911));
#5013=CARTESIAN_POINT('',(11.8722348012523,24.16651545599,-1.29999999999992));
#5014=CARTESIAN_POINT('Origin',(-0.057906954659264,0.112529971587341,-1.29999999999992));
#5015=CARTESIAN_POINT('Ctrl Pts',(11.8722348012523,24.16651545599,-1.29999999999991));
#5016=CARTESIAN_POINT('Ctrl Pts',(11.8738702139048,24.1697572738428,-1.30363088805753));
#5017=CARTESIAN_POINT('Ctrl Pts',(11.8754921072626,24.1729997351759,-1.30725634564398));
#5018=CARTESIAN_POINT('Ctrl Pts',(11.9468648304294,24.3169035163859,-1.46788748788843));
#5019=CARTESIAN_POINT('Ctrl Pts',(12.0000423393708,24.4777523498686,-1.63557467303665));
#5020=CARTESIAN_POINT('Ctrl Pts',(12.0257943309531,24.648354050652,-1.79999999997646));
#5021=CARTESIAN_POINT('Origin',(-0.478444013538953,0.492247142817696,0.199998570918222));
#5022=CARTESIAN_POINT('',(12.3180805856987,23.9401910485983,0.200000000000076));
#5023=CARTESIAN_POINT('',(21.0015741262007,-16.5434226161484,0.19999857091821));
#5024=CARTESIAN_POINT('Origin',(-0.0579069546592656,0.112529971587341,0.199998570918216));
#5025=CARTESIAN_POINT('',(20.3892488536798,-16.9721773878038,0.199998570918218));
#5026=CARTESIAN_POINT('',(16.7824604193367,-19.4976778382585,0.199998570918217));
#5027=CARTESIAN_POINT('',(19.7076419124556,-15.9987417933129,0.200000000000062));
#5028=CARTESIAN_POINT('',(5.92700069121322,3.68205349843295,0.199998570918219));
#5029=CARTESIAN_POINT('',(11.271871738532,22.9573573710671,0.199998570918233));
#5030=CARTESIAN_POINT('Origin',(-0.0579069566397723,0.112529972236823,0.200000000000071));
#5031=CARTESIAN_POINT('Origin',(10.4437168688608,24.8871655252213,0.199998570918219));
#5032=CARTESIAN_POINT('Origin',(-0.0579069566397714,0.112529972236823,1.29999857136451));
#5033=CARTESIAN_POINT('',(19.7076419124556,-15.9987417933129,1.2999985713645));
#5034=CARTESIAN_POINT('Origin',(-0.0579069566397713,0.112529972236823,1.40000000000007));
#5035=CARTESIAN_POINT('',(11.2718711668314,22.9573571257285,0.199998570918232));
#5036=CARTESIAN_POINT('Origin',(-0.0579069566453694,0.112529972219515,-0.799999904632516));
#5037=CARTESIAN_POINT('',(14.686829798466,10.4369058866498,-0.99999995231621));
#5038=CARTESIAN_POINT('Origin',(-0.0579069566453685,0.112529972219515,-0.999999952316213));
#5039=CARTESIAN_POINT('',(14.686829798466,10.4369058866498,-0.799999904632512));
#5040=CARTESIAN_POINT('Origin',(-0.58388285762267,1.32214989925498,-0.999999952316218));
#5041=CARTESIAN_POINT('',(-13.9834916698061,-9.6382695025202,-0.999999952316226));
#5042=CARTESIAN_POINT('Origin',(-0.0579069566453705,0.112529972219514,-0.999999952316213));
#5043=CARTESIAN_POINT('Origin',(22.8166922529908,12.4718477575994,1.40000000000007));
#5044=CARTESIAN_POINT('',(23.3404244458601,12.8317989211652,1.40000000000004));
#5045=CARTESIAN_POINT('Origin',(22.8166922529908,12.4718477575994,1.40000000000006));
#5046=CARTESIAN_POINT('Origin',(22.8166922529908,12.4718477575994,1.40000000000006));
#5047=CARTESIAN_POINT('Origin',(1.5764430923488,-0.842765956464241,0.199998570918231));
#5048=CARTESIAN_POINT('',(33.6946659426998,4.64812661122606,0.199998570918224));
#5049=CARTESIAN_POINT('',(33.9694866099306,1.50691201089838,0.199998570918224));
#5050=CARTESIAN_POINT('Origin',(31.1117046336928,2.83951763175539,0.199998570918231));
#5051=CARTESIAN_POINT('',(33.3059501215401,5.20327033640438,0.199998570918221));
#5052=CARTESIAN_POINT('',(29.6599235188785,10.4103359615243,0.199998570918224));
#5053=CARTESIAN_POINT('',(33.3851570588989,4.65389203434554,0.200000000000093));
#5054=CARTESIAN_POINT('Origin',(-0.0579069546592512,0.112529971587324,0.199998570918226));
#5055=CARTESIAN_POINT('',(33.6656810167275,1.44748852380866,0.200000000000094));
#5056=CARTESIAN_POINT('Origin',(30.8241279951386,2.81435793598695,0.199998570918204));
#5057=CARTESIAN_POINT('',(33.6830759517156,0.892702372248821,0.199998570918221));
#5058=CARTESIAN_POINT('Origin',(-0.0579069546592512,0.112529971587324,0.199998570918226));
#5059=CARTESIAN_POINT('',(26.0525369361179,-15.4710413539186,0.199998570918227));
#5060=CARTESIAN_POINT('',(31.9299832549288,3.58868612506086,0.200000000000086));
#5061=CARTESIAN_POINT('Origin',(30.8241279951386,2.81435793598696,0.200000000000086));
#5062=CARTESIAN_POINT('Origin',(1.58471728513453,-0.828467368020506,0.399998570918231));
#5063=CARTESIAN_POINT('',(8.24125979327192,29.9809720349096,0.399998570918228));
#5064=CARTESIAN_POINT('',(7.84117906661918,28.5353102723692,0.399998570918229));
#5065=CARTESIAN_POINT('',(4.95306128486196,18.0993128232268,0.39999857091823));
#5066=CARTESIAN_POINT('',(14.4681563005955,25.7882672794515,0.399998570918227));
#5067=CARTESIAN_POINT('Origin',(-0.0579069546694366,0.112529971556226,0.399998570918244));
#5068=CARTESIAN_POINT('',(15.2302673459692,27.0805059162816,0.399998570918225));
#5069=CARTESIAN_POINT('',(6.94562093460698,13.0330252371523,0.399998570918229));
#5070=CARTESIAN_POINT('Origin',(-0.0579069546592686,0.112529971587341,0.399998570918226));
#5071=CARTESIAN_POINT('Origin',(30.8241279951385,2.81435793598695,-1.7999999999999));
#5072=CARTESIAN_POINT('',(31.9299832549287,3.58868612506085,-1.7999999999999));
#5073=CARTESIAN_POINT('Origin',(10.4437168732627,24.8871655314276,0.199998617441485));
#5074=CARTESIAN_POINT('',(9.78441592421243,24.4340405391999,0.199998570918225));
#5075=CARTESIAN_POINT('Origin',(10.4437168732627,24.8871655314276,0.199998570918225));
#5076=CARTESIAN_POINT('',(9.78441592421241,24.4340405391999,0.199998617441486));
#5077=CARTESIAN_POINT('Origin',(10.4437168688608,24.8871655252213,0.199998570918227));
#5078=CARTESIAN_POINT('Origin',(10.4437168688608,24.8871655252213,0.199998570918219));
#5079=CARTESIAN_POINT('',(12.3180805856987,23.9401910485983,-0.27723085733791));
#5080=CARTESIAN_POINT('Ctrl Pts',(12.3180805851739,23.940191048813,-0.277230857896337));
#5081=CARTESIAN_POINT('Ctrl Pts',(12.3119824347374,23.9281208693102,-0.275959614395683));
#5082=CARTESIAN_POINT('Ctrl Pts',(12.3057669786196,23.9161082104287,-0.27469018935041));
#5083=CARTESIAN_POINT('Ctrl Pts',(12.1662600192259,23.6527476717178,-0.246765691360987));
#5084=CARTESIAN_POINT('Ctrl Pts',(11.9792927578454,23.4297441023106,-0.221127200322311));
#5085=CARTESIAN_POINT('Ctrl Pts',(11.5508772033643,23.0802032035929,-0.17668046943998));
#5086=CARTESIAN_POINT('Ctrl Pts',(11.2780673602147,22.936681075904,-0.155375706891931));
#5087=CARTESIAN_POINT('Ctrl Pts',(10.6968228419052,22.7808731211686,-0.122621095666403));
#5088=CARTESIAN_POINT('Ctrl Pts',(10.3883881675901,22.7685944095948,-0.111137394069983));
#5089=CARTESIAN_POINT('Ctrl Pts',(9.82147296008635,22.8607506045037,-0.0992493822780488));
#5090=CARTESIAN_POINT('Ctrl Pts',(9.52925446897122,22.9723083647996,-0.0982667973153828));
#5091=CARTESIAN_POINT('Ctrl Pts',(9.02256162142742,23.311336477243,-0.108228147427401));
#5092=CARTESIAN_POINT('Ctrl Pts',(8.80808631408976,23.538805052758,-0.11918417644511));
#5093=CARTESIAN_POINT('Ctrl Pts',(8.65648597189732,23.7845297191008,-0.133929637267796));
#5094=CARTESIAN_POINT('Ctrl Pts',(8.51010014674788,24.0218023236474,-0.14816790624873));
#5095=CARTESIAN_POINT('Ctrl Pts',(8.40476297017875,24.3046076217245,-0.16765563625759));
#5096=CARTESIAN_POINT('Ctrl Pts',(8.32317301005509,24.8878485233868,-0.213380501125795));
#5097=CARTESIAN_POINT('Ctrl Pts',(8.3469116060882,25.1882802042146,-0.239652283457037));
#5098=CARTESIAN_POINT('Ctrl Pts',(8.43340713326215,25.4957475826975,-0.269339441924303));
#5099=CARTESIAN_POINT('Ctrl Pts',(8.44593497379429,25.5357434595186,-0.273258318420665));
#5100=CARTESIAN_POINT('Ctrl Pts',(8.45978996965662,25.5756668386653,-0.277230878922048));
#5101=CARTESIAN_POINT('',(12.3180805851971,23.9401910488588,0.300000000000064));
#5102=CARTESIAN_POINT('Origin',(10.5217702408924,25.0713031561911,-0.549999204285074));
#5103=CARTESIAN_POINT('',(11.8722347931416,24.1665154599442,-0.774454602297611));
#5104=CARTESIAN_POINT('Ctrl Pts',(8.93246754704246,25.4126419539315,-0.774454610150025));
#5105=CARTESIAN_POINT('Ctrl Pts',(8.9050152338753,25.3336901907205,-0.764192981281));
#5106=CARTESIAN_POINT('Ctrl Pts',(8.88419169289899,25.2536730495962,-0.754227243288544));
#5107=CARTESIAN_POINT('Ctrl Pts',(8.83379206526797,24.9777773390761,-0.721158517395901));
#5108=CARTESIAN_POINT('Ctrl Pts',(8.834581992062,24.7602551322599,-0.697546902567593));
#5109=CARTESIAN_POINT('Ctrl Pts',(8.92390729715374,24.3434742998191,-0.657044924736923));
#5110=CARTESIAN_POINT('Ctrl Pts',(9.01245454505183,24.1442218507796,-0.640117189913886));
#5111=CARTESIAN_POINT('Ctrl Pts',(9.2405740347764,23.8135438282393,-0.615803786109494));
#5112=CARTESIAN_POINT('Ctrl Pts',(9.39511047210235,23.6600158839002,-0.606778872125636));
#5113=CARTESIAN_POINT('Ctrl Pts',(9.75310119135298,23.4282201513903,-0.598577813105213));
#5114=CARTESIAN_POINT('Ctrl Pts',(9.95655713141536,23.3499552827649,-0.599391533796968));
#5115=CARTESIAN_POINT('Ctrl Pts',(10.3522101040655,23.2771316859326,-0.609121441676847));
#5116=CARTESIAN_POINT('Ctrl Pts',(10.5706204953878,23.2779805691544,-0.618706342597311));
#5117=CARTESIAN_POINT('Ctrl Pts',(10.988112347737,23.3675555994997,-0.646476263227623));
#5118=CARTESIAN_POINT('Ctrl Pts',(11.1871939985131,23.4562711992447,-0.66469244227941));
#5119=CARTESIAN_POINT('Ctrl Pts',(11.5180130226972,23.6844879594887,-0.704238878696926));
#5120=CARTESIAN_POINT('Ctrl Pts',(11.6716800951021,23.8394747435996,-0.728234668964792));
#5121=CARTESIAN_POINT('Ctrl Pts',(11.8183931512299,24.0664949413526,-0.760584134495367));
#5122=CARTESIAN_POINT('Ctrl Pts',(11.8467117868703,24.1159221310871,-0.76749796718842));
#5123=CARTESIAN_POINT('Ctrl Pts',(11.8722348012523,24.16651545599,-0.774454584404338));
#5124=CARTESIAN_POINT('Ctrl Pts',(11.8722347850862,24.166515464008,-0.7744546022976));
#5125=CARTESIAN_POINT('Ctrl Pts',(11.9227643973956,24.1414541103668,-0.718526481919609));
#5126=CARTESIAN_POINT('Ctrl Pts',(11.9737197526756,24.115983295809,-0.661968012655603));
#5127=CARTESIAN_POINT('Ctrl Pts',(12.1155537356839,24.0445087920292,-0.504128539971908));
#5128=CARTESIAN_POINT('Ctrl Pts',(12.20649280347,23.9980397046599,-0.402473510632071));
#5129=CARTESIAN_POINT('Ctrl Pts',(12.2977995052639,23.950714002176,-0.299999204285096));
#5130=CARTESIAN_POINT('Ctrl Pts',(12.3045615343622,23.9472091359284,-0.292410120157258));
#5131=CARTESIAN_POINT('Ctrl Pts',(12.3113218987518,23.9437014823395,-0.284820660252756));
#5132=CARTESIAN_POINT('Ctrl Pts',(12.3180805826827,23.9401910501648,-0.277230860724717));
#5133=CARTESIAN_POINT('Origin',(10.4437168754637,24.8871655345308,2.59999857020413));
#5134=CARTESIAN_POINT('',(11.8722348012523,24.16651545599,2.59999857020413));
#5135=CARTESIAN_POINT('Origin',(1.5764430923488,-0.842765956464241,0.199998570918231));
#5136=CARTESIAN_POINT('',(8.87787691974112,23.8109932083558,0.199998570918235));
#5137=CARTESIAN_POINT('Origin',(10.4437166737356,24.8871650648966,0.199998570918235));
#5138=CARTESIAN_POINT('',(9.45476544528535,24.2074780368797,0.199998570918241));
#5139=CARTESIAN_POINT('Origin',(10.4437168688608,24.8871655252213,0.199998570918219));
#5140=CARTESIAN_POINT('Origin',(22.8166922529908,12.4718477575994,1.40000000000007));
#5141=CARTESIAN_POINT('Origin',(-22.9325061662702,-12.2467878131258,1.40000000000008));
#5142=CARTESIAN_POINT('Origin',(1.5764430923488,-0.842765956464241,0.199998570918231));
#5143=CARTESIAN_POINT('',(-13.0062514929256,-31.3858539216863,0.199998570918236));
#5144=CARTESIAN_POINT('',(-15.8640334691634,-30.0532483008293,0.199998570918236));
#5145=CARTESIAN_POINT('Origin',(-13.2810721601564,-28.2446393213587,0.199998570918222));
#5146=CARTESIAN_POINT('',(-12.3311250102823,-31.3267880080088,0.199998570918228));
#5147=CARTESIAN_POINT('',(-4.37243433868564,-30.6304927977347,0.199998570918234));
#5148=CARTESIAN_POINT('',(-12.846504045004,-31.1206940768651,0.200000000000087));
#5149=CARTESIAN_POINT('Origin',(-0.0579069546592659,0.112529971587341,0.199998570918227));
#5150=CARTESIAN_POINT('',(-15.7635929237651,-29.7604331931178,0.200000000000095));
#5151=CARTESIAN_POINT('Origin',(-13.1590727765662,-27.9830107989514,0.199998570918211));
#5152=CARTESIAN_POINT('',(-16.2527492923174,-29.4981045728028,0.199998570918229));
#5153=CARTESIAN_POINT('Origin',(-0.0579069546592659,0.112529971587341,0.199998570918227));
#5154=CARTESIAN_POINT('',(-26.279813077101,-15.1779734150879,0.199998570918237));
#5155=CARTESIAN_POINT('',(-12.0532175167761,-27.2086826098776,0.200000000000086));
#5156=CARTESIAN_POINT('Origin',(-13.1590727765662,-27.9830107989515,0.200000000000086));
#5157=CARTESIAN_POINT('Origin',(-13.1590727765662,-27.9830107989515,-1.7999999999999));
#5158=CARTESIAN_POINT('',(-12.0532175167761,-27.2086826098776,-1.7999999999999));
#5159=CARTESIAN_POINT('Origin',(-17.8387760848871,25.5062427765654,-1.79999999999989));
#5160=CARTESIAN_POINT('',(-16.732920825097,26.2805709656393,0.2000000000001));
#5161=CARTESIAN_POINT('Origin',(-17.8387760848871,25.5062427765654,0.2000000000001));
#5162=CARTESIAN_POINT('',(-16.732920825097,26.2805709656393,-1.79999999999989));
#5163=CARTESIAN_POINT('Origin',(1.5764430923488,-0.842765956464241,0.199998570918231));
#5164=CARTESIAN_POINT('',(-20.862135316089,27.0753172240611,0.199998570918234));
#5165=CARTESIAN_POINT('',(-18.279174007082,28.8839262035318,0.199998570918233));
#5166=CARTESIAN_POINT('Origin',(-18.0043533398512,25.7427116032041,0.199998570918241));
#5167=CARTESIAN_POINT('',(-21.1485459752305,26.4611075834242,0.199998570918234));
#5168=CARTESIAN_POINT('',(-24.2354337759042,19.8412553320432,0.199998570918235));
#5169=CARTESIAN_POINT('',(-20.712373877947,26.8043919544991,0.20000000000011));
#5170=CARTESIAN_POINT('Origin',(-0.0579069546592221,0.112529971587177,0.199998570918231));
#5171=CARTESIAN_POINT('',(-18.0758089592025,28.6505345856924,0.200000000000109));
#5172=CARTESIAN_POINT('Origin',(-17.8387760848872,25.5062427765655,0.199998570918215));
#5173=CARTESIAN_POINT('',(-17.604047525718,28.9429921170973,0.199998570918233));
#5174=CARTESIAN_POINT('Origin',(-0.0579069546592213,0.112529971587177,0.199998570918231));
#5175=CARTESIAN_POINT('',(1.43728421727216,30.6088927830452,0.199998570918229));
#5176=CARTESIAN_POINT('Origin',(22.8166922529908,12.4718477575994,1.40000000000007));
#5177=CARTESIAN_POINT('',(-11.8934925491331,23.347080345433,1.40000000000006));
#5178=CARTESIAN_POINT('Origin',(-12.4172247420024,22.9871291818673,1.40000000000008));
#5179=CARTESIAN_POINT('Origin',(-12.4172247420024,22.9871291818673,1.40000000000008));
#5180=CARTESIAN_POINT('Origin',(-13.2810721601564,-28.2446393213587,-1.79999999999992));
#5181=CARTESIAN_POINT('',(-13.0062514929256,-31.3858539216863,-1.79999999999992));
#5182=CARTESIAN_POINT('',(-15.8640334691633,-30.0532483008293,-1.79999999999992));
#5183=CARTESIAN_POINT('Origin',(-18.0043533398512,25.7427116032041,-1.79999999999991));
#5184=CARTESIAN_POINT('',(-20.8621353160889,27.0753172240611,-1.79999999999991));
#5185=CARTESIAN_POINT('',(-18.279174007082,28.8839262035318,-1.79999999999991));
#5186=CARTESIAN_POINT('Origin',(31.1117046336928,2.83951763175539,-1.79999999999991));
#5187=CARTESIAN_POINT('',(33.9694866099305,1.50691201089839,-1.79999999999991));
#5188=CARTESIAN_POINT('',(33.6946659426998,4.64812661122605,-1.79999999999991));
#5189=CARTESIAN_POINT('Origin',(25.6999938975418,-24.556707336511,1.81000000000016));
#5190=CARTESIAN_POINT('',(22.2143698938365,-19.5787203633668,3.38200000000012));
#5191=CARTESIAN_POINT('Origin',(-0.478444013538954,0.492247142817696,0.199998570918216));
#5192=CARTESIAN_POINT('Origin',(19.5056487596914,-18.725592559218,1.12950000000009));
#5193=CARTESIAN_POINT('',(19.7801492203324,-19.5106145604255,1.92999991346607));
#5194=CARTESIAN_POINT('',(19.9566790382688,-19.7627252680419,2.23776971850508));
#5195=CARTESIAN_POINT('',(17.7322691867207,-20.9445556097516,1.92999991346607));
#5196=CARTESIAN_POINT('Origin',(19.5056487596914,-18.725592559218,1.12950000000009));
#5197=CARTESIAN_POINT('',(19.9566790382688,-19.7627252680419,2.23776971850508));
#5198=CARTESIAN_POINT('Origin',(-0.0579069546592671,0.112529971587342,-25.5229811506679));
#5199=CARTESIAN_POINT('Origin',(-0.0579069546592674,0.112529971587341,0.300000000000077));
#5200=CARTESIAN_POINT('Origin',(19.2293908510931,-27.4675526587849,1.92999991346608));
#5201=CARTESIAN_POINT('',(22.706536558175,-23.6899288039208,1.92999991346608));
#5202=CARTESIAN_POINT('',(21.8175270717684,-22.4202916779344,1.92999991346608));
#5203=CARTESIAN_POINT('',(25.4264432039692,-24.1660364587424,1.92999991346608));
#5204=CARTESIAN_POINT('',(16.122770588349,-10.879014957363,1.92999991346609));
#5205=CARTESIAN_POINT('',(23.3540345740867,-25.617152603637,1.92999991346608));
#5206=CARTESIAN_POINT('',(19.7231246050567,-28.1595431345125,1.92999991346608));
#5207=CARTESIAN_POINT('',(22.8091369595532,-24.8389581615624,1.92999991346608));
#5208=CARTESIAN_POINT('',(23.1819476782862,-25.3713870464131,1.92999991346608));
#5209=CARTESIAN_POINT('',(23.1163189761615,-24.6238669979308,1.92999991346608));
#5210=CARTESIAN_POINT('',(19.1782269905232,-27.381348692438,1.92999991346608));
#5211=CARTESIAN_POINT('',(22.5426972732436,-23.8046503062846,1.92999991346608));
#5212=CARTESIAN_POINT('',(12.4570184382559,-9.40080818145551,1.92999991346609));
#5213=CARTESIAN_POINT('',(18.9821581747984,-26.2977666231063,1.92999991346609));
#5214=CARTESIAN_POINT('Origin',(19.2293908510931,-27.4675526587849,1.92999991346608));
#5215=CARTESIAN_POINT('',(14.6788376480701,-29.310984095254,1.92999991346609));
#5216=CARTESIAN_POINT('',(18.9821581747984,-26.2977666231063,1.92999991346609));
#5217=CARTESIAN_POINT('',(15.252459350988,-30.1302007869002,1.92999991346609));
#5218=CARTESIAN_POINT('',(13.789825473398,-28.0413431300265,1.92999991346609));
#5219=CARTESIAN_POINT('',(15.5596413675964,-29.9151096232686,1.92999991346609));
#5220=CARTESIAN_POINT('',(19.1782269905232,-27.381348692438,1.92999991346608));
#5221=CARTESIAN_POINT('',(16.1045389821298,-30.6933040653432,1.92999991346609));
#5222=CARTESIAN_POINT('',(15.9324520863294,-30.4475385081193,1.92999991346609));
#5223=CARTESIAN_POINT('',(14.0074637065806,-32.1616919814759,1.92999991346609));
#5224=CARTESIAN_POINT('',(19.7231246050567,-28.1595431345125,1.92999991346608));
#5225=CARTESIAN_POINT('',(4.27360876369709,-18.2603064468797,1.9299999134661));
#5226=CARTESIAN_POINT('Origin',(13.4985846518897,-25.010237937876,2.36002526410808));
#5227=CARTESIAN_POINT('',(15.9075657145036,-28.4506194407275,3.86002526410811));
#5228=CARTESIAN_POINT('',(16.4811874174215,-29.2698361323737,3.86002526410809));
#5229=CARTESIAN_POINT('',(13.4985846518897,-25.010237937876,3.86002526410811));
#5230=CARTESIAN_POINT('',(15.252459350988,-30.1302007869002,2.36002526410808));
#5231=CARTESIAN_POINT('Origin',(16.4811874174215,-29.2698361323737,2.36002526410808));
#5232=CARTESIAN_POINT('',(14.6788376480701,-29.310984095254,2.36002526410809));
#5233=CARTESIAN_POINT('',(12.2698565854562,-25.8706025924025,2.36002526410809));
#5234=CARTESIAN_POINT('Origin',(15.9075657145036,-28.4506194407275,2.36002526410809));
#5235=CARTESIAN_POINT('Origin',(12.2698565854563,-25.8706025924025,3.8600252641081));
#5236=CARTESIAN_POINT('',(21.887590909728,-25.4842316524574,3.86002526410809));
#5237=CARTESIAN_POINT('',(21.3139692068101,-24.6650149608112,3.8600252641081));
#5238=CARTESIAN_POINT('',(18.9049881441963,-21.2246334579597,3.8600252641081));
#5239=CARTESIAN_POINT('',(17.2184287456465,-28.7536141968708,3.8600252641081));
#5240=CARTESIAN_POINT('',(16.6386358929468,-27.9387185908212,3.8600252641081));
#5241=CARTESIAN_POINT('Origin',(18.9049881441963,-21.2246334579596,2.36002526410806));
#5242=CARTESIAN_POINT('',(22.5426972732436,-23.8046503062846,2.36002526410807));
#5243=CARTESIAN_POINT('',(23.1163189761615,-24.6238669979308,2.36002526410807));
#5244=CARTESIAN_POINT('',(20.1337162106298,-20.3642688034331,2.36002526410806));
#5245=CARTESIAN_POINT('Origin',(21.887590909728,-25.4842316524574,2.36002526410807));
#5246=CARTESIAN_POINT('Origin',(21.3139692068101,-24.6650149608112,2.36002526410807));
#5247=CARTESIAN_POINT('Origin',(25.6999938975418,-24.556707336511,1.81000000000017));
#5248=CARTESIAN_POINT('',(24.3095961781717,-22.5710136050139,3.45000000000019));
#5249=CARTESIAN_POINT('',(24.3095961781717,-22.5710136050139,5.67681656013637));
#5250=CARTESIAN_POINT('',(25.4264432039692,-24.1660364587424,3.45000000000018));
#5251=CARTESIAN_POINT('',(25.6999938975417,-24.556707336511,3.45000000000018));
#5252=CARTESIAN_POINT('',(25.4264432039692,-24.1660364587424,1.86999993202914));
#5253=CARTESIAN_POINT('Origin',(24.6760538421805,-25.2736778819499,3.45000000000017));
#5254=CARTESIAN_POINT('',(23.4567835340746,-23.5323794217484,4.70000000000022));
#5255=CARTESIAN_POINT('',(23.6622246256087,-23.3259424621018,4.66667828695565));
#5256=CARTESIAN_POINT('Ctrl Pts',(23.4567835340744,-23.5323794217485,4.70000000000018));
#5257=CARTESIAN_POINT('Ctrl Pts',(23.5256198038839,-23.4639222518756,4.70000000000018));
#5258=CARTESIAN_POINT('Ctrl Pts',(23.5942165016467,-23.395222181289,4.68916897997137));
#5259=CARTESIAN_POINT('Ctrl Pts',(23.6622246256,-23.3259424620931,4.66667828695615));
#5260=CARTESIAN_POINT('',(24.402503148608,-24.8830070041812,4.70000000000021));
#5261=CARTESIAN_POINT('',(24.6760538421806,-25.2736778819499,4.70000000000021));
#5262=CARTESIAN_POINT('Origin',(24.4025031486079,-24.8830070041812,3.45000000000017));
#5263=CARTESIAN_POINT('',(23.7647652507712,-23.2202568570525,4.62323129981533));
#5264=CARTESIAN_POINT('Ctrl Pts',(23.7647652507712,-23.2202568570525,4.62323129981532));
#5265=CARTESIAN_POINT('Ctrl Pts',(23.877403930361,-23.1025054910797,4.56448191084942));
#5266=CARTESIAN_POINT('Ctrl Pts',(23.9781278501572,-22.9913372849938,4.47121766806074));
#5267=CARTESIAN_POINT('Ctrl Pts',(24.1299169634594,-22.814257287861,4.26094901410897));
#5268=CARTESIAN_POINT('Ctrl Pts',(24.1827857746695,-22.7472103436867,4.1459830978861));
#5269=CARTESIAN_POINT('Ctrl Pts',(24.2601776494161,-22.6447162851925,3.91834508812262));
#5270=CARTESIAN_POINT('Ctrl Pts',(24.3011198861492,-22.5843568430641,3.70778127912688));
#5271=CARTESIAN_POINT('Ctrl Pts',(24.3095961781717,-22.5710136050139,3.52129569688452));
#5272=CARTESIAN_POINT('Ctrl Pts',(24.3095961781717,-22.5710136050139,3.45000000000019));
#5273=CARTESIAN_POINT('Ctrl Pts',(23.6622805794912,-23.3259953031211,4.66681001303275));
#5274=CARTESIAN_POINT('Ctrl Pts',(23.6966486182688,-23.2909506823882,4.65539736879209));
#5275=CARTESIAN_POINT('Ctrl Pts',(23.730834443992,-23.2557277881871,4.64092872109779));
#5276=CARTESIAN_POINT('Ctrl Pts',(23.7647652507712,-23.2202568570526,4.62323129981533));
#5277=CARTESIAN_POINT('Origin',(23.0059321600941,-26.1660789123241,2.86002526410906));
#5278=CARTESIAN_POINT('',(22.8625433475124,-25.9612984654482,3.46002526410906));
#5279=CARTESIAN_POINT('',(23.3540345740866,-25.617152603637,2.86002526410807));
#5280=CARTESIAN_POINT('Origin',(22.8625433475132,-25.9612984654476,2.86002526410906));
#5281=CARTESIAN_POINT('',(22.3176457329789,-25.1831040233737,3.46002526410906));
#5282=CARTESIAN_POINT('',(23.0059321600933,-26.1660789123247,3.46002526410906));
#5283=CARTESIAN_POINT('',(22.8091369595532,-24.8389581615625,2.86002526410807));
#5284=CARTESIAN_POINT('Origin',(22.3176457329798,-25.1831040233731,2.86002526410906));
#5285=CARTESIAN_POINT('',(23.4974233866675,-25.8219330505135,2.86002526410808));
#5286=CARTESIAN_POINT('Origin',(16.7394190212841,-30.553938650409,3.46002526410907));
#5287=CARTESIAN_POINT('',(16.5960302087033,-30.3491582035325,3.46002526410907));
#5288=CARTESIAN_POINT('',(18.1626629817709,-29.2521901262242,3.46002526410907));
#5289=CARTESIAN_POINT('',(16.0511325941698,-29.570963761458,3.46002526410907));
#5290=CARTESIAN_POINT('',(16.7394190212841,-30.553938650409,3.46002526410907));
#5291=CARTESIAN_POINT('',(17.6177653672374,-28.4739956841496,3.46002526410907));
#5292=CARTESIAN_POINT('Origin',(16.7394190212841,-30.553938650409,2.86002526410907));
#5293=CARTESIAN_POINT('',(15.5596413675963,-29.9151096232686,2.86002526410807));
#5294=CARTESIAN_POINT('Origin',(16.0511325941697,-29.570963761458,2.86002526410907));
#5295=CARTESIAN_POINT('',(16.1045389821298,-30.6933040653432,2.86002526410807));
#5296=CARTESIAN_POINT('Origin',(16.5960302087032,-30.3491582035325,2.86002526410907));
#5297=CARTESIAN_POINT('',(16.2479277947107,-30.8980845122196,2.86002526410807));
#5298=CARTESIAN_POINT('Origin',(15.3049544555144,-31.8353923138058,3.45000000000015));
#5299=CARTESIAN_POINT('',(12.8853077983204,-30.5590872578402,3.45000000000016));
#5300=CARTESIAN_POINT('',(14.0074637065806,-32.1616919814759,3.45000000000014));
#5301=CARTESIAN_POINT('',(14.2810144001532,-32.5523628592445,3.45000000000015));
#5302=CARTESIAN_POINT('',(15.0314037619418,-31.4447214360372,4.70000000000018));
#5303=CARTESIAN_POINT('Origin',(15.0314037619418,-31.4447214360371,3.45000000000015));
#5304=CARTESIAN_POINT('',(14.0816783255465,-30.0883729470969,4.70000000000018));
#5305=CARTESIAN_POINT('',(15.3049544555144,-31.8353923138058,4.70000000000018));
#5306=CARTESIAN_POINT('',(13.8538027006718,-30.193873431898,4.6753176505551));
#5307=CARTESIAN_POINT('Ctrl Pts',(13.8538027006714,-30.1938734318971,4.67531765055513));
#5308=CARTESIAN_POINT('Ctrl Pts',(13.9299479490061,-30.1591122254187,4.69192220061618));
#5309=CARTESIAN_POINT('Ctrl Pts',(14.0058707484172,-30.1238648562161,4.70000000000015));
#5310=CARTESIAN_POINT('Ctrl Pts',(14.0816783255464,-30.088372947097,4.70000000000016));
#5311=CARTESIAN_POINT('',(13.6799011624885,-30.2718216409012,4.62211352950233));
#5312=CARTESIAN_POINT('Ctrl Pts',(13.6799011624885,-30.2718216409013,4.62211352950233));
#5313=CARTESIAN_POINT('Ctrl Pts',(13.7380974248137,-30.2463501125247,4.64519254802294));
#5314=CARTESIAN_POINT('Ctrl Pts',(13.7960475535312,-30.2203290445625,4.66285551363566));
#5315=CARTESIAN_POINT('Ctrl Pts',(13.8538401159639,-30.1939601803097,4.67547965501069));
#5316=CARTESIAN_POINT('Ctrl Pts',(12.8853077983203,-30.5590872578402,3.45000000000015));
#5317=CARTESIAN_POINT('Ctrl Pts',(12.8853077983203,-30.5590872578402,3.5387067664255));
#5318=CARTESIAN_POINT('Ctrl Pts',(12.8952630316247,-30.5569618347875,3.633247973877));
#5319=CARTESIAN_POINT('Ctrl Pts',(12.9431141666241,-30.5451068927513,3.83185614080778));
#5320=CARTESIAN_POINT('Ctrl Pts',(12.9821900559506,-30.5349288221926,3.9374544579223));
#5321=CARTESIAN_POINT('Ctrl Pts',(13.0933353352606,-30.5011558595689,4.14396977483322));
#5322=CARTESIAN_POINT('Ctrl Pts',(13.1741082276064,-30.474762834586,4.25895960884446));
#5323=CARTESIAN_POINT('Ctrl Pts',(13.3919966277249,-30.3933642412047,4.46939431641796));
#5324=CARTESIAN_POINT('Ctrl Pts',(13.5307029039186,-30.3371232174124,4.56294565109909));
#5325=CARTESIAN_POINT('Ctrl Pts',(13.6799011624885,-30.2718216409012,4.62211352950233));
#5326=CARTESIAN_POINT('Origin',(17.3528345662369,-30.4014512229282,4.70000000000018));
#5327=CARTESIAN_POINT('Origin',(-0.057906954659269,0.11252997158735,4.70000000000027));
#5328=CARTESIAN_POINT('',(18.4042898137514,-29.0830011970377,4.70000000000019));
#5329=CARTESIAN_POINT('Ctrl Pts',(23.6622246256,-23.3259424620931,4.66667828695615));
#5330=CARTESIAN_POINT('Ctrl Pts',(23.5942165016467,-23.395222181289,4.68916897997137));
#5331=CARTESIAN_POINT('Ctrl Pts',(23.5256198038839,-23.4639222518756,4.70000000000018));
#5332=CARTESIAN_POINT('Ctrl Pts',(23.4567835340744,-23.5323794217485,4.70000000000018));
#5333=CARTESIAN_POINT('Ctrl Pts',(23.6498885839622,-23.3137529018923,4.68426881048661));
#5334=CARTESIAN_POINT('Ctrl Pts',(23.5819142682023,-23.382995049028,4.70659329779));
#5335=CARTESIAN_POINT('Ctrl Pts',(23.5133536565053,-23.4516597840692,4.71734427682619));
#5336=CARTESIAN_POINT('Ctrl Pts',(23.4445531894763,-23.5200813483373,4.71734427682618));
#5337=CARTESIAN_POINT('Ctrl Pts',(23.6375525423244,-23.3015633416915,4.70185933401707));
#5338=CARTESIAN_POINT('Ctrl Pts',(23.5696120347579,-23.370767916767,4.72401761560863));
#5339=CARTESIAN_POINT('Ctrl Pts',(23.5010875091268,-23.4393973162628,4.73468855365219));
#5340=CARTESIAN_POINT('Ctrl Pts',(23.4323228448781,-23.507783274926,4.73468855365219));
#5341=CARTESIAN_POINT('Ctrl Pts',(23.6252165006866,-23.2893737814908,4.71944985754753));
#5342=CARTESIAN_POINT('Ctrl Pts',(23.5573098013135,-23.3585407845059,4.74144193342726));
#5343=CARTESIAN_POINT('Ctrl Pts',(23.4888213617482,-23.4271348484565,4.7520328304782));
#5344=CARTESIAN_POINT('Ctrl Pts',(23.42009250028,-23.4954852015148,4.75203283047819));
#5345=CARTESIAN_POINT('',(23.4200925002801,-23.4954852015147,4.75203283047821));
#5346=CARTESIAN_POINT('Ctrl Pts',(23.42009250028,-23.4954852015148,4.75203283047819));
#5347=CARTESIAN_POINT('Ctrl Pts',(23.5030209821934,-23.4374180533468,4.73472857139248));
#5348=CARTESIAN_POINT('Ctrl Pts',(23.5843797683807,-23.3804500179589,4.70595292206346));
#5349=CARTESIAN_POINT('Ctrl Pts',(23.662224625506,-23.3259424621888,4.66667828698723));
#5350=CARTESIAN_POINT('',(23.4567835340746,-23.5323794217484,4.70000000000022));
#5351=CARTESIAN_POINT('Ctrl Pts',(14.0816783255464,-30.088372947097,4.70000000000016));
#5352=CARTESIAN_POINT('Ctrl Pts',(14.0058707484172,-30.1238648562161,4.70000000000015));
#5353=CARTESIAN_POINT('Ctrl Pts',(13.9299479490061,-30.1591122254187,4.69192220061618));
#5354=CARTESIAN_POINT('Ctrl Pts',(13.8538027006714,-30.1938734318971,4.67531765055513));
#5355=CARTESIAN_POINT('Ctrl Pts',(14.0753246024213,-30.0748019567551,4.71498471142246));
#5356=CARTESIAN_POINT('Ctrl Pts',(13.9995510899655,-30.1102779173327,4.71498471142246));
#5357=CARTESIAN_POINT('Ctrl Pts',(13.9236622977284,-30.1455092051898,4.7069584857465));
#5358=CARTESIAN_POINT('Ctrl Pts',(13.8475516964493,-30.180255734265,4.69045994948645));
#5359=CARTESIAN_POINT('Ctrl Pts',(14.0689708792961,-30.0612309664133,4.72996942284477));
#5360=CARTESIAN_POINT('Ctrl Pts',(13.9932314315139,-30.0966909784492,4.72996942284476));
#5361=CARTESIAN_POINT('Ctrl Pts',(13.9173766464507,-30.1319061849609,4.72199477087681));
#5362=CARTESIAN_POINT('Ctrl Pts',(13.8413006922271,-30.1666380366328,4.70560224841778));
#5363=CARTESIAN_POINT('Ctrl Pts',(14.0626171561709,-30.0476599760715,4.74495413426707));
#5364=CARTESIAN_POINT('Ctrl Pts',(13.9869117730622,-30.0831040395658,4.74495413426707));
#5365=CARTESIAN_POINT('Ctrl Pts',(13.911090995173,-30.118303164732,4.73703105600713));
#5366=CARTESIAN_POINT('Ctrl Pts',(13.835049688005,-30.1530203390006,4.7207445473491));
#5367=CARTESIAN_POINT('',(14.062617156171,-30.0476599760714,4.74495413426708));
#5368=CARTESIAN_POINT('Ctrl Pts',(13.8538027006807,-30.1938734318929,4.67531765055715));
#5369=CARTESIAN_POINT('Ctrl Pts',(13.8836052509205,-30.1730054615571,4.68909429237655));
#5370=CARTESIAN_POINT('Ctrl Pts',(13.9138804182615,-30.1518085446213,4.70136851657832));
#5371=CARTESIAN_POINT('Ctrl Pts',(13.9445176433734,-30.130356401539,4.71205222420825));
#5372=CARTESIAN_POINT('Ctrl Pts',(13.9754841691894,-30.1086736825545,4.72285076444565));
#5373=CARTESIAN_POINT('Ctrl Pts',(14.0068206123147,-30.086730302243,4.7320244442232));
#5374=CARTESIAN_POINT('Ctrl Pts',(14.0384152067514,-30.0646067163108,4.73953538409116));
#5375=CARTESIAN_POINT('Ctrl Pts',(14.0464663590614,-30.0589690316638,4.74144937355506));
#5376=CARTESIAN_POINT('Ctrl Pts',(14.0545342853402,-30.0533196631575,4.74325565407944));
#5377=CARTESIAN_POINT('Ctrl Pts',(14.062617156171,-30.0476599760715,4.74495413426705));
#5378=CARTESIAN_POINT('',(13.0865181416426,-27.962798857969,7.04699999999997));
#5379=CARTESIAN_POINT('Origin',(-0.0579069546592702,0.112529971587345,5.87350000000017));
#5380=CARTESIAN_POINT('',(21.8017927229953,-21.8682236552279,7.047));
#5381=CARTESIAN_POINT('',(23.4567835340746,-23.5323794217484,4.70000000000022));
#5382=CARTESIAN_POINT('',(13.0865181416426,-27.962798857969,7.04699999999997));
#5383=CARTESIAN_POINT('Origin',(-0.0579069546592706,0.112529971587341,7.04700000000008));
#5384=CARTESIAN_POINT('',(13.0865181416426,-27.962798857969,7.04699999999997));
#5385=CARTESIAN_POINT('Origin',(16.2479277947107,-30.8980845122196,1.00002526411008));
#5386=CARTESIAN_POINT('',(15.5596413675964,-29.9151096232686,1.46501256408407));
#5387=CARTESIAN_POINT('',(16.1045389821298,-30.6933040653432,1.46501256408408));
#5388=CARTESIAN_POINT('Origin',(19.7292957548386,-28.1552220489158,1.92999986405808));
#5389=CARTESIAN_POINT('',(14.0074637065806,-32.1616919814759,2.98237236772491));
#5390=CARTESIAN_POINT('',(23.3540345740867,-25.617152603637,1.46501256408408));
#5391=CARTESIAN_POINT('Origin',(23.4974233866675,-25.8219330505135,1.00002526411008));
#5392=CARTESIAN_POINT('',(22.8091369595532,-24.8389581615624,1.46501256408407));
#5393=CARTESIAN_POINT('Origin',(19.1843981403051,-27.3770276068413,1.92999986405806));
#5394=CARTESIAN_POINT('',(15.252459350988,-30.1302007869002,2.89501256408308));
#5395=CARTESIAN_POINT('',(23.1163189761615,-24.6238669979308,2.89501256408307));
#5396=CARTESIAN_POINT('Origin',(24.388855708479,-20.7091447087082,5.67681656013637));
#5397=CARTESIAN_POINT('',(24.4681152387863,-18.8472758124026,3.45000000000023));
#5398=CARTESIAN_POINT('',(24.4681152387863,-18.8472758124026,5.67681656013638));
#5399=CARTESIAN_POINT('',(24.3095961781717,-22.5710136050139,3.45000000000019));
#5400=CARTESIAN_POINT('Origin',(20.2975608720923,-20.2495549795515,3.8599998146501));
#5401=CARTESIAN_POINT('',(22.706536558175,-23.6899288039208,2.55999985305007));
#5402=CARTESIAN_POINT('',(22.706536558175,-23.6899288039208,2.65749990732512));
#5403=CARTESIAN_POINT('',(19.7801492203324,-19.5106145604254,2.55999985305007));
#5404=CARTESIAN_POINT('',(20.2975608720923,-20.2495549795515,2.55999985305007));
#5405=CARTESIAN_POINT('',(19.7801492203324,-19.5106145604255,3.42749984632177));
#5406=CARTESIAN_POINT('Origin',(-0.0579069546592706,0.112529971587341,5.67681656013637));
#5407=CARTESIAN_POINT('',(24.4935162433687,-18.8143720187368,7.60000000000008));
#5408=CARTESIAN_POINT('',(24.4935162433686,-18.8143720187369,5.67681656013638));
#5409=CARTESIAN_POINT('',(9.33048189519817,-29.4316429700246,7.60000000000008));
#5410=CARTESIAN_POINT('Origin',(-0.0579069546592706,0.112529971587341,7.60000000000009));
#5411=CARTESIAN_POINT('',(9.33048189519813,-29.4316429700246,5.67681656013638));
#5412=CARTESIAN_POINT('',(9.33086452202643,-29.431521378195,3.45000000000016));
#5413=CARTESIAN_POINT('',(9.33086452202643,-29.431521378195,5.67681656013637));
#5414=CARTESIAN_POINT('',(12.7135136035508,-28.1344312264837,7.04700000000017));
#5415=CARTESIAN_POINT('Ctrl Pts',(12.7135136035508,-28.1344312264837,7.04700000000017));
#5416=CARTESIAN_POINT('Ctrl Pts',(12.3024319297423,-28.3202953590241,7.04700000000018));
#5417=CARTESIAN_POINT('Ctrl Pts',(11.8605161732338,-28.5082957760257,6.9585009916702));
#5418=CARTESIAN_POINT('Ctrl Pts',(11.0357724320607,-28.8378757530977,6.5965517539075));
#5419=CARTESIAN_POINT('Ctrl Pts',(10.6530768079192,-28.9801301892839,6.32284126514435));
#5420=CARTESIAN_POINT('Ctrl Pts',(10.0459857056033,-29.196386886875,5.68811278804291));
#5421=CARTESIAN_POINT('Ctrl Pts',(9.7793093682687,-29.2859058065376,5.28724665236228));
#5422=CARTESIAN_POINT('Ctrl Pts',(9.42096864336615,-29.4032843594353,4.3974639069785));
#5423=CARTESIAN_POINT('Ctrl Pts',(9.33086452202641,-29.431521378195,3.90901320335764));
#5424=CARTESIAN_POINT('Ctrl Pts',(9.33086452202642,-29.431521378195,3.45000000000002));
#5425=CARTESIAN_POINT('Ctrl Pts',(13.0865181416425,-27.962798857969,7.04700000000008));
#5426=CARTESIAN_POINT('Ctrl Pts',(12.9625639965825,-28.0208322290119,7.04700000000008));
#5427=CARTESIAN_POINT('Ctrl Pts',(12.8382255151051,-28.0780446913124,7.04700000000008));
#5428=CARTESIAN_POINT('Ctrl Pts',(12.7135136035508,-28.1344312264838,7.04700000000008));
#5429=CARTESIAN_POINT('',(22.0889323926687,-21.5788855406297,7.04700000000019));
#5430=CARTESIAN_POINT('Ctrl Pts',(22.0889323926686,-21.5788855406297,7.0470000000001));
#5431=CARTESIAN_POINT('Ctrl Pts',(21.9938546614792,-21.6759594838666,7.0470000000001));
#5432=CARTESIAN_POINT('Ctrl Pts',(21.8981386799243,-21.7724083015152,7.0470000000001));
#5433=CARTESIAN_POINT('Ctrl Pts',(21.8017927229952,-21.868223655228,7.0470000000001));
#5434=CARTESIAN_POINT('Ctrl Pts',(24.4681152387863,-18.8472758124026,3.45000000000023));
#5435=CARTESIAN_POINT('Ctrl Pts',(24.4681152387863,-18.8472758124026,3.8171400837264));
#5436=CARTESIAN_POINT('Ctrl Pts',(24.3787074697793,-18.964190110323,4.7848317048603));
#5437=CARTESIAN_POINT('Ctrl Pts',(24.0434880392519,-19.3880690926884,5.62595675732403));
#5438=CARTESIAN_POINT('Ctrl Pts',(23.590822109159,-19.9336130657013,6.32320122411358));
#5439=CARTESIAN_POINT('Ctrl Pts',(23.3258756282198,-20.244162988776,6.59683387151842));
#5440=CARTESIAN_POINT('Ctrl Pts',(22.733069691256,-20.9058596085107,6.95867744365129));
#5441=CARTESIAN_POINT('Ctrl Pts',(22.4046215015074,-21.2565683560636,7.04700000000019));
#5442=CARTESIAN_POINT('Ctrl Pts',(22.0889323926687,-21.5788855406297,7.04700000000019));
#5443=CARTESIAN_POINT('Ctrl Pts',(24.3095961781717,-22.5710136050139,3.45000000000019));
#5444=CARTESIAN_POINT('Ctrl Pts',(24.3095961781717,-22.5710136050139,3.52129569688452));
#5445=CARTESIAN_POINT('Ctrl Pts',(24.3011198861492,-22.5843568430641,3.70778127912688));
#5446=CARTESIAN_POINT('Ctrl Pts',(24.2601776494161,-22.6447162851925,3.91834508812262));
#5447=CARTESIAN_POINT('Ctrl Pts',(24.1827857746695,-22.7472103436867,4.1459830978861));
#5448=CARTESIAN_POINT('Ctrl Pts',(24.1299169634594,-22.814257287861,4.26094901410897));
#5449=CARTESIAN_POINT('Ctrl Pts',(23.9781278501572,-22.9913372849938,4.47121766806074));
#5450=CARTESIAN_POINT('Ctrl Pts',(23.877403930361,-23.1025054910797,4.56448191084942));
#5451=CARTESIAN_POINT('Ctrl Pts',(23.7647652507712,-23.2202568570525,4.62323129981532));
#5452=CARTESIAN_POINT('Ctrl Pts',(24.3624358650432,-21.3297676741435,3.4500000000002));
#5453=CARTESIAN_POINT('Ctrl Pts',(24.3624026217471,-21.329699301545,3.61944467601645));
#5454=CARTESIAN_POINT('Ctrl Pts',(24.3271236875297,-21.3774918527977,4.0670451051893));
#5455=CARTESIAN_POINT('Ctrl Pts',(24.1880657644208,-21.5590094592658,4.48765044912935));
#5456=CARTESIAN_POINT('Ctrl Pts',(23.9852351144816,-21.809578964793,4.87131931209622));
#5457=CARTESIAN_POINT('Ctrl Pts',(23.8619249666494,-21.9575449836261,5.03971932727142));
#5458=CARTESIAN_POINT('Ctrl Pts',(23.5629941577049,-22.2962870722839,5.3001084092497));
#5459=CARTESIAN_POINT('Ctrl Pts',(23.3864566376285,-22.4873086797689,5.39250609175921));
#5460=CARTESIAN_POINT('Ctrl Pts',(23.2061542980704,-22.6731330849116,5.43115419987694));
#5461=CARTESIAN_POINT('Ctrl Pts',(24.4152755519147,-20.088521743273,3.45000000000022));
#5462=CARTESIAN_POINT('Ctrl Pts',(24.4153087952108,-20.0885901158715,3.71899110459446));
#5463=CARTESIAN_POINT('Ctrl Pts',(24.3527036683988,-20.1710551005894,4.42556787879788));
#5464=CARTESIAN_POINT('Ctrl Pts',(24.1155999242472,-20.4737759186151,5.0566513963173));
#5465=CARTESIAN_POINT('Ctrl Pts',(23.7883727693469,-20.871244444595,5.59786500990346));
#5466=CARTESIAN_POINT('Ctrl Pts',(23.5938676250297,-21.1008752930109,5.81806355835597));
#5467=CARTESIAN_POINT('Ctrl Pts',(23.1482033837083,-21.6009098212205,6.12978670246233));
#5468=CARTESIAN_POINT('Ctrl Pts',(22.8955687942399,-21.8717651673743,6.21897581909039));
#5469=CARTESIAN_POINT('Ctrl Pts',(22.6475433453695,-22.1260093127706,6.23907709993857));
#5470=CARTESIAN_POINT('Ctrl Pts',(24.4681152387863,-18.8472758124026,3.45000000000023));
#5471=CARTESIAN_POINT('Ctrl Pts',(24.4681152387863,-18.8472758124026,3.8171400837264));
#5472=CARTESIAN_POINT('Ctrl Pts',(24.3787074697793,-18.964190110323,4.7848317048603));
#5473=CARTESIAN_POINT('Ctrl Pts',(24.0434880392519,-19.3880690926884,5.62595675732403));
#5474=CARTESIAN_POINT('Ctrl Pts',(23.590822109159,-19.9336130657013,6.32320122411358));
#5475=CARTESIAN_POINT('Ctrl Pts',(23.3258756282198,-20.244162988776,6.59683387151842));
#5476=CARTESIAN_POINT('Ctrl Pts',(22.733069691256,-20.9058596085107,6.95867744365129));
#5477=CARTESIAN_POINT('Ctrl Pts',(22.4046215015074,-21.2565683560636,7.04700000000019));
#5478=CARTESIAN_POINT('Ctrl Pts',(22.0889323926687,-21.5788855406297,7.04700000000019));
#5479=CARTESIAN_POINT('',(22.0889323926687,-21.5788855406297,7.04700000000019));
#5480=CARTESIAN_POINT('Ctrl Pts',(13.6799011624885,-30.2718216409012,4.62211352950233));
#5481=CARTESIAN_POINT('Ctrl Pts',(13.5307029039186,-30.3371232174124,4.56294565109909));
#5482=CARTESIAN_POINT('Ctrl Pts',(13.3919966277249,-30.3933642412047,4.46939431641796));
#5483=CARTESIAN_POINT('Ctrl Pts',(13.1741082276064,-30.474762834586,4.25895960884446));
#5484=CARTESIAN_POINT('Ctrl Pts',(13.0933353352606,-30.5011558595689,4.14396977483322));
#5485=CARTESIAN_POINT('Ctrl Pts',(12.9821900559506,-30.5349288221926,3.9374544579223));
#5486=CARTESIAN_POINT('Ctrl Pts',(12.9431141666241,-30.5451068927513,3.83185614080778));
#5487=CARTESIAN_POINT('Ctrl Pts',(12.8952630316247,-30.5569618347875,3.633247973877));
#5488=CARTESIAN_POINT('Ctrl Pts',(12.8853077983203,-30.5590872578402,3.5387067664255));
#5489=CARTESIAN_POINT('Ctrl Pts',(12.8853077983203,-30.5590872578402,3.45000000000015));
#5490=CARTESIAN_POINT('Ctrl Pts',(13.3577719761759,-29.5593581694287,5.43040901966827));
#5491=CARTESIAN_POINT('Ctrl Pts',(13.1214334489528,-29.6648515111874,5.39144590067269));
#5492=CARTESIAN_POINT('Ctrl Pts',(12.8815493240968,-29.7649862881664,5.29899217302981));
#5493=CARTESIAN_POINT('Ctrl Pts',(12.4612649884276,-29.9291726030184,5.03839274119161));
#5494=CARTESIAN_POINT('Ctrl Pts',(12.2799369958833,-29.994151996157,4.87034136926165));
#5495=CARTESIAN_POINT('Ctrl Pts',(12.0033415184728,-30.0887794549454,4.52105421286505));
#5496=CARTESIAN_POINT('Ctrl Pts',(11.8883943746313,-30.1254316597065,4.3171802159749));
#5497=CARTESIAN_POINT('Ctrl Pts',(11.7371398394035,-30.1723897658427,3.88788406622562));
#5498=CARTESIAN_POINT('Ctrl Pts',(11.699877200749,-30.183415236244,3.66238029378578));
#5499=CARTESIAN_POINT('Ctrl Pts',(11.700493372889,-30.1832319646252,3.45000000000011));
#5500=CARTESIAN_POINT('Ctrl Pts',(13.0356427898634,-28.8468946979562,6.23870450983422));
#5501=CARTESIAN_POINT('Ctrl Pts',(12.7117013847081,-28.9925670652491,6.21849975042658));
#5502=CARTESIAN_POINT('Ctrl Pts',(12.3709634768619,-29.136673729064,6.12890313505835));
#5503=CARTESIAN_POINT('Ctrl Pts',(11.7486156712395,-29.3834659846653,5.81711862156035));
#5504=CARTESIAN_POINT('Ctrl Pts',(11.4664751472965,-29.4871340526958,5.59646967071592));
#5505=CARTESIAN_POINT('Ctrl Pts',(11.0248342430811,-29.6425362541222,5.10451303310016));
#5506=CARTESIAN_POINT('Ctrl Pts',(10.8340291602615,-29.7055810395824,4.80192257719516));
#5507=CARTESIAN_POINT('Ctrl Pts',(10.5790918355873,-29.7878564283801,4.14282781462988));
#5508=CARTESIAN_POINT('Ctrl Pts',(10.5162951195977,-29.8071933997912,3.78533967599736));
#5509=CARTESIAN_POINT('Ctrl Pts',(10.5156789474577,-29.8073766714101,3.45000000000007));
#5510=CARTESIAN_POINT('Ctrl Pts',(12.7135136035508,-28.1344312264837,7.04700000000017));
#5511=CARTESIAN_POINT('Ctrl Pts',(12.3024319297423,-28.3202953590241,7.04700000000018));
#5512=CARTESIAN_POINT('Ctrl Pts',(11.8605161732338,-28.5082957760257,6.9585009916702));
#5513=CARTESIAN_POINT('Ctrl Pts',(11.0357724320607,-28.8378757530977,6.5965517539075));
#5514=CARTESIAN_POINT('Ctrl Pts',(10.6530768079192,-28.9801301892839,6.32284126514435));
#5515=CARTESIAN_POINT('Ctrl Pts',(10.0459857056033,-29.196386886875,5.68811278804291));
#5516=CARTESIAN_POINT('Ctrl Pts',(9.7793093682687,-29.2859058065376,5.28724665236228));
#5517=CARTESIAN_POINT('Ctrl Pts',(9.42096864336615,-29.4032843594353,4.3974639069785));
#5518=CARTESIAN_POINT('Ctrl Pts',(9.33086452202641,-29.431521378195,3.90901320335764));
#5519=CARTESIAN_POINT('Ctrl Pts',(9.33086452202642,-29.431521378195,3.45000000000002));
#5520=CARTESIAN_POINT('',(12.8853077983204,-30.5590872578402,3.45000000000016));
#5521=CARTESIAN_POINT('',(13.6799011624885,-30.2718216409012,4.62211352950233));
#5522=CARTESIAN_POINT('Origin',(33.6118773152178,4.76636102454541,-1.79999999999991));
#5523=CARTESIAN_POINT('',(20.8339029176687,23.0151996906071,7.60000000000011));
#5524=CARTESIAN_POINT('',(20.8339029176689,23.0151996906068,2.10000000000005));
#5525=CARTESIAN_POINT('',(28.6089825834667,11.9112351636364,7.6000000000001));
#5526=CARTESIAN_POINT('',(29.1927022478152,11.0775970885009,7.6000000000001));
#5527=CARTESIAN_POINT('',(28.6089825834667,11.9112351636364,2.95000000000006));
#5528=CARTESIAN_POINT('',(28.6089825834667,11.9112351636364,7.70000000000011));
#5529=CARTESIAN_POINT('',(30.7431179298682,8.86337402255516,1.92999991346607));
#5530=CARTESIAN_POINT('Ctrl Pts',(28.6089825834667,11.9112351636364,2.95000000000009));
#5531=CARTESIAN_POINT('Ctrl Pts',(29.6587794042792,10.4119699265088,2.54983803347907));
#5532=CARTESIAN_POINT('Ctrl Pts',(30.7431179298682,8.86337402255516,1.92999991346607));
#5533=CARTESIAN_POINT('Ctrl Pts',(30.7431179298682,8.86337402255516,1.92999991346607));
#5534=CARTESIAN_POINT('Ctrl Pts',(31.9908279056638,7.08145950763045,1.21677411961311));
#5535=CARTESIAN_POINT('Ctrl Pts',(33.3059501215407,5.20327033640359,0.199998570917695));
#5536=CARTESIAN_POINT('Origin',(24.8211643895355,-18.1117283017897,-1.79999999999991));
#5537=CARTESIAN_POINT('',(30.2222917723492,-6.52897325079244,2.95000000000006));
#5538=CARTESIAN_POINT('',(31.7947492747445,-3.15682725469872,1.92999991346607));
#5539=CARTESIAN_POINT('Ctrl Pts',(31.7947492747445,-3.15682725469872,1.92999991346607));
#5540=CARTESIAN_POINT('Ctrl Pts',(30.9957951444107,-4.87018991636903,2.54983803350868));
#5541=CARTESIAN_POINT('Ctrl Pts',(30.2222917723492,-6.52897325079247,2.95000000000002));
#5542=CARTESIAN_POINT('',(30.2222917723492,-6.52897325079237,7.60000000000008));
#5543=CARTESIAN_POINT('',(30.2222917723491,-6.52897325079261,7.70000000000011));
#5544=CARTESIAN_POINT('',(26.0659913050044,-15.4421883667303,7.60000000000008));
#5545=CARTESIAN_POINT('Ctrl Pts',(33.6830759517161,0.892702372249682,0.199998570917663));
#5546=CARTESIAN_POINT('Ctrl Pts',(32.7140775242,-1.18532146152154,1.21677411963166));
#5547=CARTESIAN_POINT('Ctrl Pts',(31.7947492747445,-3.15682725469872,1.92999991346607));
#5548=CARTESIAN_POINT('Origin',(15.684389094122,-22.378496700381,2.99499987799343));
#5549=CARTESIAN_POINT('',(18.5514211888619,-20.370979197936,4.0599998146501));
#5550=CARTESIAN_POINT('Origin',(18.5514211888619,-20.370979197936,2.55999985305007));
#5551=CARTESIAN_POINT('',(12.8173570336106,-24.386014178859,4.05999981465011));
#5552=CARTESIAN_POINT('',(13.6171531064061,-23.8259909347979,4.05999981465011));
#5553=CARTESIAN_POINT('Origin',(12.8173570336106,-24.386014178859,2.55999985305007));
#5554=CARTESIAN_POINT('Origin',(13.3347686654944,-25.1249545695991,2.55999985305007));
#5555=CARTESIAN_POINT('',(15.7437443515771,-28.5653283939684,4.05999981465011));
#5556=CARTESIAN_POINT('',(13.3347686654944,-25.1249545695991,4.05999981465011));
#5557=CARTESIAN_POINT('Origin',(15.7437443515771,-28.5653283939684,2.55999985305007));
#5558=CARTESIAN_POINT('Origin',(19.0688328371143,-21.1099196120527,2.55999985305007));
#5559=CARTESIAN_POINT('',(21.477808523197,-24.550293436422,4.0599998146501));
#5560=CARTESIAN_POINT('Origin',(21.477808523197,-24.550293436422,2.55999985305007));
#5561=CARTESIAN_POINT('',(19.0688328371143,-21.1099196120527,4.05999981465011));
#5562=CARTESIAN_POINT('Origin',(12.0426588951437,-25.9771933489895,4.05999981465011));
#5563=CARTESIAN_POINT('',(16.6386404316402,-27.9387154127939,4.05999981465011));
#5564=CARTESIAN_POINT('Origin',(-13.8174658183746,20.3838037321567,4.40000000000009));
#5565=CARTESIAN_POINT('',(-13.5366584946252,19.9701042676554,4.20000000000014));
#5566=CARTESIAN_POINT('',(-14.2255635623088,20.0949158102983,4.20000000000014));
#5567=CARTESIAN_POINT('Origin',(-13.8174658183746,20.3838037321567,4.2000000000001));
#5568=CARTESIAN_POINT('',(-13.5366584946253,19.9701042676554,4.90000000000009));
#5569=CARTESIAN_POINT('',(-13.5366584946253,19.9701042676554,4.30000000000011));
#5570=CARTESIAN_POINT('',(-14.2255635623089,20.0949158102983,4.9000000000001));
#5571=CARTESIAN_POINT('Origin',(-13.8174658183746,20.3838037321567,4.90000000000008));
#5572=CARTESIAN_POINT('',(-14.2255635623089,20.0949158102983,4.30000000000012));
#5573=CARTESIAN_POINT('Origin',(12.3014108287228,-22.7620692373937,4.71775000000011));
#5574=CARTESIAN_POINT('',(13.1255370173448,-22.1956630004689,4.9000000000001));
#5575=CARTESIAN_POINT('Origin',(12.3014108287228,-22.7620692373937,4.9000000000001));
#5576=CARTESIAN_POINT('',(12.8251430215921,-22.402118073828,4.53550000000011));
#5577=CARTESIAN_POINT('',(12.9753400194685,-22.2988905371485,4.71775000000011));
#5578=CARTESIAN_POINT('Origin',(12.3014108287228,-22.7620692373937,4.53550000000011));
#5579=CARTESIAN_POINT('Origin',(-12.4172247420023,22.9871291818673,4.71775000000012));
#5580=CARTESIAN_POINT('',(-11.5930985533803,23.5535354187921,4.9000000000001));
#5581=CARTESIAN_POINT('Origin',(-12.4172247420023,22.9871291818673,4.9000000000001));
#5582=CARTESIAN_POINT('',(-11.8934925491331,23.347080345433,4.5355000000001));
#5583=CARTESIAN_POINT('',(-11.7432955512567,23.4503078821126,4.71775000000012));
#5584=CARTESIAN_POINT('Origin',(-12.4172247420023,22.9871291818673,4.53550000000012));
#5585=CARTESIAN_POINT('Origin',(-13.4707315876295,19.8939893556972,5.5000000000001));
#5586=CARTESIAN_POINT('',(-13.8788293315638,19.6051014338386,4.20000000000012));
#5587=CARTESIAN_POINT('',(-13.8788293315638,19.6051014338386,2.20000000000008));
#5588=CARTESIAN_POINT('',(-13.8788293315638,19.6051014338386,5.5000000000001));
#5589=CARTESIAN_POINT('',(-13.1901285618351,19.4801512932681,2.20000000000007));
#5590=CARTESIAN_POINT('Origin',(-13.4707315876295,19.8939893556972,2.20000000000007));
#5591=CARTESIAN_POINT('',(-13.1901285618351,19.4801512932681,4.20000000000011));
#5592=CARTESIAN_POINT('',(-13.1901285618351,19.4801512932681,5.5000000000001));
#5593=CARTESIAN_POINT('Origin',(-13.4707315876295,19.8939893556972,4.2000000000001));
#5594=CARTESIAN_POINT('Origin',(-13.8677017374479,19.5893820294934,5.20000000000011));
#5595=CARTESIAN_POINT('',(-14.8030334540852,20.9106790949235,2.20000000000007));
#5596=CARTESIAN_POINT('',(-14.8030334540852,20.9106790949235,4.9000000000001));
#5597=CARTESIAN_POINT('',(-14.8030334540852,20.9106790949235,3.00000000000008));
#5598=CARTESIAN_POINT('',(-6.9443219324493,9.80906424866284,2.20000000000007));
#5599=CARTESIAN_POINT('',(-6.47220537240673,9.14212842875083,4.20000000000012));
#5600=CARTESIAN_POINT('',(-6.94432193244931,9.80906424866287,4.90000000000009));
#5601=CARTESIAN_POINT('Origin',(-15.2111311980195,20.621791173065,3.00000000000007));
#5602=CARTESIAN_POINT('',(-15.5082532420069,21.0239335495646,4.90000000000009));
#5603=CARTESIAN_POINT('',(-15.5082532420069,21.0239335495646,2.20000000000008));
#5604=CARTESIAN_POINT('',(-15.508253242007,21.0239335495646,3.00000000000009));
#5605=CARTESIAN_POINT('Origin',(-15.2111311980195,20.621791173065,2.20000000000007));
#5606=CARTESIAN_POINT('Origin',(-15.2111311980195,20.621791173065,4.90000000000009));
#5607=CARTESIAN_POINT('Origin',(18.5984341378235,-26.5664530863884,1.45500000000016));
#5608=CARTESIAN_POINT('',(22.5426972732436,-23.8046503062846,2.65751263205412));
#5609=CARTESIAN_POINT('',(14.6788376480701,-29.310984095254,2.65751263205413));
#5610=CARTESIAN_POINT('Origin',(-17.2052099515744,10.0125299722246,-7.75470798686229E-10));
#5611=CARTESIAN_POINT('',(-18.3310429764939,10.6625299722249,2.20000000000006));
#5612=CARTESIAN_POINT('',(-18.3310429764939,10.6625299722248,-7.75470243574716E-10));
#5613=CARTESIAN_POINT('',(-16.0793769248774,9.36252997123059,2.20000000000006));
#5614=CARTESIAN_POINT('Origin',(-17.2052099515744,10.0125299722245,2.20000000000008));
#5615=CARTESIAN_POINT('',(-16.0793771653933,9.36253011005997,-1.7999999523162));
#5616=CARTESIAN_POINT('Origin',(-0.0579069546592644,0.112529971587341,7.70000000000007));
#5617=CARTESIAN_POINT('',(-20.9497168328002,-22.7901397421297,2.95000000000007));
#5618=CARTESIAN_POINT('',(-20.9497168328002,-22.7901397421297,7.60000000000009));
#5619=CARTESIAN_POINT('',(-20.9497168328003,-22.7901397421297,7.70000000000009));
#5620=CARTESIAN_POINT('',(-15.9453827298113,-26.5067884549606,2.95000000000009));
#5621=CARTESIAN_POINT('Origin',(-0.0579069546592644,0.112529971587341,2.95000000000006));
#5622=CARTESIAN_POINT('',(-15.9453827298114,-26.5067884549606,7.60000000000009));
#5623=CARTESIAN_POINT('',(-15.945382729811,-26.5067884549608,7.70000000000007));
#5624=CARTESIAN_POINT('Origin',(-0.0579069546592644,0.112529971587341,7.60000000000009));
#5625=CARTESIAN_POINT('Origin',(-0.0579069546592644,0.112529971587341,7.70000000000007));
#5626=CARTESIAN_POINT('',(-10.2372153384935,-29.1685506236845,2.9500000000001));
#5627=CARTESIAN_POINT('',(-10.2372153384934,-29.1685506236845,7.60000000000008));
#5628=CARTESIAN_POINT('',(-10.2372153384935,-29.1685506236844,7.70000000000007));
#5629=CARTESIAN_POINT('',(-4.17337329030513,-30.6130772126518,2.95000000000007));
#5630=CARTESIAN_POINT('Origin',(-0.0579069546592644,0.112529971587341,2.95000000000007));
#5631=CARTESIAN_POINT('',(-4.17337329030519,-30.6130772126518,7.60000000000008));
#5632=CARTESIAN_POINT('',(-4.17337329030493,-30.6130772126518,7.70000000000009));
#5633=CARTESIAN_POINT('Origin',(-0.0579069546592644,0.112529971587341,7.60000000000008));
#5634=CARTESIAN_POINT('Origin',(-14.4395191976021,-20.9449919456193,3.00000000000006));
#5635=CARTESIAN_POINT('',(-14.7215115945225,-21.3578845322312,4.90000000000008));
#5636=CARTESIAN_POINT('',(-14.7215115945224,-21.3578845322312,2.20000000000006));
#5637=CARTESIAN_POINT('',(-14.7215115945225,-21.3578845322312,3.00000000000007));
#5638=CARTESIAN_POINT('',(-14.8455317233163,-20.6531806556337,2.20000000000006));
#5639=CARTESIAN_POINT('Origin',(-14.439519197602,-20.9449919456193,2.20000000000006));
#5640=CARTESIAN_POINT('',(-14.8455317233164,-20.6531806556337,4.90000000000009));
#5641=CARTESIAN_POINT('',(-14.8455317233164,-20.6531806556337,3.00000000000006));
#5642=CARTESIAN_POINT('Origin',(-14.439519197602,-20.9449919456193,4.90000000000009));
#5643=CARTESIAN_POINT('Origin',(-0.0579069546592672,0.112529971587341,3.00000000000006));
#5644=CARTESIAN_POINT('',(-1.83289886594237,-25.8268108780734,2.20000000000007));
#5645=CARTESIAN_POINT('',(-1.83289886594237,-25.8268108780735,4.90000000000009));
#5646=CARTESIAN_POINT('',(-1.83289886594237,-25.8268108780735,3.00000000000008));
#5647=CARTESIAN_POINT('Origin',(-0.0579069546592664,0.112529971587341,2.20000000000006));
#5648=CARTESIAN_POINT('Origin',(-0.0579069546592664,0.112529971587341,4.90000000000009));
#5649=CARTESIAN_POINT('Origin',(-1.79876440611001,-25.3279774001954,3.00000000000007));
#5650=CARTESIAN_POINT('',(-1.29932183119196,-25.3515806702914,4.90000000000008));
#5651=CARTESIAN_POINT('',(-1.29932183119195,-25.3515806702914,2.20000000000006));
#5652=CARTESIAN_POINT('',(-1.29932183119196,-25.3515806702914,3.00000000000007));
#5653=CARTESIAN_POINT('Origin',(-1.79876440611002,-25.3279774001954,2.20000000000007));
#5654=CARTESIAN_POINT('Origin',(-1.79876440611004,-25.3279774001954,4.90000000000009));
#5655=CARTESIAN_POINT('Origin',(-0.234490263956429,-2.81986291973594,5.2000000000001));
#5656=CARTESIAN_POINT('',(-1.22384841816349,-23.7545716292809,4.2000000000001));
#5657=CARTESIAN_POINT('',(-1.25217750692455,-24.3540120025142,4.20000000000014));
#5658=CARTESIAN_POINT('',(-0.185858541919517,-1.79082108027963,4.2000000000001));
#5659=CARTESIAN_POINT('',(-1.22384841816349,-23.7545716292809,2.20000000000006));
#5660=CARTESIAN_POINT('',(-1.22384841816349,-23.7545716292808,-5.69999999999991));
#5661=CARTESIAN_POINT('',(-0.167951595589625,-1.41191208387658,2.20000000000006));
#5662=CARTESIAN_POINT('',(-1.25217750692456,-24.3540120025142,4.90000000000009));
#5663=CARTESIAN_POINT('',(-0.167951595589623,-1.41191208387658,4.90000000000008));
#5664=CARTESIAN_POINT('',(-1.25217750692454,-24.3540120025142,4.30000000000011));
#5665=CARTESIAN_POINT('Origin',(-0.724405843245429,-23.7781748993769,-5.69999999999991));
#5666=CARTESIAN_POINT('',(-0.710462351852426,-23.2783693581433,4.20000000000009));
#5667=CARTESIAN_POINT('',(-0.710462351852427,-23.2783693581433,2.20000000000007));
#5668=CARTESIAN_POINT('',(-0.710462351852422,-23.2783693581433,-5.69999999999991));
#5669=CARTESIAN_POINT('Origin',(-0.724405843245439,-23.7781748993769,2.20000000000008));
#5670=CARTESIAN_POINT('Origin',(-0.724405843245428,-23.7781748993769,4.2000000000001));
#5671=CARTESIAN_POINT('Origin',(-14.0080234075475,-19.487910913641,5.2000000000001));
#5672=CARTESIAN_POINT('',(-13.9141704019671,-19.3573282489215,2.20000000000006));
#5673=CARTESIAN_POINT('',(-7.01763102151803,-9.76180720968173,2.20000000000007));
#5674=CARTESIAN_POINT('',(-13.9141704019671,-19.3573282489215,4.20000000000009));
#5675=CARTESIAN_POINT('',(-13.9141704019671,-19.3573282489215,5.50000000000009));
#5676=CARTESIAN_POINT('',(-14.2643891088698,-19.8446061117793,4.20000000000014));
#5677=CARTESIAN_POINT('',(-6.93575170934957,-9.64788417970267,4.20000000000011));
#5678=CARTESIAN_POINT('',(-14.2643891088698,-19.8446061117793,4.90000000000009));
#5679=CARTESIAN_POINT('',(-14.2643891088698,-19.8446061117793,4.30000000000011));
#5680=CARTESIAN_POINT('',(-7.01763102151804,-9.76180720968173,4.90000000000009));
#5681=CARTESIAN_POINT('Origin',(-14.3201829276815,-19.0655169589359,5.50000000000009));
#5682=CARTESIAN_POINT('',(-14.0218089533505,-18.6643025880044,2.20000000000006));
#5683=CARTESIAN_POINT('Origin',(-14.3201829276815,-19.0655169589359,2.20000000000007));
#5684=CARTESIAN_POINT('',(-14.0218089533505,-18.6643025880045,4.20000000000008));
#5685=CARTESIAN_POINT('',(-14.0218089533505,-18.6643025880044,5.50000000000009));
#5686=CARTESIAN_POINT('Origin',(-14.3201829276815,-19.0655169589359,4.2000000000001));
#5687=CARTESIAN_POINT('Origin',(-0.0579069546592664,0.112529971587342,5.50000000000009));
#5688=CARTESIAN_POINT('',(-22.0033424417057,8.23397450343504,2.20000000000006));
#5689=CARTESIAN_POINT('Origin',(-0.0579069546592664,0.112529971587342,2.20000000000006));
#5690=CARTESIAN_POINT('',(-22.0033424417057,8.23397450343508,4.20000000000008));
#5691=CARTESIAN_POINT('',(-22.0033424417057,8.23397450343506,5.50000000000009));
#5692=CARTESIAN_POINT('Origin',(-0.0579069546592664,0.112529971587342,4.2000000000001));
#5693=CARTESIAN_POINT('Origin',(-22.4722620033948,8.40750964300445,5.50000000000009));
#5694=CARTESIAN_POINT('',(-22.2873420757007,8.87205740195027,2.20000000000007));
#5695=CARTESIAN_POINT('Origin',(-22.4722620033948,8.40750964300442,2.20000000000007));
#5696=CARTESIAN_POINT('',(-22.2873420757007,8.8720574019503,4.2000000000001));
#5697=CARTESIAN_POINT('',(-22.2873420757007,8.87205740195028,5.50000000000009));
#5698=CARTESIAN_POINT('Origin',(-22.4722620033948,8.40750964300445,4.2000000000001));
#5699=CARTESIAN_POINT('Origin',(-2.62896049168194,1.04675541502706,5.2000000000001));
#5700=CARTESIAN_POINT('',(-22.8449611888481,9.09402572296442,4.20000000000014));
#5701=CARTESIAN_POINT('',(-0.489234034730815,0.195006474073353,4.2000000000001));
#5702=CARTESIAN_POINT('',(-23.7773302774702,9.46516867034067,2.20000000000006));
#5703=CARTESIAN_POINT('',(-1.3434009319824,0.535019912598765,2.20000000000006));
#5704=CARTESIAN_POINT('',(-23.7773302774702,9.46516867034067,4.90000000000008));
#5705=CARTESIAN_POINT('',(-23.7773302774702,9.46516867034067,3.00000000000007));
#5706=CARTESIAN_POINT('',(-22.8449611888481,9.0940257229644,4.90000000000009));
#5707=CARTESIAN_POINT('',(-1.3434009319824,0.535019912598765,4.90000000000009));
#5708=CARTESIAN_POINT('',(-22.8449611888482,9.09402572296441,4.10000000000012));
#5709=CARTESIAN_POINT('Origin',(-23.5924103497761,9.92971642928651,3.00000000000006));
#5710=CARTESIAN_POINT('',(-24.0538712006608,10.1222102813982,2.20000000000007));
#5711=CARTESIAN_POINT('Origin',(-23.5924103497761,9.92971642928651,2.20000000000006));
#5712=CARTESIAN_POINT('',(-24.0538712006607,10.1222102813982,4.90000000000009));
#5713=CARTESIAN_POINT('',(-24.0538712006608,10.1222102813983,3.00000000000008));
#5714=CARTESIAN_POINT('Origin',(-23.5924103497761,9.92971642928652,4.90000000000008));
#5715=CARTESIAN_POINT('Origin',(-0.0579069546592663,0.112529971587341,3.00000000000006));
#5716=CARTESIAN_POINT('Origin',(-0.0579069546592656,0.112529971587341,4.90000000000009));
#5717=CARTESIAN_POINT('Origin',(-0.0579069546592647,0.112529971587341,2.20000000000007));
#5718=CARTESIAN_POINT('Origin',(-0.000984202231063295,-0.000501042283655509,
4.2000000000001));
#5719=CARTESIAN_POINT('',(-22.5610653173202,8.45566269886693,4.20000000000014));
#5720=CARTESIAN_POINT('Origin',(-23.0298811165423,8.62947796401854,4.2000000000001));
#5721=CARTESIAN_POINT('',(-14.3721874574428,-19.1514616627451,4.20000000000014));
#5722=CARTESIAN_POINT('Origin',(-0.0579069546592655,0.112529971587342,4.2000000000001));
#5723=CARTESIAN_POINT('Origin',(-14.6704016345841,-19.5527948217937,4.2000000000001));
#5724=CARTESIAN_POINT('Origin',(-22.9325061662702,-12.2467878131258,4.71775000000012));
#5725=CARTESIAN_POINT('',(-22.1083799776482,-11.680381576201,4.9000000000001));
#5726=CARTESIAN_POINT('Origin',(-22.9325061662702,-12.2467878131258,4.9000000000001));
#5727=CARTESIAN_POINT('',(-22.4087739734009,-11.8868366495601,4.53550000000008));
#5728=CARTESIAN_POINT('',(-22.2585769755245,-11.7836091128805,4.71775000000012));
#5729=CARTESIAN_POINT('Origin',(-22.9325061662702,-12.2467878131258,4.53550000000012));
#5730=CARTESIAN_POINT('Origin',(-0.752734932006511,-24.3776152726103,4.4000000000001));
#5731=CARTESIAN_POINT('',(-0.73855476920353,-23.8778163900756,4.20000000000014));
#5732=CARTESIAN_POINT('Origin',(-0.752734932006498,-24.3776152726103,4.2000000000001));
#5733=CARTESIAN_POINT('',(-0.738554769203521,-23.8778163900756,4.90000000000009));
#5734=CARTESIAN_POINT('Origin',(-0.752734932006506,-24.3776152726103,4.90000000000009));
#5735=CARTESIAN_POINT('',(-0.738554769203528,-23.8778163900756,4.10000000000012));
#5736=CARTESIAN_POINT('Origin',(-0.435407731344956,-26.2981577026405,2.70000009536755));
#5737=CARTESIAN_POINT('',(-1.26832897037695,-26.8515492544095,7.60000009536755));
#5738=CARTESIAN_POINT('Origin',(-0.435407731344967,-26.2981577026404,7.60000009536755));
#5739=CARTESIAN_POINT('',(-1.26832897037692,-26.8515492544096,4.90000004768382));
#5740=CARTESIAN_POINT('',(-1.26832897037693,-26.8515492544096,2.70000009536755));
#5741=CARTESIAN_POINT('Origin',(-0.435407731344956,-26.2981577026405,4.90000000000009));
#5742=CARTESIAN_POINT('Origin',(0.00545282975962039,-25.3062685396519,7.60000009536754));
#5743=CARTESIAN_POINT('Origin',(-23.0298811165423,8.62947796401853,4.4000000000001));
#5744=CARTESIAN_POINT('',(-22.5610653173201,8.45566269886692,4.90000000000009));
#5745=CARTESIAN_POINT('Origin',(-23.0298811165422,8.62947796401853,4.90000000000009));
#5746=CARTESIAN_POINT('',(-22.5610653173202,8.45566269886693,4.10000000000012));
#5747=CARTESIAN_POINT('Origin',(-0.0579069546592655,0.112529971587342,4.4000000000001));
#5748=CARTESIAN_POINT('',(-14.3721874574428,-19.1514616627451,4.90000000000009));
#5749=CARTESIAN_POINT('Origin',(-0.0579069546592656,0.112529971587342,4.90000000000009));
#5750=CARTESIAN_POINT('',(-14.3721874574428,-19.1514616627451,4.10000000000012));
#5751=CARTESIAN_POINT('Origin',(-14.6704016345841,-19.5527948217937,4.4000000000001));
#5752=CARTESIAN_POINT('Origin',(-14.6704016345841,-19.5527948217937,4.90000000000009));
#5753=CARTESIAN_POINT('Origin',(-0.0579069546592198,0.112529971587177,7.70000000000008));
#5754=CARTESIAN_POINT('',(-24.6093301557169,19.0394319579813,2.95000000000023));
#5755=CARTESIAN_POINT('',(-20.3264124095897,23.568609921644,2.95000000000026));
#5756=CARTESIAN_POINT('Origin',(-0.0579069546592207,0.112529971587177,2.95000000000023));
#5757=CARTESIAN_POINT('',(-24.6093301557169,19.0394319579814,7.60000000000009));
#5758=CARTESIAN_POINT('',(-24.609330155717,19.0394319579811,7.70000000000011));
#5759=CARTESIAN_POINT('',(-20.3264124095896,23.5686099216441,7.6000000000001));
#5760=CARTESIAN_POINT('Origin',(-0.057906954659219,0.112529971587177,7.60000000000009));
#5761=CARTESIAN_POINT('',(-20.3264124095894,23.5686099216441,7.70000000000009));
#5762=CARTESIAN_POINT('Origin',(-0.0682609347239511,-0.00557414837039269,
7.60000000000009));
#5763=CARTESIAN_POINT('',(-30.3381056806045,6.75403319881432,7.60000000000008));
#5764=CARTESIAN_POINT('',(-24.2219794070176,19.8701083192315,7.60000000000009));
#5765=CARTESIAN_POINT('',(-28.7247964897906,-11.6861752277377,7.60000000000007));
#5766=CARTESIAN_POINT('Origin',(-0.0579069546592686,0.11252997158734,7.60000000000008));
#5767=CARTESIAN_POINT('',(-26.7470343481643,-14.5107122881113,7.60000000000009));
#5768=CARTESIAN_POINT('',(-14.8282886279932,-25.3078521109865,7.60000000000009));
#5769=CARTESIAN_POINT('Origin',(-13.1590727765663,-27.9830107989513,7.60000000000009));
#5770=CARTESIAN_POINT('',(-19.0180963662332,22.5818694696065,7.6000000000001));
#5771=CARTESIAN_POINT('Origin',(-0.0579069546592623,0.112529971587341,7.60000000000015));
#5772=CARTESIAN_POINT('Origin',(-17.8387760848871,25.5062427765655,7.6000000000001));
#5773=CARTESIAN_POINT('Origin',(-0.0579069546592632,0.112529971587341,-10.1999999999999));
#5774=CARTESIAN_POINT('',(-14.8282886279932,-25.3078521109865,4.90000000000011));
#5775=CARTESIAN_POINT('',(-14.8282886279931,-25.3078521109865,-10.2));
#5776=CARTESIAN_POINT('',(-19.0180963662332,22.5818694696064,4.90000000000012));
#5777=CARTESIAN_POINT('Origin',(-0.0579069546592632,0.112529971587341,4.90000000000016));
#5778=CARTESIAN_POINT('',(-19.0180963662332,22.5818694696064,-10.2));
#5779=CARTESIAN_POINT('Origin',(-0.0682609347239527,-0.00557414837039296,
7.60000000000008));
#5780=CARTESIAN_POINT('',(30.9388369217367,-0.336768438281369,7.6000000000001));
#5781=CARTESIAN_POINT('Origin',(-0.0579069546592496,0.112529971587324,7.60000000000008));
#5782=CARTESIAN_POINT('',(29.3419805394215,0.0311952594693839,7.6000000000001));
#5783=CARTESIAN_POINT('Origin',(30.8241279951387,2.81435793598688,7.6000000000001));
#5784=CARTESIAN_POINT('',(-10.0368310619843,-27.5421454678432,7.60000000000009));
#5785=CARTESIAN_POINT('Origin',(-0.0579069546592632,0.112529971587341,7.60000000000014));
#5786=CARTESIAN_POINT('Origin',(-13.1590727765663,-27.9830107989514,7.60000000000009));
#5787=CARTESIAN_POINT('',(-5.15219545681345,-30.6987130558292,7.60000000000008));
#5788=CARTESIAN_POINT('Origin',(-0.057906954659264,0.112529971587341,-10.1999999999999));
#5789=CARTESIAN_POINT('',(29.3419805394215,0.0311952594694034,4.90000000000011));
#5790=CARTESIAN_POINT('',(29.3419810828273,0.0311949700837818,7.70000000000007));
#5791=CARTESIAN_POINT('',(-10.0368310619843,-27.5421454678433,4.90000000000011));
#5792=CARTESIAN_POINT('Origin',(-0.0579069546592623,0.112529971587341,4.90000000000017));
#5793=CARTESIAN_POINT('',(-10.0368310619843,-27.5421454678432,-10.2));
#5794=CARTESIAN_POINT('Origin',(-0.0579069546592664,0.112529971587342,4.40000000000009));
#5795=CARTESIAN_POINT('',(23.0014403302508,-6.54077768655631,4.90000000000009));
#5796=CARTESIAN_POINT('Origin',(-0.0579069546592664,0.112529971587342,4.90000000000009));
#5797=CARTESIAN_POINT('',(23.0014403302507,-6.54077768655632,4.20000000000014));
#5798=CARTESIAN_POINT('',(23.0014403302507,-6.54077768655631,4.10000000000012));
#5799=CARTESIAN_POINT('Origin',(-0.0579069546592655,0.112529971587342,4.2000000000001));
#5800=CARTESIAN_POINT('Origin',(-0.000984202231064102,-0.000501042283655596,
4.20000000000009));
#5801=CARTESIAN_POINT('',(23.6087708309179,-6.19576710220175,4.20000000000013));
#5802=CARTESIAN_POINT('Origin',(23.4818433986863,-6.67938826276764,4.20000000000009));
#5803=CARTESIAN_POINT('',(23.0282506561538,-6.04340831158313,4.2000000000001));
#5804=CARTESIAN_POINT('',(11.606018136812,-3.0456183837505,4.2000000000001));
#5805=CARTESIAN_POINT('',(22.4210046009394,-6.38812655491605,4.2000000000001));
#5806=CARTESIAN_POINT('Origin',(22.9013232239223,-6.52702947214903,4.2000000000001));
#5807=CARTESIAN_POINT('Origin',(-0.0579069546592509,0.112529971587324,4.2000000000001));
#5808=CARTESIAN_POINT('Origin',(-0.0579069546592526,0.112529971587323,-5.69999999999991));
#5809=CARTESIAN_POINT('',(22.4210046009395,-6.38812655491608,2.20000000000007));
#5810=CARTESIAN_POINT('',(22.4210046009395,-6.38812655491606,-5.69999999999991));
#5811=CARTESIAN_POINT('Origin',(-0.0579069546592501,0.112529971587324,2.20000000000007));
#5812=CARTESIAN_POINT('Origin',(10.058223905918,36.5464358690129,5.20000004768379));
#5813=CARTESIAN_POINT('',(8.24125979327198,29.9809720349096,7.60000000000009));
#5814=CARTESIAN_POINT('',(8.24125979327192,29.9809720349095,2.10000000000004));
#5815=CARTESIAN_POINT('',(7.81450701737237,28.4389328186303,7.6000000000001));
#5816=CARTESIAN_POINT('',(5.00003075713701,18.269033495959,7.6000000000001));
#5817=CARTESIAN_POINT('',(7.81450701737234,28.4389328186303,4.9000000000001));
#5818=CARTESIAN_POINT('',(7.81450701737234,28.4389328186303,-10.1999999999999));
#5819=CARTESIAN_POINT('',(7.84117906661919,28.5353102723693,4.90000000000008));
#5820=CARTESIAN_POINT('',(4.90129459040351,17.9122577471731,4.90000000000008));
#5821=CARTESIAN_POINT('',(7.84117906661917,28.5353102723692,-2.39999999999992));
#5822=CARTESIAN_POINT('Origin',(-0.0579069546592686,0.112529971587341,2.10000000000005));
#5823=CARTESIAN_POINT('',(4.0575593838673,30.8381371554407,7.60000000000011));
#5824=CARTESIAN_POINT('',(4.0575593838668,30.8381371554407,2.10000000000006));
#5825=CARTESIAN_POINT('Origin',(-0.0579069546592686,0.112529971587341,7.60000000000011));
#5826=CARTESIAN_POINT('',(15.2302673459692,27.0805059162815,7.60000000000009));
#5827=CARTESIAN_POINT('',(15.2302673459692,27.0805059162815,2.10000000000004));
#5828=CARTESIAN_POINT('Origin',(-0.0579069546592686,0.112529971587341,7.60000000000011));
#5829=CARTESIAN_POINT('Origin',(-0.0579069546592508,0.112529971587324,1.70000000000007));
#5830=CARTESIAN_POINT('',(31.9611994409566,-0.126700392498629,1.92999991347212));
#5831=CARTESIAN_POINT('',(30.9388369217367,-0.336768438281088,2.95000000000009));
#5832=CARTESIAN_POINT('Ctrl Pts',(30.9388369217367,-0.336768438281083,2.9500000000001));
#5833=CARTESIAN_POINT('Ctrl Pts',(31.0539106330368,-0.332579465724894,2.83499908847215));
#5834=CARTESIAN_POINT('Ctrl Pts',(31.1711726898733,-0.321975142824476,2.71790366025388));
#5835=CARTESIAN_POINT('Ctrl Pts',(31.2893211449793,-0.304351877027121,2.59999999989693));
#5836=CARTESIAN_POINT('Ctrl Pts',(31.5154154377871,-0.270627188762331,2.37437415752812));
#5837=CARTESIAN_POINT('Ctrl Pts',(31.7410631494715,-0.211809446206102,2.14949418736008));
#5838=CARTESIAN_POINT('Ctrl Pts',(31.9611994409566,-0.126700392498627,1.92999991347816));
#5839=CARTESIAN_POINT('Origin',(-0.0579069546592496,0.112529971587324,2.95000000000006));
#5840=CARTESIAN_POINT('',(32.4920826593912,0.138412719349074,1.40000009536875));
#5841=CARTESIAN_POINT('Ctrl Pts',(32.4920826593917,0.138412719349405,1.40000009536947));
#5842=CARTESIAN_POINT('Ctrl Pts',(32.7760219278925,0.315396098648797,1.11592018495534));
#5843=CARTESIAN_POINT('Ctrl Pts',(33.0447854871446,0.545706173492121,0.845666203824608));
#5844=CARTESIAN_POINT('Ctrl Pts',(33.2760970103745,0.831782965709071,0.608237221010219));
#5845=CARTESIAN_POINT('Ctrl Pts',(33.423602729669,1.01421210897094,0.456830441086843));
#5846=CARTESIAN_POINT('Ctrl Pts',(33.5562496936428,1.21999429210162,0.318344065809488));
#5847=CARTESIAN_POINT('Ctrl Pts',(33.6656810167271,1.44748852380802,0.20000000000042));
#5848=CARTESIAN_POINT('Ctrl Pts',(31.9611994409643,-0.126700392495624,1.92999991347041));
#5849=CARTESIAN_POINT('Ctrl Pts',(32.0984599888814,-0.0736327439680781,
1.79313967977402));
#5850=CARTESIAN_POINT('Ctrl Pts',(32.2335764151058,-0.0103547379022433,
1.65836756946608));
#5851=CARTESIAN_POINT('Ctrl Pts',(32.3652828720573,0.0634313266789772,1.52677299810796));
#5852=CARTESIAN_POINT('Ctrl Pts',(32.4078340857111,0.0872698435697501,1.48425793201981));
#5853=CARTESIAN_POINT('Ctrl Pts',(32.4501245830774,0.112259654385141,1.4419789545229));
#5854=CARTESIAN_POINT('Ctrl Pts',(32.4920826593912,0.13841271934908,1.40000009537));
#5855=CARTESIAN_POINT('Origin',(30.8241279951386,2.81435793598696,7.70000000000007));
#5856=CARTESIAN_POINT('',(30.3899068829663,5.93753061616242,2.95000000000008));
#5857=CARTESIAN_POINT('',(31.4332153515858,5.90818536437803,1.9299999134877));
#5858=CARTESIAN_POINT('Ctrl Pts',(31.4332153515858,5.90818536437803,1.92999991350933));
#5859=CARTESIAN_POINT('Ctrl Pts',(31.1071776875678,5.97237298423575,2.23903434830401));
#5860=CARTESIAN_POINT('Ctrl Pts',(30.778930903725,5.98343004529489,2.55927709287995));
#5861=CARTESIAN_POINT('Ctrl Pts',(30.4373996448628,5.94385806092874,2.90216418516521));
#5862=CARTESIAN_POINT('Ctrl Pts',(30.4136321973831,5.94082919535311,2.92607747798354));
#5863=CARTESIAN_POINT('Ctrl Pts',(30.3899068829663,5.93753061616213,2.9500000000001));
#5864=CARTESIAN_POINT('',(30.3899068829663,5.93753061616228,7.6000000000001));
#5865=CARTESIAN_POINT('',(30.3899068829663,5.93753061616216,7.70000000000008));
#5866=CARTESIAN_POINT('',(28.8812065627642,5.29786591303643,7.6000000000001));
#5867=CARTESIAN_POINT('Origin',(30.8241279951387,2.81435793598688,7.6000000000001));
#5868=CARTESIAN_POINT('',(28.8812065627641,5.29786591303646,4.90000000000009));
#5869=CARTESIAN_POINT('',(28.8812070477945,5.29786629248993,7.70000000000007));
#5870=CARTESIAN_POINT('Origin',(30.8241279951386,2.81435793598696,4.90000000000008));
#5871=CARTESIAN_POINT('',(30.9388369217367,-0.336768438281078,7.70000000000008));
#5872=CARTESIAN_POINT('',(32.0020697380691,5.73928679233727,1.40000006413435));
#5873=CARTESIAN_POINT('Ctrl Pts',(33.3851570588989,4.65389203434559,0.200000000000017));
#5874=CARTESIAN_POINT('Ctrl Pts',(33.3169233781531,4.74888806604358,0.254830577143576));
#5875=CARTESIAN_POINT('Ctrl Pts',(33.2444929215892,4.83856504605293,0.314061281987833));
#5876=CARTESIAN_POINT('Ctrl Pts',(32.9172318376036,5.20249217585057,0.585803551772208));
#5877=CARTESIAN_POINT('Ctrl Pts',(32.6304248515321,5.42098047051479,0.834098186197801));
#5878=CARTESIAN_POINT('Ctrl Pts',(32.3334123960228,5.58289837486384,1.10000000387475));
#5879=CARTESIAN_POINT('Ctrl Pts',(32.2607502152371,5.62251054539746,1.16505116785431));
#5880=CARTESIAN_POINT('Ctrl Pts',(32.1867432153359,5.65914127969765,1.23180544192801));
#5881=CARTESIAN_POINT('Ctrl Pts',(32.1117079675159,5.69270700779563,1.30000000005441));
#5882=CARTESIAN_POINT('Ctrl Pts',(32.0752887356138,5.70899852506355,1.33309902350028));
#5883=CARTESIAN_POINT('Ctrl Pts',(32.0387333950503,5.7245214241801,1.36644074401543));
#5884=CARTESIAN_POINT('Ctrl Pts',(32.0020697237749,5.7392867980939,1.40000004598509));
#5885=CARTESIAN_POINT('Ctrl Pts',(32.0020697237749,5.7392867980939,1.40000004598509));
#5886=CARTESIAN_POINT('Ctrl Pts',(31.9543052490444,5.75852274214038,1.4437202293476));
#5887=CARTESIAN_POINT('Ctrl Pts',(31.9063569228002,5.77647296875415,1.48780972014826));
#5888=CARTESIAN_POINT('Ctrl Pts',(31.8582857936031,5.79316192623605,1.532212614856));
#5889=CARTESIAN_POINT('Ctrl Pts',(31.7177630125826,5.84194752284796,1.6620123169621));
#5890=CARTESIAN_POINT('Ctrl Pts',(31.5757044700471,5.88013327598707,1.79494176211241));
#5891=CARTESIAN_POINT('Ctrl Pts',(31.4332153515964,5.90818536437595,1.9299999134993));
#5892=CARTESIAN_POINT('Origin',(-0.0579069546592508,0.112529971587324,1.70000000000007));
#5893=CARTESIAN_POINT('Origin',(-0.0579069546592496,0.112529971587324,2.95000000000006));
#5894=CARTESIAN_POINT('Origin',(14.394385131656,25.6631805806477,5.20000004768379));
#5895=CARTESIAN_POINT('',(14.4681563005955,25.7882672794515,4.90000000000009));
#5896=CARTESIAN_POINT('',(14.4681563005955,25.7882672794515,-2.39999999999992));
#5897=CARTESIAN_POINT('',(14.4173484711923,25.7021173140272,4.90000000000011));
#5898=CARTESIAN_POINT('',(6.74490026213164,12.6926824357224,4.90000000000009));
#5899=CARTESIAN_POINT('',(14.4173484711923,25.7021173140272,7.6000000000001));
#5900=CARTESIAN_POINT('',(14.4173484711922,25.7021173140272,-10.1999999999999));
#5901=CARTESIAN_POINT('',(6.91237290899719,12.9766497475801,7.60000000000009));
#5902=CARTESIAN_POINT('Origin',(-0.0579069546694351,0.112529971556229,-2.39999999999993));
#5903=CARTESIAN_POINT('',(8.95116067357005,28.2032176244013,4.90000004768381));
#5904=CARTESIAN_POINT('Origin',(-0.0579069546694391,0.112529971556223,4.90000000000012));
#5905=CARTESIAN_POINT('',(8.9511605061743,28.2032171024536,3.2000000000001));
#5906=CARTESIAN_POINT('',(8.9511605061743,28.2032171024536,-2.39999999999992));
#5907=CARTESIAN_POINT('',(13.4086513400937,26.3594689872537,3.2000000000001));
#5908=CARTESIAN_POINT('Origin',(-0.0579069546694382,0.112529971556224,3.20000000000009));
#5909=CARTESIAN_POINT('',(13.4086515903471,26.3594694750091,4.90000004768381));
#5910=CARTESIAN_POINT('',(13.4086513400937,26.3594689872538,-2.39999999999992));
#5911=CARTESIAN_POINT('Origin',(-0.0579069546694391,0.112529971556223,4.90000000000012));
#5912=CARTESIAN_POINT('Origin',(-0.0579069546592496,0.112529971587324,7.70000000000008));
#5913=CARTESIAN_POINT('Origin',(-0.0579069566453708,0.112529972219515,4.90000004768381));
#5914=CARTESIAN_POINT('',(13.5907596381046,26.1523827425826,3.20000000000009));
#5915=CARTESIAN_POINT('',(13.5907596381046,26.1523827425826,4.90000000000009));
#5916=CARTESIAN_POINT('',(13.5907596381046,26.1523827425826,4.90000004768381));
#5917=CARTESIAN_POINT('',(13.3630022391241,26.2704967983069,4.90000000000009));
#5918=CARTESIAN_POINT('Origin',(-0.0579069566453708,0.112529972219515,4.90000000000009));
#5919=CARTESIAN_POINT('',(13.3630022391241,26.2704967983069,3.20000000000009));
#5920=CARTESIAN_POINT('',(13.3630022391241,26.2704967983069,4.90000004768381));
#5921=CARTESIAN_POINT('Origin',(-0.0579069566397786,0.112529972236822,3.20000000000009));
#5922=CARTESIAN_POINT('Origin',(8.13223144125325,25.6497585741997,4.90000004768381));
#5923=CARTESIAN_POINT('',(8.92062146124561,28.1079949543358,3.2000000000001));
#5924=CARTESIAN_POINT('',(8.9206214612456,28.1079949543358,4.90000000000009));
#5925=CARTESIAN_POINT('',(8.92062146125116,28.1079949543531,4.90000004768381));
#5926=CARTESIAN_POINT('',(8.16422821194623,25.7495259783648,3.20000000000009));
#5927=CARTESIAN_POINT('',(3.90786525158721,12.4779903032683,4.90000000000009));
#5928=CARTESIAN_POINT('Origin',(13.4086515903472,26.3594694750091,4.90000004768381));
#5929=CARTESIAN_POINT('',(6.49472351007075,12.8839069237899,4.90000000000009));
#5930=CARTESIAN_POINT('',(12.8512780132265,25.2731228402627,3.20000000000009));
#5931=CARTESIAN_POINT('Origin',(-0.0682609347239503,-0.00557414837039255,
7.60000000000009));
#5932=CARTESIAN_POINT('',(-14.6874127762675,25.6142467650806,7.6000000000001));
#5933=CARTESIAN_POINT('Origin',(-0.0579069546592623,0.112529971587341,7.60000000000015));
#5934=CARTESIAN_POINT('',(-9.44629580728595,29.6567029123192,7.6000000000001));
#5935=CARTESIAN_POINT('',(0.657523099144339,30.5406725249507,7.60000000000009));
#5936=CARTESIAN_POINT('',(-15.1671750571011,27.1811468074829,7.6000000000001));
#5937=CARTESIAN_POINT('Origin',(-0.057906954659219,0.112529971587177,7.6000000000001));
#5938=CARTESIAN_POINT('Origin',(-17.8387760848871,25.5062427765655,7.6000000000001));
#5939=CARTESIAN_POINT('Origin',(-0.0579069546592632,0.112529971587341,-10.1999999999999));
#5940=CARTESIAN_POINT('',(-14.6874127762675,25.6142467650804,4.90000000000012));
#5941=CARTESIAN_POINT('Origin',(-0.0579069566453708,0.112529972219515,4.90000000000009));
#5942=CARTESIAN_POINT('',(-14.6874127762675,25.6142467650805,-10.2));
#5943=CARTESIAN_POINT('Origin',(-0.0682609347239503,-0.00557414837039255,
7.60000000000009));
#5944=CARTESIAN_POINT('Origin',(-0.0579069546592632,0.112529971587341,7.60000000000015));
#5945=CARTESIAN_POINT('Origin',(-0.0579069546592496,0.112529971587324,7.60000000000009));
#5946=CARTESIAN_POINT('Origin',(-0.0579069546592632,0.112529971587341,-10.1999999999999));
#5947=CARTESIAN_POINT('Origin',(-0.0579069566397784,0.112529972236822,4.90000000000009));
#5948=CARTESIAN_POINT('Origin',(-0.0579069546592198,0.112529971587177,7.70000000000008));
#5949=CARTESIAN_POINT('',(-9.44629580728579,29.6567029123192,2.95000000000024));
#5950=CARTESIAN_POINT('',(-9.44629580728548,29.6567029123192,7.70000000000011));
#5951=CARTESIAN_POINT('',(-15.1671750571012,27.1811468074828,2.95000000000026));
#5952=CARTESIAN_POINT('Origin',(-0.0579069546592198,0.112529971587177,2.95000000000024));
#5953=CARTESIAN_POINT('',(-15.1671750571014,27.1811468074827,7.70000000000009));
#5954=CARTESIAN_POINT('Origin',(-0.0579069546592496,0.112529971587324,7.70000000000008));
#5955=CARTESIAN_POINT('Origin',(-0.0579069566397784,0.112529972236822,4.90000004768381));
#5956=CARTESIAN_POINT('',(9.16458300536071,28.0285775258676,3.20000000000009));
#5957=CARTESIAN_POINT('Origin',(-0.0579069566397786,0.112529972236822,3.20000000000009));
#5958=CARTESIAN_POINT('',(9.16458300536072,28.0285775258676,4.90000000000009));
#5959=CARTESIAN_POINT('Origin',(-0.0579069566453708,0.112529972219515,4.90000000000009));
#5960=CARTESIAN_POINT('',(9.16458300536072,28.0285775258676,4.90000004768381));
#5961=CARTESIAN_POINT('Origin',(23.2127342189252,-6.0918264264648,5.20000000000011));
#5962=CARTESIAN_POINT('',(23.6087708309179,-6.19576710220173,4.90000000000009));
#5963=CARTESIAN_POINT('',(23.6087708309178,-6.19576710220174,4.10000000000012));
#5964=CARTESIAN_POINT('',(24.5798429393622,-6.45062710272825,4.90000000000008));
#5965=CARTESIAN_POINT('',(11.5746767551669,-3.03739276953183,4.90000000000009));
#5966=CARTESIAN_POINT('',(24.5798429393622,-6.45062710272826,2.20000000000006));
#5967=CARTESIAN_POINT('',(24.5798429393622,-6.45062710272827,3.00000000000007));
#5968=CARTESIAN_POINT('',(23.0282506561538,-6.04340831158314,2.20000000000006));
#5969=CARTESIAN_POINT('',(11.5746767551669,-3.03739276953183,2.20000000000006));
#5970=CARTESIAN_POINT('',(23.0282506561539,-6.04340831158313,-5.6999999999999));
#5971=CARTESIAN_POINT('Origin',(24.7067703715937,-5.96700594216236,3.00000000000007));
#5972=CARTESIAN_POINT('',(25.1923522799516,-6.08621252870646,4.90000000000009));
#5973=CARTESIAN_POINT('',(25.1923522799516,-6.08621252870648,2.20000000000007));
#5974=CARTESIAN_POINT('',(25.1923522799516,-6.08621252870649,3.00000000000007));
#5975=CARTESIAN_POINT('Origin',(24.7067703715937,-5.96700594216236,2.20000000000006));
#5976=CARTESIAN_POINT('Origin',(24.7067703715937,-5.96700594216235,4.90000000000009));
#5977=CARTESIAN_POINT('Origin',(-0.0579069546592655,0.112529971587341,3.00000000000007));
#5978=CARTESIAN_POINT('',(24.8203009361084,7.66731469014475,2.20000000000008));
#5979=CARTESIAN_POINT('',(24.8203009361084,7.66731469014473,4.90000000000009));
#5980=CARTESIAN_POINT('',(24.8203009361084,7.66731469014472,3.00000000000007));
#5981=CARTESIAN_POINT('Origin',(-0.0579069546592655,0.112529971587341,2.20000000000006));
#5982=CARTESIAN_POINT('Origin',(-0.0579069546592647,0.112529971587341,4.90000000000009));
#5983=CARTESIAN_POINT('Origin',(24.3418738612859,7.522030368634,3.00000000000007));
#5984=CARTESIAN_POINT('',(24.18492520076,7.99675883624375,4.90000000000009));
#5985=CARTESIAN_POINT('',(24.1849252007599,7.99675883624378,2.20000000000006));
#5986=CARTESIAN_POINT('',(24.1849252007599,7.99675883624373,3.00000000000007));
#5987=CARTESIAN_POINT('Origin',(24.3418738612859,7.52203036863404,2.20000000000006));
#5988=CARTESIAN_POINT('Origin',(24.341873861286,7.52203036863401,4.90000000000009));
#5989=CARTESIAN_POINT('Origin',(2.68438830113126,0.888526031125822,5.20000000000011));
#5990=CARTESIAN_POINT('',(22.6702367119596,7.49599188070736,4.2000000000001));
#5991=CARTESIAN_POINT('',(23.2399796481175,7.68435301085904,4.20000000000013));
#5992=CARTESIAN_POINT('',(1.92700926721323,0.63813105169172,4.2000000000001));
#5993=CARTESIAN_POINT('',(22.6702367119597,7.4959918807074,2.20000000000006));
#5994=CARTESIAN_POINT('',(22.6702367119597,7.49599188070737,5.5000000000001));
#5995=CARTESIAN_POINT('',(1.30998959132512,0.434139889888367,2.20000000000006));
#5996=CARTESIAN_POINT('',(23.2399796481176,7.68435301085905,4.90000000000009));
#5997=CARTESIAN_POINT('',(1.30998959132512,0.434139889888367,4.90000000000009));
#5998=CARTESIAN_POINT('',(23.2399796481175,7.68435301085905,4.30000000000011));
#5999=CARTESIAN_POINT('Origin',(22.5132880514336,7.97072034831712,5.5000000000001));
#6000=CARTESIAN_POINT('',(22.0410873190885,7.806323060101,4.2000000000001));
#6001=CARTESIAN_POINT('',(22.0410873190886,7.80632306010103,2.20000000000008));
#6002=CARTESIAN_POINT('',(22.0410873190886,7.80632306010101,5.5000000000001));
#6003=CARTESIAN_POINT('Origin',(22.5132880514336,7.97072034831715,2.20000000000006));
#6004=CARTESIAN_POINT('Origin',(22.5132880514336,7.97072034831709,4.20000000000009));
#6005=CARTESIAN_POINT('Origin',(22.9013232239224,-6.52702947214903,-5.69999999999991));
#6006=CARTESIAN_POINT('Origin',(22.9013232239223,-6.52702947214906,2.20000000000008));
#6007=CARTESIAN_POINT('Origin',(10.7008246933912,25.0229447079193,3.20000000000009));
#6008=CARTESIAN_POINT('',(8.35477111780991,25.5773146613364,3.20000000000009));
#6009=CARTESIAN_POINT('',(8.38763729395793,25.6767990457092,3.20000000000009));
#6010=CARTESIAN_POINT('',(12.3922769872295,23.8658361733655,3.20000000000009));
#6011=CARTESIAN_POINT('Origin',(10.4437166737356,24.8871650648966,3.20000000000009));
#6012=CARTESIAN_POINT('',(13.0703512778475,25.1595123411053,3.20000000000009));
#6013=CARTESIAN_POINT('',(8.87787691974111,23.8109932083558,3.20000000000009));
#6014=CARTESIAN_POINT('Origin',(10.4437166737356,24.8871650648966,3.20000000000009));
#6015=CARTESIAN_POINT('Origin',(22.8166922529908,12.4718477575994,4.71775000000009));
#6016=CARTESIAN_POINT('',(23.6408184416128,13.0382539945243,4.90000000000007));
#6017=CARTESIAN_POINT('Origin',(22.8166922529908,12.4718477575994,4.90000000000007));
#6018=CARTESIAN_POINT('',(23.3404244458601,12.8317989211652,4.53550000000008));
#6019=CARTESIAN_POINT('',(23.4906214437365,12.9350264578447,4.71775000000009));
#6020=CARTESIAN_POINT('Origin',(22.8166922529908,12.4718477575994,4.53550000000009));
#6021=CARTESIAN_POINT('Origin',(23.4818433986863,-6.67938826276765,4.4000000000001));
#6022=CARTESIAN_POINT('Origin',(23.4818433986864,-6.67938826276763,4.90000000000009));
#6023=CARTESIAN_POINT('Origin',(23.0830309875915,8.15908147846877,4.4000000000001));
#6024=CARTESIAN_POINT('',(22.6107669479538,7.99486614159363,4.20000000000013));
#6025=CARTESIAN_POINT('Origin',(23.0830309875915,8.15908147846877,4.2000000000001));
#6026=CARTESIAN_POINT('',(22.6107669479538,7.99486614159367,4.90000000000008));
#6027=CARTESIAN_POINT('Origin',(23.0830309875916,8.15908147846879,4.90000000000009));
#6028=CARTESIAN_POINT('',(22.6107669479538,7.99486614159365,4.10000000000011));
#6029=CARTESIAN_POINT('Origin',(10.4437166737356,24.8871650648966,4.90000000044641));
#6030=CARTESIAN_POINT('',(12.3922769872295,23.8658361733655,4.90000004768381));
#6031=CARTESIAN_POINT('',(8.35477111780991,25.5773146613364,4.90000004768381));
#6032=CARTESIAN_POINT('Origin',(10.4437166737356,24.8871650648966,4.90000000000008));
#6033=CARTESIAN_POINT('',(12.3922769872295,23.8658361733655,4.90000004768381));
#6034=CARTESIAN_POINT('',(8.35477111780991,25.5773146613364,4.90000004768381));
#6035=CARTESIAN_POINT('Origin',(8.35477111780991,25.5773146613364,4.90000004768381));
#6036=CARTESIAN_POINT('',(4.01562187567155,12.4429120124925,4.90000000000009));
#6037=CARTESIAN_POINT('Origin',(13.6371836743619,26.240953670794,4.90000004768381));
#6038=CARTESIAN_POINT('',(6.60592388031754,12.8262388665311,4.90000000000009));
#6039=CARTESIAN_POINT('Origin',(-0.0579069546592823,0.112529971587352,2.20000000000007));
#6040=CARTESIAN_POINT('Origin',(-0.0579069546592664,0.112529971587342,2.20000000000006));
#6041=CARTESIAN_POINT('',(2.69619570103021,21.0320165469656,2.20000000000006));
#6042=CARTESIAN_POINT('Origin',(-0.0579069566453636,0.112529972219515,2.20000000000006));
#6043=CARTESIAN_POINT('',(2.35682760156626,18.4542599069825,2.20000000000007));
#6044=CARTESIAN_POINT('Origin',(2.52651165151631,19.7431382271307,2.20000000000008));
#6045=CARTESIAN_POINT('Origin',(-0.0579069566453632,0.112529972219514,2.20000000000007));
#6046=CARTESIAN_POINT('',(-13.9834916698061,-9.6382695025202,2.20000000000009));
#6047=CARTESIAN_POINT('Origin',(-0.0579069566453645,0.112529972219515,2.20000000000008));
#6048=CARTESIAN_POINT('Origin',(-0.0672976565238576,-0.776140009561382,
4.90000000000009));
#6049=CARTESIAN_POINT('Origin',(-17.8387760848871,25.5062427765654,4.90000000000009));
#6050=CARTESIAN_POINT('Origin',(-13.1590727765662,-27.9830107989514,4.90000000000008));
#6051=CARTESIAN_POINT('Origin',(-0.0579069546592647,0.112529971587342,4.9000000000001));
#6052=CARTESIAN_POINT('Origin',(-0.0579069566453649,0.112529972219515,4.76837802576568E-8));
#6053=CARTESIAN_POINT('',(2.6961957010302,21.0320165469656,-6.29832852538925E-10));
#6054=CARTESIAN_POINT('Origin',(-0.0579069546592664,0.112529971587342,5.50000000000009));
#6055=CARTESIAN_POINT('Origin',(-0.0579069546592647,0.112529971587342,4.20000000000011));
#6056=CARTESIAN_POINT('Origin',(-0.000984202231063295,-0.000501042283655509,
4.2000000000001));
#6057=CARTESIAN_POINT('Origin',(-0.0579069546592655,0.112529971587342,4.2000000000001));
#6058=CARTESIAN_POINT('Origin',(-0.0579069546592655,0.112529971587342,4.4000000000001));
#6059=CARTESIAN_POINT('Ctrl Pts',(23.7647652507712,-23.2202568570526,4.62323129981533));
#6060=CARTESIAN_POINT('Ctrl Pts',(23.6637252150542,-23.3258831149859,4.67593113952478));
#6061=CARTESIAN_POINT('Ctrl Pts',(23.5604238123233,-23.4293099185143,4.70000000000019));
#6062=CARTESIAN_POINT('Ctrl Pts',(23.4567835340744,-23.5323794217485,4.70000000000018));
#6063=CARTESIAN_POINT('Ctrl Pts',(23.2061542980704,-22.6731330849116,5.43115419987692));
#6064=CARTESIAN_POINT('Ctrl Pts',(23.1071016971959,-22.7759085712795,5.46628742634988));
#6065=CARTESIAN_POINT('Ctrl Pts',(23.0063287681903,-22.8770093795146,5.4823333333335));
#6066=CARTESIAN_POINT('Ctrl Pts',(22.9051199303814,-22.9776608329083,5.48233333333349));
#6067=CARTESIAN_POINT('Ctrl Pts',(22.6475433453695,-22.1260093127707,6.23907709993851));
#6068=CARTESIAN_POINT('Ctrl Pts',(22.5504781793375,-22.225934027573,6.25664371317499));
#6069=CARTESIAN_POINT('Ctrl Pts',(22.4522337240573,-22.3247088405149,6.2646666666668));
#6070=CARTESIAN_POINT('Ctrl Pts',(22.3534563266883,-22.4229422440682,6.26466666666679));
#6071=CARTESIAN_POINT('Ctrl Pts',(22.0889323926686,-21.5788855406297,7.0470000000001));
#6072=CARTESIAN_POINT('Ctrl Pts',(21.9938546614792,-21.6759594838666,7.0470000000001));
#6073=CARTESIAN_POINT('Ctrl Pts',(21.8981386799243,-21.7724083015152,7.0470000000001));
#6074=CARTESIAN_POINT('Ctrl Pts',(21.8017927229952,-21.868223655228,7.0470000000001));
#6075=CARTESIAN_POINT('Ctrl Pts',(14.0816783255464,-30.088372947097,4.70000000000016));
#6076=CARTESIAN_POINT('Ctrl Pts',(13.9483396521491,-30.1508000059411,4.70000000000015));
#6077=CARTESIAN_POINT('Ctrl Pts',(13.8147814779784,-30.2127867880401,4.6756033100292));
#6078=CARTESIAN_POINT('Ctrl Pts',(13.6799011624885,-30.2718216409013,4.62211352950233));
#6079=CARTESIAN_POINT('Ctrl Pts',(13.7499582642451,-29.379848250721,5.48233333333347));
#6080=CARTESIAN_POINT('Ctrl Pts',(13.6197477669602,-29.4408107469647,5.48233333333346));
#6081=CARTESIAN_POINT('Ctrl Pts',(13.4892628236873,-29.5012060891309,5.46606887335283));
#6082=CARTESIAN_POINT('Ctrl Pts',(13.3577719761759,-29.5593581694288,5.43040901966824));
#6083=CARTESIAN_POINT('Ctrl Pts',(13.4182382029438,-28.671323554345,6.26466666666677));
#6084=CARTESIAN_POINT('Ctrl Pts',(13.2911558817714,-28.7308214879883,6.26466666666677));
#6085=CARTESIAN_POINT('Ctrl Pts',(13.1637441693962,-28.7896253902216,6.25653443667645));
#6086=CARTESIAN_POINT('Ctrl Pts',(13.0356427898633,-28.8468946979563,6.23870450983416));
#6087=CARTESIAN_POINT('Ctrl Pts',(13.0865181416425,-27.962798857969,7.04700000000008));
#6088=CARTESIAN_POINT('Ctrl Pts',(12.9625639965825,-28.0208322290119,7.04700000000008));
#6089=CARTESIAN_POINT('Ctrl Pts',(12.8382255151051,-28.0780446913124,7.04700000000008));
#6090=CARTESIAN_POINT('Ctrl Pts',(12.7135136035508,-28.1344312264838,7.04700000000008));
#6091=CARTESIAN_POINT('Origin',(20.1337162106298,-20.3642688034331,3.86002526410809));
#6092=CARTESIAN_POINT('Origin',(-12.4172247420024,22.9871291818673,3.15000000000008));
#6093=CARTESIAN_POINT('',(-11.8934925491331,23.347080345433,3.15000000000008));
#6094=CARTESIAN_POINT('Origin',(12.3014108287228,-22.7620692373937,3.15000000000008));
#6095=CARTESIAN_POINT('',(12.8251430215921,-22.402118073828,3.15000000000008));
#6096=CARTESIAN_POINT('Origin',(-22.9325061662702,-12.2467878131258,3.1500000000001));
#6097=CARTESIAN_POINT('',(-22.4087739734009,-11.8868366495601,3.1500000000001));
#6098=CARTESIAN_POINT('Origin',(10.4437166737356,24.8871650648967,2.6000000000001));
#6099=CARTESIAN_POINT('',(8.87787691974112,23.8109932083558,2.6000000000001));
#6100=CARTESIAN_POINT('Origin',(22.8166922529908,12.4718477575994,3.15000000000007));
#6101=CARTESIAN_POINT('',(23.3404244458601,12.8317989211652,3.15000000000007));
#6102=CARTESIAN_POINT('Origin',(-0.0579069566453688,0.112529972219515,2.20000004768377));
#6103=CARTESIAN_POINT('',(-13.9834916698061,-9.6382695025202,2.20000004768379));
#6104=CARTESIAN_POINT('Origin',(12.2698565854563,-25.8706025924025,3.8600252641081));
#6105=CARTESIAN_POINT('Origin',(13.4206497456266,-31.323634792811,4.03474487139175));
#6106=CARTESIAN_POINT('',(12.8853077983204,-30.5590872578402,5.67681656013637));
#6107=CARTESIAN_POINT('Origin',(11.1080861601734,-29.9953043180176,5.67681656013637));
#6108=CARTESIAN_POINT('Origin',(-12.8624156035172,-31.3732699119549,-1.79999999999993));
#6109=CARTESIAN_POINT('',(-7.87996614074527,-30.9373620673716,1.92999991346611));
#6110=CARTESIAN_POINT('Ctrl Pts',(-4.17337329030515,-30.6130772126519,2.95000000000003));
#6111=CARTESIAN_POINT('Ctrl Pts',(-5.99667348398757,-30.7725953098037,2.54983803358903));
#6112=CARTESIAN_POINT('Ctrl Pts',(-7.87996614074527,-30.9373620673716,1.92999991346611));
#6113=CARTESIAN_POINT('Ctrl Pts',(-7.87996614074527,-30.9373620673716,1.92999991346611));
#6114=CARTESIAN_POINT('Ctrl Pts',(-10.0470043664315,-31.1269533455465,1.21677411968196));
#6115=CARTESIAN_POINT('Ctrl Pts',(-12.3311250102833,-31.326788008009,0.199998570917665));
#6116=CARTESIAN_POINT('Origin',(-0.0579069546592656,0.112529971587341,1.70000000000007));
#6117=CARTESIAN_POINT('',(-10.784283305844,-30.0574096357704,1.92999991348774));
#6118=CARTESIAN_POINT('Ctrl Pts',(-10.7842833058441,-30.0574096357704,1.92999991350938));
#6119=CARTESIAN_POINT('Ctrl Pts',(-10.565676364394,-29.8071465457764,2.23903434859109));
#6120=CARTESIAN_POINT('Ctrl Pts',(-10.3919772767405,-29.5284050224663,2.55927709345805));
#6121=CARTESIAN_POINT('Ctrl Pts',(-10.2554819912924,-29.2128442838496,2.90216418573194));
#6122=CARTESIAN_POINT('Ctrl Pts',(-10.2462213422089,-29.1907466380182,2.92607747826704));
#6123=CARTESIAN_POINT('Ctrl Pts',(-10.2372153384935,-29.1685506236845,2.95000000000011));
#6124=CARTESIAN_POINT('',(-11.2149809528117,-30.4656026996189,1.40000006413435));
#6125=CARTESIAN_POINT('Ctrl Pts',(-11.2149809406792,-30.465602690118,1.40000004598511));
#6126=CARTESIAN_POINT('Ctrl Pts',(-11.1744398871041,-30.4338554135906,1.44372022938067));
#6127=CARTESIAN_POINT('Ctrl Pts',(-11.134920371732,-30.4013060582651,1.48780972021427));
#6128=CARTESIAN_POINT('Ctrl Pts',(-11.0964317459937,-30.3680197178965,1.53221261495486));
#6129=CARTESIAN_POINT('Ctrl Pts',(-10.9839207895925,-30.270716218015,1.66201231703361));
#6130=CARTESIAN_POINT('Ctrl Pts',(-10.8798216861505,-30.1667827879208,1.79494176215041));
#6131=CARTESIAN_POINT('Ctrl Pts',(-10.7842833058512,-30.0574096357785,1.92999991349935));
#6132=CARTESIAN_POINT('Ctrl Pts',(-12.846504045004,-31.120694076865,0.2000000000002));
#6133=CARTESIAN_POINT('Ctrl Pts',(-12.7301182285325,-31.1090999917378,0.254830576957237));
#6134=CARTESIAN_POINT('Ctrl Pts',(-12.6162404580199,-31.0912118663611,0.314061281565181));
#6135=CARTESIAN_POINT('Ctrl Pts',(-12.13743977693,-30.9897590187284,0.585803551299047));
#6136=CARTESIAN_POINT('Ctrl Pts',(-11.8048198702108,-30.8506210299017,0.834098185965781));
#6137=CARTESIAN_POINT('Ctrl Pts',(-11.5160886239434,-30.6743596501187,1.10000000387482));
#6138=CARTESIAN_POINT('Ctrl Pts',(-11.445452387623,-30.6312384409061,1.1650511678574));
#6139=CARTESIAN_POINT('Ctrl Pts',(-11.3767257412633,-30.5854618660627,1.23180544193105));
#6140=CARTESIAN_POINT('Ctrl Pts',(-11.3101393441782,-30.5372622993027,1.30000000005442));
#6141=CARTESIAN_POINT('Ctrl Pts',(-11.2778208604315,-30.5138680779133,1.3330990235007));
#6142=CARTESIAN_POINT('Ctrl Pts',(-11.2460999651987,-30.4899716738903,1.36644074401587));
#6143=CARTESIAN_POINT('Ctrl Pts',(-11.2149809406792,-30.465602690118,1.40000004598511));
#6144=CARTESIAN_POINT('Origin',(-13.1590727765662,-27.9830107989514,7.70000000000007));
#6145=CARTESIAN_POINT('',(-16.2746397257077,-27.4972143911158,1.92999991346784));
#6146=CARTESIAN_POINT('Ctrl Pts',(-15.9453827298111,-26.5067884549608,2.95000000000011));
#6147=CARTESIAN_POINT('Ctrl Pts',(-16.0573786958757,-26.7181763100758,2.71108600565887));
#6148=CARTESIAN_POINT('Ctrl Pts',(-16.1455370200851,-26.9427347490802,2.47310586023135));
#6149=CARTESIAN_POINT('Ctrl Pts',(-16.2350401471006,-27.280948067269,2.13645870479618));
#6150=CARTESIAN_POINT('Ctrl Pts',(-16.2576204537873,-27.3880643845729,2.03273572713724));
#6151=CARTESIAN_POINT('Ctrl Pts',(-16.2746397257077,-27.4972143911158,1.92999991346956));
#6152=CARTESIAN_POINT('',(-16.3104866454971,-28.0895293004391,1.40000009538021));
#6153=CARTESIAN_POINT('Ctrl Pts',(-16.2746397257079,-27.4972143911167,1.92999991346876));
#6154=CARTESIAN_POINT('Ctrl Pts',(-16.3045804831993,-27.6892339963838,1.74926432753451));
#6155=CARTESIAN_POINT('Ctrl Pts',(-16.317313523278,-27.8875520193112,1.57158906298637));
#6156=CARTESIAN_POINT('Ctrl Pts',(-16.3104866454971,-28.0895293004391,1.40000009539292));
#6157=CARTESIAN_POINT('Ctrl Pts',(-16.3104866454969,-28.0895293004454,1.40000009538759));
#6158=CARTESIAN_POINT('Ctrl Pts',(-16.3064135756191,-28.2100335201064,1.29762623171942));
#6159=CARTESIAN_POINT('Ctrl Pts',(-16.2953817014789,-28.3318386935137,1.19741497867897));
#6160=CARTESIAN_POINT('Ctrl Pts',(-16.2768554649053,-28.4543776123164,1.10000000478987));
#6161=CARTESIAN_POINT('Ctrl Pts',(-16.2536982618509,-28.6075473407451,0.978234403776888));
#6162=CARTESIAN_POINT('Ctrl Pts',(-16.2190786194763,-28.7598746955743,0.862441256293102));
#6163=CARTESIAN_POINT('Ctrl Pts',(-16.1210906394283,-29.0787661012456,0.631217272890059));
#6164=CARTESIAN_POINT('Ctrl Pts',(-16.0511596895426,-29.2546055258391,0.510701693238575));
#6165=CARTESIAN_POINT('Ctrl Pts',(-15.9613594096208,-29.4286750720981,0.399998577939222));
#6166=CARTESIAN_POINT('Ctrl Pts',(-15.9033679794421,-29.5410861018509,0.328508466916957));
#6167=CARTESIAN_POINT('Ctrl Pts',(-15.8375284402281,-29.6520928555293,0.26148856031134));
#6168=CARTESIAN_POINT('Ctrl Pts',(-15.7635929237651,-29.7604331931178,0.200000000000143));
#6169=CARTESIAN_POINT('Origin',(-0.0579069546592656,0.112529971587341,1.70000000000007));
#6170=CARTESIAN_POINT('',(-18.8155814848381,-25.8380008854398,1.92999991346612));
#6171=CARTESIAN_POINT('Ctrl Pts',(-18.8155814848381,-25.8380008854398,1.92999991346612));
#6172=CARTESIAN_POINT('Ctrl Pts',(-19.8999200112201,-24.2894049803537,2.54983803363974));
#6173=CARTESIAN_POINT('Ctrl Pts',(-20.9497168328003,-22.7901397421297,2.9500000000001));
#6174=CARTESIAN_POINT('Ctrl Pts',(-16.2527492923168,-29.4981045728036,0.199998570917704));
#6175=CARTESIAN_POINT('Ctrl Pts',(-17.5678715086293,-27.6199154009547,1.21677411971367));
#6176=CARTESIAN_POINT('Ctrl Pts',(-18.8155814848381,-25.8380008854398,1.92999991346612));
#6177=CARTESIAN_POINT('Origin',(-28.7088964648781,-11.7088828166236,-1.79999999999991));
#6178=CARTESIAN_POINT('',(-28.7247964897905,-11.6861752277377,11.6000000000001));
#6179=CARTESIAN_POINT('Origin',(-0.0579069546592686,0.11252997158734,11.6000000000001));
#6180=CARTESIAN_POINT('',(-30.3381056806045,6.75403319881431,11.6000000000001));
#6181=CARTESIAN_POINT('Origin',(-20.923155108489,26.9444598569711,-1.79999999999991));
#6182=CARTESIAN_POINT('',(-23.0368726525962,22.4115779556309,1.92999991346611));
#6183=CARTESIAN_POINT('Ctrl Pts',(-24.6093301557169,19.0394319579813,2.9500000000002));
#6184=CARTESIAN_POINT('Ctrl Pts',(-23.8358267832985,20.6982152931701,2.54983803361014));
#6185=CARTESIAN_POINT('Ctrl Pts',(-23.0368726525962,22.4115779556309,1.92999991346611));
#6186=CARTESIAN_POINT('Ctrl Pts',(-23.0368726525962,22.4115779556309,1.92999991346611));
#6187=CARTESIAN_POINT('Ctrl Pts',(-22.1175444029487,24.3830837492199,1.21677411969509));
#6188=CARTESIAN_POINT('Ctrl Pts',(-21.1485459752302,26.4611075834251,0.199998570917669));
#6189=CARTESIAN_POINT('Origin',(-0.0579069546592227,0.112529971587177,1.70000000000007));
#6190=CARTESIAN_POINT('',(-20.8226529106521,24.486814185093,1.92999991349712));
#6191=CARTESIAN_POINT('Ctrl Pts',(-20.8226529106521,24.486814185093,1.92999991352814));
#6192=CARTESIAN_POINT('Ctrl Pts',(-20.7369606174626,24.2359920579389,2.17650174024396));
#6193=CARTESIAN_POINT('Ctrl Pts',(-20.6213825077834,24.0011601928906,2.42981607805847));
#6194=CARTESIAN_POINT('Ctrl Pts',(-20.4331802716803,23.7118603634553,2.77180228298018));
#6195=CARTESIAN_POINT('Ctrl Pts',(-20.3812965619226,23.6390731214437,2.86079967132327));
#6196=CARTESIAN_POINT('Ctrl Pts',(-20.3264124095895,23.5686099216442,2.95000000000029));
#6197=CARTESIAN_POINT('',(-20.9608096397216,25.0639057478913,1.40000009536808));
#6198=CARTESIAN_POINT('Ctrl Pts',(-20.9608096397216,25.0639057478913,1.40000009536868));
#6199=CARTESIAN_POINT('Ctrl Pts',(-20.9325083003473,24.8641536913241,1.57129560334509));
#6200=CARTESIAN_POINT('Ctrl Pts',(-20.8856392339934,24.6711757305053,1.74881391436712));
#6201=CARTESIAN_POINT('Ctrl Pts',(-20.8226529106574,24.4868141851086,1.92999991351283));
#6202=CARTESIAN_POINT('Ctrl Pts',(-20.712373877947,26.8043919544993,0.200000000000098));
#6203=CARTESIAN_POINT('Ctrl Pts',(-20.7664059966233,26.6847858417182,0.261526081382924));
#6204=CARTESIAN_POINT('Ctrl Pts',(-20.8119555815976,26.5640433286963,0.328545300684));
#6205=CARTESIAN_POINT('Ctrl Pts',(-20.8495266535525,26.4433321947799,0.399998577939177));
#6206=CARTESIAN_POINT('Ctrl Pts',(-20.9077358061289,26.2563135007105,0.51070169343235));
#6207=CARTESIAN_POINT('Ctrl Pts',(-20.9460701522562,26.071002089182,0.631217273684957));
#6208=CARTESIAN_POINT('Ctrl Pts',(-20.9871945631649,25.739939926922,0.862441256680732));
#6209=CARTESIAN_POINT('Ctrl Pts',(-20.9948368878114,25.5839151293171,0.978234403978484));
#6210=CARTESIAN_POINT('Ctrl Pts',(-20.9910446367404,25.4290511873535,1.10000000478993));
#6211=CARTESIAN_POINT('Ctrl Pts',(-20.9880086468281,25.3050706394466,1.19748277394459));
#6212=CARTESIAN_POINT('Ctrl Pts',(-20.9777086925252,25.1831799810612,1.29771759219719));
#6213=CARTESIAN_POINT('Ctrl Pts',(-20.9608096397216,25.0639057478913,1.40000009536868));
#6214=CARTESIAN_POINT('Origin',(-17.8387760848872,25.5062427765655,7.70000000000008));
#6215=CARTESIAN_POINT('',(-15.8602805806328,27.9615046982541,1.92999991346807));
#6216=CARTESIAN_POINT('Ctrl Pts',(-15.1671750571014,27.1811468074827,2.95000000000029));
#6217=CARTESIAN_POINT('Ctrl Pts',(-15.2921575217659,27.3805034720375,2.71500958925078));
#6218=CARTESIAN_POINT('Ctrl Pts',(-15.4396907889439,27.5662357000817,2.48094916154371));
#6219=CARTESIAN_POINT('Ctrl Pts',(-15.6867799045689,27.8136751770081,2.14411677198637));
#6220=CARTESIAN_POINT('Ctrl Pts',(-15.7710914679867,27.8896344603622,2.03652433916768));
#6221=CARTESIAN_POINT('Ctrl Pts',(-15.8602805806328,27.9615046982541,1.92999991347005));
#6222=CARTESIAN_POINT('',(-16.3553168793796,28.2887064960133,1.4000000953798));
#6223=CARTESIAN_POINT('Ctrl Pts',(-15.8602805806336,27.9615046982548,1.92999991346913));
#6224=CARTESIAN_POINT('Ctrl Pts',(-16.0116165028022,28.083453985619,1.74924946402377));
#6225=CARTESIAN_POINT('Ctrl Pts',(-16.1769967698175,28.1936358554842,1.57157868493313));
#6226=CARTESIAN_POINT('Ctrl Pts',(-16.3553168793796,28.2887064960133,1.40000009539212));
#6227=CARTESIAN_POINT('Ctrl Pts',(-16.3553168793849,28.2887064960162,1.40000009538696));
#6228=CARTESIAN_POINT('Ctrl Pts',(-16.4597759026973,28.3443983990758,1.29949022059639));
#6229=CARTESIAN_POINT('Ctrl Pts',(-16.5686724094763,28.3949068608336,1.20106724909732));
#6230=CARTESIAN_POINT('Ctrl Pts',(-16.9869222953857,28.559877801997,0.84709594436372));
#6231=CARTESIAN_POINT('Ctrl Pts',(-17.3265952153983,28.6387346076776,0.605404366271968));
#6232=CARTESIAN_POINT('Ctrl Pts',(-17.6896147677686,28.6559263266899,0.399998570919093));
#6233=CARTESIAN_POINT('Ctrl Pts',(-17.8159286150355,28.661908241866,0.328526948819055));
#6234=CARTESIAN_POINT('Ctrl Pts',(-17.9449642519876,28.660398332101,0.261512754722831));
#6235=CARTESIAN_POINT('Ctrl Pts',(-18.0758089592008,28.6505345856925,0.200000000000973));
#6236=CARTESIAN_POINT('Origin',(-0.0579069546592218,0.112529971587177,1.70000000000008));
#6237=CARTESIAN_POINT('',(-13.1528886567254,29.332418057687,1.9299999134661));
#6238=CARTESIAN_POINT('Ctrl Pts',(-13.1528886567254,29.332418057687,1.9299999134661));
#6239=CARTESIAN_POINT('Ctrl Pts',(-11.2695960004761,29.4971848152105,2.54983803352981));
#6240=CARTESIAN_POINT('Ctrl Pts',(-9.44629580728579,29.6567029123192,2.95000000000019));
#6241=CARTESIAN_POINT('Ctrl Pts',(-17.604047525719,28.9429921170972,0.19999857091767));
#6242=CARTESIAN_POINT('Ctrl Pts',(-15.3199268821466,29.1428267795353,1.21677411964482));
#6243=CARTESIAN_POINT('Ctrl Pts',(-13.1528886567254,29.332418057687,1.9299999134661));
#6244=CARTESIAN_POINT('Origin',(4.02994402255468,30.8357211243867,-1.79999999999991));
#6245=CARTESIAN_POINT('Origin',(-0.0579069566453653,0.112529972219515,-1.79999995231621));
#6246=CARTESIAN_POINT('',(2.35682763746786,18.4542601806769,-1.7999999523162));
#6247=CARTESIAN_POINT('Origin',(2.52651165151631,19.7431382271307,-6.29833407650437E-10));
#6248=CARTESIAN_POINT('Origin',(10.4437168688608,24.8871655252213,0.199998570918224));
#6249=CARTESIAN_POINT('',(9.78441591981047,24.4340405329936,2.19999857091822));
#6250=CARTESIAN_POINT('Origin',(10.4437168688608,24.8871655252213,2.19999857091822));
#6251=CARTESIAN_POINT('',(9.78441591981045,24.4340405329936,0.199998570918225));
#6252=CARTESIAN_POINT('Origin',(10.4437168688608,24.8871655252213,0.199998570918224));
#6253=CARTESIAN_POINT('',(9.45476544528531,24.2074780368797,2.19999857091822));
#6254=CARTESIAN_POINT('Origin',(10.4437168688608,24.8871655252213,2.19999857091822));
#6255=CARTESIAN_POINT('',(9.45476544528529,24.2074780368797,0.199998570918225));
#6256=CARTESIAN_POINT('Origin',(10.4437168688608,24.8871655252213,2.19999861860192));
#6257=CARTESIAN_POINT('',(0.,1.73472347597681E-18,0.));
#6258=CARTESIAN_POINT('',(0.017109939798054,0.125393220962953,3.79999999999999));
#6259=UNCERTAINTY_MEASURE_WITH_UNIT(LENGTH_MEASURE(0.01),#6267,
'DISTANCE_ACCURACY_VALUE',
'Maximum model space distance between geometric entities at asserted c
onnectivities');
#6260=UNCERTAINTY_MEASURE_WITH_UNIT(LENGTH_MEASURE(0.01),#6267,
'DISTANCE_ACCURACY_VALUE',
'Maximum model space distance between geometric entities at asserted c
onnectivities');
#6261=UNCERTAINTY_MEASURE_WITH_UNIT(LENGTH_MEASURE(0.01),#6267,
'DISTANCE_ACCURACY_VALUE',
'Maximum model space distance between geometric entities at asserted c
onnectivities');
#6262=UNCERTAINTY_MEASURE_WITH_UNIT(LENGTH_MEASURE(0.01),#6267,
'DISTANCE_ACCURACY_VALUE',
'Maximum model space distance between geometric entities at asserted c
onnectivities');
#6263=(
GEOMETRIC_REPRESENTATION_CONTEXT(3)
GLOBAL_UNCERTAINTY_ASSIGNED_CONTEXT((#6259))
GLOBAL_UNIT_ASSIGNED_CONTEXT((#6267,#6268,#6269))
REPRESENTATION_CONTEXT('','3D')
);
#6264=(
GEOMETRIC_REPRESENTATION_CONTEXT(3)
GLOBAL_UNCERTAINTY_ASSIGNED_CONTEXT((#6260))
GLOBAL_UNIT_ASSIGNED_CONTEXT((#6267,#6268,#6269))
REPRESENTATION_CONTEXT('','3D')
);
#6265=(
GEOMETRIC_REPRESENTATION_CONTEXT(3)
GLOBAL_UNCERTAINTY_ASSIGNED_CONTEXT((#6261))
GLOBAL_UNIT_ASSIGNED_CONTEXT((#6267,#6268,#6269))
REPRESENTATION_CONTEXT('','3D')
);
#6266=(
GEOMETRIC_REPRESENTATION_CONTEXT(3)
GLOBAL_UNCERTAINTY_ASSIGNED_CONTEXT((#6262))
GLOBAL_UNIT_ASSIGNED_CONTEXT((#6267,#6268,#6269))
REPRESENTATION_CONTEXT('','3D')
);
#6267=(
LENGTH_UNIT()
NAMED_UNIT(*)
SI_UNIT(.MILLI.,.METRE.)
);
#6268=(
NAMED_UNIT(*)
PLANE_ANGLE_UNIT()
SI_UNIT($,.RADIAN.)
);
#6269=(
NAMED_UNIT(*)
SI_UNIT($,.STERADIAN.)
SOLID_ANGLE_UNIT()
);
#6270=SHAPE_DEFINITION_REPRESENTATION(#6273,#6278);
#6271=SHAPE_DEFINITION_REPRESENTATION(#6274,#6279);
#6272=SHAPE_DEFINITION_REPRESENTATION(#6275,#6280);
#6273=PRODUCT_DEFINITION_SHAPE('',$,#6282);
#6274=PRODUCT_DEFINITION_SHAPE('',$,#6283);
#6275=PRODUCT_DEFINITION_SHAPE('',$,#6284);
#6276=PRODUCT_DEFINITION_SHAPE($,$,#17);
#6277=PRODUCT_DEFINITION_SHAPE($,$,#18);
#6278=SHAPE_REPRESENTATION('',(#3423,#3799),#6263);
#6279=SHAPE_REPRESENTATION('',(#3424,#3798),#6264);
#6280=SHAPE_REPRESENTATION('',(#3425),#6265);
#6281=PRODUCT_DEFINITION_CONTEXT('part definition',#6292,'design');
#6282=PRODUCT_DEFINITION('Basilisk','Basilisk v45',#6285,#6281);
#6283=PRODUCT_DEFINITION('Basilisk_1','Basilisk',#6286,#6281);
#6284=PRODUCT_DEFINITION('Corps','Corps',#6287,#6281);
#6285=PRODUCT_DEFINITION_FORMATION('',$,#6294);
#6286=PRODUCT_DEFINITION_FORMATION('',$,#6295);
#6287=PRODUCT_DEFINITION_FORMATION('',$,#6296);
#6288=PRODUCT_RELATED_PRODUCT_CATEGORY('Basilisk v45','Basilisk v45',(#6294));
#6289=PRODUCT_RELATED_PRODUCT_CATEGORY('Basilisk','Basilisk',(#6295));
#6290=PRODUCT_RELATED_PRODUCT_CATEGORY('Corps','Corps',(#6296));
#6291=APPLICATION_PROTOCOL_DEFINITION('international standard',
'automotive_design',2009,#6292);
#6292=APPLICATION_CONTEXT(
'Core Data for Automotive Mechanical Design Process');
#6293=PRODUCT_CONTEXT('part definition',#6292,'mechanical');
#6294=PRODUCT('Basilisk','Basilisk v45',$,(#6293));
#6295=PRODUCT('Basilisk_1','Basilisk',$,(#6293));
#6296=PRODUCT('Corps','Corps',$,(#6293));
#6297=PRESENTATION_STYLE_ASSIGNMENT((#6299));
#6298=PRESENTATION_STYLE_ASSIGNMENT((#6300));
#6299=SURFACE_STYLE_USAGE(.BOTH.,#6301);
#6300=SURFACE_STYLE_USAGE(.BOTH.,#6302);
#6301=SURFACE_SIDE_STYLE('',(#6303));
#6302=SURFACE_SIDE_STYLE('',(#6304));
#6303=SURFACE_STYLE_FILL_AREA(#6305);
#6304=SURFACE_STYLE_FILL_AREA(#6306);
#6305=FILL_AREA_STYLE('Acier - Satin\X\E9',(#6307));
#6306=FILL_AREA_STYLE('Plastique - Brillant (rouge)',(#6308));
#6307=FILL_AREA_STYLE_COLOUR('Acier - Satin\X\E9',#6309);
#6308=FILL_AREA_STYLE_COLOUR('Plastique - Brillant (rouge)',#6310);
#6309=COLOUR_RGB('Acier - Satin\X\E9',0.627450980392157,0.627450980392157,
0.627450980392157);
#6310=COLOUR_RGB('Plastique - Brillant (rouge)',0.768627450980392,0.207843137254902,
0.152941176470588);
ENDSEC;
END-ISO-10303-21;
