ISO-10303-21;
HEADER;
/* Generated by software containing ST-Developer
 * from STEP Tools, Inc. (www.steptools.com) 
 */

FILE_DESCRIPTION(
/* description */ (''),
/* implementation_level */ '2;1');

FILE_NAME(
/* name */ 'Basilisk_v1.0b_enclosure-bot.step',
/* time_stamp */ '2026-10-03T14:47:29+02:00',
/* author */ (''),
/* organization */ (''),
/* preprocessor_version */ 'ST-DEVELOPER v20.1',
/* originating_system */ 'Autodesk Translation Framework v15.8.0.0',
/* authorisation */ '');

FILE_SCHEMA (('AUTOMOTIVE_DESIGN { 1 0 10303 214 3 1 1 }'));
ENDSEC;

DATA;
#10=MECHANICAL_DESIGN_GEOMETRIC_PRESENTATION_REPRESENTATION('',(#21),#1947);
#11=ITEM_DEFINED_TRANSFORMATION($,$,#1150,#1259);
#12=ITEM_DEFINED_TRANSFORMATION($,$,#1149,#1260);
#13=(
REPRESENTATION_RELATIONSHIP($,$,#1962,#1961)
REPRESENTATION_RELATIONSHIP_WITH_TRANSFORMATION(#11)
SHAPE_REPRESENTATION_RELATIONSHIP()
);
#14=(
REPRESENTATION_RELATIONSHIP($,$,#1961,#1960)
REPRESENTATION_RELATIONSHIP_WITH_TRANSFORMATION(#12)
SHAPE_REPRESENTATION_RELATIONSHIP()
);
#15=CONTEXT_DEPENDENT_SHAPE_REPRESENTATION(#13,#1958);
#16=CONTEXT_DEPENDENT_SHAPE_REPRESENTATION(#14,#1959);
#17=NEXT_ASSEMBLY_USAGE_OCCURRENCE('embase_P1:1','embase_P1:1',
'embase_P1:1',#1965,#1966,'embase_P1:1');
#18=NEXT_ASSEMBLY_USAGE_OCCURRENCE('Basilisk:1','Basilisk:1',
'Basilisk:1',#1964,#1965,'Basilisk:1');
#19=SHAPE_REPRESENTATION_RELATIONSHIP('SRR','None',#1962,#20);
#20=ADVANCED_BREP_SHAPE_REPRESENTATION('',(#22),#1946);
#21=STYLED_ITEM('',(#1980),#22);
#22=MANIFOLD_SOLID_BREP('48mm (1)',#1135);
#23=B_SPLINE_CURVE_WITH_KNOTS('',3,(#1812,#1813,#1814,#1815,#1816,#1817,
#1818),.UNSPECIFIED.,.F.,.F.,(4,3,4),(1.18882935449355,1.21037921417954,
1.21971077633924),.UNSPECIFIED.);
#24=CONICAL_SURFACE('',#1215,27.05,0.78539816339744);
#25=CONICAL_SURFACE('',#1253,27.05,0.78539816339744);
#26=(
BOUNDED_CURVE()
B_SPLINE_CURVE(2,(#1697,#1698,#1699),.UNSPECIFIED.,.F.,.F.)
B_SPLINE_CURVE_WITH_KNOTS((3,3),(0.0510320940107859,0.122714392702682),
 .UNSPECIFIED.)
CURVE()
GEOMETRIC_REPRESENTATION_ITEM()
RATIONAL_B_SPLINE_CURVE((1.00008573399564,1.00011351689252,1.00005019329344))
REPRESENTATION_ITEM('')
);
#27=(
BOUNDED_CURVE()
B_SPLINE_CURVE(2,(#1765,#1766,#1767),.UNSPECIFIED.,.F.,.F.)
B_SPLINE_CURVE_WITH_KNOTS((3,3),(24937.579994162,25032.8937984871),
 .UNSPECIFIED.)
CURVE()
GEOMETRIC_REPRESENTATION_ITEM()
RATIONAL_B_SPLINE_CURVE((2986.34873735428,2949.55148437566,2912.42933498742))
REPRESENTATION_ITEM('')
);
#28=(
BOUNDED_CURVE()
B_SPLINE_CURVE(2,(#1819,#1820,#1821),.UNSPECIFIED.,.F.,.F.)
B_SPLINE_CURVE_WITH_KNOTS((3,3),(1.77383450634171,1.8572943967316),
 .UNSPECIFIED.)
CURVE()
GEOMETRIC_REPRESENTATION_ITEM()
RATIONAL_B_SPLINE_CURVE((1.04018485990243,1.03964002898831,1.0389549694778))
REPRESENTATION_ITEM('')
);
#29=(
BOUNDED_CURVE()
B_SPLINE_CURVE(2,(#1927,#1928,#1929),.UNSPECIFIED.,.F.,.F.)
B_SPLINE_CURVE_WITH_KNOTS((3,3),(1.04173058624434,1.10802787914691),
 .UNSPECIFIED.)
CURVE()
GEOMETRIC_REPRESENTATION_ITEM()
RATIONAL_B_SPLINE_CURVE((1.03920792012231,1.03975755679684,1.04021835138505))
REPRESENTATION_ITEM('')
);
#30=FACE_BOUND('',#176,.T.);
#31=FACE_BOUND('',#177,.T.);
#32=FACE_BOUND('',#178,.T.);
#33=FACE_BOUND('',#179,.T.);
#34=FACE_BOUND('',#181,.T.);
#35=FACE_BOUND('',#189,.T.);
#36=FACE_BOUND('',#190,.T.);
#37=FACE_BOUND('',#191,.T.);
#38=FACE_BOUND('',#204,.T.);
#39=CIRCLE('',#1159,3.1532135297897);
#40=CIRCLE('',#1160,31.);
#41=CIRCLE('',#1161,3.1532135297897);
#42=CIRCLE('',#1162,31.);
#43=CIRCLE('',#1163,3.15321352978969);
#44=CIRCLE('',#1164,1.35);
#45=CIRCLE('',#1165,1.35);
#46=CIRCLE('',#1166,1.35);
#47=CIRCLE('',#1167,23.);
#48=CIRCLE('',#1169,25.);
#49=CIRCLE('',#1170,23.);
#50=CIRCLE('',#1172,25.);
#51=CIRCLE('',#1175,1.);
#52=CIRCLE('',#1177,0.599999999999);
#53=CIRCLE('',#1178,0.600000000000001);
#54=CIRCLE('',#1179,1.);
#55=CIRCLE('',#1183,27.35);
#56=CIRCLE('',#1184,3.15321352978969);
#57=CIRCLE('',#1185,31.);
#58=CIRCLE('',#1186,3.1532135297897);
#59=CIRCLE('',#1187,31.);
#60=CIRCLE('',#1188,3.1532135297897);
#61=CIRCLE('',#1189,27.35);
#62=CIRCLE('',#1190,1.65);
#63=CIRCLE('',#1191,1.35);
#64=CIRCLE('',#1192,1.35);
#65=CIRCLE('',#1193,1.35);
#66=CIRCLE('',#1206,26.5);
#67=CIRCLE('',#1207,26.85);
#68=CIRCLE('',#1208,1.);
#69=CIRCLE('',#1209,1.);
#70=CIRCLE('',#1210,26.85);
#71=CIRCLE('',#1211,26.8499992031247);
#72=CIRCLE('',#1212,1.65);
#73=CIRCLE('',#1214,26.5);
#74=CIRCLE('',#1217,1.);
#75=CIRCLE('',#1219,26.8499992031247);
#76=CIRCLE('',#1229,0.600000000000001);
#77=CIRCLE('',#1231,1.5);
#78=CIRCLE('',#1232,1.5);
#79=CIRCLE('',#1233,0.599999999999);
#80=CIRCLE('',#1237,1.5);
#81=CIRCLE('',#1238,1.5);
#82=CIRCLE('',#1247,1.);
#83=PLANE('',#1154);
#84=PLANE('',#1158);
#85=PLANE('',#1168);
#86=PLANE('',#1176);
#87=PLANE('',#1181);
#88=PLANE('',#1182);
#89=PLANE('',#1194);
#90=PLANE('',#1195);
#91=PLANE('',#1196);
#92=PLANE('',#1198);
#93=PLANE('',#1200);
#94=PLANE('',#1202);
#95=PLANE('',#1203);
#96=PLANE('',#1204);
#97=PLANE('',#1205);
#98=PLANE('',#1216);
#99=PLANE('',#1222);
#100=PLANE('',#1225);
#101=PLANE('',#1226);
#102=PLANE('',#1227);
#103=PLANE('',#1230);
#104=PLANE('',#1234);
#105=PLANE('',#1235);
#106=PLANE('',#1236);
#107=PLANE('',#1240);
#108=PLANE('',#1241);
#109=PLANE('',#1242);
#110=PLANE('',#1248);
#111=PLANE('',#1255);
#112=PLANE('',#1256);
#113=PLANE('',#1257);
#114=FACE_OUTER_BOUND('',#172,.T.);
#115=FACE_OUTER_BOUND('',#173,.T.);
#116=FACE_OUTER_BOUND('',#174,.T.);
#117=FACE_OUTER_BOUND('',#175,.T.);
#118=FACE_OUTER_BOUND('',#180,.T.);
#119=FACE_OUTER_BOUND('',#182,.T.);
#120=FACE_OUTER_BOUND('',#183,.T.);
#121=FACE_OUTER_BOUND('',#184,.T.);
#122=FACE_OUTER_BOUND('',#185,.T.);
#123=FACE_OUTER_BOUND('',#186,.T.);
#124=FACE_OUTER_BOUND('',#187,.T.);
#125=FACE_OUTER_BOUND('',#188,.T.);
#126=FACE_OUTER_BOUND('',#192,.T.);
#127=FACE_OUTER_BOUND('',#193,.T.);
#128=FACE_OUTER_BOUND('',#194,.T.);
#129=FACE_OUTER_BOUND('',#195,.T.);
#130=FACE_OUTER_BOUND('',#196,.T.);
#131=FACE_OUTER_BOUND('',#197,.T.);
#132=FACE_OUTER_BOUND('',#198,.T.);
#133=FACE_OUTER_BOUND('',#199,.T.);
#134=FACE_OUTER_BOUND('',#200,.T.);
#135=FACE_OUTER_BOUND('',#201,.T.);
#136=FACE_OUTER_BOUND('',#202,.T.);
#137=FACE_OUTER_BOUND('',#203,.T.);
#138=FACE_OUTER_BOUND('',#205,.T.);
#139=FACE_OUTER_BOUND('',#206,.T.);
#140=FACE_OUTER_BOUND('',#207,.T.);
#141=FACE_OUTER_BOUND('',#208,.T.);
#142=FACE_OUTER_BOUND('',#209,.T.);
#143=FACE_OUTER_BOUND('',#210,.T.);
#144=FACE_OUTER_BOUND('',#211,.T.);
#145=FACE_OUTER_BOUND('',#212,.T.);
#146=FACE_OUTER_BOUND('',#213,.T.);
#147=FACE_OUTER_BOUND('',#214,.T.);
#148=FACE_OUTER_BOUND('',#215,.T.);
#149=FACE_OUTER_BOUND('',#216,.T.);
#150=FACE_OUTER_BOUND('',#217,.T.);
#151=FACE_OUTER_BOUND('',#218,.T.);
#152=FACE_OUTER_BOUND('',#219,.T.);
#153=FACE_OUTER_BOUND('',#220,.T.);
#154=FACE_OUTER_BOUND('',#221,.T.);
#155=FACE_OUTER_BOUND('',#222,.T.);
#156=FACE_OUTER_BOUND('',#223,.T.);
#157=FACE_OUTER_BOUND('',#224,.T.);
#158=FACE_OUTER_BOUND('',#225,.T.);
#159=FACE_OUTER_BOUND('',#226,.T.);
#160=FACE_OUTER_BOUND('',#227,.T.);
#161=FACE_OUTER_BOUND('',#228,.T.);
#162=FACE_OUTER_BOUND('',#229,.T.);
#163=FACE_OUTER_BOUND('',#230,.T.);
#164=FACE_OUTER_BOUND('',#231,.T.);
#165=FACE_OUTER_BOUND('',#232,.T.);
#166=FACE_OUTER_BOUND('',#233,.T.);
#167=FACE_OUTER_BOUND('',#234,.T.);
#168=FACE_OUTER_BOUND('',#235,.T.);
#169=FACE_OUTER_BOUND('',#236,.T.);
#170=FACE_OUTER_BOUND('',#237,.T.);
#171=FACE_OUTER_BOUND('',#238,.T.);
#172=EDGE_LOOP('',(#728,#729,#730,#731));
#173=EDGE_LOOP('',(#732,#733,#734,#735));
#174=EDGE_LOOP('',(#736,#737,#738,#739));
#175=EDGE_LOOP('',(#740,#741,#742,#743,#744,#745,#746,#747,#748,#749,#750,
#751,#752,#753,#754,#755));
#176=EDGE_LOOP('',(#756));
#177=EDGE_LOOP('',(#757));
#178=EDGE_LOOP('',(#758));
#179=EDGE_LOOP('',(#759));
#180=EDGE_LOOP('',(#760));
#181=EDGE_LOOP('',(#761));
#182=EDGE_LOOP('',(#762,#763,#764,#765));
#183=EDGE_LOOP('',(#766,#767,#768,#769));
#184=EDGE_LOOP('',(#770,#771,#772,#773));
#185=EDGE_LOOP('',(#774,#775,#776,#777,#778,#779,#780,#781,#782,#783,#784,
#785));
#186=EDGE_LOOP('',(#786,#787,#788,#789));
#187=EDGE_LOOP('',(#790,#791,#792,#793,#794,#795,#796,#797,#798));
#188=EDGE_LOOP('',(#799,#800,#801,#802,#803,#804,#805,#806,#807,#808,#809,
#810,#811,#812,#813,#814,#815,#816,#817,#818));
#189=EDGE_LOOP('',(#819));
#190=EDGE_LOOP('',(#820));
#191=EDGE_LOOP('',(#821));
#192=EDGE_LOOP('',(#822,#823,#824,#825,#826));
#193=EDGE_LOOP('',(#827,#828,#829,#830));
#194=EDGE_LOOP('',(#831,#832,#833,#834,#835,#836,#837,#838,#839,#840));
#195=EDGE_LOOP('',(#841,#842,#843,#844));
#196=EDGE_LOOP('',(#845,#846,#847,#848));
#197=EDGE_LOOP('',(#849,#850,#851,#852));
#198=EDGE_LOOP('',(#853,#854,#855,#856,#857));
#199=EDGE_LOOP('',(#858,#859,#860,#861));
#200=EDGE_LOOP('',(#862,#863,#864,#865));
#201=EDGE_LOOP('',(#866,#867,#868,#869));
#202=EDGE_LOOP('',(#870,#871,#872,#873));
#203=EDGE_LOOP('',(#874,#875,#876,#877,#878,#879,#880,#881,#882,#883,#884,
#885));
#204=EDGE_LOOP('',(#886));
#205=EDGE_LOOP('',(#887,#888,#889,#890));
#206=EDGE_LOOP('',(#891,#892,#893,#894,#895));
#207=EDGE_LOOP('',(#896,#897,#898,#899,#900,#901,#902,#903,#904));
#208=EDGE_LOOP('',(#905,#906,#907,#908));
#209=EDGE_LOOP('',(#909,#910,#911,#912));
#210=EDGE_LOOP('',(#913,#914,#915,#916));
#211=EDGE_LOOP('',(#917,#918,#919,#920));
#212=EDGE_LOOP('',(#921,#922,#923,#924));
#213=EDGE_LOOP('',(#925,#926,#927,#928,#929));
#214=EDGE_LOOP('',(#930,#931,#932,#933));
#215=EDGE_LOOP('',(#934,#935,#936,#937));
#216=EDGE_LOOP('',(#938,#939,#940,#941,#942,#943,#944,#945,#946,#947,#948,
#949));
#217=EDGE_LOOP('',(#950,#951,#952,#953));
#218=EDGE_LOOP('',(#954,#955,#956,#957));
#219=EDGE_LOOP('',(#958,#959,#960,#961,#962,#963,#964,#965,#966,#967));
#220=EDGE_LOOP('',(#968,#969,#970,#971));
#221=EDGE_LOOP('',(#972,#973,#974,#975));
#222=EDGE_LOOP('',(#976,#977,#978,#979));
#223=EDGE_LOOP('',(#980,#981,#982,#983));
#224=EDGE_LOOP('',(#984,#985,#986,#987));
#225=EDGE_LOOP('',(#988,#989,#990,#991));
#226=EDGE_LOOP('',(#992,#993,#994,#995));
#227=EDGE_LOOP('',(#996,#997,#998,#999));
#228=EDGE_LOOP('',(#1000,#1001,#1002,#1003,#1004));
#229=EDGE_LOOP('',(#1005,#1006,#1007,#1008));
#230=EDGE_LOOP('',(#1009,#1010,#1011,#1012));
#231=EDGE_LOOP('',(#1013,#1014,#1015,#1016));
#232=EDGE_LOOP('',(#1017,#1018,#1019,#1020));
#233=EDGE_LOOP('',(#1021,#1022,#1023,#1024));
#234=EDGE_LOOP('',(#1025,#1026,#1027,#1028,#1029,#1030));
#235=EDGE_LOOP('',(#1031,#1032,#1033));
#236=EDGE_LOOP('',(#1034,#1035,#1036,#1037,#1038));
#237=EDGE_LOOP('',(#1039,#1040,#1041,#1042,#1043,#1044,#1045,#1046,#1047));
#238=EDGE_LOOP('',(#1048,#1049,#1050,#1051));
#239=LINE('',#1602,#346);
#240=LINE('',#1605,#347);
#241=LINE('',#1608,#348);
#242=LINE('',#1610,#349);
#243=LINE('',#1611,#350);
#244=LINE('',#1617,#351);
#245=LINE('',#1620,#352);
#246=LINE('',#1623,#353);
#247=LINE('',#1625,#354);
#248=LINE('',#1626,#355);
#249=LINE('',#1628,#356);
#250=LINE('',#1632,#357);
#251=LINE('',#1636,#358);
#252=LINE('',#1640,#359);
#253=LINE('',#1644,#360);
#254=LINE('',#1647,#361);
#255=LINE('',#1664,#362);
#256=LINE('',#1666,#363);
#257=LINE('',#1670,#364);
#258=LINE('',#1673,#365);
#259=LINE('',#1675,#366);
#260=LINE('',#1677,#367);
#261=LINE('',#1681,#368);
#262=LINE('',#1685,#369);
#263=LINE('',#1687,#370);
#264=LINE('',#1689,#371);
#265=LINE('',#1692,#372);
#266=LINE('',#1695,#373);
#267=LINE('',#1701,#374);
#268=LINE('',#1703,#375);
#269=LINE('',#1705,#376);
#270=LINE('',#1706,#377);
#271=LINE('',#1711,#378);
#272=LINE('',#1715,#379);
#273=LINE('',#1719,#380);
#274=LINE('',#1723,#381);
#275=LINE('',#1727,#382);
#276=LINE('',#1731,#383);
#277=LINE('',#1733,#384);
#278=LINE('',#1735,#385);
#279=LINE('',#1739,#386);
#280=LINE('',#1742,#387);
#281=LINE('',#1750,#388);
#282=LINE('',#1752,#389);
#283=LINE('',#1753,#390);
#284=LINE('',#1756,#391);
#285=LINE('',#1758,#392);
#286=LINE('',#1760,#393);
#287=LINE('',#1762,#394);
#288=LINE('',#1764,#395);
#289=LINE('',#1769,#396);
#290=LINE('',#1771,#397);
#291=LINE('',#1773,#398);
#292=LINE('',#1774,#399);
#293=LINE('',#1777,#400);
#294=LINE('',#1778,#401);
#295=LINE('',#1780,#402);
#296=LINE('',#1782,#403);
#297=LINE('',#1784,#404);
#298=LINE('',#1791,#405);
#299=LINE('',#1795,#406);
#300=LINE('',#1799,#407);
#301=LINE('',#1804,#408);
#302=LINE('',#1808,#409);
#303=LINE('',#1825,#410);
#304=LINE('',#1827,#411);
#305=LINE('',#1829,#412);
#306=LINE('',#1830,#413);
#307=LINE('',#1832,#414);
#308=LINE('',#1834,#415);
#309=LINE('',#1839,#416);
#310=LINE('',#1843,#417);
#311=LINE('',#1846,#418);
#312=LINE('',#1847,#419);
#313=LINE('',#1850,#420);
#314=LINE('',#1853,#421);
#315=LINE('',#1856,#422);
#316=LINE('',#1857,#423);
#317=LINE('',#1860,#424);
#318=LINE('',#1862,#425);
#319=LINE('',#1863,#426);
#320=LINE('',#1867,#427);
#321=LINE('',#1873,#428);
#322=LINE('',#1877,#429);
#323=LINE('',#1879,#430);
#324=LINE('',#1880,#431);
#325=LINE('',#1883,#432);
#326=LINE('',#1884,#433);
#327=LINE('',#1886,#434);
#328=LINE('',#1888,#435);
#329=LINE('',#1891,#436);
#330=LINE('',#1893,#437);
#331=LINE('',#1895,#438);
#332=LINE('',#1899,#439);
#333=LINE('',#1902,#440);
#334=LINE('',#1903,#441);
#335=LINE('',#1905,#442);
#336=LINE('',#1906,#443);
#337=LINE('',#1909,#444);
#338=LINE('',#1910,#445);
#339=LINE('',#1912,#446);
#340=LINE('',#1916,#447);
#341=LINE('',#1922,#448);
#342=LINE('',#1925,#449);
#343=LINE('',#1931,#450);
#344=LINE('',#1932,#451);
#345=LINE('',#1937,#452);
#346=VECTOR('',#1271,10.);
#347=VECTOR('',#1274,10.);
#348=VECTOR('',#1277,10.);
#349=VECTOR('',#1278,10.);
#350=VECTOR('',#1279,10.);
#351=VECTOR('',#1284,10.);
#352=VECTOR('',#1287,10.);
#353=VECTOR('',#1290,10.);
#354=VECTOR('',#1291,10.);
#355=VECTOR('',#1292,10.);
#356=VECTOR('',#1293,10.);
#357=VECTOR('',#1296,10.);
#358=VECTOR('',#1299,10.);
#359=VECTOR('',#1302,10.);
#360=VECTOR('',#1305,10.);
#361=VECTOR('',#1308,10.);
#362=VECTOR('',#1327,18.125);
#363=VECTOR('',#1330,17.5);
#364=VECTOR('',#1335,10.);
#365=VECTOR('',#1338,10.);
#366=VECTOR('',#1339,10.);
#367=VECTOR('',#1340,10.);
#368=VECTOR('',#1343,10.);
#369=VECTOR('',#1346,10.);
#370=VECTOR('',#1347,10.);
#371=VECTOR('',#1348,10.);
#372=VECTOR('',#1353,10.);
#373=VECTOR('',#1356,10.);
#374=VECTOR('',#1357,10.);
#375=VECTOR('',#1358,10.);
#376=VECTOR('',#1359,10.);
#377=VECTOR('',#1360,10.);
#378=VECTOR('',#1365,10.);
#379=VECTOR('',#1368,10.);
#380=VECTOR('',#1371,10.);
#381=VECTOR('',#1374,10.);
#382=VECTOR('',#1377,10.);
#383=VECTOR('',#1380,10.);
#384=VECTOR('',#1381,10.);
#385=VECTOR('',#1382,10.);
#386=VECTOR('',#1385,10.);
#387=VECTOR('',#1388,10.);
#388=VECTOR('',#1397,10.);
#389=VECTOR('',#1400,10.);
#390=VECTOR('',#1401,10.);
#391=VECTOR('',#1404,10.);
#392=VECTOR('',#1405,10.);
#393=VECTOR('',#1406,10.);
#394=VECTOR('',#1407,10.);
#395=VECTOR('',#1408,10.);
#396=VECTOR('',#1411,10.);
#397=VECTOR('',#1414,10.);
#398=VECTOR('',#1417,10.);
#399=VECTOR('',#1418,10.);
#400=VECTOR('',#1423,10.);
#401=VECTOR('',#1424,10.);
#402=VECTOR('',#1427,10.);
#403=VECTOR('',#1430,10.);
#404=VECTOR('',#1433,10.);
#405=VECTOR('',#1440,10.);
#406=VECTOR('',#1443,10.);
#407=VECTOR('',#1446,10.);
#408=VECTOR('',#1451,10.);
#409=VECTOR('',#1456,10.);
#410=VECTOR('',#1463,10.);
#411=VECTOR('',#1464,10.);
#412=VECTOR('',#1465,10.);
#413=VECTOR('',#1466,10.);
#414=VECTOR('',#1467,10.);
#415=VECTOR('',#1468,10.);
#416=VECTOR('',#1475,10.);
#417=VECTOR('',#1480,10.);
#418=VECTOR('',#1483,10.);
#419=VECTOR('',#1484,10.);
#420=VECTOR('',#1487,10.);
#421=VECTOR('',#1492,10.);
#422=VECTOR('',#1495,10.);
#423=VECTOR('',#1496,10.);
#424=VECTOR('',#1499,10.);
#425=VECTOR('',#1500,10.);
#426=VECTOR('',#1501,10.);
#427=VECTOR('',#1506,10.);
#428=VECTOR('',#1511,10.);
#429=VECTOR('',#1514,10.);
#430=VECTOR('',#1515,10.);
#431=VECTOR('',#1516,10.);
#432=VECTOR('',#1519,10.);
#433=VECTOR('',#1520,10.);
#434=VECTOR('',#1523,10.);
#435=VECTOR('',#1526,1000.);
#436=VECTOR('',#1529,10.);
#437=VECTOR('',#1530,10.);
#438=VECTOR('',#1531,10.);
#439=VECTOR('',#1534,10.);
#440=VECTOR('',#1537,10.);
#441=VECTOR('',#1538,10.);
#442=VECTOR('',#1541,1000.);
#443=VECTOR('',#1542,1000.);
#444=VECTOR('',#1547,10.);
#445=VECTOR('',#1548,1000.);
#446=VECTOR('',#1551,1000.);
#447=VECTOR('',#1558,10.);
#448=VECTOR('',#1569,1.35);
#449=VECTOR('',#1574,1.35);
#450=VECTOR('',#1579,10.);
#451=VECTOR('',#1580,10.);
#452=VECTOR('',#1589,1.35);
#453=ELLIPSE('',#1152,2.60627511582543,1.);
#454=ELLIPSE('',#1153,1.05584911853446,1.);
#455=ELLIPSE('',#1156,2.60211739514726,1.);
#456=ELLIPSE('',#1157,1.05573041518333,1.);
#457=ELLIPSE('',#1221,37.9716341497176,26.85);
#458=ELLIPSE('',#1224,37.9716341497176,26.85);
#459=VERTEX_POINT('',#1598);
#460=VERTEX_POINT('',#1599);
#461=VERTEX_POINT('',#1601);
#462=VERTEX_POINT('',#1603);
#463=VERTEX_POINT('',#1607);
#464=VERTEX_POINT('',#1609);
#465=VERTEX_POINT('',#1613);
#466=VERTEX_POINT('',#1614);
#467=VERTEX_POINT('',#1616);
#468=VERTEX_POINT('',#1618);
#469=VERTEX_POINT('',#1622);
#470=VERTEX_POINT('',#1624);
#471=VERTEX_POINT('',#1627);
#472=VERTEX_POINT('',#1629);
#473=VERTEX_POINT('',#1631);
#474=VERTEX_POINT('',#1633);
#475=VERTEX_POINT('',#1635);
#476=VERTEX_POINT('',#1637);
#477=VERTEX_POINT('',#1639);
#478=VERTEX_POINT('',#1641);
#479=VERTEX_POINT('',#1643);
#480=VERTEX_POINT('',#1645);
#481=VERTEX_POINT('',#1648);
#482=VERTEX_POINT('',#1650);
#483=VERTEX_POINT('',#1652);
#484=VERTEX_POINT('',#1654);
#485=VERTEX_POINT('',#1657);
#486=VERTEX_POINT('',#1659);
#487=VERTEX_POINT('',#1662);
#488=VERTEX_POINT('',#1668);
#489=VERTEX_POINT('',#1672);
#490=VERTEX_POINT('',#1674);
#491=VERTEX_POINT('',#1676);
#492=VERTEX_POINT('',#1678);
#493=VERTEX_POINT('',#1680);
#494=VERTEX_POINT('',#1682);
#495=VERTEX_POINT('',#1684);
#496=VERTEX_POINT('',#1686);
#497=VERTEX_POINT('',#1688);
#498=VERTEX_POINT('',#1694);
#499=VERTEX_POINT('',#1696);
#500=VERTEX_POINT('',#1700);
#501=VERTEX_POINT('',#1702);
#502=VERTEX_POINT('',#1704);
#503=VERTEX_POINT('',#1708);
#504=VERTEX_POINT('',#1710);
#505=VERTEX_POINT('',#1712);
#506=VERTEX_POINT('',#1714);
#507=VERTEX_POINT('',#1716);
#508=VERTEX_POINT('',#1718);
#509=VERTEX_POINT('',#1720);
#510=VERTEX_POINT('',#1722);
#511=VERTEX_POINT('',#1724);
#512=VERTEX_POINT('',#1726);
#513=VERTEX_POINT('',#1728);
#514=VERTEX_POINT('',#1730);
#515=VERTEX_POINT('',#1732);
#516=VERTEX_POINT('',#1734);
#517=VERTEX_POINT('',#1736);
#518=VERTEX_POINT('',#1738);
#519=VERTEX_POINT('',#1740);
#520=VERTEX_POINT('',#1743);
#521=VERTEX_POINT('',#1745);
#522=VERTEX_POINT('',#1747);
#523=VERTEX_POINT('',#1755);
#524=VERTEX_POINT('',#1757);
#525=VERTEX_POINT('',#1759);
#526=VERTEX_POINT('',#1761);
#527=VERTEX_POINT('',#1763);
#528=VERTEX_POINT('',#1786);
#529=VERTEX_POINT('',#1788);
#530=VERTEX_POINT('',#1790);
#531=VERTEX_POINT('',#1792);
#532=VERTEX_POINT('',#1794);
#533=VERTEX_POINT('',#1796);
#534=VERTEX_POINT('',#1798);
#535=VERTEX_POINT('',#1801);
#536=VERTEX_POINT('',#1803);
#537=VERTEX_POINT('',#1807);
#538=VERTEX_POINT('',#1811);
#539=VERTEX_POINT('',#1823);
#540=VERTEX_POINT('',#1824);
#541=VERTEX_POINT('',#1826);
#542=VERTEX_POINT('',#1828);
#543=VERTEX_POINT('',#1831);
#544=VERTEX_POINT('',#1833);
#545=VERTEX_POINT('',#1837);
#546=VERTEX_POINT('',#1841);
#547=VERTEX_POINT('',#1845);
#548=VERTEX_POINT('',#1849);
#549=VERTEX_POINT('',#1855);
#550=VERTEX_POINT('',#1859);
#551=VERTEX_POINT('',#1861);
#552=VERTEX_POINT('',#1865);
#553=VERTEX_POINT('',#1869);
#554=VERTEX_POINT('',#1870);
#555=VERTEX_POINT('',#1872);
#556=VERTEX_POINT('',#1874);
#557=VERTEX_POINT('',#1876);
#558=VERTEX_POINT('',#1878);
#559=VERTEX_POINT('',#1881);
#560=VERTEX_POINT('',#1890);
#561=VERTEX_POINT('',#1892);
#562=VERTEX_POINT('',#1894);
#563=VERTEX_POINT('',#1896);
#564=VERTEX_POINT('',#1898);
#565=VERTEX_POINT('',#1900);
#566=EDGE_CURVE('',#459,#460,#453,.F.);
#567=EDGE_CURVE('',#460,#461,#239,.T.);
#568=EDGE_CURVE('',#461,#462,#454,.F.);
#569=EDGE_CURVE('',#462,#459,#240,.T.);
#570=EDGE_CURVE('',#463,#460,#241,.T.);
#571=EDGE_CURVE('',#463,#464,#242,.T.);
#572=EDGE_CURVE('',#461,#464,#243,.T.);
#573=EDGE_CURVE('',#465,#466,#455,.F.);
#574=EDGE_CURVE('',#466,#467,#244,.T.);
#575=EDGE_CURVE('',#467,#468,#456,.F.);
#576=EDGE_CURVE('',#468,#465,#245,.T.);
#577=EDGE_CURVE('',#469,#462,#246,.T.);
#578=EDGE_CURVE('',#470,#469,#247,.F.);
#579=EDGE_CURVE('',#467,#470,#248,.T.);
#580=EDGE_CURVE('',#466,#471,#249,.T.);
#581=EDGE_CURVE('',#472,#471,#39,.T.);
#582=EDGE_CURVE('',#472,#473,#250,.T.);
#583=EDGE_CURVE('',#473,#474,#40,.T.);
#584=EDGE_CURVE('',#474,#475,#251,.T.);
#585=EDGE_CURVE('',#476,#475,#41,.T.);
#586=EDGE_CURVE('',#476,#477,#252,.T.);
#587=EDGE_CURVE('',#477,#478,#42,.T.);
#588=EDGE_CURVE('',#478,#479,#253,.T.);
#589=EDGE_CURVE('',#480,#479,#43,.T.);
#590=EDGE_CURVE('',#480,#459,#254,.T.);
#591=EDGE_CURVE('',#481,#481,#44,.F.);
#592=EDGE_CURVE('',#482,#482,#45,.F.);
#593=EDGE_CURVE('',#483,#483,#46,.F.);
#594=EDGE_CURVE('',#484,#484,#47,.T.);
#595=EDGE_CURVE('',#485,#485,#48,.T.);
#596=EDGE_CURVE('',#486,#486,#49,.F.);
#597=EDGE_CURVE('',#487,#487,#50,.T.);
#598=EDGE_CURVE('',#487,#485,#255,.T.);
#599=EDGE_CURVE('',#484,#486,#256,.T.);
#600=EDGE_CURVE('',#488,#469,#51,.T.);
#601=EDGE_CURVE('',#461,#488,#257,.T.);
#602=EDGE_CURVE('',#488,#489,#258,.T.);
#603=EDGE_CURVE('',#490,#489,#259,.F.);
#604=EDGE_CURVE('',#490,#491,#260,.T.);
#605=EDGE_CURVE('',#491,#492,#52,.F.);
#606=EDGE_CURVE('',#493,#492,#261,.F.);
#607=EDGE_CURVE('',#494,#493,#53,.F.);
#608=EDGE_CURVE('',#494,#495,#262,.T.);
#609=EDGE_CURVE('',#496,#495,#263,.F.);
#610=EDGE_CURVE('',#496,#497,#264,.T.);
#611=EDGE_CURVE('',#470,#497,#54,.T.);
#612=EDGE_CURVE('',#497,#468,#265,.T.);
#613=EDGE_CURVE('',#464,#498,#266,.T.);
#614=EDGE_CURVE('',#499,#498,#26,.T.);
#615=EDGE_CURVE('',#499,#500,#267,.T.);
#616=EDGE_CURVE('',#500,#501,#268,.T.);
#617=EDGE_CURVE('',#501,#502,#269,.T.);
#618=EDGE_CURVE('',#489,#502,#270,.T.);
#619=EDGE_CURVE('',#503,#498,#55,.T.);
#620=EDGE_CURVE('',#504,#463,#271,.T.);
#621=EDGE_CURVE('',#505,#504,#56,.T.);
#622=EDGE_CURVE('',#506,#505,#272,.T.);
#623=EDGE_CURVE('',#507,#506,#57,.T.);
#624=EDGE_CURVE('',#508,#507,#273,.T.);
#625=EDGE_CURVE('',#509,#508,#58,.T.);
#626=EDGE_CURVE('',#510,#509,#274,.T.);
#627=EDGE_CURVE('',#511,#510,#59,.T.);
#628=EDGE_CURVE('',#512,#511,#275,.T.);
#629=EDGE_CURVE('',#513,#512,#60,.T.);
#630=EDGE_CURVE('',#514,#513,#276,.T.);
#631=EDGE_CURVE('',#515,#514,#277,.T.);
#632=EDGE_CURVE('',#516,#515,#278,.T.);
#633=EDGE_CURVE('',#516,#517,#61,.T.);
#634=EDGE_CURVE('',#518,#517,#279,.T.);
#635=EDGE_CURVE('',#519,#518,#62,.T.);
#636=EDGE_CURVE('',#503,#519,#280,.T.);
#637=EDGE_CURVE('',#520,#520,#63,.F.);
#638=EDGE_CURVE('',#521,#521,#64,.F.);
#639=EDGE_CURVE('',#522,#522,#65,.F.);
#640=EDGE_CURVE('',#504,#480,#281,.T.);
#641=EDGE_CURVE('',#515,#468,#282,.T.);
#642=EDGE_CURVE('',#465,#514,#283,.T.);
#643=EDGE_CURVE('',#523,#496,#284,.T.);
#644=EDGE_CURVE('',#523,#524,#285,.T.);
#645=EDGE_CURVE('',#525,#524,#286,.F.);
#646=EDGE_CURVE('',#525,#526,#287,.F.);
#647=EDGE_CURVE('',#527,#526,#288,.F.);
#648=EDGE_CURVE('',#527,#516,#27,.T.);
#649=EDGE_CURVE('',#479,#505,#289,.T.);
#650=EDGE_CURVE('',#506,#478,#290,.T.);
#651=EDGE_CURVE('',#512,#472,#291,.T.);
#652=EDGE_CURVE('',#471,#513,#292,.T.);
#653=EDGE_CURVE('',#508,#476,#293,.T.);
#654=EDGE_CURVE('',#475,#509,#294,.T.);
#655=EDGE_CURVE('',#507,#477,#295,.F.);
#656=EDGE_CURVE('',#511,#473,#296,.F.);
#657=EDGE_CURVE('',#510,#474,#297,.T.);
#658=EDGE_CURVE('',#528,#526,#66,.T.);
#659=EDGE_CURVE('',#529,#525,#67,.F.);
#660=EDGE_CURVE('',#530,#529,#298,.T.);
#661=EDGE_CURVE('',#531,#530,#68,.T.);
#662=EDGE_CURVE('',#532,#531,#299,.T.);
#663=EDGE_CURVE('',#533,#532,#69,.T.);
#664=EDGE_CURVE('',#534,#533,#300,.T.);
#665=EDGE_CURVE('',#500,#534,#70,.F.);
#666=EDGE_CURVE('',#500,#535,#71,.T.);
#667=EDGE_CURVE('',#535,#536,#301,.T.);
#668=EDGE_CURVE('',#536,#528,#72,.T.);
#669=EDGE_CURVE('',#537,#528,#302,.F.);
#670=EDGE_CURVE('',#527,#537,#73,.F.);
#671=EDGE_CURVE('',#538,#537,#23,.F.);
#672=EDGE_CURVE('',#538,#517,#28,.T.);
#673=EDGE_CURVE('',#539,#540,#303,.F.);
#674=EDGE_CURVE('',#540,#541,#304,.T.);
#675=EDGE_CURVE('',#541,#542,#305,.T.);
#676=EDGE_CURVE('',#542,#490,#306,.T.);
#677=EDGE_CURVE('',#502,#543,#307,.T.);
#678=EDGE_CURVE('',#543,#544,#308,.T.);
#679=EDGE_CURVE('',#539,#544,#74,.T.);
#680=EDGE_CURVE('',#545,#499,#75,.T.);
#681=EDGE_CURVE('',#545,#535,#309,.T.);
#682=EDGE_CURVE('',#546,#524,#457,.F.);
#683=EDGE_CURVE('',#529,#546,#310,.T.);
#684=EDGE_CURVE('',#546,#547,#311,.T.);
#685=EDGE_CURVE('',#547,#523,#312,.T.);
#686=EDGE_CURVE('',#548,#534,#313,.T.);
#687=EDGE_CURVE('',#548,#501,#458,.T.);
#688=EDGE_CURVE('',#543,#548,#314,.T.);
#689=EDGE_CURVE('',#549,#547,#315,.T.);
#690=EDGE_CURVE('',#530,#549,#316,.T.);
#691=EDGE_CURVE('',#550,#492,#317,.T.);
#692=EDGE_CURVE('',#550,#551,#318,.T.);
#693=EDGE_CURVE('',#551,#493,#319,.T.);
#694=EDGE_CURVE('',#551,#552,#76,.T.);
#695=EDGE_CURVE('',#552,#494,#320,.T.);
#696=EDGE_CURVE('',#553,#554,#77,.T.);
#697=EDGE_CURVE('',#553,#555,#321,.T.);
#698=EDGE_CURVE('',#556,#555,#78,.T.);
#699=EDGE_CURVE('',#556,#557,#322,.T.);
#700=EDGE_CURVE('',#558,#557,#323,.T.);
#701=EDGE_CURVE('',#552,#558,#324,.T.);
#702=EDGE_CURVE('',#550,#559,#79,.T.);
#703=EDGE_CURVE('',#559,#542,#325,.F.);
#704=EDGE_CURVE('',#541,#554,#326,.T.);
#705=EDGE_CURVE('',#495,#558,#327,.T.);
#706=EDGE_CURVE('',#491,#559,#328,.T.);
#707=EDGE_CURVE('',#560,#531,#329,.T.);
#708=EDGE_CURVE('',#561,#560,#330,.F.);
#709=EDGE_CURVE('',#561,#562,#331,.T.);
#710=EDGE_CURVE('',#563,#562,#80,.T.);
#711=EDGE_CURVE('',#564,#563,#332,.T.);
#712=EDGE_CURVE('',#564,#565,#81,.T.);
#713=EDGE_CURVE('',#565,#540,#333,.T.);
#714=EDGE_CURVE('',#532,#539,#334,.T.);
#715=EDGE_CURVE('',#554,#565,#335,.T.);
#716=EDGE_CURVE('',#564,#553,#336,.T.);
#717=EDGE_CURVE('',#557,#561,#337,.T.);
#718=EDGE_CURVE('',#562,#556,#338,.T.);
#719=EDGE_CURVE('',#555,#563,#339,.T.);
#720=EDGE_CURVE('',#544,#533,#340,.T.);
#721=EDGE_CURVE('',#549,#560,#82,.T.);
#722=EDGE_CURVE('',#483,#520,#341,.T.);
#723=EDGE_CURVE('',#481,#522,#342,.T.);
#724=EDGE_CURVE('',#503,#545,#29,.T.);
#725=EDGE_CURVE('',#536,#519,#343,.T.);
#726=EDGE_CURVE('',#538,#518,#344,.T.);
#727=EDGE_CURVE('',#482,#521,#345,.T.);
#728=ORIENTED_EDGE('',*,*,#566,.T.);
#729=ORIENTED_EDGE('',*,*,#567,.T.);
#730=ORIENTED_EDGE('',*,*,#568,.T.);
#731=ORIENTED_EDGE('',*,*,#569,.T.);
#732=ORIENTED_EDGE('',*,*,#567,.F.);
#733=ORIENTED_EDGE('',*,*,#570,.F.);
#734=ORIENTED_EDGE('',*,*,#571,.T.);
#735=ORIENTED_EDGE('',*,*,#572,.F.);
#736=ORIENTED_EDGE('',*,*,#573,.T.);
#737=ORIENTED_EDGE('',*,*,#574,.T.);
#738=ORIENTED_EDGE('',*,*,#575,.T.);
#739=ORIENTED_EDGE('',*,*,#576,.T.);
#740=ORIENTED_EDGE('',*,*,#577,.F.);
#741=ORIENTED_EDGE('',*,*,#578,.F.);
#742=ORIENTED_EDGE('',*,*,#579,.F.);
#743=ORIENTED_EDGE('',*,*,#574,.F.);
#744=ORIENTED_EDGE('',*,*,#580,.T.);
#745=ORIENTED_EDGE('',*,*,#581,.F.);
#746=ORIENTED_EDGE('',*,*,#582,.T.);
#747=ORIENTED_EDGE('',*,*,#583,.T.);
#748=ORIENTED_EDGE('',*,*,#584,.T.);
#749=ORIENTED_EDGE('',*,*,#585,.F.);
#750=ORIENTED_EDGE('',*,*,#586,.T.);
#751=ORIENTED_EDGE('',*,*,#587,.T.);
#752=ORIENTED_EDGE('',*,*,#588,.T.);
#753=ORIENTED_EDGE('',*,*,#589,.F.);
#754=ORIENTED_EDGE('',*,*,#590,.T.);
#755=ORIENTED_EDGE('',*,*,#569,.F.);
#756=ORIENTED_EDGE('',*,*,#591,.T.);
#757=ORIENTED_EDGE('',*,*,#592,.T.);
#758=ORIENTED_EDGE('',*,*,#593,.T.);
#759=ORIENTED_EDGE('',*,*,#594,.F.);
#760=ORIENTED_EDGE('',*,*,#595,.F.);
#761=ORIENTED_EDGE('',*,*,#596,.F.);
#762=ORIENTED_EDGE('',*,*,#597,.F.);
#763=ORIENTED_EDGE('',*,*,#598,.T.);
#764=ORIENTED_EDGE('',*,*,#595,.T.);
#765=ORIENTED_EDGE('',*,*,#598,.F.);
#766=ORIENTED_EDGE('',*,*,#594,.T.);
#767=ORIENTED_EDGE('',*,*,#599,.T.);
#768=ORIENTED_EDGE('',*,*,#596,.T.);
#769=ORIENTED_EDGE('',*,*,#599,.F.);
#770=ORIENTED_EDGE('',*,*,#600,.T.);
#771=ORIENTED_EDGE('',*,*,#577,.T.);
#772=ORIENTED_EDGE('',*,*,#568,.F.);
#773=ORIENTED_EDGE('',*,*,#601,.T.);
#774=ORIENTED_EDGE('',*,*,#600,.F.);
#775=ORIENTED_EDGE('',*,*,#602,.T.);
#776=ORIENTED_EDGE('',*,*,#603,.F.);
#777=ORIENTED_EDGE('',*,*,#604,.T.);
#778=ORIENTED_EDGE('',*,*,#605,.T.);
#779=ORIENTED_EDGE('',*,*,#606,.F.);
#780=ORIENTED_EDGE('',*,*,#607,.F.);
#781=ORIENTED_EDGE('',*,*,#608,.T.);
#782=ORIENTED_EDGE('',*,*,#609,.F.);
#783=ORIENTED_EDGE('',*,*,#610,.T.);
#784=ORIENTED_EDGE('',*,*,#611,.F.);
#785=ORIENTED_EDGE('',*,*,#578,.T.);
#786=ORIENTED_EDGE('',*,*,#611,.T.);
#787=ORIENTED_EDGE('',*,*,#612,.T.);
#788=ORIENTED_EDGE('',*,*,#575,.F.);
#789=ORIENTED_EDGE('',*,*,#579,.T.);
#790=ORIENTED_EDGE('',*,*,#601,.F.);
#791=ORIENTED_EDGE('',*,*,#572,.T.);
#792=ORIENTED_EDGE('',*,*,#613,.T.);
#793=ORIENTED_EDGE('',*,*,#614,.F.);
#794=ORIENTED_EDGE('',*,*,#615,.T.);
#795=ORIENTED_EDGE('',*,*,#616,.T.);
#796=ORIENTED_EDGE('',*,*,#617,.T.);
#797=ORIENTED_EDGE('',*,*,#618,.F.);
#798=ORIENTED_EDGE('',*,*,#602,.F.);
#799=ORIENTED_EDGE('',*,*,#619,.T.);
#800=ORIENTED_EDGE('',*,*,#613,.F.);
#801=ORIENTED_EDGE('',*,*,#571,.F.);
#802=ORIENTED_EDGE('',*,*,#620,.F.);
#803=ORIENTED_EDGE('',*,*,#621,.F.);
#804=ORIENTED_EDGE('',*,*,#622,.F.);
#805=ORIENTED_EDGE('',*,*,#623,.F.);
#806=ORIENTED_EDGE('',*,*,#624,.F.);
#807=ORIENTED_EDGE('',*,*,#625,.F.);
#808=ORIENTED_EDGE('',*,*,#626,.F.);
#809=ORIENTED_EDGE('',*,*,#627,.F.);
#810=ORIENTED_EDGE('',*,*,#628,.F.);
#811=ORIENTED_EDGE('',*,*,#629,.F.);
#812=ORIENTED_EDGE('',*,*,#630,.F.);
#813=ORIENTED_EDGE('',*,*,#631,.F.);
#814=ORIENTED_EDGE('',*,*,#632,.F.);
#815=ORIENTED_EDGE('',*,*,#633,.T.);
#816=ORIENTED_EDGE('',*,*,#634,.F.);
#817=ORIENTED_EDGE('',*,*,#635,.F.);
#818=ORIENTED_EDGE('',*,*,#636,.F.);
#819=ORIENTED_EDGE('',*,*,#637,.F.);
#820=ORIENTED_EDGE('',*,*,#638,.F.);
#821=ORIENTED_EDGE('',*,*,#639,.F.);
#822=ORIENTED_EDGE('',*,*,#570,.T.);
#823=ORIENTED_EDGE('',*,*,#566,.F.);
#824=ORIENTED_EDGE('',*,*,#590,.F.);
#825=ORIENTED_EDGE('',*,*,#640,.F.);
#826=ORIENTED_EDGE('',*,*,#620,.T.);
#827=ORIENTED_EDGE('',*,*,#576,.F.);
#828=ORIENTED_EDGE('',*,*,#641,.F.);
#829=ORIENTED_EDGE('',*,*,#631,.T.);
#830=ORIENTED_EDGE('',*,*,#642,.F.);
#831=ORIENTED_EDGE('',*,*,#612,.F.);
#832=ORIENTED_EDGE('',*,*,#610,.F.);
#833=ORIENTED_EDGE('',*,*,#643,.F.);
#834=ORIENTED_EDGE('',*,*,#644,.T.);
#835=ORIENTED_EDGE('',*,*,#645,.F.);
#836=ORIENTED_EDGE('',*,*,#646,.T.);
#837=ORIENTED_EDGE('',*,*,#647,.F.);
#838=ORIENTED_EDGE('',*,*,#648,.T.);
#839=ORIENTED_EDGE('',*,*,#632,.T.);
#840=ORIENTED_EDGE('',*,*,#641,.T.);
#841=ORIENTED_EDGE('',*,*,#621,.T.);
#842=ORIENTED_EDGE('',*,*,#640,.T.);
#843=ORIENTED_EDGE('',*,*,#589,.T.);
#844=ORIENTED_EDGE('',*,*,#649,.T.);
#845=ORIENTED_EDGE('',*,*,#649,.F.);
#846=ORIENTED_EDGE('',*,*,#588,.F.);
#847=ORIENTED_EDGE('',*,*,#650,.F.);
#848=ORIENTED_EDGE('',*,*,#622,.T.);
#849=ORIENTED_EDGE('',*,*,#629,.T.);
#850=ORIENTED_EDGE('',*,*,#651,.T.);
#851=ORIENTED_EDGE('',*,*,#581,.T.);
#852=ORIENTED_EDGE('',*,*,#652,.T.);
#853=ORIENTED_EDGE('',*,*,#642,.T.);
#854=ORIENTED_EDGE('',*,*,#630,.T.);
#855=ORIENTED_EDGE('',*,*,#652,.F.);
#856=ORIENTED_EDGE('',*,*,#580,.F.);
#857=ORIENTED_EDGE('',*,*,#573,.F.);
#858=ORIENTED_EDGE('',*,*,#625,.T.);
#859=ORIENTED_EDGE('',*,*,#653,.T.);
#860=ORIENTED_EDGE('',*,*,#585,.T.);
#861=ORIENTED_EDGE('',*,*,#654,.T.);
#862=ORIENTED_EDGE('',*,*,#653,.F.);
#863=ORIENTED_EDGE('',*,*,#624,.T.);
#864=ORIENTED_EDGE('',*,*,#655,.T.);
#865=ORIENTED_EDGE('',*,*,#586,.F.);
#866=ORIENTED_EDGE('',*,*,#651,.F.);
#867=ORIENTED_EDGE('',*,*,#628,.T.);
#868=ORIENTED_EDGE('',*,*,#656,.T.);
#869=ORIENTED_EDGE('',*,*,#582,.F.);
#870=ORIENTED_EDGE('',*,*,#654,.F.);
#871=ORIENTED_EDGE('',*,*,#584,.F.);
#872=ORIENTED_EDGE('',*,*,#657,.F.);
#873=ORIENTED_EDGE('',*,*,#626,.T.);
#874=ORIENTED_EDGE('',*,*,#658,.T.);
#875=ORIENTED_EDGE('',*,*,#646,.F.);
#876=ORIENTED_EDGE('',*,*,#659,.F.);
#877=ORIENTED_EDGE('',*,*,#660,.F.);
#878=ORIENTED_EDGE('',*,*,#661,.F.);
#879=ORIENTED_EDGE('',*,*,#662,.F.);
#880=ORIENTED_EDGE('',*,*,#663,.F.);
#881=ORIENTED_EDGE('',*,*,#664,.F.);
#882=ORIENTED_EDGE('',*,*,#665,.F.);
#883=ORIENTED_EDGE('',*,*,#666,.T.);
#884=ORIENTED_EDGE('',*,*,#667,.T.);
#885=ORIENTED_EDGE('',*,*,#668,.T.);
#886=ORIENTED_EDGE('',*,*,#597,.T.);
#887=ORIENTED_EDGE('',*,*,#658,.F.);
#888=ORIENTED_EDGE('',*,*,#669,.F.);
#889=ORIENTED_EDGE('',*,*,#670,.F.);
#890=ORIENTED_EDGE('',*,*,#647,.T.);
#891=ORIENTED_EDGE('',*,*,#670,.T.);
#892=ORIENTED_EDGE('',*,*,#671,.F.);
#893=ORIENTED_EDGE('',*,*,#672,.T.);
#894=ORIENTED_EDGE('',*,*,#633,.F.);
#895=ORIENTED_EDGE('',*,*,#648,.F.);
#896=ORIENTED_EDGE('',*,*,#673,.T.);
#897=ORIENTED_EDGE('',*,*,#674,.T.);
#898=ORIENTED_EDGE('',*,*,#675,.T.);
#899=ORIENTED_EDGE('',*,*,#676,.T.);
#900=ORIENTED_EDGE('',*,*,#603,.T.);
#901=ORIENTED_EDGE('',*,*,#618,.T.);
#902=ORIENTED_EDGE('',*,*,#677,.T.);
#903=ORIENTED_EDGE('',*,*,#678,.T.);
#904=ORIENTED_EDGE('',*,*,#679,.F.);
#905=ORIENTED_EDGE('',*,*,#615,.F.);
#906=ORIENTED_EDGE('',*,*,#680,.F.);
#907=ORIENTED_EDGE('',*,*,#681,.T.);
#908=ORIENTED_EDGE('',*,*,#666,.F.);
#909=ORIENTED_EDGE('',*,*,#659,.T.);
#910=ORIENTED_EDGE('',*,*,#645,.T.);
#911=ORIENTED_EDGE('',*,*,#682,.F.);
#912=ORIENTED_EDGE('',*,*,#683,.F.);
#913=ORIENTED_EDGE('',*,*,#684,.F.);
#914=ORIENTED_EDGE('',*,*,#682,.T.);
#915=ORIENTED_EDGE('',*,*,#644,.F.);
#916=ORIENTED_EDGE('',*,*,#685,.F.);
#917=ORIENTED_EDGE('',*,*,#665,.T.);
#918=ORIENTED_EDGE('',*,*,#686,.F.);
#919=ORIENTED_EDGE('',*,*,#687,.T.);
#920=ORIENTED_EDGE('',*,*,#616,.F.);
#921=ORIENTED_EDGE('',*,*,#617,.F.);
#922=ORIENTED_EDGE('',*,*,#687,.F.);
#923=ORIENTED_EDGE('',*,*,#688,.F.);
#924=ORIENTED_EDGE('',*,*,#677,.F.);
#925=ORIENTED_EDGE('',*,*,#660,.T.);
#926=ORIENTED_EDGE('',*,*,#683,.T.);
#927=ORIENTED_EDGE('',*,*,#684,.T.);
#928=ORIENTED_EDGE('',*,*,#689,.F.);
#929=ORIENTED_EDGE('',*,*,#690,.F.);
#930=ORIENTED_EDGE('',*,*,#691,.F.);
#931=ORIENTED_EDGE('',*,*,#692,.T.);
#932=ORIENTED_EDGE('',*,*,#693,.T.);
#933=ORIENTED_EDGE('',*,*,#606,.T.);
#934=ORIENTED_EDGE('',*,*,#693,.F.);
#935=ORIENTED_EDGE('',*,*,#694,.T.);
#936=ORIENTED_EDGE('',*,*,#695,.T.);
#937=ORIENTED_EDGE('',*,*,#607,.T.);
#938=ORIENTED_EDGE('',*,*,#696,.F.);
#939=ORIENTED_EDGE('',*,*,#697,.T.);
#940=ORIENTED_EDGE('',*,*,#698,.F.);
#941=ORIENTED_EDGE('',*,*,#699,.T.);
#942=ORIENTED_EDGE('',*,*,#700,.F.);
#943=ORIENTED_EDGE('',*,*,#701,.F.);
#944=ORIENTED_EDGE('',*,*,#694,.F.);
#945=ORIENTED_EDGE('',*,*,#692,.F.);
#946=ORIENTED_EDGE('',*,*,#702,.T.);
#947=ORIENTED_EDGE('',*,*,#703,.T.);
#948=ORIENTED_EDGE('',*,*,#675,.F.);
#949=ORIENTED_EDGE('',*,*,#704,.T.);
#950=ORIENTED_EDGE('',*,*,#608,.F.);
#951=ORIENTED_EDGE('',*,*,#695,.F.);
#952=ORIENTED_EDGE('',*,*,#701,.T.);
#953=ORIENTED_EDGE('',*,*,#705,.F.);
#954=ORIENTED_EDGE('',*,*,#604,.F.);
#955=ORIENTED_EDGE('',*,*,#676,.F.);
#956=ORIENTED_EDGE('',*,*,#703,.F.);
#957=ORIENTED_EDGE('',*,*,#706,.F.);
#958=ORIENTED_EDGE('',*,*,#662,.T.);
#959=ORIENTED_EDGE('',*,*,#707,.F.);
#960=ORIENTED_EDGE('',*,*,#708,.F.);
#961=ORIENTED_EDGE('',*,*,#709,.T.);
#962=ORIENTED_EDGE('',*,*,#710,.F.);
#963=ORIENTED_EDGE('',*,*,#711,.F.);
#964=ORIENTED_EDGE('',*,*,#712,.T.);
#965=ORIENTED_EDGE('',*,*,#713,.T.);
#966=ORIENTED_EDGE('',*,*,#673,.F.);
#967=ORIENTED_EDGE('',*,*,#714,.F.);
#968=ORIENTED_EDGE('',*,*,#696,.T.);
#969=ORIENTED_EDGE('',*,*,#715,.T.);
#970=ORIENTED_EDGE('',*,*,#712,.F.);
#971=ORIENTED_EDGE('',*,*,#716,.T.);
#972=ORIENTED_EDGE('',*,*,#713,.F.);
#973=ORIENTED_EDGE('',*,*,#715,.F.);
#974=ORIENTED_EDGE('',*,*,#704,.F.);
#975=ORIENTED_EDGE('',*,*,#674,.F.);
#976=ORIENTED_EDGE('',*,*,#709,.F.);
#977=ORIENTED_EDGE('',*,*,#717,.F.);
#978=ORIENTED_EDGE('',*,*,#699,.F.);
#979=ORIENTED_EDGE('',*,*,#718,.F.);
#980=ORIENTED_EDGE('',*,*,#719,.F.);
#981=ORIENTED_EDGE('',*,*,#697,.F.);
#982=ORIENTED_EDGE('',*,*,#716,.F.);
#983=ORIENTED_EDGE('',*,*,#711,.T.);
#984=ORIENTED_EDGE('',*,*,#710,.T.);
#985=ORIENTED_EDGE('',*,*,#718,.T.);
#986=ORIENTED_EDGE('',*,*,#698,.T.);
#987=ORIENTED_EDGE('',*,*,#719,.T.);
#988=ORIENTED_EDGE('',*,*,#691,.T.);
#989=ORIENTED_EDGE('',*,*,#605,.F.);
#990=ORIENTED_EDGE('',*,*,#706,.T.);
#991=ORIENTED_EDGE('',*,*,#702,.F.);
#992=ORIENTED_EDGE('',*,*,#663,.T.);
#993=ORIENTED_EDGE('',*,*,#714,.T.);
#994=ORIENTED_EDGE('',*,*,#679,.T.);
#995=ORIENTED_EDGE('',*,*,#720,.T.);
#996=ORIENTED_EDGE('',*,*,#661,.T.);
#997=ORIENTED_EDGE('',*,*,#690,.T.);
#998=ORIENTED_EDGE('',*,*,#721,.T.);
#999=ORIENTED_EDGE('',*,*,#707,.T.);
#1000=ORIENTED_EDGE('',*,*,#664,.T.);
#1001=ORIENTED_EDGE('',*,*,#720,.F.);
#1002=ORIENTED_EDGE('',*,*,#678,.F.);
#1003=ORIENTED_EDGE('',*,*,#688,.T.);
#1004=ORIENTED_EDGE('',*,*,#686,.T.);
#1005=ORIENTED_EDGE('',*,*,#627,.T.);
#1006=ORIENTED_EDGE('',*,*,#657,.T.);
#1007=ORIENTED_EDGE('',*,*,#583,.F.);
#1008=ORIENTED_EDGE('',*,*,#656,.F.);
#1009=ORIENTED_EDGE('',*,*,#593,.F.);
#1010=ORIENTED_EDGE('',*,*,#722,.T.);
#1011=ORIENTED_EDGE('',*,*,#637,.T.);
#1012=ORIENTED_EDGE('',*,*,#722,.F.);
#1013=ORIENTED_EDGE('',*,*,#623,.T.);
#1014=ORIENTED_EDGE('',*,*,#650,.T.);
#1015=ORIENTED_EDGE('',*,*,#587,.F.);
#1016=ORIENTED_EDGE('',*,*,#655,.F.);
#1017=ORIENTED_EDGE('',*,*,#591,.F.);
#1018=ORIENTED_EDGE('',*,*,#723,.T.);
#1019=ORIENTED_EDGE('',*,*,#639,.T.);
#1020=ORIENTED_EDGE('',*,*,#723,.F.);
#1021=ORIENTED_EDGE('',*,*,#680,.T.);
#1022=ORIENTED_EDGE('',*,*,#614,.T.);
#1023=ORIENTED_EDGE('',*,*,#619,.F.);
#1024=ORIENTED_EDGE('',*,*,#724,.T.);
#1025=ORIENTED_EDGE('',*,*,#669,.T.);
#1026=ORIENTED_EDGE('',*,*,#668,.F.);
#1027=ORIENTED_EDGE('',*,*,#725,.T.);
#1028=ORIENTED_EDGE('',*,*,#635,.T.);
#1029=ORIENTED_EDGE('',*,*,#726,.F.);
#1030=ORIENTED_EDGE('',*,*,#671,.T.);
#1031=ORIENTED_EDGE('',*,*,#672,.F.);
#1032=ORIENTED_EDGE('',*,*,#726,.T.);
#1033=ORIENTED_EDGE('',*,*,#634,.T.);
#1034=ORIENTED_EDGE('',*,*,#724,.F.);
#1035=ORIENTED_EDGE('',*,*,#636,.T.);
#1036=ORIENTED_EDGE('',*,*,#725,.F.);
#1037=ORIENTED_EDGE('',*,*,#667,.F.);
#1038=ORIENTED_EDGE('',*,*,#681,.F.);
#1039=ORIENTED_EDGE('',*,*,#721,.F.);
#1040=ORIENTED_EDGE('',*,*,#689,.T.);
#1041=ORIENTED_EDGE('',*,*,#685,.T.);
#1042=ORIENTED_EDGE('',*,*,#643,.T.);
#1043=ORIENTED_EDGE('',*,*,#609,.T.);
#1044=ORIENTED_EDGE('',*,*,#705,.T.);
#1045=ORIENTED_EDGE('',*,*,#700,.T.);
#1046=ORIENTED_EDGE('',*,*,#717,.T.);
#1047=ORIENTED_EDGE('',*,*,#708,.T.);
#1048=ORIENTED_EDGE('',*,*,#592,.F.);
#1049=ORIENTED_EDGE('',*,*,#727,.T.);
#1050=ORIENTED_EDGE('',*,*,#638,.T.);
#1051=ORIENTED_EDGE('',*,*,#727,.F.);
#1052=CYLINDRICAL_SURFACE('',#1151,1.);
#1053=CYLINDRICAL_SURFACE('',#1155,1.);
#1054=CYLINDRICAL_SURFACE('',#1171,25.);
#1055=CYLINDRICAL_SURFACE('',#1173,23.);
#1056=CYLINDRICAL_SURFACE('',#1174,1.);
#1057=CYLINDRICAL_SURFACE('',#1180,1.);
#1058=CYLINDRICAL_SURFACE('',#1197,3.15321352978969);
#1059=CYLINDRICAL_SURFACE('',#1199,3.1532135297897);
#1060=CYLINDRICAL_SURFACE('',#1201,3.1532135297897);
#1061=CYLINDRICAL_SURFACE('',#1213,26.5);
#1062=CYLINDRICAL_SURFACE('',#1218,26.8499992031247);
#1063=CYLINDRICAL_SURFACE('',#1220,26.85);
#1064=CYLINDRICAL_SURFACE('',#1223,26.85);
#1065=CYLINDRICAL_SURFACE('',#1228,0.600000000000001);
#1066=CYLINDRICAL_SURFACE('',#1239,1.5);
#1067=CYLINDRICAL_SURFACE('',#1243,1.5);
#1068=CYLINDRICAL_SURFACE('',#1244,0.599999999999);
#1069=CYLINDRICAL_SURFACE('',#1245,1.);
#1070=CYLINDRICAL_SURFACE('',#1246,1.);
#1071=CYLINDRICAL_SURFACE('',#1249,31.);
#1072=CYLINDRICAL_SURFACE('',#1250,1.35);
#1073=CYLINDRICAL_SURFACE('',#1251,31.);
#1074=CYLINDRICAL_SURFACE('',#1252,1.35);
#1075=CYLINDRICAL_SURFACE('',#1254,1.65);
#1076=CYLINDRICAL_SURFACE('',#1258,1.35);
#1077=ADVANCED_FACE('',(#114),#1052,.T.);
#1078=ADVANCED_FACE('',(#115),#83,.T.);
#1079=ADVANCED_FACE('',(#116),#1053,.T.);
#1080=ADVANCED_FACE('',(#117,#30,#31,#32,#33),#84,.F.);
#1081=ADVANCED_FACE('',(#118,#34),#85,.T.);
#1082=ADVANCED_FACE('',(#119),#1054,.F.);
#1083=ADVANCED_FACE('',(#120),#1055,.F.);
#1084=ADVANCED_FACE('',(#121),#1056,.T.);
#1085=ADVANCED_FACE('',(#122),#86,.T.);
#1086=ADVANCED_FACE('',(#123),#1057,.T.);
#1087=ADVANCED_FACE('',(#124),#87,.T.);
#1088=ADVANCED_FACE('',(#125,#35,#36,#37),#88,.T.);
#1089=ADVANCED_FACE('',(#126),#89,.T.);
#1090=ADVANCED_FACE('',(#127),#90,.T.);
#1091=ADVANCED_FACE('',(#128),#91,.T.);
#1092=ADVANCED_FACE('',(#129),#1058,.T.);
#1093=ADVANCED_FACE('',(#130),#92,.T.);
#1094=ADVANCED_FACE('',(#131),#1059,.T.);
#1095=ADVANCED_FACE('',(#132),#93,.T.);
#1096=ADVANCED_FACE('',(#133),#1060,.T.);
#1097=ADVANCED_FACE('',(#134),#94,.T.);
#1098=ADVANCED_FACE('',(#135),#95,.T.);
#1099=ADVANCED_FACE('',(#136),#96,.T.);
#1100=ADVANCED_FACE('',(#137,#38),#97,.T.);
#1101=ADVANCED_FACE('',(#138),#1061,.T.);
#1102=ADVANCED_FACE('',(#139),#24,.T.);
#1103=ADVANCED_FACE('',(#140),#98,.T.);
#1104=ADVANCED_FACE('',(#141),#1062,.T.);
#1105=ADVANCED_FACE('',(#142),#1063,.F.);
#1106=ADVANCED_FACE('',(#143),#99,.F.);
#1107=ADVANCED_FACE('',(#144),#1064,.F.);
#1108=ADVANCED_FACE('',(#145),#100,.F.);
#1109=ADVANCED_FACE('',(#146),#101,.T.);
#1110=ADVANCED_FACE('',(#147),#102,.T.);
#1111=ADVANCED_FACE('',(#148),#1065,.F.);
#1112=ADVANCED_FACE('',(#149),#103,.F.);
#1113=ADVANCED_FACE('',(#150),#104,.T.);
#1114=ADVANCED_FACE('',(#151),#105,.T.);
#1115=ADVANCED_FACE('',(#152),#106,.T.);
#1116=ADVANCED_FACE('',(#153),#1066,.F.);
#1117=ADVANCED_FACE('',(#154),#107,.T.);
#1118=ADVANCED_FACE('',(#155),#108,.T.);
#1119=ADVANCED_FACE('',(#156),#109,.T.);
#1120=ADVANCED_FACE('',(#157),#1067,.F.);
#1121=ADVANCED_FACE('',(#158),#1068,.F.);
#1122=ADVANCED_FACE('',(#159),#1069,.F.);
#1123=ADVANCED_FACE('',(#160),#1070,.F.);
#1124=ADVANCED_FACE('',(#161),#110,.T.);
#1125=ADVANCED_FACE('',(#162),#1071,.T.);
#1126=ADVANCED_FACE('',(#163),#1072,.F.);
#1127=ADVANCED_FACE('',(#164),#1073,.T.);
#1128=ADVANCED_FACE('',(#165),#1074,.F.);
#1129=ADVANCED_FACE('',(#166),#25,.T.);
#1130=ADVANCED_FACE('',(#167),#1075,.F.);
#1131=ADVANCED_FACE('',(#168),#111,.F.);
#1132=ADVANCED_FACE('',(#169),#112,.F.);
#1133=ADVANCED_FACE('',(#170),#113,.T.);
#1134=ADVANCED_FACE('',(#171),#1076,.F.);
#1135=CLOSED_SHELL('',(#1077,#1078,#1079,#1080,#1081,#1082,#1083,#1084,
#1085,#1086,#1087,#1088,#1089,#1090,#1091,#1092,#1093,#1094,#1095,#1096,
#1097,#1098,#1099,#1100,#1101,#1102,#1103,#1104,#1105,#1106,#1107,#1108,
#1109,#1110,#1111,#1112,#1113,#1114,#1115,#1116,#1117,#1118,#1119,#1120,
#1121,#1122,#1123,#1124,#1125,#1126,#1127,#1128,#1129,#1130,#1131,#1132,
#1133,#1134));
#1136=DERIVED_UNIT_ELEMENT(#1138,1.);
#1137=DERIVED_UNIT_ELEMENT(#1949,-3.);
#1138=(
MASS_UNIT()
NAMED_UNIT(*)
SI_UNIT(.KILO.,.GRAM.)
);
#1139=DERIVED_UNIT((#1136,#1137));
#1140=MEASURE_REPRESENTATION_ITEM('density measure',
POSITIVE_RATIO_MEASURE(7850.),#1139);
#1141=PROPERTY_DEFINITION_REPRESENTATION(#1146,#1143);
#1142=PROPERTY_DEFINITION_REPRESENTATION(#1147,#1144);
#1143=REPRESENTATION('material name',(#1145),#1946);
#1144=REPRESENTATION('density',(#1140),#1946);
#1145=DESCRIPTIVE_REPRESENTATION_ITEM('Acier','Acier');
#1146=PROPERTY_DEFINITION('material property','material name',#1966);
#1147=PROPERTY_DEFINITION('material property','density of part',#1966);
#1148=AXIS2_PLACEMENT_3D('',#1594,#1261,#1262);
#1149=AXIS2_PLACEMENT_3D('',#1595,#1263,#1264);
#1150=AXIS2_PLACEMENT_3D('',#1596,#1265,#1266);
#1151=AXIS2_PLACEMENT_3D('',#1597,#1267,#1268);
#1152=AXIS2_PLACEMENT_3D('',#1600,#1269,#1270);
#1153=AXIS2_PLACEMENT_3D('',#1604,#1272,#1273);
#1154=AXIS2_PLACEMENT_3D('',#1606,#1275,#1276);
#1155=AXIS2_PLACEMENT_3D('',#1612,#1280,#1281);
#1156=AXIS2_PLACEMENT_3D('',#1615,#1282,#1283);
#1157=AXIS2_PLACEMENT_3D('',#1619,#1285,#1286);
#1158=AXIS2_PLACEMENT_3D('',#1621,#1288,#1289);
#1159=AXIS2_PLACEMENT_3D('',#1630,#1294,#1295);
#1160=AXIS2_PLACEMENT_3D('',#1634,#1297,#1298);
#1161=AXIS2_PLACEMENT_3D('',#1638,#1300,#1301);
#1162=AXIS2_PLACEMENT_3D('',#1642,#1303,#1304);
#1163=AXIS2_PLACEMENT_3D('',#1646,#1306,#1307);
#1164=AXIS2_PLACEMENT_3D('',#1649,#1309,#1310);
#1165=AXIS2_PLACEMENT_3D('',#1651,#1311,#1312);
#1166=AXIS2_PLACEMENT_3D('',#1653,#1313,#1314);
#1167=AXIS2_PLACEMENT_3D('',#1655,#1315,#1316);
#1168=AXIS2_PLACEMENT_3D('',#1656,#1317,#1318);
#1169=AXIS2_PLACEMENT_3D('',#1658,#1319,#1320);
#1170=AXIS2_PLACEMENT_3D('',#1660,#1321,#1322);
#1171=AXIS2_PLACEMENT_3D('',#1661,#1323,#1324);
#1172=AXIS2_PLACEMENT_3D('',#1663,#1325,#1326);
#1173=AXIS2_PLACEMENT_3D('',#1665,#1328,#1329);
#1174=AXIS2_PLACEMENT_3D('',#1667,#1331,#1332);
#1175=AXIS2_PLACEMENT_3D('',#1669,#1333,#1334);
#1176=AXIS2_PLACEMENT_3D('',#1671,#1336,#1337);
#1177=AXIS2_PLACEMENT_3D('',#1679,#1341,#1342);
#1178=AXIS2_PLACEMENT_3D('',#1683,#1344,#1345);
#1179=AXIS2_PLACEMENT_3D('',#1690,#1349,#1350);
#1180=AXIS2_PLACEMENT_3D('',#1691,#1351,#1352);
#1181=AXIS2_PLACEMENT_3D('',#1693,#1354,#1355);
#1182=AXIS2_PLACEMENT_3D('',#1707,#1361,#1362);
#1183=AXIS2_PLACEMENT_3D('',#1709,#1363,#1364);
#1184=AXIS2_PLACEMENT_3D('',#1713,#1366,#1367);
#1185=AXIS2_PLACEMENT_3D('',#1717,#1369,#1370);
#1186=AXIS2_PLACEMENT_3D('',#1721,#1372,#1373);
#1187=AXIS2_PLACEMENT_3D('',#1725,#1375,#1376);
#1188=AXIS2_PLACEMENT_3D('',#1729,#1378,#1379);
#1189=AXIS2_PLACEMENT_3D('',#1737,#1383,#1384);
#1190=AXIS2_PLACEMENT_3D('',#1741,#1386,#1387);
#1191=AXIS2_PLACEMENT_3D('',#1744,#1389,#1390);
#1192=AXIS2_PLACEMENT_3D('',#1746,#1391,#1392);
#1193=AXIS2_PLACEMENT_3D('',#1748,#1393,#1394);
#1194=AXIS2_PLACEMENT_3D('',#1749,#1395,#1396);
#1195=AXIS2_PLACEMENT_3D('',#1751,#1398,#1399);
#1196=AXIS2_PLACEMENT_3D('',#1754,#1402,#1403);
#1197=AXIS2_PLACEMENT_3D('',#1768,#1409,#1410);
#1198=AXIS2_PLACEMENT_3D('',#1770,#1412,#1413);
#1199=AXIS2_PLACEMENT_3D('',#1772,#1415,#1416);
#1200=AXIS2_PLACEMENT_3D('',#1775,#1419,#1420);
#1201=AXIS2_PLACEMENT_3D('',#1776,#1421,#1422);
#1202=AXIS2_PLACEMENT_3D('',#1779,#1425,#1426);
#1203=AXIS2_PLACEMENT_3D('',#1781,#1428,#1429);
#1204=AXIS2_PLACEMENT_3D('',#1783,#1431,#1432);
#1205=AXIS2_PLACEMENT_3D('',#1785,#1434,#1435);
#1206=AXIS2_PLACEMENT_3D('',#1787,#1436,#1437);
#1207=AXIS2_PLACEMENT_3D('',#1789,#1438,#1439);
#1208=AXIS2_PLACEMENT_3D('',#1793,#1441,#1442);
#1209=AXIS2_PLACEMENT_3D('',#1797,#1444,#1445);
#1210=AXIS2_PLACEMENT_3D('',#1800,#1447,#1448);
#1211=AXIS2_PLACEMENT_3D('',#1802,#1449,#1450);
#1212=AXIS2_PLACEMENT_3D('',#1805,#1452,#1453);
#1213=AXIS2_PLACEMENT_3D('',#1806,#1454,#1455);
#1214=AXIS2_PLACEMENT_3D('',#1809,#1457,#1458);
#1215=AXIS2_PLACEMENT_3D('',#1810,#1459,#1460);
#1216=AXIS2_PLACEMENT_3D('',#1822,#1461,#1462);
#1217=AXIS2_PLACEMENT_3D('',#1835,#1469,#1470);
#1218=AXIS2_PLACEMENT_3D('',#1836,#1471,#1472);
#1219=AXIS2_PLACEMENT_3D('',#1838,#1473,#1474);
#1220=AXIS2_PLACEMENT_3D('',#1840,#1476,#1477);
#1221=AXIS2_PLACEMENT_3D('',#1842,#1478,#1479);
#1222=AXIS2_PLACEMENT_3D('',#1844,#1481,#1482);
#1223=AXIS2_PLACEMENT_3D('',#1848,#1485,#1486);
#1224=AXIS2_PLACEMENT_3D('',#1851,#1488,#1489);
#1225=AXIS2_PLACEMENT_3D('',#1852,#1490,#1491);
#1226=AXIS2_PLACEMENT_3D('',#1854,#1493,#1494);
#1227=AXIS2_PLACEMENT_3D('',#1858,#1497,#1498);
#1228=AXIS2_PLACEMENT_3D('',#1864,#1502,#1503);
#1229=AXIS2_PLACEMENT_3D('',#1866,#1504,#1505);
#1230=AXIS2_PLACEMENT_3D('',#1868,#1507,#1508);
#1231=AXIS2_PLACEMENT_3D('',#1871,#1509,#1510);
#1232=AXIS2_PLACEMENT_3D('',#1875,#1512,#1513);
#1233=AXIS2_PLACEMENT_3D('',#1882,#1517,#1518);
#1234=AXIS2_PLACEMENT_3D('',#1885,#1521,#1522);
#1235=AXIS2_PLACEMENT_3D('',#1887,#1524,#1525);
#1236=AXIS2_PLACEMENT_3D('',#1889,#1527,#1528);
#1237=AXIS2_PLACEMENT_3D('',#1897,#1532,#1533);
#1238=AXIS2_PLACEMENT_3D('',#1901,#1535,#1536);
#1239=AXIS2_PLACEMENT_3D('',#1904,#1539,#1540);
#1240=AXIS2_PLACEMENT_3D('',#1907,#1543,#1544);
#1241=AXIS2_PLACEMENT_3D('',#1908,#1545,#1546);
#1242=AXIS2_PLACEMENT_3D('',#1911,#1549,#1550);
#1243=AXIS2_PLACEMENT_3D('',#1913,#1552,#1553);
#1244=AXIS2_PLACEMENT_3D('',#1914,#1554,#1555);
#1245=AXIS2_PLACEMENT_3D('',#1915,#1556,#1557);
#1246=AXIS2_PLACEMENT_3D('',#1917,#1559,#1560);
#1247=AXIS2_PLACEMENT_3D('',#1918,#1561,#1562);
#1248=AXIS2_PLACEMENT_3D('',#1919,#1563,#1564);
#1249=AXIS2_PLACEMENT_3D('',#1920,#1565,#1566);
#1250=AXIS2_PLACEMENT_3D('',#1921,#1567,#1568);
#1251=AXIS2_PLACEMENT_3D('',#1923,#1570,#1571);
#1252=AXIS2_PLACEMENT_3D('',#1924,#1572,#1573);
#1253=AXIS2_PLACEMENT_3D('',#1926,#1575,#1576);
#1254=AXIS2_PLACEMENT_3D('',#1930,#1577,#1578);
#1255=AXIS2_PLACEMENT_3D('',#1933,#1581,#1582);
#1256=AXIS2_PLACEMENT_3D('',#1934,#1583,#1584);
#1257=AXIS2_PLACEMENT_3D('',#1935,#1585,#1586);
#1258=AXIS2_PLACEMENT_3D('',#1936,#1587,#1588);
#1259=AXIS2_PLACEMENT_3D('',#1938,#1590,#1591);
#1260=AXIS2_PLACEMENT_3D('',#1939,#1592,#1593);
#1261=DIRECTION('axis',(0.,0.,1.));
#1262=DIRECTION('refdir',(1.,0.,0.));
#1263=DIRECTION('axis',(0.,0.,1.));
#1264=DIRECTION('refdir',(1.,0.,0.));
#1265=DIRECTION('axis',(0.,0.,1.));
#1266=DIRECTION('refdir',(1.,0.,0.));
#1267=DIRECTION('center_axis',(-0.607897073766469,0.794015835929085,2.76529561774415E-18));
#1268=DIRECTION('ref_axis',(0.56145398195496,0.42984814312373,0.707106781186548));
#1269=DIRECTION('center_axis',(-0.5,-0.866025403784439,-3.69853959081112E-16));
#1270=DIRECTION('ref_axis',(0.866025403784439,-0.5,1.59742780685905E-16));
#1271=DIRECTION('',(-0.607897073766469,0.794015835929085,2.76529561774415E-18));
#1272=DIRECTION('center_axis',(-0.320923794748005,0.947105019501291,0.));
#1273=DIRECTION('ref_axis',(0.947105019501291,0.320923794748005,3.94311674770648E-16));
#1274=DIRECTION('',(0.607897073766469,-0.794015835929085,-2.76529561774415E-18));
#1275=DIRECTION('center_axis',(0.794015835929085,0.607897073766469,-2.61539371632097E-15));
#1276=DIRECTION('ref_axis',(1.94599537372857E-15,1.76056542977684E-15,1.));
#1277=DIRECTION('',(6.48918337558001E-15,-4.17360233438461E-15,1.));
#1278=DIRECTION('',(-0.607897073766469,0.794015835929085,-5.51235831253101E-18));
#1279=DIRECTION('',(-3.02535774210355E-15,-3.50736611411946E-16,-1.));
#1280=DIRECTION('center_axis',(0.607369736488562,0.794419286773562,-7.71309273189544E-17));
#1281=DIRECTION('ref_axis',(-0.561739264782966,0.429475259358549,0.707106781186547));
#1282=DIRECTION('center_axis',(0.5,-0.866025403784439,4.64506603774998E-16));
#1283=DIRECTION('ref_axis',(-0.866025403784439,-0.5,-1.33331684359201E-16));
#1284=DIRECTION('',(0.607369736488562,0.794419286773562,-7.71309273189544E-17));
#1285=DIRECTION('center_axis',(0.320609352036427,0.947211509319214,0.));
#1286=DIRECTION('ref_axis',(-0.947211509319214,0.320609352036427,-7.22986018449843E-16));
#1287=DIRECTION('',(-0.607369736488562,-0.794419286773562,7.71309273189544E-17));
#1288=DIRECTION('center_axis',(-6.57282212722702E-17,-4.68387355448985E-17,
-1.));
#1289=DIRECTION('ref_axis',(-0.819152044288992,-0.573576436351046,8.07070018396913E-17));
#1290=DIRECTION('',(1.0547118733939E-15,-1.,4.68387355448984E-17));
#1291=DIRECTION('',(-1.,-5.10702591327572E-15,-8.34360562856101E-16));
#1292=DIRECTION('',(-5.55111512312647E-17,1.,-4.68387355448985E-17));
#1293=DIRECTION('',(-0.866025403784439,-0.5,8.03416771398E-17));
#1294=DIRECTION('center_axis',(-6.57282212722702E-17,-4.68387355448985E-17,
-1.));
#1295=DIRECTION('ref_axis',(-0.866025403784438,0.5,0.));
#1296=DIRECTION('',(-4.99600361081321E-16,-1.,4.68387355448985E-17));
#1297=DIRECTION('center_axis',(6.57282212722702E-17,4.68387355448985E-17,
1.));
#1298=DIRECTION('ref_axis',(-0.819152044288992,-0.573576436351046,-6.52123510570695E-16));
#1299=DIRECTION('',(0.866025403784438,-0.5,-3.35029415949015E-17));
#1300=DIRECTION('center_axis',(-6.57282212722702E-17,-4.68387355448985E-17,
-1.));
#1301=DIRECTION('ref_axis',(-2.03280734422894E-16,-1.,0.));
#1302=DIRECTION('',(0.866025403784438,0.500000000000001,-8.03416771398E-17));
#1303=DIRECTION('center_axis',(6.57282212722702E-17,4.68387355448985E-17,
1.));
#1304=DIRECTION('ref_axis',(-0.819152044288992,-0.573576436351046,-6.52123510570695E-16));
#1305=DIRECTION('',(-4.9960036108132E-16,1.,-4.68387355448984E-17));
#1306=DIRECTION('center_axis',(-6.57282212722702E-17,-4.68387355448985E-17,
-1.));
#1307=DIRECTION('ref_axis',(0.866025403784438,0.5,0.));
#1308=DIRECTION('',(-0.866025403784439,0.5,3.35029415949016E-17));
#1309=DIRECTION('center_axis',(6.57282212722702E-17,4.68387355448985E-17,
1.));
#1310=DIRECTION('ref_axis',(-1.,-7.03141248929267E-16,-8.34360562856113E-16));
#1311=DIRECTION('center_axis',(6.57282212722702E-17,4.68387355448985E-17,
1.));
#1312=DIRECTION('ref_axis',(-1.,-7.03141248929267E-16,-8.34360562856111E-16));
#1313=DIRECTION('center_axis',(6.57282212722702E-17,4.68387355448985E-17,
1.));
#1314=DIRECTION('ref_axis',(-1.,-1.89149107899101E-16,-8.3436056285611E-16));
#1315=DIRECTION('center_axis',(6.57282212722702E-17,4.68387355448985E-17,
1.));
#1316=DIRECTION('ref_axis',(1.,-4.07681066683097E-9,-2.75862460589827E-16));
#1317=DIRECTION('center_axis',(2.20487107685678E-16,-3.13478372496256E-16,
-1.));
#1318=DIRECTION('ref_axis',(1.,-2.22044604925032E-16,2.20487107685678E-16));
#1319=DIRECTION('center_axis',(-2.20487107685678E-16,3.13478372496256E-16,
1.));
#1320=DIRECTION('ref_axis',(1.,-2.22044604925032E-16,-1.7493309589403E-16));
#1321=DIRECTION('center_axis',(-2.20487107685678E-16,3.13478372496256E-16,
1.));
#1322=DIRECTION('ref_axis',(1.,-4.07681066683097E-9,-2.75862460589827E-16));
#1323=DIRECTION('center_axis',(1.7493309589403E-16,3.13478377505257E-16,
1.));
#1324=DIRECTION('ref_axis',(1.,-2.22044604925032E-16,-1.7493309589403E-16));
#1325=DIRECTION('center_axis',(-2.20487107685677E-16,3.13478372496256E-16,
1.));
#1326=DIRECTION('ref_axis',(1.,-2.22044604925032E-16,-1.7493309589403E-16));
#1327=DIRECTION('',(1.7493309589403E-16,3.13478377505257E-16,1.));
#1328=DIRECTION('center_axis',(2.75862461769044E-16,2.89249986209309E-16,
1.));
#1329=DIRECTION('ref_axis',(1.,-4.07681066683097E-9,-2.75862460589827E-16));
#1330=DIRECTION('',(-2.75862461769044E-16,-2.89249986209309E-16,-1.));
#1331=DIRECTION('center_axis',(1.0547118733939E-15,-1.,4.68387355448984E-17));
#1332=DIRECTION('ref_axis',(0.707106781186548,0.,0.707106781186547));
#1333=DIRECTION('center_axis',(-1.66533453693774E-15,-1.,5.46473063770507E-17));
#1334=DIRECTION('ref_axis',(0.707106781186548,0.,0.707106781186547));
#1335=DIRECTION('',(-1.0547118733939E-15,1.,-4.68387355448984E-17));
#1336=DIRECTION('center_axis',(1.66533453693774E-15,1.,-5.46473063770507E-17));
#1337=DIRECTION('ref_axis',(8.34360562856111E-16,-5.4647306377052E-17,-1.));
#1338=DIRECTION('',(-3.02535774210355E-15,-5.46473063770456E-17,-1.));
#1339=DIRECTION('',(-1.,1.66533453693774E-15,-8.34360562856111E-16));
#1340=DIRECTION('',(-8.34360562856114E-16,5.4647306377052E-17,1.));
#1341=DIRECTION('center_axis',(1.66533453693774E-15,1.,-5.46473063770507E-17));
#1342=DIRECTION('ref_axis',(8.34360562856114E-16,-5.46477298935261E-17,
-1.));
#1343=DIRECTION('',(-1.,1.66533453693774E-15,-8.34360562856114E-16));
#1344=DIRECTION('center_axis',(-1.66533453693774E-15,-1.,5.46473063770507E-17));
#1345=DIRECTION('ref_axis',(-0.707106781186544,-3.53087156470993E-31,0.707106781186551));
#1346=DIRECTION('',(-3.02535774210355E-15,-5.46473063770456E-17,-1.));
#1347=DIRECTION('',(-1.,1.66533453693774E-15,-8.34360562856111E-16));
#1348=DIRECTION('',(3.02535774210355E-15,5.46473063770456E-17,1.));
#1349=DIRECTION('center_axis',(-1.66533453693774E-15,-1.,5.46473063770507E-17));
#1350=DIRECTION('ref_axis',(-0.707106781186545,0.,0.70710678118655));
#1351=DIRECTION('center_axis',(-5.55111512312647E-17,1.,-4.68387355448985E-17));
#1352=DIRECTION('ref_axis',(-0.707106781186545,0.,0.70710678118655));
#1353=DIRECTION('',(5.55111512312647E-17,-1.,4.68387355448985E-17));
#1354=DIRECTION('center_axis',(1.,1.0547118733939E-15,-3.02535774210355E-15));
#1355=DIRECTION('ref_axis',(3.02535774210356E-15,-1.18879856449809E-15,
1.));
#1356=DIRECTION('',(1.0547118733939E-15,-1.,1.68249239941669E-30));
#1357=DIRECTION('',(-2.01557899041992E-16,1.42873424676636E-17,-1.));
#1358=DIRECTION('',(-2.01557899041992E-16,1.42873424676636E-17,-1.));
#1359=DIRECTION('',(-2.88504489283144E-15,0.707106781186547,-0.707106781186548));
#1360=DIRECTION('',(5.55111512312647E-17,-1.,5.46477298935256E-17));
#1361=DIRECTION('center_axis',(-5.71924156285233E-30,-1.68249239941669E-30,
-1.));
#1362=DIRECTION('ref_axis',(-1.,-1.94289029309402E-15,6.90253292068386E-30));
#1363=DIRECTION('center_axis',(1.28189897098414E-30,-1.91052250483214E-31,
1.));
#1364=DIRECTION('ref_axis',(1.,-2.22044604925032E-16,-1.4421588760896E-30));
#1365=DIRECTION('',(-0.866025403784439,0.5,4.11176228410159E-30));
#1366=DIRECTION('center_axis',(5.71924156285233E-30,1.68249239941669E-30,
1.));
#1367=DIRECTION('ref_axis',(0.866025403784438,0.5,0.));
#1368=DIRECTION('',(-4.9960036108132E-16,1.,-1.68249239941669E-30));
#1369=DIRECTION('center_axis',(5.71924156285233E-30,1.68249239941669E-30,
1.));
#1370=DIRECTION('ref_axis',(-0.819152044288992,-0.573576436351046,-6.52123510570695E-16));
#1371=DIRECTION('',(0.866025403784438,0.500000000000001,-5.79425468351828E-30));
#1372=DIRECTION('center_axis',(5.71924156285233E-30,1.68249239941669E-30,
1.));
#1373=DIRECTION('ref_axis',(-2.03280734422894E-16,-1.,0.));
#1374=DIRECTION('',(0.866025403784438,-0.5,-4.11176228410159E-30));
#1375=DIRECTION('center_axis',(5.71924156285233E-30,1.68249239941669E-30,
1.));
#1376=DIRECTION('ref_axis',(-0.819152044288992,-0.573576436351046,-6.52123510570695E-16));
#1377=DIRECTION('',(-4.99600361081321E-16,-1.,1.68249239941669E-30));
#1378=DIRECTION('center_axis',(5.71924156285233E-30,1.68249239941669E-30,
1.));
#1379=DIRECTION('ref_axis',(-0.866025403784438,0.5,0.));
#1380=DIRECTION('',(-0.866025403784439,-0.5,5.79425468351828E-30));
#1381=DIRECTION('',(-0.607369736488562,-0.794419286773562,6.05623075548837E-18));
#1382=DIRECTION('',(-5.55111512312646E-17,1.,-1.417484439069E-30));
#1383=DIRECTION('center_axis',(4.24012736556294E-30,-7.21068171178581E-31,
1.));
#1384=DIRECTION('ref_axis',(1.,-2.22044604925032E-16,-4.3264766282688E-30));
#1385=DIRECTION('',(0.836477273718139,-0.548001615465748,-3.862007037341E-30));
#1386=DIRECTION('center_axis',(5.71924156285233E-30,1.68249239941669E-30,
1.));
#1387=DIRECTION('ref_axis',(0.999998476906172,-0.00174533244270238,8.35335446986008E-16));
#1388=DIRECTION('',(-0.836477273718139,0.548001615465749,3.862007037341E-30));
#1389=DIRECTION('center_axis',(8.67746995743112E-30,1.15247647872132E-30,
1.));
#1390=DIRECTION('ref_axis',(-1.,-1.89149107899101E-16,9.08252909981882E-17));
#1391=DIRECTION('center_axis',(7.19835576014173E-30,1.417484439069E-30,
1.));
#1392=DIRECTION('ref_axis',(-1.,-7.03141248929267E-16,9.08252909981877E-17));
#1393=DIRECTION('center_axis',(5.71924156285233E-30,1.68249239941669E-30,
1.));
#1394=DIRECTION('ref_axis',(-1.,-7.03141248929267E-16,9.08252909981862E-17));
#1395=DIRECTION('center_axis',(0.5,0.866025403784439,3.69853959081112E-16));
#1396=DIRECTION('ref_axis',(-0.866025403784439,0.5,4.14151975241031E-30));
#1397=DIRECTION('',(-8.34360562856113E-16,5.46477298935256E-17,1.));
#1398=DIRECTION('center_axis',(-0.794419286773562,0.607369736488562,-2.66609465053051E-16));
#1399=DIRECTION('ref_axis',(-6.74488430669135E-17,3.50736611411891E-16,
1.));
#1400=DIRECTION('',(3.02535774210355E-15,4.39602410914675E-15,1.));
#1401=DIRECTION('',(-1.33323866463274E-16,-6.1334059565168E-16,-1.));
#1402=DIRECTION('center_axis',(-1.,-5.55111512312646E-17,3.02535774210355E-15));
#1403=DIRECTION('ref_axis',(-3.02535774210355E-15,1.18879856449809E-15,
-1.));
#1404=DIRECTION('',(-5.55111512312647E-17,1.,-5.46477298935256E-17));
#1405=DIRECTION('',(2.17850328642374E-15,-0.707106781186547,0.707106781186548));
#1406=DIRECTION('',(-1.6822674808102E-16,5.46477298935259E-17,1.));
#1407=DIRECTION('',(-5.55111512312655E-17,1.,-3.13478372496256E-16));
#1408=DIRECTION('',(-8.34360562856114E-16,5.46477298935261E-17,1.));
#1409=DIRECTION('center_axis',(8.34360562856113E-16,-5.46477298935256E-17,
-1.));
#1410=DIRECTION('ref_axis',(0.866025403784438,0.5,0.));
#1411=DIRECTION('',(8.34360562856113E-16,-5.46477298935256E-17,-1.));
#1412=DIRECTION('center_axis',(1.,4.9960036108132E-16,8.34360562856113E-16));
#1413=DIRECTION('ref_axis',(-4.9960036108132E-16,1.,-1.69481835106077E-30));
#1414=DIRECTION('',(-8.34360562856113E-16,5.46477298935258E-17,1.));
#1415=DIRECTION('center_axis',(8.3436056285611E-16,-5.46477298935252E-17,
-1.));
#1416=DIRECTION('ref_axis',(-0.866025403784438,0.5,0.));
#1417=DIRECTION('',(-8.3436056285611E-16,5.46477298935252E-17,1.));
#1418=DIRECTION('',(8.3436056285611E-16,-5.46477298935252E-17,-1.));
#1419=DIRECTION('center_axis',(-0.5,0.866025403784439,-4.64506603774998E-16));
#1420=DIRECTION('ref_axis',(-0.866025403784439,-0.5,8.28303950482062E-30));
#1421=DIRECTION('center_axis',(8.34360562856112E-16,-5.46477298935262E-17,
-1.));
#1422=DIRECTION('ref_axis',(-2.03280734422894E-16,-1.,0.));
#1423=DIRECTION('',(-8.34360562856112E-16,5.46477298935262E-17,1.));
#1424=DIRECTION('',(8.34360562856112E-16,-5.46477298935262E-17,-1.));
#1425=DIRECTION('center_axis',(0.500000000000001,-0.866025403784438,4.64506603775001E-16));
#1426=DIRECTION('ref_axis',(0.866025403784438,0.500000000000001,-5.52202633654708E-30));
#1427=DIRECTION('',(8.34360562856113E-16,-5.46477298935258E-17,-1.));
#1428=DIRECTION('center_axis',(-1.,4.99600361081321E-16,-8.3436056285611E-16));
#1429=DIRECTION('ref_axis',(-4.99600361081321E-16,-1.,1.21410623694171E-30));
#1430=DIRECTION('',(8.34360562856113E-16,-5.46477298935258E-17,-1.));
#1431=DIRECTION('center_axis',(-0.5,-0.866025403784439,-3.69853959081112E-16));
#1432=DIRECTION('ref_axis',(0.866025403784438,-0.5,-5.52202633654708E-30));
#1433=DIRECTION('',(-8.34360562856113E-16,5.46477298935258E-17,1.));
#1434=DIRECTION('center_axis',(2.20487107685677E-16,-3.13478372496256E-16,
-1.));
#1435=DIRECTION('ref_axis',(1.,-2.22044604925032E-16,2.20487107685677E-16));
#1436=DIRECTION('center_axis',(2.20487107685677E-16,-3.13478372496256E-16,
-1.));
#1437=DIRECTION('ref_axis',(1.,-2.22044604925031E-16,8.34360562856114E-16));
#1438=DIRECTION('center_axis',(2.20487107685677E-16,-3.13478372496256E-16,
-1.));
#1439=DIRECTION('ref_axis',(1.,-2.22044604925032E-16,1.6822674808102E-16));
#1440=DIRECTION('',(3.70789590354267E-33,-1.,3.13478372496256E-16));
#1441=DIRECTION('center_axis',(-2.20487107685677E-16,3.13478372496256E-16,
1.));
#1442=DIRECTION('ref_axis',(-0.707106781186548,0.707106781186547,0.));
#1443=DIRECTION('',(-1.,-2.36067713448609E-16,-2.20487107685677E-16));
#1444=DIRECTION('center_axis',(-2.20487107685677E-16,3.13478372496256E-16,
1.));
#1445=DIRECTION('ref_axis',(0.707106781186549,0.707106781186546,0.));
#1446=DIRECTION('',(-3.70789590354267E-33,1.,-3.13478372496256E-16));
#1447=DIRECTION('center_axis',(2.20487107685677E-16,-3.13478372496256E-16,
-1.));
#1448=DIRECTION('ref_axis',(-0.984807753012209,0.173648177666923,2.00976752640619E-16));
#1449=DIRECTION('center_axis',(2.20487107685677E-16,-3.13478372496256E-16,
-1.));
#1450=DIRECTION('ref_axis',(1.,-2.22044604925031E-16,8.34360562856114E-16));
#1451=DIRECTION('',(-0.836477273718139,0.548001615465749,-3.56219109268434E-16));
#1452=DIRECTION('center_axis',(-2.20487107685677E-16,3.13478372496256E-16,
1.));
#1453=DIRECTION('ref_axis',(0.999998476906172,-0.00174533244270238,8.35335446986008E-16));
#1454=DIRECTION('center_axis',(8.34360562856114E-16,-5.46477298935261E-17,
-1.));
#1455=DIRECTION('ref_axis',(-0.820313379598549,-0.571914293624147,-6.53183315280027E-16));
#1456=DIRECTION('',(-8.34360562856113E-16,5.59294559268597E-16,1.));
#1457=DIRECTION('center_axis',(8.34360562856114E-16,-5.46477298935261E-17,
-1.));
#1458=DIRECTION('ref_axis',(1.,-2.22044604925031E-16,8.34360562856114E-16));
#1459=DIRECTION('center_axis',(-2.31296463463573E-16,3.18032637262414E-16,
1.));
#1460=DIRECTION('ref_axis',(-0.822534255626471,-0.568715568910336,-1.31654725975131E-16));
#1461=DIRECTION('center_axis',(8.34360562856111E-16,-5.46477298935255E-17,
-1.));
#1462=DIRECTION('ref_axis',(-1.,2.22044604925031E-16,-8.34360562856111E-16));
#1463=DIRECTION('',(1.,2.36067713448608E-16,8.34360562856111E-16));
#1464=DIRECTION('',(2.22044604925031E-16,1.,-5.46477298935253E-17));
#1465=DIRECTION('',(-1.,2.22044604925031E-16,-8.34360562856111E-16));
#1466=DIRECTION('',(2.22044604925031E-16,1.,-5.46477298935253E-17));
#1467=DIRECTION('',(-1.,-4.24126888101168E-16,-8.34360562856111E-16));
#1468=DIRECTION('',(-4.42224381914088E-46,1.,-5.46477298935255E-17));
#1469=DIRECTION('center_axis',(8.34360562856111E-16,-5.46477298935255E-17,
-1.));
#1470=DIRECTION('ref_axis',(0.707106781186549,0.707106781186546,0.));
#1471=DIRECTION('center_axis',(8.34360562856114E-16,-5.46477298935261E-17,
-1.));
#1472=DIRECTION('ref_axis',(1.,-2.22044604925031E-16,8.34360562856114E-16));
#1473=DIRECTION('center_axis',(-2.20487107685678E-16,3.13478372496256E-16,
1.));
#1474=DIRECTION('ref_axis',(1.,-2.22044604925031E-16,1.09020889659738E-16));
#1475=DIRECTION('',(8.34360562856114E-16,-5.46477298935261E-17,-1.));
#1476=DIRECTION('center_axis',(1.6822674808102E-16,-5.46477298935259E-17,
-1.));
#1477=DIRECTION('ref_axis',(1.,-2.22044604925032E-16,1.6822674808102E-16));
#1478=DIRECTION('center_axis',(8.89885010610064E-16,-0.707106781186548,
-0.707106781186547));
#1479=DIRECTION('ref_axis',(-2.75963520213428E-16,-0.707106781186547,0.707106781186548));
#1480=DIRECTION('',(1.6822674808102E-16,-5.46477298935259E-17,-1.));
#1481=DIRECTION('center_axis',(-8.89885010610064E-16,0.707106781186548,
0.707106781186547));
#1482=DIRECTION('ref_axis',(-0.71056477546163,-0.497542812164523,0.497542812164523));
#1483=DIRECTION('',(-1.8735446498999E-30,0.707106781186547,-0.707106781186548));
#1484=DIRECTION('',(-1.,-4.24126888101168E-16,-8.34360562856111E-16));
#1485=DIRECTION('center_axis',(-2.01557899041992E-16,1.42873424676636E-17,
-1.));
#1486=DIRECTION('ref_axis',(-0.984807753012209,0.173648177666923,2.00976752640619E-16));
#1487=DIRECTION('',(2.01557899041992E-16,-1.42873424676636E-17,1.));
#1488=DIRECTION('center_axis',(8.89885010610064E-16,-0.707106781186548,
-0.707106781186547));
#1489=DIRECTION('ref_axis',(-1.2280052749482E-15,0.707106781186547,-0.707106781186548));
#1490=DIRECTION('center_axis',(-8.89885010610064E-16,0.707106781186548,
0.707106781186547));
#1491=DIRECTION('ref_axis',(-0.71056477546163,-0.497542812164523,0.497542812164523));
#1492=DIRECTION('',(1.8735446498999E-30,-0.707106781186547,0.707106781186548));
#1493=DIRECTION('center_axis',(1.,3.70789590354181E-33,-2.76101316827354E-30));
#1494=DIRECTION('ref_axis',(2.76101316827354E-30,-4.56060210830897E-31,
1.));
#1495=DIRECTION('',(4.42224381914088E-46,-1.,5.46477298935255E-17));
#1496=DIRECTION('',(-2.76101316827354E-30,1.18879856449809E-15,-1.));
#1497=DIRECTION('center_axis',(8.34360562856114E-16,-5.46477298935261E-17,
-1.));
#1498=DIRECTION('ref_axis',(-1.,2.22044604925031E-16,-8.34360562856114E-16));
#1499=DIRECTION('',(2.22044604925031E-16,1.,-5.46477298935259E-17));
#1500=DIRECTION('',(-1.,2.22044604925031E-16,-8.34360562856114E-16));
#1501=DIRECTION('',(-5.55111512312578E-17,1.,2.22044604925031E-15));
#1502=DIRECTION('center_axis',(5.55111512312578E-17,-1.,-2.22044604925031E-15));
#1503=DIRECTION('ref_axis',(-0.707106781186544,-3.53087156470993E-31,0.707106781186551));
#1504=DIRECTION('center_axis',(-2.22044604925031E-16,-1.,5.46477298935259E-17));
#1505=DIRECTION('ref_axis',(-0.707106781186544,-3.53087156470993E-31,0.707106781186551));
#1506=DIRECTION('',(-5.55111512312578E-17,1.,2.22044604925031E-15));
#1507=DIRECTION('center_axis',(2.22044604925031E-16,1.,-5.46477298935259E-17));
#1508=DIRECTION('ref_axis',(-8.34360562856114E-16,5.46477298935261E-17,
1.));
#1509=DIRECTION('center_axis',(2.22044604925031E-16,1.,-5.46477298935259E-17));
#1510=DIRECTION('ref_axis',(-8.34360562856114E-16,5.4647729893526E-17,1.));
#1511=DIRECTION('',(-1.,2.22044604925031E-16,-8.34360562856114E-16));
#1512=DIRECTION('center_axis',(2.22044604925031E-16,1.,-5.46477298935259E-17));
#1513=DIRECTION('ref_axis',(-8.34360562856114E-16,5.4647729893526E-17,1.));
#1514=DIRECTION('',(8.34360562856114E-16,-5.46477298935261E-17,-1.));
#1515=DIRECTION('',(-1.,2.22044604925031E-16,-8.34360562856111E-16));
#1516=DIRECTION('',(-3.02535774210355E-15,-5.46477298935252E-17,-1.));
#1517=DIRECTION('center_axis',(2.22044604925031E-16,1.,-5.46477298935259E-17));
#1518=DIRECTION('ref_axis',(8.34360562856114E-16,-5.46477298935261E-17,
-1.));
#1519=DIRECTION('',(-8.34360562856114E-16,5.46477298935261E-17,1.));
#1520=DIRECTION('',(-8.34360562856114E-16,5.46477298935261E-17,1.));
#1521=DIRECTION('center_axis',(1.,5.55111512312646E-17,-3.02535774210355E-15));
#1522=DIRECTION('ref_axis',(3.02535774210355E-15,-1.18879856449809E-15,
1.));
#1523=DIRECTION('',(5.55111512312647E-17,-1.,5.46477298935256E-17));
#1524=DIRECTION('center_axis',(-1.,2.22044604925031E-16,-8.34360562856114E-16));
#1525=DIRECTION('ref_axis',(8.34360562856114E-16,-5.46477298935261E-17,
-1.));
#1526=DIRECTION('',(-2.22044604925031E-16,-1.,5.46477298935259E-17));
#1527=DIRECTION('center_axis',(2.36067713448609E-16,-1.,-1.18879856449809E-15));
#1528=DIRECTION('ref_axis',(-3.02535774210355E-15,1.18879856449809E-15,
-1.));
#1529=DIRECTION('',(2.76101316827354E-30,-1.18879856449809E-15,1.));
#1530=DIRECTION('',(1.,2.36067713448608E-16,8.34360562856111E-16));
#1531=DIRECTION('',(-8.34360562856114E-16,-1.18879856449809E-15,1.));
#1532=DIRECTION('center_axis',(2.36067713448609E-16,-1.,-1.18879856449809E-15));
#1533=DIRECTION('ref_axis',(-8.34360562856114E-16,5.4647729893526E-17,1.));
#1534=DIRECTION('',(-1.,-2.36067713448608E-16,-8.34360562856114E-16));
#1535=DIRECTION('center_axis',(-2.36067713448609E-16,1.,1.18879856449809E-15));
#1536=DIRECTION('ref_axis',(-8.34360562856114E-16,5.4647729893526E-17,1.));
#1537=DIRECTION('',(8.34360562856114E-16,1.18879856449809E-15,-1.));
#1538=DIRECTION('',(-2.76101316827354E-30,1.18879856449809E-15,-1.));
#1539=DIRECTION('center_axis',(2.22044604925031E-16,1.,-5.46477298935259E-17));
#1540=DIRECTION('ref_axis',(-8.34360562856114E-16,5.4647729893526E-17,1.));
#1541=DIRECTION('',(-2.22044604925031E-16,-1.,5.46477298935259E-17));
#1542=DIRECTION('',(2.22044604925031E-16,1.,-5.46477298935259E-17));
#1543=DIRECTION('center_axis',(-1.,2.22044604925031E-16,-8.34360562856114E-16));
#1544=DIRECTION('ref_axis',(8.34360562856114E-16,-5.46477298935261E-17,
-1.));
#1545=DIRECTION('center_axis',(1.,-2.22044604925031E-16,8.34360562856114E-16));
#1546=DIRECTION('ref_axis',(-8.34360562856114E-16,5.46477298935261E-17,
1.));
#1547=DIRECTION('',(-2.22044604925031E-16,-1.,5.46477298935253E-17));
#1548=DIRECTION('',(2.22044604925031E-16,1.,-5.46477298935259E-17));
#1549=DIRECTION('center_axis',(8.34360562856114E-16,-5.46477298935261E-17,
-1.));
#1550=DIRECTION('ref_axis',(1.,-2.22044604925031E-16,8.34360562856114E-16));
#1551=DIRECTION('',(-2.22044604925031E-16,-1.,5.46477298935259E-17));
#1552=DIRECTION('center_axis',(2.22044604925031E-16,1.,-5.46477298935259E-17));
#1553=DIRECTION('ref_axis',(-8.34360562856114E-16,5.4647729893526E-17,1.));
#1554=DIRECTION('center_axis',(-2.22044604925031E-16,-1.,5.46477298935259E-17));
#1555=DIRECTION('ref_axis',(8.34360562856114E-16,-5.46477298935261E-17,
-1.));
#1556=DIRECTION('center_axis',(-2.76101316827354E-30,1.18879856449809E-15,
-1.));
#1557=DIRECTION('ref_axis',(0.707106781186549,0.707106781186546,0.));
#1558=DIRECTION('',(2.76101316827354E-30,-1.18879856449809E-15,1.));
#1559=DIRECTION('center_axis',(2.76101316827354E-30,-1.18879856449809E-15,
1.));
#1560=DIRECTION('ref_axis',(-0.707106781186548,0.707106781186547,0.));
#1561=DIRECTION('center_axis',(8.34360562856111E-16,-5.46477298935255E-17,
-1.));
#1562=DIRECTION('ref_axis',(-0.707106781186548,0.707106781186547,0.));
#1563=DIRECTION('center_axis',(-1.,-3.70789590354181E-33,2.76101316827354E-30));
#1564=DIRECTION('ref_axis',(-2.76101316827354E-30,4.56060210830897E-31,
-1.));
#1565=DIRECTION('center_axis',(-8.34360562856113E-16,5.46477298935258E-17,
1.));
#1566=DIRECTION('ref_axis',(-0.819152044288992,-0.573576436351046,-6.52123510570695E-16));
#1567=DIRECTION('center_axis',(-8.3436056285611E-16,5.46477298935253E-17,
1.));
#1568=DIRECTION('ref_axis',(-1.,-1.89149107899101E-16,-8.3436056285611E-16));
#1569=DIRECTION('',(8.3436056285611E-16,-5.46477298935253E-17,-1.));
#1570=DIRECTION('center_axis',(-8.34360562856113E-16,5.46477298935258E-17,
1.));
#1571=DIRECTION('ref_axis',(-0.819152044288992,-0.573576436351046,-6.52123510570695E-16));
#1572=DIRECTION('center_axis',(-8.34360562856113E-16,5.46477298935258E-17,
1.));
#1573=DIRECTION('ref_axis',(-1.,-7.03141248929267E-16,-8.34360562856113E-16));
#1574=DIRECTION('',(8.34360562856113E-16,-5.46477298935258E-17,-1.));
#1575=DIRECTION('center_axis',(-2.31296463463573E-16,3.18032637262414E-16,
1.));
#1576=DIRECTION('ref_axis',(1.,-2.22044604925031E-16,1.09020889659738E-16));
#1577=DIRECTION('center_axis',(-8.34360562856113E-16,5.59294559268597E-16,
1.));
#1578=DIRECTION('ref_axis',(-0.836475244393747,0.54800471304216,-1.0044180101856E-15));
#1579=DIRECTION('',(-8.34360562856113E-16,5.59294559268597E-16,1.));
#1580=DIRECTION('',(-8.34360562856113E-16,5.59294559268597E-16,1.));
#1581=DIRECTION('center_axis',(-0.548001615465748,-0.836477273718139,1.06062518163235E-17));
#1582=DIRECTION('ref_axis',(0.836477273718139,-0.548001615465748,3.60693848152768E-16));
#1583=DIRECTION('center_axis',(0.548001615465749,0.836477273718139,-1.06062518163231E-17));
#1584=DIRECTION('ref_axis',(-0.836477273718139,0.548001615465748,-3.60693848152768E-16));
#1585=DIRECTION('center_axis',(8.34360562856111E-16,-5.46477298935255E-17,
-1.));
#1586=DIRECTION('ref_axis',(-1.,2.22044604925031E-16,-8.34360562856111E-16));
#1587=DIRECTION('center_axis',(-8.34360562856111E-16,5.46477298935255E-17,
1.));
#1588=DIRECTION('ref_axis',(-1.,-7.03141248929267E-16,-8.34360562856111E-16));
#1589=DIRECTION('',(8.34360562856111E-16,-5.46477298935255E-17,-1.));
#1590=DIRECTION('',(6.53720032000258E-17,-3.41984266851853E-18,-1.));
#1591=DIRECTION('',(0.819152044288992,0.573576436351045,6.7448843066916E-17));
#1592=DIRECTION('',(5.6228536369443E-16,-2.18533430568886E-16,1.));
#1593=DIRECTION('',(-0.819152044288991,0.573576436351046,7.9804690855898E-16));
#1594=CARTESIAN_POINT('',(0.,0.,0.));
#1595=CARTESIAN_POINT('',(0.,0.,0.));
#1596=CARTESIAN_POINT('',(0.,0.,0.));
#1597=CARTESIAN_POINT('Origin',(13.3455718242464,22.5725379747225,22.3532150607913));
#1598=CARTESIAN_POINT('',(7.029934744672,30.8218223874476,23.3532150607913));
#1599=CARTESIAN_POINT('',(9.28703520422804,29.5186848295349,22.3532150607913));
#1600=CARTESIAN_POINT('Origin',(7.029934744672,30.8218223874476,22.3532150607913));
#1601=CARTESIAN_POINT('',(7.03577767038452,32.4592058647013,22.3532150607913));
#1602=CARTESIAN_POINT('',(14.1395876601754,23.1804350484889,22.3532150607913));
#1603=CARTESIAN_POINT('',(6.03577767038452,32.1203587588999,23.3532150607913));
#1604=CARTESIAN_POINT('Origin',(6.03577767038452,32.1203587588999,22.3532150607913));
#1605=CARTESIAN_POINT('',(13.3455718242464,22.5725379747225,23.3532150607913));
#1606=CARTESIAN_POINT('Origin',(8.16862740316076,30.9795135510352,13.876398500655));
#1607=CARTESIAN_POINT('',(9.28703520422803,29.5186848295349,21.3532164905872));
#1608=CARTESIAN_POINT('',(9.28703520422801,29.5186848295349,17.6148067807232));
#1609=CARTESIAN_POINT('',(7.03577767038434,32.4592058647016,21.3532164905872));
#1610=CARTESIAN_POINT('',(13.9619276164019,23.4124889507952,21.3532164905872));
#1611=CARTESIAN_POINT('',(7.0357776703845,32.4592058647013,15.8098067807231));
#1612=CARTESIAN_POINT('Origin',(-13.2313282908354,22.5278637058611,22.3532150607913));
#1613=CARTESIAN_POINT('',(-9.16896785343712,29.4877387660416,22.3532150607913));
#1614=CARTESIAN_POINT('',(-6.91546808561021,30.7887974636152,23.3532150607913));
#1615=CARTESIAN_POINT('Origin',(-6.91546808561021,30.7887974636152,22.3532150607913));
#1616=CARTESIAN_POINT('',(-5.90422232961544,32.1114730662467,23.3532150607913));
#1617=CARTESIAN_POINT('',(-13.2313282908354,22.5278637058611,23.3532150607913));
#1618=CARTESIAN_POINT('',(-6.90422232961544,32.4499501105838,22.3532150607913));
#1619=CARTESIAN_POINT('Origin',(-5.90422232961544,32.1114730662467,22.3532150607913));
#1620=CARTESIAN_POINT('',(-14.025747577609,23.1352334423497,22.3532150607913));
#1621=CARTESIAN_POINT('Origin',(0.00961052920771569,-0.00788440517714735,
23.3532150607913));
#1622=CARTESIAN_POINT('',(6.03577767038452,34.4063692330271,23.3532151473253));
#1623=CARTESIAN_POINT('',(6.03577767038454,17.4377029539995,23.3532150607913));
#1624=CARTESIAN_POINT('',(-5.90422232961544,34.406369233027,23.3532151473253));
#1625=CARTESIAN_POINT('',(0.0808448360584271,34.4063692330271,23.3532151473253));
#1626=CARTESIAN_POINT('',(-5.90422232961544,17.4377029539995,23.3532150607913));
#1627=CARTESIAN_POINT('',(-28.5875599296121,18.2764094035784,23.3532150607913));
#1628=CARTESIAN_POINT('',(-12.1252551332109,27.7809255092623,23.3532150607913));
#1629=CARTESIAN_POINT('',(-30.164166694507,15.5456463832237,23.3532150607913));
#1630=CARTESIAN_POINT('Origin',(-27.0109531647173,15.5456463832237,23.3532150607913));
#1631=CARTESIAN_POINT('',(-30.164166694507,-6.87640969433114,23.3532150607913));
#1632=CARTESIAN_POINT('',(-30.164166694507,7.69671225899113,23.3532150607913));
#1633=CARTESIAN_POINT('',(-20.9088431813602,-22.907100260456,23.3532150607913));
#1634=CARTESIAN_POINT('Origin',(0.0858337533879694,-0.0986908374919273,
23.3532150607913));
#1635=CARTESIAN_POINT('',(-1.49077301236701,-34.1181282996672,23.3532150607913));
#1636=CARTESIAN_POINT('',(-18.0102452251806,-24.5806065707287,23.3532150607913));
#1637=CARTESIAN_POINT('',(1.6624405174227,-34.1181282996672,23.3532150607913));
#1638=CARTESIAN_POINT('Origin',(0.085833752527843,-31.3873652793125,23.3532150607913));
#1639=CARTESIAN_POINT('',(21.0805106910306,-22.9071002577916,23.3532150607913));
#1640=CARTESIAN_POINT('',(8.49021370731996,-30.1761116105143,23.3532150607913));
#1641=CARTESIAN_POINT('',(30.3358341995627,-6.87640970200899,23.3532150607913));
#1642=CARTESIAN_POINT('Origin',(0.0858337533879694,-0.0986908374919273,
23.3532150607913));
#1643=CARTESIAN_POINT('',(30.3358341995627,15.5456463832237,23.3532150607913));
#1644=CARTESIAN_POINT('',(30.3358341995627,-3.42828662983505,23.3532150607913));
#1645=CARTESIAN_POINT('',(28.7592274346678,18.2764094035784,23.3532150607913));
#1646=CARTESIAN_POINT('Origin',(27.182620669773,15.5456463832237,23.3532150607913));
#1647=CARTESIAN_POINT('',(21.8742864309188,22.2514319454476,23.3532150607913));
#1648=CARTESIAN_POINT('',(28.282620669773,15.4013088159263,23.3532150607913));
#1649=CARTESIAN_POINT('Origin',(26.932620669773,15.4013088159263,23.3532150607913));
#1650=CARTESIAN_POINT('',(1.43583375252785,-31.0986901447177,23.3532150607913));
#1651=CARTESIAN_POINT('Origin',(0.0858337525278498,-31.0986901447177,23.3532150607913));
#1652=CARTESIAN_POINT('',(-25.4109531647173,15.4013088159263,23.3532150607913));
#1653=CARTESIAN_POINT('Origin',(-26.7609531647173,15.4013088159263,23.3532150607913));
#1654=CARTESIAN_POINT('',(-22.914166246612,-0.0986907437253028,23.3532150607913));
#1655=CARTESIAN_POINT('Origin',(0.0858337533879654,-0.0986908374919453,
23.3532150607913));
#1656=CARTESIAN_POINT('Origin',(0.0858337525278258,3.55379973760179,22.553214263916));
#1657=CARTESIAN_POINT('',(-24.9141662474722,-0.0986908376216999,22.553214263916));
#1658=CARTESIAN_POINT('Origin',(0.085833752527825,-0.0986908376217024,22.553214263916));
#1659=CARTESIAN_POINT('',(-22.914166246612,-0.098690743725303,22.553214263916));
#1660=CARTESIAN_POINT('Origin',(0.0858337533879652,-0.0986908374919455,
22.553214263916));
#1661=CARTESIAN_POINT('Origin',(0.0858337525278246,-0.0986908376217032,
20.153214263916));
#1662=CARTESIAN_POINT('',(-24.9141662474722,-0.0986908376217006,20.353214263916));
#1663=CARTESIAN_POINT('Origin',(0.0858337525278247,-0.0986908376217031,
20.353214263916));
#1664=CARTESIAN_POINT('',(-24.9141662474722,-0.0986908376217007,20.153214263916));
#1665=CARTESIAN_POINT('Origin',(0.0858337533879649,-0.0986908374919459,
21.3532150131076));
#1666=CARTESIAN_POINT('',(-22.914166246612,-0.0986907437253033,21.3532150131076));
#1667=CARTESIAN_POINT('Origin',(6.03577767038454,17.4377029539995,22.3532150607913));
#1668=CARTESIAN_POINT('',(7.03577767038452,34.406369233027,22.3532150607913));
#1669=CARTESIAN_POINT('Origin',(6.03577767038452,34.4063692330271,22.3532150607913));
#1670=CARTESIAN_POINT('',(7.03577767038454,17.4377029539995,22.3532150607913));
#1671=CARTESIAN_POINT('Origin',(0.0858337525278861,34.4063692330271,19.3538879306811));
#1672=CARTESIAN_POINT('',(7.03577767038454,34.406369233027,17.6232151473253));
#1673=CARTESIAN_POINT('',(7.03577767038451,34.406369233027,18.5485514957361));
#1674=CARTESIAN_POINT('',(4.50583387749397,34.4063692330271,17.6232151473253));
#1675=CARTESIAN_POINT('',(0.0858337525278876,34.4063692330271,17.6232151473253));
#1676=CARTESIAN_POINT('',(4.50583387749397,34.4063692330271,18.5531897966813));
#1677=CARTESIAN_POINT('',(4.50583387749397,34.4063692330271,18.9535388636812));
#1678=CARTESIAN_POINT('',(3.90583387749397,34.4063692330271,19.1531897966813));
#1679=CARTESIAN_POINT('Origin',(3.90583387749397,34.4063692330271,18.5531897966823));
#1680=CARTESIAN_POINT('',(-3.77972835301173,34.4063692330271,19.1531897966813));
#1681=CARTESIAN_POINT('',(1.73333381501093,34.4063692330271,19.1531897966813));
#1682=CARTESIAN_POINT('',(-4.37422232961546,34.4063692330271,18.5532150607912));
#1683=CARTESIAN_POINT('Origin',(-3.77422232961546,34.4063692330271,18.5532150607912));
#1684=CARTESIAN_POINT('',(-4.37422232961546,34.4063692330271,17.6232151473253));
#1685=CARTESIAN_POINT('',(-4.37422232961546,34.4063692330271,18.5485514957362));
#1686=CARTESIAN_POINT('',(-6.90422232961546,34.4063692330271,17.6232151473253));
#1687=CARTESIAN_POINT('',(0.0858337525278876,34.4063692330271,17.6232151473253));
#1688=CARTESIAN_POINT('',(-6.90422232961544,34.4063692330271,22.3532150607913));
#1689=CARTESIAN_POINT('',(-6.90422232961545,34.4063692330271,18.9035514957362));
#1690=CARTESIAN_POINT('Origin',(-5.90422232961544,34.4063692330271,22.3532150607913));
#1691=CARTESIAN_POINT('Origin',(-5.90422232961544,17.4377029539995,22.3532150607913));
#1692=CARTESIAN_POINT('',(-6.90422232961544,17.4377029539995,22.3532150607913));
#1693=CARTESIAN_POINT('Origin',(7.03577767038451,34.8832903131761,17.7432150607912));
#1694=CARTESIAN_POINT('',(7.03577767038455,26.3535449763406,21.3532150607913));
#1695=CARTESIAN_POINT('',(7.03577767038453,16.5627030388378,21.3532150607913));
#1696=CARTESIAN_POINT('',(7.03577767038202,25.8362423252339,20.853214263916));
#1697=CARTESIAN_POINT('Ctrl Pts',(7.03577767038452,25.8362419127274,20.853214263916));
#1698=CARTESIAN_POINT('Ctrl Pts',(7.03577767038452,26.0925073564474,21.1007460049341));
#1699=CARTESIAN_POINT('Ctrl Pts',(7.03577767038452,26.3535449763406,21.3532150607913));
#1700=CARTESIAN_POINT('',(7.03577746411866,25.8362419680018,20.353214263916));
#1701=CARTESIAN_POINT('',(7.03577767038454,25.836242737719,25.0532150607913));
#1702=CARTESIAN_POINT('',(7.03577767037952,25.8362427377403,19.1412626362084));
#1703=CARTESIAN_POINT('',(7.03577767038454,25.836242737719,25.0532150607913));
#1704=CARTESIAN_POINT('',(7.03577767038451,27.3542902266421,17.6232151473253));
#1705=CARTESIAN_POINT('',(7.03577767038451,28.8062903131761,16.1712150607912));
#1706=CARTESIAN_POINT('',(7.03577767038454,17.505261546218,17.6232151473253));
#1707=CARTESIAN_POINT('Origin',(0.109610529207729,-1.75788423550059,21.3532150607913));
#1708=CARTESIAN_POINT('',(24.106093120499,-13.1772855608067,21.3532150607913));
#1709=CARTESIAN_POINT('Origin',(0.0858337533879731,-0.0986908374919142,
21.3532150607913));
#1710=CARTESIAN_POINT('',(28.7592274346678,18.2764094035784,21.3532150607913));
#1711=CARTESIAN_POINT('',(22.2906725083385,22.0110313315625,21.3532150607913));
#1712=CARTESIAN_POINT('',(30.3358341995627,15.5456463832237,21.3532150607913));
#1713=CARTESIAN_POINT('Origin',(27.182620669773,15.5456463832237,21.3532150607913));
#1714=CARTESIAN_POINT('',(30.3358341995627,-6.87640970200899,21.3532150607913));
#1715=CARTESIAN_POINT('',(30.3358341995627,-4.30328654499677,21.3532150607913));
#1716=CARTESIAN_POINT('',(21.0805106910306,-22.9071002577916,21.3532150607913));
#1717=CARTESIAN_POINT('Origin',(0.0858337533879711,-0.0986908374919274,
21.3532150607913));
#1718=CARTESIAN_POINT('',(1.6624405174227,-34.1181282996672,21.3532150607913));
#1719=CARTESIAN_POINT('',(8.14882762990032,-30.3732109542101,21.3532150607913));
#1720=CARTESIAN_POINT('',(-1.49077301236701,-34.1181282996672,21.3532150607913));
#1721=CARTESIAN_POINT('Origin',(0.0858337525278446,-31.3873652793125,21.3532150607913));
#1722=CARTESIAN_POINT('',(-20.9088431813602,-22.907100260456,21.3532150607913));
#1723=CARTESIAN_POINT('',(-17.593859147761,-24.8210071846138,21.3532150607913));
#1724=CARTESIAN_POINT('',(-30.164166694507,-6.87640969433113,21.3532150607913));
#1725=CARTESIAN_POINT('Origin',(0.0858337533879711,-0.0986908374919274,
21.3532150607913));
#1726=CARTESIAN_POINT('',(-30.164166694507,15.5456463832237,21.3532150607913));
#1727=CARTESIAN_POINT('',(-30.164166694507,6.82171234382941,21.3532150607913));
#1728=CARTESIAN_POINT('',(-28.5875599296121,18.2764094035784,21.3532150607913));
#1729=CARTESIAN_POINT('Origin',(-27.0109531647173,15.5456463832237,21.3532150607912));
#1730=CARTESIAN_POINT('',(-9.16896785343712,29.4877387660416,21.3532164905872));
#1731=CARTESIAN_POINT('',(-12.4666412106306,27.5838261655665,21.3532150607913));
#1732=CARTESIAN_POINT('',(-6.90422232961567,32.4499501105835,21.3532164905872));
#1733=CARTESIAN_POINT('',(-13.481565765723,23.8470050386313,21.3532164905872));
#1734=CARTESIAN_POINT('',(-6.90422232961544,26.3429735571044,21.3532150607912));
#1735=CARTESIAN_POINT('',(-6.90422232961545,16.5627030388378,21.3532150607912));
#1736=CARTESIAN_POINT('',(22.3556573507911,-15.9756381807486,21.3532150607913));
#1737=CARTESIAN_POINT('Origin',(0.0858337533879835,-0.0986908374919288,
21.3532150607913));
#1738=CARTESIAN_POINT('',(21.8296930047245,-15.63106299577,21.3532150607913));
#1739=CARTESIAN_POINT('',(11.0513153889621,-8.56982112928985,21.3532150607913));
#1740=CARTESIAN_POINT('',(23.6381085577777,-12.8706946892527,21.3532150607913));
#1741=CARTESIAN_POINT('Origin',(22.7339104991701,-14.2508852090146,21.3532150607913));
#1742=CARTESIAN_POINT('',(13.6857215542489,-6.35058430845134,21.3532150607913));
#1743=CARTESIAN_POINT('',(-25.4109531647173,15.4013088159263,21.3532150607912));
#1744=CARTESIAN_POINT('Origin',(-26.7609531647173,15.4013088159263,21.3532150607912));
#1745=CARTESIAN_POINT('',(1.43583375252785,-31.0986901447177,21.3532150607912));
#1746=CARTESIAN_POINT('Origin',(0.0858337525278515,-31.0986901447177,21.3532150607912));
#1747=CARTESIAN_POINT('',(28.282620669773,15.4013088159263,21.3532150607913));
#1748=CARTESIAN_POINT('Origin',(26.932620669773,15.4013088159263,21.3532150607913));
#1749=CARTESIAN_POINT('Origin',(28.6342266419445,18.3485786449061,21.3532150607913));
#1750=CARTESIAN_POINT('',(28.7592274346678,18.2764094035784,21.3532150607913));
#1751=CARTESIAN_POINT('Origin',(-8.03666445815943,30.9687537090782,13.876398500655));
#1752=CARTESIAN_POINT('',(-6.90422232961546,32.4499501105837,16.1648067807231));
#1753=CARTESIAN_POINT('',(-9.16896785343712,29.4877387660416,17.6148067807231));
#1754=CARTESIAN_POINT('Origin',(-6.90422232961545,34.8832903131761,18.4532150607912));
#1755=CARTESIAN_POINT('',(-6.90422232961547,27.3542902266421,17.6232151473253));
#1756=CARTESIAN_POINT('',(-6.90422232961546,17.505261546218,17.6232151473253));
#1757=CARTESIAN_POINT('',(-6.90422232961023,25.8254603725846,19.1520450013634));
#1758=CARTESIAN_POINT('',(-6.90422232961543,19.3683602450848,25.6091451288825));
#1759=CARTESIAN_POINT('',(-6.90422232961545,25.8254603725624,20.353214263916));
#1760=CARTESIAN_POINT('',(-6.90422232961545,25.8254603725624,20.853214263916));
#1761=CARTESIAN_POINT('',(-6.90422232961545,25.462786349018,20.353214263916));
#1762=CARTESIAN_POINT('',(-6.90422232961545,19.2185450253889,20.353214263916));
#1763=CARTESIAN_POINT('',(-6.90422232961545,25.462786349018,20.5032150607913));
#1764=CARTESIAN_POINT('',(-6.90422232961545,25.462786349018,20.8532142639159));
#1765=CARTESIAN_POINT('Ctrl Pts',(-6.90422232961483,25.462786359936,20.5032150494724));
#1766=CARTESIAN_POINT('Ctrl Pts',(-6.90422232961482,25.8959332683452,20.921021646256));
#1767=CARTESIAN_POINT('Ctrl Pts',(-6.90422232961482,26.342973568145,21.3532150493714));
#1768=CARTESIAN_POINT('Origin',(27.182620669773,15.5456463832237,21.3532150607913));
#1769=CARTESIAN_POINT('',(30.3358341995627,15.5456463832237,21.3532150607913));
#1770=CARTESIAN_POINT('Origin',(30.3358341995627,-6.84868885449296,21.3532150607913));
#1771=CARTESIAN_POINT('',(30.3358341995627,-6.87640970200895,21.3532150607913));
#1772=CARTESIAN_POINT('Origin',(-27.0109531647173,15.5456463832237,21.3532150607912));
#1773=CARTESIAN_POINT('',(-30.164166694507,15.5456463832237,21.3532150607912));
#1774=CARTESIAN_POINT('',(-28.5875599296121,18.2764094035784,21.3532150607912));
#1775=CARTESIAN_POINT('Origin',(-9.19349671660422,29.4735770202891,21.3532150607912));
#1776=CARTESIAN_POINT('Origin',(0.0858337525278446,-31.3873652793125,21.3532150607913));
#1777=CARTESIAN_POINT('',(1.66244051742269,-34.1181282996672,21.3532150607913));
#1778=CARTESIAN_POINT('',(-1.49077301236701,-34.1181282996672,21.3532150607913));
#1779=CARTESIAN_POINT('Origin',(1.78744051742272,-34.0459595160185,21.3532150607913));
#1780=CARTESIAN_POINT('',(21.0805106910307,-22.9071002577916,21.3532150607913));
#1781=CARTESIAN_POINT('Origin',(-30.164166694507,15.4013089231594,21.3532150607912));
#1782=CARTESIAN_POINT('',(-30.164166694507,-6.87640969433113,21.3532150607912));
#1783=CARTESIAN_POINT('Origin',(-20.8848362232196,-22.9209606842009,21.3532150607912));
#1784=CARTESIAN_POINT('',(-20.9088431813601,-22.907100260456,21.3532150607912));
#1785=CARTESIAN_POINT('Origin',(0.0858337525278309,3.55379973760178,20.353214263916));
#1786=CARTESIAN_POINT('',(21.6527562825058,-15.4973223553601,20.353214263916));
#1787=CARTESIAN_POINT('Origin',(0.0858337533879841,-0.098690837491929,20.353214263916));
#1788=CARTESIAN_POINT('',(-5.90422232961545,26.0746109818427,20.353214263916));
#1789=CARTESIAN_POINT('Origin',(0.0858337525278193,-0.0986908376216957,
20.353214263916));
#1790=CARTESIAN_POINT('',(-5.90422232961545,31.7062903131761,20.353214263916));
#1791=CARTESIAN_POINT('',(-5.90422232961545,18.4685450253889,20.353214263916));
#1792=CARTESIAN_POINT('',(-4.90422232961545,32.7062903131761,20.353214263916));
#1793=CARTESIAN_POINT('Origin',(-4.90422232961545,31.7062903131761,20.353214263916));
#1794=CARTESIAN_POINT('',(5.03577767038454,32.7062903131761,20.353214263916));
#1795=CARTESIAN_POINT('',(0.0758057114561827,32.7062903131761,20.353214263916));
#1796=CARTESIAN_POINT('',(6.03577767038454,31.7062903131761,20.353214263916));
#1797=CARTESIAN_POINT('Origin',(5.03577767038454,31.7062903131761,20.353214263916));
#1798=CARTESIAN_POINT('',(6.03577767038453,26.0837587687729,20.353214263916));
#1799=CARTESIAN_POINT('',(6.03577767038454,18.4685450253889,20.353214263916));
#1800=CARTESIAN_POINT('Origin',(0.085833753387974,-0.0986908374919246,20.353214263916));
#1801=CARTESIAN_POINT('',(23.6864391730338,-12.9023575401979,20.353214263916));
#1802=CARTESIAN_POINT('Origin',(0.0858337533879788,-0.0986908374919217,
20.353214263916));
#1803=CARTESIAN_POINT('',(23.6381085577777,-12.8706946892527,20.353214263916));
#1804=CARTESIAN_POINT('',(12.4599895262333,-5.54757010521432,20.353214263916));
#1805=CARTESIAN_POINT('Origin',(22.7339104991701,-14.2508852090146,20.353214263916));
#1806=CARTESIAN_POINT('Origin',(0.0858337533879837,-0.098690837491929,20.8532142639159));
#1807=CARTESIAN_POINT('',(21.6527562825058,-15.4973223553601,20.5032150607913));
#1808=CARTESIAN_POINT('',(21.6527562825052,-15.4973223553592,16.9532150607913));
#1809=CARTESIAN_POINT('Origin',(0.085833753387984,-0.098690837491929,20.5032150607913));
#1810=CARTESIAN_POINT('Origin',(0.0858337533879731,-0.0986908374919143,
21.0532150607913));
#1811=CARTESIAN_POINT('',(21.8296930047245,-15.63106299577,20.7249290777698));
#1812=CARTESIAN_POINT('Ctrl Pts',(21.6527562825056,-15.4973223553596,20.5032150607918));
#1813=CARTESIAN_POINT('Ctrl Pts',(21.692589927999,-15.5318738880354,20.5557107387715));
#1814=CARTESIAN_POINT('Ctrl Pts',(21.7334273651654,-15.5639402264696,20.607580263591));
#1815=CARTESIAN_POINT('Ctrl Pts',(21.7747573189571,-15.5934667435544,20.658373769983));
#1816=CARTESIAN_POINT('Ctrl Pts',(21.7926540959424,-15.6062523734171,20.6803684729236));
#1817=CARTESIAN_POINT('Ctrl Pts',(21.8109713986427,-15.6187976165827,20.7025656020802));
#1818=CARTESIAN_POINT('Ctrl Pts',(21.8296930047783,-15.6310629956914,20.7249290777679));
#1819=CARTESIAN_POINT('Ctrl Pts',(21.8296930047225,-15.6310629957686,20.7249290777674));
#1820=CARTESIAN_POINT('Ctrl Pts',(22.0896194578467,-15.8013486935273,21.0354160861224));
#1821=CARTESIAN_POINT('Ctrl Pts',(22.3556573507911,-15.9756381807486,21.3532150607913));
#1822=CARTESIAN_POINT('Origin',(0.0858337525278307,0.12723277925983,17.6232151473253));
#1823=CARTESIAN_POINT('',(5.03577767038454,32.7062903131761,17.6232151473253));
#1824=CARTESIAN_POINT('',(4.88083387749397,32.7062903131761,17.6232151473253));
#1825=CARTESIAN_POINT('',(0.0758057114561827,32.7062903131761,17.6232151473253));
#1826=CARTESIAN_POINT('',(4.88083387749397,33.4563599988501,17.6232151473253));
#1827=CARTESIAN_POINT('',(4.88083387749397,14.191796389055,17.6232151473253));
#1828=CARTESIAN_POINT('',(4.50583387749397,33.4563599988501,17.6232151473253));
#1829=CARTESIAN_POINT('',(0.0833338150109057,33.4563599988501,17.6232151473253));
#1830=CARTESIAN_POINT('',(4.50583387749397,17.3917963890545,17.6232151473253));
#1831=CARTESIAN_POINT('',(6.03577767038453,27.3542902266421,17.6232151473253));
#1832=CARTESIAN_POINT('',(2.69604548706212,27.3542902266421,17.6232151473253));
#1833=CARTESIAN_POINT('',(6.03577767038453,31.7062903131761,17.6232151473253));
#1834=CARTESIAN_POINT('',(6.03577767038453,16.7552615462179,17.6232151473253));
#1835=CARTESIAN_POINT('Origin',(5.03577767038454,31.7062903131761,17.6232151473253));
#1836=CARTESIAN_POINT('Origin',(0.0858337533879784,-0.0986908374919217,
20.853214263916));
#1837=CARTESIAN_POINT('',(23.6864391730338,-12.9023575401979,20.853214263916));
#1838=CARTESIAN_POINT('Origin',(0.0858337533879732,-0.0986908374919144,
20.853214263916));
#1839=CARTESIAN_POINT('',(23.6864391730338,-12.9023575401979,20.853214263916));
#1840=CARTESIAN_POINT('Origin',(0.0858337525278192,-0.0986908376216957,
20.853214263916));
#1841=CARTESIAN_POINT('',(-5.90422232961378,26.0746109818508,18.9028943921093));
#1842=CARTESIAN_POINT('Origin',(0.0858337525278152,-0.0986908376216944,
45.0761962115891));
#1843=CARTESIAN_POINT('',(-5.90422232961545,26.0746109818427,20.853214263916));
#1844=CARTESIAN_POINT('Origin',(5.30625722159642,26.5537903131761,18.4237150607913));
#1845=CARTESIAN_POINT('',(-5.90422232961545,27.3542902266421,17.6232151473253));
#1846=CARTESIAN_POINT('',(-5.90422232961545,28.987476531024,15.9900288429434));
#1847=CARTESIAN_POINT('',(2.69604548706212,27.3542902266421,17.6232151473253));
#1848=CARTESIAN_POINT('Origin',(0.0858337533879749,-0.0986908374919246,
25.0532150607913));
#1849=CARTESIAN_POINT('',(6.03577767038295,26.0837587687806,18.8937466051798));
#1850=CARTESIAN_POINT('',(6.03577767038454,26.0837587687729,25.0532150607913));
#1851=CARTESIAN_POINT('Origin',(0.085833753387979,-0.0986908374919249,45.0761962114593));
#1852=CARTESIAN_POINT('Origin',(5.30625722159642,26.5537903131761,18.4237150607913));
#1853=CARTESIAN_POINT('',(6.03577767038453,27.5287903131761,17.4487150607913));
#1854=CARTESIAN_POINT('Origin',(-5.90422232961545,33.3832903131761,15.5184701893996));
#1855=CARTESIAN_POINT('',(-5.90422232961545,31.7062903131761,17.6232151473253));
#1856=CARTESIAN_POINT('',(-5.90422232961545,16.7552615462179,17.6232151473253));
#1857=CARTESIAN_POINT('',(-5.90422232961545,31.7062903131761,16.8083426250954));
#1858=CARTESIAN_POINT('Origin',(3.38083387749398,32.7063599988501,19.1531897966813));
#1859=CARTESIAN_POINT('',(3.90583387749397,33.4563599988501,19.1531897966813));
#1860=CARTESIAN_POINT('',(3.90583387749397,34.6563599988491,19.1531897966813));
#1861=CARTESIAN_POINT('',(-3.77972835301173,33.4563599988501,19.1531897966813));
#1862=CARTESIAN_POINT('',(1.73083387749397,33.4563599988501,19.1531897966813));
#1863=CARTESIAN_POINT('',(-3.77972835301173,34.8832903131761,19.1531897966813));
#1864=CARTESIAN_POINT('Origin',(-3.77422232961546,34.8832903131761,18.5532150607912));
#1865=CARTESIAN_POINT('',(-4.37422232961546,33.4563599988501,18.5532150607912));
#1866=CARTESIAN_POINT('Origin',(-3.77422232961546,33.4563599988501,18.5532150607912));
#1867=CARTESIAN_POINT('',(-4.37422232961546,34.8832903131761,18.5532150607912));
#1868=CARTESIAN_POINT('Origin',(0.0808338774939734,33.4563599988501,17.6231897966823));
#1869=CARTESIAN_POINT('',(3.38083387749397,33.4563599988501,19.5531897966813));
#1870=CARTESIAN_POINT('',(4.88083387749397,33.4563599988501,18.0531897966813));
#1871=CARTESIAN_POINT('Origin',(3.38083387749397,33.4563599988501,18.0531897966813));
#1872=CARTESIAN_POINT('',(-3.21916612250503,33.4563599988501,19.5531897966813));
#1873=CARTESIAN_POINT('',(-2.31916612250553,33.4563599988501,19.5531897966813));
#1874=CARTESIAN_POINT('',(-4.71916612250503,33.4563599988501,18.0531897966813));
#1875=CARTESIAN_POINT('Origin',(-3.21916612250503,33.4563599988501,18.0531897966813));
#1876=CARTESIAN_POINT('',(-4.71916612250503,33.4563599988501,17.6232151473253));
#1877=CARTESIAN_POINT('',(-4.71916612250503,33.4563599988501,16.6581897966828));
#1878=CARTESIAN_POINT('',(-4.37422232961546,33.4563599988501,17.6232151473253));
#1879=CARTESIAN_POINT('',(0.0833338150109057,33.4563599988501,17.6232151473253));
#1880=CARTESIAN_POINT('',(-4.37422232961546,33.4563599988501,17.6832024287368));
#1881=CARTESIAN_POINT('',(4.50583387749397,33.4563599988501,18.5531897966813));
#1882=CARTESIAN_POINT('Origin',(3.90583387749397,33.4563599988501,18.5531897966823));
#1883=CARTESIAN_POINT('',(4.50583387749397,33.4563599988501,18.0881897966818));
#1884=CARTESIAN_POINT('',(4.88083387749397,33.4563599988501,16.6581897966828));
#1885=CARTESIAN_POINT('Origin',(-4.37422232961546,34.8832903131761,17.7432150607912));
#1886=CARTESIAN_POINT('',(-4.37422232961546,17.505261546218,17.6232151473253));
#1887=CARTESIAN_POINT('Origin',(4.50583387749397,34.6563599988491,18.5531897966813));
#1888=CARTESIAN_POINT('',(4.50583387749397,34.6563599988491,18.5531897966813));
#1889=CARTESIAN_POINT('Origin',(0.065777670384542,32.7062903131761,18.0982150607912));
#1890=CARTESIAN_POINT('',(-4.90422232961545,32.7062903131761,17.6232151473253));
#1891=CARTESIAN_POINT('',(-4.90422232961545,32.7062903131761,16.8083426250954));
#1892=CARTESIAN_POINT('',(-4.71916612250503,32.7062903131761,17.6232151473253));
#1893=CARTESIAN_POINT('',(0.0758057114561827,32.7062903131761,17.6232151473253));
#1894=CARTESIAN_POINT('',(-4.71916612250503,32.7062903131761,18.0531897966813));
#1895=CARTESIAN_POINT('',(-4.71916612250503,32.7062903131761,16.8957024287373));
#1896=CARTESIAN_POINT('',(-3.21916612250503,32.7062903131761,19.5531897966813));
#1897=CARTESIAN_POINT('Origin',(-3.21916612250503,32.7062903131761,18.0531897966813));
#1898=CARTESIAN_POINT('',(3.38083387749397,32.7062903131761,19.5531897966813));
#1899=CARTESIAN_POINT('',(-2.32669422606025,32.7062903131761,19.5531897966813));
#1900=CARTESIAN_POINT('',(4.88083387749397,32.7062903131761,18.0531897966813));
#1901=CARTESIAN_POINT('Origin',(3.38083387749397,32.7062903131761,18.0531897966813));
#1902=CARTESIAN_POINT('',(4.88083387749397,32.7062903131761,16.8957024287373));
#1903=CARTESIAN_POINT('',(5.03577767038454,32.7062903131761,19.7257150607912));
#1904=CARTESIAN_POINT('Origin',(3.38083387749397,28.2563599988501,18.0531897966813));
#1905=CARTESIAN_POINT('',(4.88083387749397,28.2563599988501,18.0531897966813));
#1906=CARTESIAN_POINT('',(3.38083387749397,28.2563599988501,19.5531897966813));
#1907=CARTESIAN_POINT('Origin',(4.88083387749397,28.2563599988501,15.6931897966833));
#1908=CARTESIAN_POINT('Origin',(-4.71916612250503,28.2563599988501,15.6931897966833));
#1909=CARTESIAN_POINT('',(-4.71916612250503,14.191796389055,17.6232151473253));
#1910=CARTESIAN_POINT('',(-4.71916612250503,28.2563599988501,18.0531897966813));
#1911=CARTESIAN_POINT('Origin',(-4.71916612250503,28.2563599988501,19.5531897966813));
#1912=CARTESIAN_POINT('',(-3.21916612250503,28.2563599988501,19.5531897966813));
#1913=CARTESIAN_POINT('Origin',(-3.21916612250503,28.2563599988501,18.0531897966813));
#1914=CARTESIAN_POINT('Origin',(3.90583387749397,34.6563599988491,18.5531897966823));
#1915=CARTESIAN_POINT('Origin',(5.03577767038454,31.7062903131761,19.7257150607912));
#1916=CARTESIAN_POINT('',(6.03577767038454,31.7062903131761,19.7257150607912));
#1917=CARTESIAN_POINT('Origin',(-4.90422232961545,31.7062903131761,16.8083426250954));
#1918=CARTESIAN_POINT('Origin',(-4.90422232961545,31.7062903131761,17.6232151473253));
#1919=CARTESIAN_POINT('Origin',(6.03577767038454,33.3832903131761,21.3532150607913));
#1920=CARTESIAN_POINT('Origin',(0.0858337533879711,-0.0986908374919274,
21.3532150607913));
#1921=CARTESIAN_POINT('Origin',(-26.7609531647173,15.4013088159263,21.3532150607912));
#1922=CARTESIAN_POINT('',(-25.4109531647173,15.4013088159263,21.3532150607912));
#1923=CARTESIAN_POINT('Origin',(0.0858337533879711,-0.0986908374919274,
21.3532150607913));
#1924=CARTESIAN_POINT('Origin',(26.932620669773,15.4013088159263,21.3532150607913));
#1925=CARTESIAN_POINT('',(28.282620669773,15.4013088159263,21.3532150607913));
#1926=CARTESIAN_POINT('Origin',(0.0858337533879731,-0.0986908374919143,
21.0532150607913));
#1927=CARTESIAN_POINT('Ctrl Pts',(24.1060931204989,-13.1772855608066,21.3532150607913));
#1928=CARTESIAN_POINT('Ctrl Pts',(23.8943304704632,-13.0385534302861,21.1008927540891));
#1929=CARTESIAN_POINT('Ctrl Pts',(23.6864391730334,-12.9023575401977,20.8532142639157));
#1930=CARTESIAN_POINT('Origin',(22.7339104991701,-14.2508852090146,16.9532150607913));
#1931=CARTESIAN_POINT('',(23.6381085577777,-12.8706946892527,16.9532150607913));
#1932=CARTESIAN_POINT('',(21.8296930047245,-15.63106299577,16.9532150607913));
#1933=CARTESIAN_POINT('Origin',(21.8296930047245,-15.63106299577,16.9532150607913));
#1934=CARTESIAN_POINT('Origin',(25.2901000042612,-13.9529643573628,16.9532150607913));
#1935=CARTESIAN_POINT('Origin',(0.0858337525278307,0.12723277925983,17.6232151473253));
#1936=CARTESIAN_POINT('Origin',(0.0858337525278515,-31.0986901447177,21.3532150607912));
#1937=CARTESIAN_POINT('',(1.43583375252785,-31.0986901447177,21.3532150607912));
#1938=CARTESIAN_POINT('',(-0.0716111103469118,-0.0175450480836624,19.5532150607913));
#1939=CARTESIAN_POINT('',(0.017109939798054,0.125393220962953,3.79999999999999));
#1940=UNCERTAINTY_MEASURE_WITH_UNIT(LENGTH_MEASURE(0.01),#1948,
'DISTANCE_ACCURACY_VALUE',
'Maximum model space distance between geometric entities at asserted c
onnectivities');
#1941=UNCERTAINTY_MEASURE_WITH_UNIT(LENGTH_MEASURE(0.01),#1948,
'DISTANCE_ACCURACY_VALUE',
'Maximum model space distance between geometric entities at asserted c
onnectivities');
#1942=UNCERTAINTY_MEASURE_WITH_UNIT(LENGTH_MEASURE(0.01),#1948,
'DISTANCE_ACCURACY_VALUE',
'Maximum model space distance between geometric entities at asserted c
onnectivities');
#1943=UNCERTAINTY_MEASURE_WITH_UNIT(LENGTH_MEASURE(0.01),#1948,
'DISTANCE_ACCURACY_VALUE',
'Maximum model space distance between geometric entities at asserted c
onnectivities');
#1944=(
GEOMETRIC_REPRESENTATION_CONTEXT(3)
GLOBAL_UNCERTAINTY_ASSIGNED_CONTEXT((#1940))
GLOBAL_UNIT_ASSIGNED_CONTEXT((#1948,#1950,#1951))
REPRESENTATION_CONTEXT('','3D')
);
#1945=(
GEOMETRIC_REPRESENTATION_CONTEXT(3)
GLOBAL_UNCERTAINTY_ASSIGNED_CONTEXT((#1941))
GLOBAL_UNIT_ASSIGNED_CONTEXT((#1948,#1950,#1951))
REPRESENTATION_CONTEXT('','3D')
);
#1946=(
GEOMETRIC_REPRESENTATION_CONTEXT(3)
GLOBAL_UNCERTAINTY_ASSIGNED_CONTEXT((#1942))
GLOBAL_UNIT_ASSIGNED_CONTEXT((#1948,#1950,#1951))
REPRESENTATION_CONTEXT('','3D')
);
#1947=(
GEOMETRIC_REPRESENTATION_CONTEXT(3)
GLOBAL_UNCERTAINTY_ASSIGNED_CONTEXT((#1943))
GLOBAL_UNIT_ASSIGNED_CONTEXT((#1948,#1950,#1951))
REPRESENTATION_CONTEXT('','3D')
);
#1948=(
LENGTH_UNIT()
NAMED_UNIT(*)
SI_UNIT(.MILLI.,.METRE.)
);
#1949=(
LENGTH_UNIT()
NAMED_UNIT(*)
SI_UNIT($,.METRE.)
);
#1950=(
NAMED_UNIT(*)
PLANE_ANGLE_UNIT()
SI_UNIT($,.RADIAN.)
);
#1951=(
NAMED_UNIT(*)
SI_UNIT($,.STERADIAN.)
SOLID_ANGLE_UNIT()
);
#1952=SHAPE_DEFINITION_REPRESENTATION(#1955,#1960);
#1953=SHAPE_DEFINITION_REPRESENTATION(#1956,#1961);
#1954=SHAPE_DEFINITION_REPRESENTATION(#1957,#1962);
#1955=PRODUCT_DEFINITION_SHAPE('',$,#1964);
#1956=PRODUCT_DEFINITION_SHAPE('',$,#1965);
#1957=PRODUCT_DEFINITION_SHAPE('',$,#1966);
#1958=PRODUCT_DEFINITION_SHAPE($,$,#17);
#1959=PRODUCT_DEFINITION_SHAPE($,$,#18);
#1960=SHAPE_REPRESENTATION('',(#1148,#1260),#1944);
#1961=SHAPE_REPRESENTATION('',(#1149,#1259),#1945);
#1962=SHAPE_REPRESENTATION('',(#1150),#1946);
#1963=PRODUCT_DEFINITION_CONTEXT('part definition',#1974,'design');
#1964=PRODUCT_DEFINITION('Basilisk','Basilisk v45',#1967,#1963);
#1965=PRODUCT_DEFINITION('Basilisk_1','Basilisk',#1968,#1963);
#1966=PRODUCT_DEFINITION('embase_P1','embase_P1',#1969,#1963);
#1967=PRODUCT_DEFINITION_FORMATION('',$,#1976);
#1968=PRODUCT_DEFINITION_FORMATION('',$,#1977);
#1969=PRODUCT_DEFINITION_FORMATION('',$,#1978);
#1970=PRODUCT_RELATED_PRODUCT_CATEGORY('Basilisk v45','Basilisk v45',(#1976));
#1971=PRODUCT_RELATED_PRODUCT_CATEGORY('Basilisk','Basilisk',(#1977));
#1972=PRODUCT_RELATED_PRODUCT_CATEGORY('embase_P1','embase_P1',(#1978));
#1973=APPLICATION_PROTOCOL_DEFINITION('international standard',
'automotive_design',2009,#1974);
#1974=APPLICATION_CONTEXT(
'Core Data for Automotive Mechanical Design Process');
#1975=PRODUCT_CONTEXT('part definition',#1974,'mechanical');
#1976=PRODUCT('Basilisk','Basilisk v45',$,(#1975));
#1977=PRODUCT('Basilisk_1','Basilisk',$,(#1975));
#1978=PRODUCT('embase_P1','embase_P1',$,(#1975));
#1979=PRESENTATION_STYLE_ASSIGNMENT((#1981));
#1980=PRESENTATION_STYLE_ASSIGNMENT((#1982));
#1981=SURFACE_STYLE_USAGE(.BOTH.,#1983);
#1982=SURFACE_STYLE_USAGE(.BOTH.,#1984);
#1983=SURFACE_SIDE_STYLE('',(#1985));
#1984=SURFACE_SIDE_STYLE('',(#1986));
#1985=SURFACE_STYLE_FILL_AREA(#1987);
#1986=SURFACE_STYLE_FILL_AREA(#1988);
#1987=FILL_AREA_STYLE('Acier - Satin\X\E9',(#1989));
#1988=FILL_AREA_STYLE('Plastique - Brillant (noir)',(#1990));
#1989=FILL_AREA_STYLE_COLOUR('Acier - Satin\X\E9',#1991);
#1990=FILL_AREA_STYLE_COLOUR('Plastique - Brillant (noir)',#1992);
#1991=COLOUR_RGB('Acier - Satin\X\E9',0.627450980392157,0.627450980392157,
0.627450980392157);
#1992=COLOUR_RGB('Plastique - Brillant (noir)',0.0980392156862745,0.0980392156862745,
0.0980392156862745);
ENDSEC;
END-ISO-10303-21;
