23:02:11.710 * rxflood 109
23:02:11.712 * tx 70059 F0 1D 00 01 3C 03 C2 2E 00 B2 11 B2 11 1C 00 00 06 00 00 02 00 02 01 00 00 00 FA 02 55
23:02:11.713 * tx 70060 F0 16 00 01 3C 04 00 00 19 81 00 00 3D 00 00 00 01 00 00 2F 01 55
23:02:11.732 * rx 70063 +0/105#745 F0 69 00 01 3C 05 B2 11 B2 11 00 00 00 00 07 2A 00 2A 00 54 01 54 01 00 00 00 0D 02 80 A1 46 05 46 05 5D 01 00 00 C1 2C 6A 5F 41 19 E5 E7 A6 B3 CC ED 00 00 00 00 00 00 00 00 00 00 00 00 00 00
23:02:11.733 * rx 70063 +64/105#745 00 00 00 00 01 00 00 00 00 00 00 00 00 00 00 00 00 00 00 00 00 00 00 40 05 00 00 00 00 00 00 00 00 00 00 00 00 00 8E 0C 55
23:02:11.734 * rx 70064 F0 30 00 01 3C 06 02 00 BD 3F 00 10 10 31 36 12 78 00 00 00 00 19 00 00 00 00 BD 3F 00 05 3D 00 00 00 00 00 00 00 00 00 00 00 00 00 00 D9 03 55
23:02:11.735 * tx 70077 F0 1D 00 01 3D 03 C2 2E 00 B2 11 B2 11 1C 00 00 06 00 00 02 00 02 01 00 00 00 FB 02 55
23:02:11.736 * tx 70077 F0 16 00 01 3D 04 00 00 19 81 00 00 3D 00 00 00 01 00 00 30 01 55
23:02:11.737 * rx 70080 +0/105#749 F0 69 00 01 3D 05 B2 11 B2 11 00 00 00 00 07 2A 00 2A 00 54 01 54 01 00 00 00 0D 02 80 A1 46 05 46 05 5D 01 00 00 C1 2C 6A 5F 41 19 36 30 F0 F8 F8 00 00 00 00 00 00 00 00 00 00 00 00 00 00 00
23:02:11.737 * rx 70080 +64/105#749 00 00 00 00 01 00 00 00 00 00 00 00 00 00 00 00 00 00 00 00 00 00 00 40 05 00 00 00 00 00 00 00 00 00 00 00 00 00 F7 0A 55
23:02:11.738 * rx 70080 F0 30 00 01 3D 06 02 00 BD 3F 00 10 10 31 36 12 78 00 00 00 00 19 00 00 00 00 BD 3F 00 05 3D 00 00 00 00 00 00 00 00 00 00 00 00 00 00 DA 03 55
23:02:11.751 * tx 70094 F0 1D 00 01 3E 03 C2 2E 00 B2 11 B2 11 1C 00 00 06 00 00 02 00 02 01 00 00 00 FC 02 55
23:02:11.752 * tx 70094 F0 16 00 01 3E 04 00 00 19 81 00 00 3D 00 00 00 01 00 00 31 01 55
23:02:11.754 * rx 70097 +0/105#753 F0 69 00 01 3E 05 B2 11 B2 11 00 00 00 00 07 2A 00 2A 00 54 01 54 01 00 00 00 0D 02 80 A1 46 05 46 05 5D 01 00 00 C1 2C 6A 5F 41 19 36 30 F0 F8 F8 00 00 00 00 00 00 00 00 00 00 00 00 00 00 00
23:02:11.755 * rx 70097 +64/105#753 00 00 00 00 01 00 00 00 00 00 00 00 00 00 00 00 00 00 00 00 00 00 00 40 05 00 00 00 00 00 00 00 00 00 00 00 00 00 F8 0A 55
23:02:11.756 * rx 70097 F0 30 00 01 3E 06 02 00 BD 3F 00 10 10 31 36 12 78 00 00 00 00 19 00 00 00 00 BD 3F 00 05 3D 00 00 00 00 00 00 00 00 00 00 00 00 00 00 DB 03 55
23:02:11.771 * tx 70110 F0 1D 00 01 3F 03 C2 2E 00 B2 11 B2 11 1C 00 00 06 00 00 02 00 02 01 00 00 00 FD 02 55
23:02:11.772 * tx 70110 F0 16 00 01 3F 04 00 00 19 81 00 00 3D 00 00 00 01 00 00 32 01 55
23:02:11.772 * rx 70113 +0/105#757 F0 69 00 01 3F 05 B2 11 B2 11 00 00 00 00 07 2A 00 2A 00 54 01 54 01 00 00 00 0D 02 80 A1 46 05 46 05 5D 01 00 00 C1 2C 6A 5F 41 19 36 30 F0 F8 F8 00 00 00 00 00 00 00 00 00 00 00 00 00 00 00
23:02:11.772 * rx 70113 +64/105#757 00 00 00 00 01 00 00 00 00 00 00 00 00 00 00 00 00 00 00 00 00 00 00 40 05 00 00 00 00 00 00 00 00 00 00 00 00 00 F9 0A 55
23:02:11.773 * rx 70114 F0 30 00 01 3F 06 02 00 BD 3F 00 10 10 31 36 12 78 00 00 00 00 19 00 00 00 00 BD 3F 00 05 3D 00 00 00 00 00 00 00 00 00 00 00 00 00 00 DC 03 55
23:02:11.791 * tx 70127 F0 1D 00 01 40 03 C2 2E 00 B2 11 B2 11 1C 00 00 06 00 00 02 00 02 01 00 00 00 FE 02 55
23:02:11.792 * tx 70127 F0 16 00 01 40 04 00 00 19 81 00 00 3D 00 00 00 01 00 00 33 01 55
23:02:11.793 * rx 70130 +0/105#761 F0 69 00 01 40 05 B2 11 B2 11 00 00 00 00 07 2A 00 2A 00 54 01 54 01 00 00 00 0D 02 80 A1 46 05 46 05 5D 01 00 00 C1 2C 6A 5F 41 19 E5 E7 A6 B3 CC ED 00 00 00 00 00 00 00 00 00 00 00 00 00 00
23:02:11.794 * rx 70130 +64/105#761 00 00 00 00 01 00 00 00 00 00 00 00 00 00 00 00 00 00 00 00 00 00 00 40 05 00 00 00 00 00 00 00 00 00 00 00 00 00 92 0C 55
23:02:11.795 * rx 70131 F0 30 00 01 40 06 02 00 BD 3F 00 10 10 31 36 12 78 00 00 00 00 19 00 00 00 00 BD 3F 00 05 3D 00 00 00 00 00 00 00 00 00 00 00 00 00 00 DD 03 55
23:02:11.810 * tx 70144 F0 1D 00 01 41 03 C2 2E 00 B2 11 B2 11 1C 00 00 06 00 00 02 00 02 01 00 00 00 FF 02 55
23:02:11.812 * tx 70145 F0 16 00 01 41 04 00 00 19 81 00 00 3D 00 00 00 01 00 00 34 01 55
23:02:11.812 * rx 70147 +0/105#765 F0 69 00 01 41 05 B2 11 B2 11 00 00 00 00 07 2A 00 2A 00 54 01 54 01 00 00 00 0D 02 80 A1 46 05 46 05 5D 01 00 00 C1 2C 6A 5F 41 19 E5 E7 A6 B3 CC ED 00 00 00 00 00 00 00 00 00 00 00 00 00 00
23:02:11.813 * rx 70147 +64/105#765 00 00 00 00 01 00 00 00 00 00 00 00 00 00 00 00 00 00 00 00 00 00 00 40 05 00 00 00 00 00 00 00 00 00 00 00 00 00 93 0C 55
23:02:12.710 * rxflood 109
23:02:12.712 * tx 71059 F0 1D 00 01 78 03 C2 2E 00 B2 11 B2 11 1C 00 00 06 00 00 02 00 02 01 00 00 00 36 03 55
23:02:12.714 * tx 71060 F0 16 00 01 78 04 00 00 19 81 00 00 3D 00 00 00 01 00 00 6B 01 55
23:02:12.732 * rx 71063 +0/105#985 F0 69 00 01 78 05 B2 11 B2 11 00 00 00 00 07 2A 00 2A 00 54 01 54 01 00 00 00 0D 02 80 A1 46 05 46 05 5D 01 00 00 C1 2C 6A 5F 41 19 E5 E7 A6 B3 CC ED 00 00 00 00 00 00 00 00 00 00 00 00 00 00
23:02:12.736 * rx 71063 +64/105#985 00 00 00 00 01 00 00 00 00 00 00 00 00 00 00 00 00 00 00 00 00 00 00 40 05 00 00 00 00 00 00 00 00 00 00 00 00 00 CA 0C 55
23:02:12.738 * rx 71064 F0 30 00 01 78 06 02 00 BD 3F 00 10 10 31 36 12 78 00 00 00 00 19 00 00 00 00 BD 3F 00 05 3D 00 00 00 00 00 00 00 00 00 00 00 00 00 00 15 04 55
23:02:12.739 * tx 71077 F0 1D 00 01 79 03 C2 2E 00 B2 11 B2 11 1C 00 00 06 00 00 02 00 02 01 00 00 00 37 03 55
23:02:12.741 * tx 71077 F0 16 00 01 79 04 00 00 19 81 00 00 3D 00 00 00 01 00 00 6C 01 55
23:02:12.744 * rx 71080 +0/105#989 F0 69 00 01 79 05 B2 11 B2 11 00 00 00 00 07 2A 00 2A 00 54 01 54 01 00 00 00 0D 02 80 A1 46 05 46 05 5D 01 00 00 C1 2C 6A 5F 41 19 36 30 F0 F8 F8 00 00 00 00 00 00 00 00 00 00 00 00 00 00 00
23:02:12.746 * rx 71080 +64/105#989 00 00 00 00 01 00 00 00 00 00 00 00 00 00 00 00 00 00 00 00 00 00 00 40 05 00 00 00 00 00 00 00 00 00 00 00 00 00 33 0B 55
23:02:12.748 * rx 71081 F0 30 00 01 79 06 02 00 BD 3F 00 10 10 31 36 12 78 00 00 00 00 19 00 00 00 00 BD 3F 00 05 3D 00 00 00 00 00 00 00 00 00 00 00 00 00 00 16 04 55
23:02:12.754 * tx 71093 F0 1D 00 01 7A 03 C2 2E 00 B2 11 B2 11 1C 00 00 06 00 00 02 00 02 01 00 00 00 38 03 55
23:02:12.756 * tx 71094 F0 16 00 01 7A 04 00 00 19 81 00 00 3D 00 00 00 01 00 00 6D 01 55
23:02:12.758 * rx 71097 +0/105#993 F0 69 00 01 7A 05 B2 11 B2 11 00 00 00 00 07 2A 00 2A 00 54 01 54 01 00 00 00 0D 02 80 A1 46 05 46 05 5D 01 00 00 C1 2C 6A 5F 41 19 E5 E7 A6 B3 CC ED 00 00 00 00 00 00 00 00 00 00 00 00 00 00
23:02:12.760 * rx 71097 +64/105#993 00 00 00 00 01 00 00 00 00 00 00 00 00 00 00 00 00 00 00 00 00 00 00 40 05 00 00 00 00 00 00 00 00 00 00 00 00 00 CC 0C 55
23:02:12.765 * rx 71097 F0 30 00 01 7A 06 02 00 BD 3F 00 10 10 31 36 12 78 00 00 00 00 19 00 00 00 00 BD 3F 00 05 3D 00 00 00 00 00 00 00 00 00 00 00 00 00 00 17 04 55
23:02:12.771 * tx 71109 F0 1D 00 01 7B 03 C2 2E 00 B2 11 B2 11 1C 00 00 06 00 00 02 00 02 01 00 00 00 39 03 55
23:02:12.775 * tx 71110 F0 16 00 01 7B 04 00 00 19 81 00 00 3D 00 00 00 01 00 00 6E 01 55
23:02:12.779 * rx 71113 +0/105#997 F0 69 00 01 7B 05 B2 11 B2 11 00 00 00 00 07 2A 00 2A 00 54 01 54 01 00 00 00 0D 02 80 A1 46 05 46 05 5D 01 00 00 C1 2C 6A 5F 41 19 36 30 F0 F8 F8 00 00 00 00 00 00 00 00 00 00 00 00 00 00 00
23:02:12.781 * rx 71113 +64/105#997 00 00 00 00 01 00 00 00 00 00 00 00 00 00 00 00 00 00 00 00 00 00 00 40 05 00 00 00 00 00 00 00 00 00 00 00 00 00 35 0B 55
23:02:12.784 * rx 71114 F0 30 00 01 7B 06 02 00 BD 3F 00 10 10 31 36 12 78 00 00 00 00 19 00 00 00 00 BD 3F 00 05 3D 00 00 00 00 00 00 00 00 00 00 00 00 00 00 18 04 55
23:02:12.793 * tx 71127 F0 1D 00 01 7C 03 C2 2E 00 B2 11 B2 11 1C 00 00 06 00 00 02 00 02 01 00 00 00 3A 03 55
23:02:12.796 * tx 71127 F0 16 00 01 7C 04 00 00 19 81 00 00 3D 00 00 00 01 00 00 6F 01 55
23:02:12.799 * rx 71130 +0/105#1001 F0 69 00 01 7C 05 B2 11 B2 11 00 00 00 00 07 2A 00 2A 00 54 01 54 01 00 00 00 0D 02 80 A1 46 05 46 05 5D 01 00 00 C1 2C 6A 5F 41 19 E5 E7 A6 B3 CC ED 00 00 00 00 00 00 00 00 00 00 00 00 00 00
23:02:12.802 * rx 71130 +64/105#1001 00 00 00 00 01 00 00 00 00 00 00 00 00 00 00 00 00 00 00 00 00 00 00 40 05 00 00 00 00 00 00 00 00 00 00 00 00 00 CE 0C 55
23:02:12.805 * rx 71130 F0 30 00 01 7C 06 02 00 BD 3F 00 10 10 31 36 12 78 00 00 00 00 19 00 00 00 00 BD 3F 00 05 3D 00 00 00 00 00 00 00 00 00 00 00 00 00 00 19 04 55
23:02:12.813 * tx 71144 F0 1D 00 01 7D 03 C2 2E 00 B2 11 B2 11 1C 00 00 06 00 00 02 00 02 01 00 00 00 3B 03 55
23:02:12.815 * tx 71145 F0 16 00 01 7D 04 00 00 19 81 00 00 3D 00 00 00 01 00 00 70 01 55
23:02:12.818 * rx 71146 +0/105#1005 F0 69 00 01 7D 05 B2 11 B2 11 00 00 00 00 07 2A 00 2A 00 54 01 54 01 00 00 00 0D 02 80 A1 46 05 46 05 5D 01 00 00 C1 2C 6A 5F 41 19 E5 E7 A6 B3 CC ED 00 00 00 00 00 00 00 00 00 00 00 00 00 00
23:02:12.820 * rx 71146 +64/105#1005 00 00 00 00 01 00 00 00 00 00 00 00 00 00 00 00 00 00 00 00 00 00 00 40 05 00 00 00 00 00 00 00 00 00 00 00 00 00 CF 0C 55
23:02:13.710 * rxflood 109
23:02:13.715 * tx 72059 F0 1D 00 01 B4 03 C2 2E 00 B2 11 B2 11 1C 00 00 06 00 00 02 00 02 01 00 00 00 72 03 55
23:02:13.718 * tx 72060 F0 16 00 01 B4 04 00 00 19 81 00 00 3D 00 00 00 01 00 00 A7 01 55
23:02:13.733 * rx 72063 +0/105#1225 F0 69 00 01 B4 05 B2 11 B2 11 00 00 00 00 07 2A 00 2A 00 54 01 54 01 00 00 00 0D 02 80 A1 46 05 46 05 5D 01 00 00 C1 2C 6A 5F 41 19 E5 E7 A6 B3 CC ED 00 00 00 00 00 00 00 00 00 00 00 00 00 00
23:02:13.737 * rx 72063 +64/105#1225 00 00 00 00 01 00 00 00 00 00 00 00 00 00 00 00 00 00 00 00 00 00 00 40 05 00 00 00 00 00 00 00 00 00 00 00 00 00 06 0D 55
23:02:13.740 * rx 72064 F0 30 00 01 B4 06 02 00 BD 3F 00 10 10 31 36 12 78 00 00 00 00 19 00 00 00 00 BD 3F 00 05 3D 00 00 00 00 00 00 00 00 00 00 00 00 00 00 51 04 55
23:02:13.743 * tx 72077 F0 1D 00 01 B5 03 C2 2E 00 B2 11 B2 11 1C 00 00 06 00 00 02 00 02 01 00 00 00 73 03 55
23:02:13.747 * tx 72077 F0 16 00 01 B5 04 00 00 19 81 00 00 3D 00 00 00 01 00 00 A8 01 55
23:02:13.752 * rx 72080 +0/105#1229 F0 69 00 01 B5 05 B2 11 B2 11 00 00 00 00 07 2A 00 2A 00 54 01 54 01 00 00 00 0D 02 80 A1 46 05 46 05 5D 01 00 00 C1 2C 6A 5F 41 19 36 30 F0 F8 F8 00 00 00 00 00 00 00 00 00 00 00 00 00 00 00
23:02:13.755 * rx 72080 +64/105#1229 00 00 00 00 01 00 00 00 00 00 00 00 00 00 00 00 00 00 00 00 00 00 00 40 05 00 00 00 00 00 00 00 00 00 00 00 00 00 6F 0B 55
23:02:13.758 * rx 72080 F0 30 00 01 B5 06 02 00 BD 3F 00 10 10 31 36 12 78 00 00 00 00 19 00 00 00 00 BD 3F 00 05 3D 00 00 00 00 00 00 00 00 00 00 00 00 00 00 52 04 55
23:02:13.761 * tx 72094 F0 1D 00 01 B6 03 C2 2E 00 B2 11 B2 11 1C 00 00 06 00 00 02 00 02 01 00 00 00 74 03 55
23:02:13.763 * tx 72094 F0 16 00 01 B6 04 00 00 19 81 00 00 3D 00 00 00 01 00 00 A9 01 55
23:02:13.771 * rx 72097 +0/105#1233 F0 69 00 01 B6 05 B2 11 B2 11 00 00 00 00 07 2A 00 2A 00 54 01 54 01 00 00 00 0D 02 80 A1 46 05 46 05 5D 01 00 00 C1 2C 6A 5F 41 19 E5 E7 A6 B3 CC ED 00 00 00 00 00 00 00 00 00 00 00 00 00 00
23:02:13.774 * rx 72097 +64/105#1233 00 00 00 00 01 00 00 00 00 00 00 00 00 00 00 00 00 00 00 00 00 00 00 40 05 00 00 00 00 00 00 00 00 00 00 00 00 00 08 0D 55
23:02:13.779 * rx 72097 F0 30 00 01 B6 06 02 00 BD 3F 00 10 10 31 36 12 78 00 00 00 00 19 00 00 00 00 BD 3F 00 05 3D 00 00 00 00 00 00 00 00 00 00 00 00 00 00 53 04 55
23:02:13.783 * tx 72110 F0 1D 00 01 B7 03 C2 2E 00 B2 11 B2 11 1C 00 00 06 00 00 02 00 02 01 00 00 00 75 03 55
23:02:13.787 * tx 72110 F0 16 00 01 B7 04 00 00 19 81 00 00 3D 00 00 00 01 00 00 AA 01 55
23:02:13.791 * rx 72113 +0/105#1237 F0 69 00 01 B7 05 B2 11 B2 11 00 00 00 00 07 2A 00 2A 00 54 01 54 01 00 00 00 0D 02 80 A1 46 05 46 05 5D 01 00 00 C1 2C 6A 5F 41 19 36 30 F0 F8 F8 00 00 00 00 00 00 00 00 00 00 00 00 00 00 00
23:02:13.795 * rx 72113 +64/105#1237 00 00 00 00 01 00 00 00 00 00 00 00 00 00 00 00 00 00 00 00 00 00 00 40 05 00 00 00 00 00 00 00 00 00 00 00 00 00 71 0B 55
23:02:13.799 * rx 72114 F0 30 00 01 B7 06 02 00 BD 3F 00 10 10 31 36 12 78 00 00 00 00 19 00 00 00 00 BD 3F 00 05 3D 00 00 00 00 00 00 00 00 00 00 00 00 00 00 54 04 55
23:02:13.802 * tx 72127 F0 1D 00 01 B8 03 C2 2E 00 B2 11 B2 11 1C 00 00 06 00 00 02 00 02 01 00 00 00 76 03 55
23:02:13.805 * tx 72127 F0 16 00 01 B8 04 00 00 19 81 00 00 3D 00 00 00 01 00 00 AB 01 55
23:02:13.808 * rx 72130 +0/105#1241 F0 69 00 01 B8 05 B2 11 B2 11 00 00 00 00 07 2A 00 2A 00 54 01 54 01 00 00 00 0D 02 80 A1 46 05 46 05 5D 01 00 00 C1 2C 6A 5F 41 19 E5 E7 A6 B3 CC ED 00 00 00 00 00 00 00 00 00 00 00 00 00 00
23:02:13.812 * rx 72130 +64/105#1241 00 00 00 00 01 00 00 00 00 00 00 00 00 00 00 00 00 00 00 00 00 00 00 40 05 00 00 00 00 00 00 00 00 00 00 00 00 00 0A 0D 55
23:02:13.819 * rx 72130 F0 30 00 01 B8 06 02 00 BD 3F 00 10 10 31 36 12 78 00 00 00 00 19 00 00 00 00 BD 3F 00 05 3D 00 00 00 00 00 00 00 00 00 00 00 00 00 00 55 04 55
23:02:13.821 * tx 72144 F0 1D 00 01 B9 03 C2 2E 00 B2 11 B2 11 1C 00 00 06 00 00 02 00 02 01 00 00 00 77 03 55
23:02:13.823 * tx 72145 F0 16 00 01 B9 04 00 00 19 81 00 00 3D 00 00 00 01 00 00 AC 01 55
23:02:13.825 * rx 72147 +0/105#1245 F0 69 00 01 B9 05 B2 11 B2 11 00 00 00 00 07 2A 00 2A 00 54 01 54 01 00 00 00 0D 02 80 A1 46 05 46 05 5D 01 00 00 C1 2C 6A 5F 41 19 E5 E7 A6 B3 CC ED 00 00 00 00 00 00 00 00 00 00 00 00 00 00
23:02:13.829 * rx 72147 +64/105#1245 00 00 00 00 01 00 00 00 00 00 00 00 00 00 00 00 00 00 00 00 00 00 00 40 05 00 00 00 00 00 00 00 00 00 00 00 00 00 0B 0D 55
23:02:14.710 * rxflood 109
23:02:14.717 * tx 73059 F0 1D 00 01 00 03 C2 2E 00 B2 11 B2 11 1C 00 00 06 00 00 02 00 02 01 00 00 00 BE 02 55
23:02:14.722 * tx 73060 F0 16 00 01 00 04 00 00 19 81 00 00 3D 00 00 00 01 00 00 F3 00 55
23:02:14.732 * rx 73063 +0/105#1465 F0 69 00 01 00 05 B2 11 B2 11 00 00 00 00 07 2A 00 2A 00 54 01 54 01 00 00 00 00 07 80 FF 46 05 46 05 5D 01 00 00 C1 34 6C 62 43 18 E5 E7 A6 B3 CC ED 00 00 00 00 00 00 00 00 00 00 00 00 00 00
23:02:14.736 * rx 73063 +64/105#1465 00 00 FF 00 01 00 00 00 00 00 00 00 00 00 00 00 00 00 00 00 00 00 00 46 05 00 00 00 00 00 00 00 00 00 00 00 00 00 BB 0D 55
23:02:14.741 * rx 73064 F0 30 00 01 00 06 12 00 F8 35 00 10 10 31 36 12 78 00 00 00 00 19 00 00 00 00 F8 35 00 05 46 00 00 00 00 00 00 00 00 00 00 00 00 00 00 18 04 55
23:02:14.752 * tx 73077 F0 1D 00 01 01 03 C2 2E 00 B2 11 B2 11 1C 00 00 06 00 00 02 00 02 01 00 00 00 BF 02 55
23:02:14.758 * tx 73077 F0 16 00 01 01 04 00 00 19 81 00 00 3D 00 00 00 01 00 00 F4 00 55
23:02:14.763 * rx 73080 +0/105#1469 F0 69 00 01 01 05 B2 11 B2 11 00 00 00 00 07 2A 00 2A 00 54 01 54 01 00 00 00 00 07 80 FF 46 05 46 05 5D 01 00 00 C1 34 6C 62 43 18 36 30 F8 F8 F8 00 00 00 00 00 00 00 00 00 00 00 00 00 00 00
23:02:14.767 * rx 73080 +64/105#1469 00 00 FF 00 01 00 00 00 00 00 00 00 00 00 00 00 00 00 00 00 00 00 00 46 05 00 00 00 00 00 00 00 00 00 00 00 00 00 2C 0C 55
23:02:14.773 * rx 73080 F0 30 00 01 01 06 12 00 F8 35 00 10 10 31 36 12 78 00 00 00 00 19 00 00 00 00 F8 35 00 05 46 00 00 00 00 00 00 00 00 00 00 00 00 00 00 19 04 55
23:02:14.777 * tx 73094 F0 1D 00 01 02 03 C2 2E 00 B2 11 B2 11 1C 00 00 06 00 00 02 00 02 01 00 00 00 C0 02 55
23:02:14.781 * tx 73094 F0 16 00 01 02 04 00 00 19 81 00 00 3D 00 00 00 01 00 00 F5 00 55
23:02:14.786 * rx 73097 +0/105#1473 F0 69 00 01 02 05 B2 11 B2 11 00 00 00 00 07 2A 00 2A 00 54 01 54 01 00 00 00 00 07 80 FF 46 05 46 05 5D 01 00 00 C1 34 6C 62 43 18 E5 E7 A6 B3 CC ED 00 00 00 00 00 00 00 00 00 00 00 00 00 00
23:02:14.790 * rx 73097 +64/105#1473 00 00 FF 00 01 00 00 00 00 00 00 00 00 00 00 00 00 00 00 00 00 00 00 46 05 00 00 00 00 00 00 00 00 00 00 00 00 00 BD 0D 55
23:02:14.794 * rx 73098 F0 30 00 01 02 06 12 00 F8 35 00 10 10 31 36 12 78 00 00 00 00 19 00 00 00 00 F8 35 00 05 46 00 00 00 00 00 00 00 00 00 00 00 00 00 00 1A 04 55
23:02:14.797 * tx 73109 F0 1D 00 01 03 03 C2 2E 00 B2 11 B2 11 1C 00 00 06 00 00 02 00 02 01 00 00 00 C1 02 55
23:02:14.809 * tx 73110 F0 16 00 01 03 04 00 00 19 81 00 00 3D 00 00 00 01 00 00 F6 00 55
23:02:14.812 * rx 73113 +0/105#1477 F0 69 00 01 03 05 B2 11 B2 11 00 00 00 00 07 2A 00 2A 00 54 01 54 01 00 00 00 00 07 80 FF 46 05 46 05 5D 01 00 00 C1 34 6C 62 43 18 36 30 F8 F8 F8 00 00 00 00 00 00 00 00 00 00 00 00 00 00 00
23:02:14.815 * rx 73113 +64/105#1477 00 00 FF 00 01 00 00 00 00 00 00 00 00 00 00 00 00 00 00 00 00 00 00 46 05 00 00 00 00 00 00 00 00 00 00 00 00 00 2E 0C 55
23:02:14.817 * rx 73114 F0 30 00 01 03 06 12 00 F8 35 00 10 10 31 36 12 78 00 00 00 00 19 00 00 00 00 F8 35 00 05 46 00 00 00 00 00 00 00 00 00 00 00 00 00 00 1B 04 55
23:02:14.821 * tx 73127 F0 1D 00 01 04 03 C2 2E 00 B2 11 B2 11 1C 00 00 06 00 00 02 00 02 01 00 00 00 C2 02 55
23:02:14.824 * tx 73127 F0 16 00 01 04 04 00 00 19 81 00 00 3D 00 00 00 01 00 00 F7 00 55
23:02:14.827 * rx 73130 +0/105#1481 F0 69 00 01 04 05 B2 11 B2 11 00 00 00 00 07 2A 00 2A 00 54 01 54 01 00 00 00 00 07 80 FF 46 05 46 05 5D 01 00 00 C1 34 6C 62 43 18 E5 E7 A6 B3 CC ED 00 00 00 00 00 00 00 00 00 00 00 00 00 00
23:02:14.838 * rx 73130 +64/105#1481 00 00 FF 00 01 00 00 00 00 00 00 00 00 00 00 00 00 00 00 00 00 00 00 46 05 00 00 00 00 00 00 00 00 00 00 00 00 00 BF 0D 55
23:02:14.842 * rx 73131 F0 30 00 01 04 06 12 00 F8 35 00 10 10 31 36 12 78 00 00 00 00 19 00 00 00 00 F8 35 00 05 46 00 00 00 00 00 00 00 00 00 00 00 00 00 00 1C 04 55
23:02:14.845 * tx 73144 F0 1D 00 01 05 03 C2 2E 00 B2 11 B2 11 1C 00 00 06 00 00 02 00 02 01 00 00 00 C3 02 55
23:02:14.848 * tx 73145 F0 16 00 01 05 04 00 00 19 81 00 00 3D 00 00 00 01 00 00 F8 00 55
23:02:14.851 * rx 73147 +0/105#1485 F0 69 00 01 05 05 B2 11 B2 11 00 00 00 00 07 2A 00 2A 00 54 01 54 01 00 00 00 00 07 80 FF 46 05 46 05 5D 01 00 00 C1 34 6C 62 43 18 E5 E7 A6 B3 CC ED 00 00 00 00 00 00 00 00 00 00 00 00 00 00
23:02:14.855 * rx 73147 +64/105#1485 00 00 FF 00 01 00 00 00 00 00 00 00 00 00 00 00 00 00 00 00 00 00 00 46 05 00 00 00 00 00 00 00 00 00 00 00 00 00 C0 0D 55
23:02:15.711 * rxflood 109
23:02:15.721 * tx 74059 F0 1D 00 01 3C 03 C2 2E 00 B2 11 B2 11 1C 00 00 06 00 00 02 00 02 01 00 00 00 FA 02 55
23:02:15.729 * tx 74060 F0 16 00 01 3C 04 00 00 19 81 00 00 3D 00 00 00 01 00 00 2F 01 55
23:02:15.737 * rx 74063 +0/105#1705 F0 69 00 01 3C 05 B2 11 B2 11 00 00 00 00 07 2A 00 2A 00 54 01 54 01 00 00 00 C2 01 C0 8D 46 05 46 05 5D 01 00 00 C1 20 67 59 3D 1A E5 E7 A6 B3 CC ED 00 00 00 00 00 00 00 00 00 00 00 00 00 00
23:02:15.748 * rx 74063 +64/105#1705 00 00 01 00 01 00 00 00 00 00 00 00 00 00 00 00 00 00 00 00 00 00 00 83 05 00 00 00 00 00 00 00 00 00 00 00 00 00 9A 0D 55
23:02:15.753 * rx 74064 F0 30 00 01 3C 06 02 02 02 49 00 10 10 31 36 12 78 00 00 00 00 19 00 00 00 00 E2 48 00 05 2D 00 00 00 00 00 00 00 FC F9 F8 F9 F8 F9 F8 17 0A 55
23:02:15.762 * tx 74077 F0 1D 00 01 3D 03 C2 2E 00 B2 11 B2 11 1C 00 00 06 00 00 02 00 02 01 00 00 00 FB 02 55
23:02:15.769 * tx 74077 F0 16 00 01 3D 04 00 00 19 81 00 00 3D 00 00 00 01 00 00 30 01 55
23:02:15.777 * rx 74080 +0/105#1709 F0 69 00 01 3D 05 B2 11 B2 11 00 00 00 00 07 2A 00 2A 00 54 01 54 01 00 00 00 C1 01 C0 8D 46 05 46 05 5D 01 00 00 C1 20 67 59 3D 1A 36 40 F8 F8 F8 00 00 00 00 00 00 00 00 00 00 00 00 00 00 00
23:02:15.785 * rx 74080 +64/105#1709 00 00 01 00 01 00 00 00 00 00 00 00 00 00 00 00 00 00 00 00 00 00 00 7D 05 00 00 00 00 00 00 00 00 00 00 00 00 00 14 0C 55
23:02:15.797 * rx 74081 F0 30 00 01 3D 06 02 02 1A 49 00 10 10 31 36 12 78 00 00 00 00 19 00 00 00 00 02 49 00 05 2D 00 00 00 00 00 00 00 FC FC FC FC FC FC FC 66 09 55
23:02:15.804 * tx 74093 F0 1D 00 01 3E 03 C2 2E 00 B2 11 B2 11 1C 00 00 06 00 00 02 00 02 01 00 00 00 FC 02 55
23:02:15.812 * tx 74094 F0 16 00 01 3E 04 00 00 19 81 00 00 3D 00 00 00 01 00 00 31 01 55
23:02:15.817 * rx 74097 +0/105#1713 F0 69 00 01 3E 05 B2 11 B2 11 00 00 00 00 07 2A 00 2A 00 54 01 54 01 00 00 00 C1 01 C0 8D 46 05 46 05 5D 01 00 00 C1 20 67 59 3C 1A E5 E7 A6 B3 CC ED 00 00 00 00 00 00 00 00 00 00 00 00 00 00
23:02:15.821 * rx 74097 +64/105#1713 00 00 01 00 01 00 00 00 00 00 00 00 00 00 00 00 00 00 00 00 00 00 00 83 05 00 00 00 00 00 00 00 00 00 00 00 00 00 9A 0D 55
23:02:15.825 * rx 74098 F0 30 00 01 3E 06 02 02 2E 49 00 10 10 31 36 12 78 00 00 00 00 19 00 00 00 00 1A 49 00 05 2D 00 00 00 00 00 00 00 FC FC FC FD 00 00 00 A0 06 55
23:02:15.830 * tx 74109 F0 1D 00 01 3F 03 C2 2E 00 B2 11 B2 11 1C 00 00 06 00 00 02 00 02 01 00 00 00 FD 02 55
23:02:15.836 * tx 74110 F0 16 00 01 3F 04 00 00 19 81 00 00 3D 00 00 00 01 00 00 32 01 55
23:02:15.843 * rx 74113 +0/105#1717 F0 69 00 01 3F 05 B2 11 B2 11 00 00 00 00 07 2A 00 2A 00 54 01 54 01 00 00 00 C0 01 C0 8D 46 05 46 05 5D 01 00 00 C1 20 67 59 3C 1A 36 40 F8 F8 F8 00 00 00 00 00 00 00 00 00 00 00 00 00 00 00
23:02:15.848 * rx 74113 +64/105#1717 00 00 01 00 01 00 00 00 00 00 00 00 00 00 00 00 00 00 00 00 00 00 00 7F 05 00 00 00 00 00 00 00 00 00 00 00 00 00 16 0C 55
23:02:15.852 * rx 74114 F0 30 00 01 3F 06 02 02 36 49 00 10 10 31 36 12 78 00 00 00 00 19 00 00 00 00 2E 49 00 05 2D 00 00 00 00 00 00 00 00 FC FC 00 00 00 00 C4 04 55
23:02:15.856 * tx 74127 F0 1D 00 01 40 03 C2 2E 00 B2 11 B2 11 1C 00 00 06 00 00 02 00 02 01 00 00 00 FE 02 55
23:02:15.859 * tx 74127 F0 16 00 01 40 04 00 00 19 81 00 00 3D 00 00 00 01 00 00 33 01 55
23:02:15.866 * rx 74130 +0/105#1721 F0 69 00 01 40 05 B2 11 B2 11 00 00 00 00 07 2A 00 2A 00 54 01 54 01 00 00 00 C0 01 C0 8D 46 05 46 05 5D 01 00 00 C1 20 67 59 3C 1A E5 E7 A6 B3 CC ED 00 00 00 00 00 00 00 00 00 00 00 00 00 00
23:02:15.875 * rx 74130 +64/105#1721 00 00 01 00 01 00 00 00 00 00 00 00 00 00 00 00 00 00 00 00 00 00 00 81 05 00 00 00 00 00 00 00 00 00 00 00 00 00 99 0D 55
23:02:15.880 * rx 74131 F0 30 00 01 40 06 02 02 3C 49 00 10 10 31 36 12 78 00 00 00 00 19 00 00 00 00 36 49 00 05 2D 00 00 00 00 00 00 00 FE 00 00 00 00 00 00 D9 03 55
23:02:15.884 * tx 74144 F0 1D 00 01 41 03 C2 2E 00 B2 11 B2 11 1C 00 00 06 00 00 02 00 02 01 00 00 00 FF 02 55
23:02:15.888 * tx 74144 F0 16 00 01 41 04 00 00 19 81 00 00 3D 00 00 00 01 00 00 34 01 55
23:02:15.893 * rx 74147 +0/105#1725 F0 69 00 01 41 05 B2 11 B2 11 00 00 00 00 07 2A 00 2A 00 54 01 54 01 00 00 00 C0 01 C0 8D 46 05 46 05 5D 01 00 00 C1 20 67 59 3C 1A E5 E7 A6 B3 CC ED 00 00 00 00 00 00 00 00 00 00 00 00 00 00
23:02:15.904 * rx 74147 +64/105#1725 00 00 01 00 01 00 00 00 00 00 00 00 00 00 00 00 00 00 00 00 00 00 00 82 05 00 00 00 00 00 00 00 00 00 00 00 00 00 9B 0D 55
23:02:16.710 * rxflood 109
23:02:16.719 * tx 75059 F0 1D 00 01 78 03 C2 2E 00 B2 11 B2 11 1C 00 00 06 00 00 02 00 02 01 00 00 00 36 03 55
23:02:16.725 * tx 75060 F0 16 00 01 78 04 00 00 19 81 00 00 3D 00 00 00 01 00 00 6B 01 55
23:02:16.731 * rx 75063 +0/105#1945 F0 69 00 01 78 05 B2 11 B2 11 00 00 00 00 07 2A 00 2A 00 54 01 54 01 00 00 00 DE 02 C0 D6 46 05 46 05 5D 01 00 00 C1 33 6C 62 43 18 E5 E7 A6 B3 CC ED 00 00 00 00 00 00 00 00 00 00 00 00 00 00
23:02:16.745 * rx 75063 +64/105#1945 00 00 00 00 01 00 00 00 00 00 00 00 00 00 00 00 00 00 00 00 00 00 00 0F 05 00 00 00 00 00 00 00 00 00 00 00 00 00 EC 0D 55
23:02:16.749 * rx 75064 F0 30 00 01 78 06 02 04 C7 39 00 10 10 31 36 12 78 00 00 00 00 19 00 00 00 00 C8 39 00 05 3D 00 00 00 00 00 00 00 00 00 00 00 00 00 00 22 04 55
23:02:16.755 * tx 75077 F0 1D 00 01 79 03 C2 2E 00 B2 11 B2 11 1C 00 00 06 00 00 02 00 02 01 00 00 00 37 03 55
23:02:16.758 * tx 75077 F0 16 00 01 79 04 00 00 19 81 00 00 3D 00 00 00 01 00 00 6C 01 55
23:02:16.762 * rx 75080 +0/105#1949 F0 69 00 01 79 05 B2 11 B2 11 00 00 00 00 07 2A 00 2A 00 54 01 54 01 00 00 00 DE 02 C0 D6 46 05 46 05 5D 01 00 00 C1 33 6C 62 43 18 36 30 F8 F8 F8 F8 00 00 00 00 00 00 00 00 00 00 00 00 00 00
23:02:16.772 * rx 75080 +64/105#1949 00 00 00 00 01 00 00 00 00 00 00 00 00 00 00 00 00 00 00 00 00 00 00 0F 05 00 00 00 00 00 00 00 00 00 00 00 00 00 55 0D 55
23:02:16.775 * rx 75080 F0 30 00 01 79 06 02 00 C7 39 00 10 10 31 36 12 78 00 00 00 00 19 00 00 00 00 C7 39 00 05 3D 00 00 00 00 00 00 00 00 00 00 00 00 00 00 1E 04 55
23:02:16.779 * tx 75094 F0 1D 00 01 7A 03 C2 2E 00 B2 11 B2 11 1C 00 00 06 00 00 02 00 02 01 00 00 00 38 03 55
23:02:16.782 * tx 75094 F0 16 00 01 7A 04 00 00 19 81 00 00 3D 00 00 00 01 00 00 6D 01 55
23:02:16.786 * rx 75097 +0/105#1953 F0 69 00 01 7A 05 B2 11 B2 11 00 00 00 00 07 2A 00 2A 00 54 01 54 01 00 00 00 DE 02 80 D6 46 05 46 05 5D 01 00 00 C1 33 6C 62 43 18 E5 E7 A6 B3 CC ED 00 00 00 00 00 00 00 00 00 00 00 00 00 00
23:02:16.796 * rx 75097 +64/105#1953 00 00 00 00 01 00 00 00 00 00 00 00 00 00 00 00 00 00 00 00 00 00 00 0F 05 00 00 00 00 00 00 00 00 00 00 00 00 00 AE 0D 55
23:02:16.801 * rx 75097 F0 30 00 01 7A 06 02 00 C7 39 00 10 10 31 36 12 78 00 00 00 00 19 00 00 00 00 C7 39 00 05 3D 00 00 00 00 00 00 00 00 00 00 00 00 00 00 1F 04 55
23:02:16.806 * tx 75109 F0 1D 00 01 7B 03 C2 2E 00 B2 11 B2 11 1C 00 00 06 00 00 02 00 02 01 00 00 00 39 03 55
23:02:16.810 * tx 75110 F0 16 00 01 7B 04 00 00 19 81 00 00 3D 00 00 00 01 00 00 6E 01 55
23:02:16.814 * rx 75113 +0/105#1957 F0 69 00 01 7B 05 B2 11 B2 11 00 00 00 00 07 2A 00 2A 00 54 01 54 01 00 00 00 DE 02 80 D6 46 05 46 05 5D 01 00 00 C1 33 6C 62 43 18 36 30 F8 F8 F8 F8 00 00 00 00 00 00 00 00 00 00 00 00 00 00
23:02:16.823 * rx 75113 +64/105#1957 00 00 00 00 01 00 00 00 00 00 00 00 00 00 00 00 00 00 00 00 00 00 00 0F 05 00 00 00 00 00 00 00 00 00 00 00 00 00 17 0D 55
23:02:16.830 * rx 75114 F0 30 00 01 7B 06 02 00 C7 39 00 10 10 31 36 12 78 00 00 00 00 19 00 00 00 00 C7 39 00 05 3D 00 00 00 00 00 00 00 00 00 00 00 00 00 00 20 04 55
23:02:16.833 * tx 75127 F0 1D 00 01 7C 03 C2 2E 00 B2 11 B2 11 1C 00 00 06 00 00 02 00 02 01 00 00 00 3A 03 55
23:02:16.838 * tx 75127 F0 16 00 01 7C 04 00 00 19 81 00 00 3D 00 00 00 01 00 00 6F 01 55
23:02:16.845 * rx 75130 +0/105#1961 F0 69 00 01 7C 05 B2 11 B2 11 00 00 00 00 07 2A 00 2A 00 54 01 54 01 00 00 00 DE 02 80 D6 46 05 46 05 5D 01 00 00 C1 33 6C 62 43 18 E5 E7 A6 B3 CC ED 00 00 00 00 00 00 00 00 00 00 00 00 00 00
23:02:16.853 * rx 75130 +64/105#1961 00 00 FF 00 01 00 00 00 00 00 00 00 00 00 00 00 00 00 00 00 00 00 00 0F 05 00 00 00 00 00 00 00 00 00 00 00 00 00 AF 0E 55
23:02:16.857 * rx 75131 F0 30 00 01 7C 06 02 00 C7 39 00 10 10 31 36 12 78 00 00 00 00 19 00 00 00 00 C7 39 00 05 3D 00 00 00 00 00 00 00 00 00 00 00 00 00 00 21 04 55
23:02:16.861 * tx 75144 F0 1D 00 01 7D 03 C2 2E 00 B2 11 B2 11 1C 00 00 06 00 00 02 00 02 01 00 00 00 3B 03 55
23:02:16.864 * tx 75145 F0 16 00 01 7D 04 00 00 19 81 00 00 3D 00 00 00 01 00 00 70 01 55
23:02:16.870 * rx 75147 +0/105#1965 F0 69 00 01 7D 05 B2 11 B2 11 00 00 00 00 07 2A 00 2A 00 54 01 54 01 00 00 00 DE 02 80 D6 46 05 46 05 5D 01 00 00 C1 33 6C 62 43 18 E5 E7 A6 B3 CC ED 00 00 00 00 00 00 00 00 00 00 00 00 00 00
23:02:16.878 * rx 75147 +64/105#1965 00 00 FF 00 01 00 00 00 00 00 00 00 00 00 00 00 00 00 00 00 00 00 00 0F 05 00 00 00 00 00 00 00 00 00 00 00 00 00 B0 0E 55
23:02:17.710 * rxflood 109
23:02:17.714 * tx 76059 F0 1D 00 01 B4 03 C2 2E 00 B2 11 B2 11 1C 00 00 06 00 00 02 00 02 01 00 00 00 72 03 55
23:02:17.718 * tx 76060 F0 16 00 01 B4 04 00 00 19 81 00 00 3D 00 00 00 01 00 00 A7 01 55
23:02:17.732 * rx 76063 +0/105#2185 F0 69 00 01 B4 05 B2 11 B2 11 00 00 00 00 07 2A 00 2A 00 54 01 54 01 00 00 00 00 07 80 FF 46 05 46 05 5D 01 00 00 C1 34 6C 62 43 18 E5 E7 A6 B3 CC ED 00 00 00 00 00 00 00 00 00 00 00 00 00 00
23:02:17.737 * rx 76063 +64/105#2185 00 00 FF 00 01 00 00 00 00 00 00 00 00 00 00 00 00 00 00 00 00 00 00 46 05 00 00 00 00 00 00 00 00 00 00 00 00 00 6F 0E 55
23:02:17.741 * rx 76064 F0 30 00 01 B4 06 52 00 9B 35 00 10 10 31 36 12 78 00 00 00 00 19 00 00 00 00 9B 35 00 05 46 00 00 00 00 00 00 00 00 00 00 00 00 00 00 52 04 55
23:02:17.744 * tx 76077 F0 1D 00 01 B5 03 C2 2E 00 B2 11 B2 11 1C 00 00 06 00 00 02 00 02 01 00 00 00 73 03 55
23:02:17.752 * tx 76077 F0 16 00 01 B5 04 00 00 19 81 00 00 3D 00 00 00 01 00 00 A8 01 55
23:02:17.756 * rx 76079 +0/105#2189 F0 69 00 01 B5 05 B2 11 B2 11 00 00 00 00 07 2A 00 2A 00 54 01 54 01 00 00 00 00 07 80 FF 46 05 46 05 5D 01 00 00 C1 34 6C 62 43 18 36 30 F8 F8 F8 00 00 00 00 00 00 00 00 00 00 00 00 00 00 00
23:02:17.759 * rx 76079 +64/105#2189 00 00 FF 00 01 00 00 00 00 00 00 00 00 00 00 00 00 00 00 00 00 00 00 46 05 00 00 00 00 00 00 00 00 00 00 00 00 00 E0 0C 55
23:02:17.763 * rx 76080 F0 30 00 01 B5 06 52 00 9B 35 00 10 10 31 36 12 78 00 00 00 00 19 00 00 00 00 9B 35 00 05 46 00 00 00 00 00 00 00 00 00 00 00 00 00 00 53 04 55
23:02:17.773 * tx 76093 F0 1D 00 01 B6 03 C2 2E 00 B2 11 B2 11 1C 00 00 06 00 00 02 00 02 01 00 00 00 74 03 55
23:02:17.777 * tx 76094 F0 16 00 01 B6 04 00 00 19 81 00 00 3D 00 00 00 01 00 00 A9 01 55
23:02:17.782 * rx 76097 +0/105#2193 F0 69 00 01 B6 05 B2 11 B2 11 00 00 00 00 07 2A 00 2A 00 54 01 54 01 00 00 00 00 07 80 FF 46 05 46 05 5D 01 00 00 C1 34 6C 62 43 18 E5 E7 A6 B3 CC ED 00 00 00 00 00 00 00 00 00 00 00 00 00 00
23:02:17.788 * rx 76097 +64/105#2193 00 00 FF 00 01 00 00 00 00 00 00 00 00 00 00 00 00 00 00 00 00 00 00 46 05 00 00 00 00 00 00 00 00 00 00 00 00 00 71 0E 55
23:02:17.798 * rx 76097 F0 30 00 01 B6 06 52 00 9B 35 00 10 10 31 36 12 78 00 00 00 00 19 00 00 00 00 9B 35 00 05 46 00 00 00 00 00 00 00 00 00 00 00 00 00 00 54 04 55
23:02:17.803 * tx 76109 F0 1D 00 01 B7 03 C2 2E 00 B2 11 B2 11 1C 00 00 06 00 00 02 00 02 01 00 00 00 75 03 55
23:02:17.807 * tx 76110 F0 16 00 01 B7 04 00 00 19 81 00 00 3D 00 00 00 01 00 00 AA 01 55
23:02:17.811 * rx 76113 +0/105#2197 F0 69 00 01 B7 05 B2 11 B2 11 00 00 00 00 07 2A 00 2A 00 54 01 54 01 00 00 00 00 07 80 FF 46 05 46 05 5D 01 00 00 C1 34 6C 62 43 18 36 30 F8 F8 F8 00 00 00 00 00 00 00 00 00 00 00 00 00 00 00
23:02:17.822 * rx 76113 +64/105#2197 00 00 FF 00 01 00 00 00 00 00 00 00 00 00 00 00 00 00 00 00 00 00 00 46 05 00 00 00 00 00 00 00 00 00 00 00 00 00 E2 0C 55
23:02:17.829 * rx 76114 F0 30 00 01 B7 06 52 00 9B 35 00 10 10 31 36 12 78 00 00 00 00 19 00 00 00 00 9B 35 00 05 46 00 00 00 00 00 00 00 00 00 00 00 00 00 00 55 04 55
23:02:17.834 * tx 76127 F0 1D 00 01 B8 03 C2 2E 00 B2 11 B2 11 1C 00 00 06 00 00 02 00 02 01 00 00 00 76 03 55
23:02:17.838 * tx 76127 F0 16 00 01 B8 04 00 00 19 81 00 00 3D 00 00 00 01 00 00 AB 01 55
23:02:17.851 * rx 76130 +0/105#2201 F0 69 00 01 B8 05 B2 11 B2 11 00 00 00 00 07 2A 00 2A 00 54 01 54 01 00 00 00 00 07 80 FF 46 05 46 05 5D 01 00 00 C1 34 6C 62 43 18 E5 E7 A6 B3 CC ED 00 00 00 00 00 00 00 00 00 00 00 00 00 00
23:02:17.859 * rx 76130 +64/105#2201 00 00 00 00 01 00 00 00 00 00 00 00 00 00 00 00 00 00 00 00 00 00 00 46 05 00 00 00 00 00 00 00 00 00 00 00 00 00 74 0D 55
23:02:17.865 * rx 76130 F0 30 00 01 B8 06 52 00 9B 35 00 10 10 31 36 12 78 00 00 00 00 19 00 00 00 00 9B 35 00 05 46 00 00 00 00 00 00 00 00 00 00 00 00 00 00 56 04 55
23:02:17.871 * tx 76144 F0 1D 00 01 B9 03 C2 2E 00 B2 11 B2 11 1C 00 00 06 00 00 02 00 02 01 00 00 00 77 03 55
23:02:17.880 * tx 76145 F0 16 00 01 B9 04 00 00 19 81 00 00 3D 00 00 00 01 00 00 AC 01 55
23:02:17.886 * rx 76147 +0/105#2205 F0 69 00 01 B9 05 B2 11 B2 11 00 00 00 00 07 2A 00 2A 00 54 01 54 01 00 00 00 00 07 80 FF 46 05 46 05 5D 01 00 00 C1 34 6C 62 43 18 E5 E7 A6 B3 CC ED 00 00 00 00 00 00 00 00 00 00 00 00 00 00
23:02:17.890 * rx 76147 +64/105#2205 00 00 00 00 01 00 00 00 00 00 00 00 00 00 00 00 00 00 00 00 00 00 00 46 05 00 00 00 00 00 00 00 00 00 00 00 00 00 75 0D 55
23:02:18.710 * rxflood 109
23:02:18.715 * tx 77059 F0 1D 00 01 00 03 C2 2E 00 B2 11 B2 11 1C 00 00 06 00 00 02 00 02 01 00 00 00 BE 02 55
23:02:18.721 * tx 77060 F0 16 00 01 00 04 00 00 19 81 00 00 3D 00 00 00 01 00 00 F3 00 55
23:02:18.732 * rx 77063 +0/105#2425 F0 69 00 01 00 05 B2 11 B2 11 00 00 00 00 07 2A 00 2A 00 54 01 54 01 00 00 00 00 07 80 FF 46 05 46 05 5D 01 00 00 C1 34 6C 62 43 18 E5 E7 A6 B3 CC ED 00 00 00 00 00 00 00 00 00 00 00 00 00 00
23:02:18.742 * rx 77063 +64/105#2425 00 00 FF 00 01 00 00 00 00 00 00 00 00 00 00 00 00 00 00 00 00 00 00 46 05 00 00 00 00 00 00 00 00 00 00 00 00 00 BB 0D 55
23:02:18.748 * rx 77064 F0 30 00 01 00 06 52 00 9B 35 00 10 10 31 36 12 78 00 00 00 00 19 00 00 00 00 9B 35 00 05 46 00 00 00 00 00 00 00 00 00 00 00 00 00 00 9E 03 55
23:02:18.755 * tx 77077 F0 1D 00 01 01 03 C2 2E 00 B2 11 B2 11 1C 00 00 06 00 00 02 00 02 01 00 00 00 BF 02 55
23:02:18.761 * tx 77077 F0 16 00 01 01 04 00 00 19 81 00 00 3D 00 00 00 01 00 00 F4 00 55
23:02:18.771 * rx 77079 +0/105#2429 F0 69 00 01 01 05 B2 11 B2 11 00 00 00 00 07 2A 00 2A 00 54 01 54 01 00 00 00 00 07 80 FF 46 05 46 05 5D 01 00 00 C1 34 6C 62 43 18 36 30 F8 F8 F8 00 00 00 00 00 00 00 00 00 00 00 00 00 00 00
23:02:18.776 * rx 77079 +64/105#2429 00 00 FF 00 01 00 00 00 00 00 00 00 00 00 00 00 00 00 00 00 00 00 00 46 05 00 00 00 00 00 00 00 00 00 00 00 00 00 2C 0C 55
23:02:18.782 * rx 77080 F0 30 00 01 01 06 52 00 9B 35 00 10 10 31 36 12 78 00 00 00 00 19 00 00 00 00 9B 35 00 05 46 00 00 00 00 00 00 00 00 00 00 00 00 00 00 9F 03 55
23:02:18.787 * tx 77093 F0 1D 00 01 02 03 C2 2E 00 B2 11 B2 11 1C 00 00 06 00 00 02 00 02 01 00 00 00 C0 02 55
23:02:18.800 * tx 77094 F0 16 00 01 02 04 00 00 19 81 00 00 3D 00 00 00 01 00 00 F5 00 55
23:02:18.805 * rx 77097 +0/105#2433 F0 69 00 01 02 05 B2 11 B2 11 00 00 00 00 07 2A 00 2A 00 54 01 54 01 00 00 00 00 07 80 FF 46 05 46 05 5D 01 00 00 C1 34 6C 62 43 18 E5 E7 A6 B3 CC ED 00 00 00 00 00 00 00 00 00 00 00 00 00 00
23:02:18.810 * rx 77097 +64/105#2433 00 00 FF 00 01 00 00 00 00 00 00 00 00 00 00 00 00 00 00 00 00 00 00 46 05 00 00 00 00 00 00 00 00 00 00 00 00 00 BD 0D 55
23:02:18.816 * rx 77097 F0 30 00 01 02 06 52 00 9B 35 00 10 10 31 36 12 78 00 00 00 00 19 00 00 00 00 9B 35 00 05 46 00 00 00 00 00 00 00 00 00 00 00 00 00 00 A0 03 55
23:02:18.827 * tx 77110 F0 1D 00 01 03 03 C2 2E 00 B2 11 B2 11 1C 00 00 06 00 00 02 00 02 01 00 00 00 C1 02 55
23:02:18.834 * tx 77110 F0 16 00 01 03 04 00 00 19 81 00 00 3D 00 00 00 01 00 00 F6 00 55
23:02:18.840 * rx 77113 +0/105#2437 F0 69 00 01 03 05 B2 11 B2 11 00 00 00 00 07 2A 00 2A 00 54 01 54 01 00 00 00 00 07 80 FF 46 05 46 05 5D 01 00 00 C1 34 6C 62 43 18 36 30 F8 F8 F8 00 00 00 00 00 00 00 00 00 00 00 00 00 00 00
23:02:18.847 * rx 77113 +64/105#2437 00 00 FF 00 01 00 00 00 00 00 00 00 00 00 00 00 00 00 00 00 00 00 00 46 05 00 00 00 00 00 00 00 00 00 00 00 00 00 2E 0C 55
23:02:18.856 * rx 77114 F0 30 00 01 03 06 52 00 9B 35 00 10 10 31 36 12 78 00 00 00 00 19 00 00 00 00 9B 35 00 05 46 00 00 00 00 00 00 00 00 00 00 00 00 00 00 A1 03 55
23:02:18.861 * tx 77127 F0 1D 00 01 04 03 C2 2E 00 B2 11 B2 11 1C 00 00 06 00 00 02 00 02 01 00 00 00 C2 02 55
23:02:18.866 * tx 77127 F0 16 00 01 04 04 00 00 19 81 00 00 3D 00 00 00 01 00 00 F7 00 55
23:02:18.875 * rx 77130 +0/105#2441 F0 69 00 01 04 05 B2 11 B2 11 00 00 00 00 07 2A 00 2A 00 54 01 54 01 00 00 00 00 07 80 FF 46 05 46 05 5D 01 00 00 C1 34 6C 62 43 18 E5 E7 A6 B3 CC ED 00 00 00 00 00 00 00 00 00 00 00 00 00 00
23:02:18.887 * rx 77130 +64/105#2441 00 00 FF 00 01 00 00 00 00 00 00 00 00 00 00 00 00 00 00 00 00 00 00 46 05 00 00 00 00 00 00 00 00 00 00 00 00 00 BF 0D 55
23:02:18.895 * rx 77130 F0 30 00 01 04 06 52 00 9B 35 00 10 10 31 36 12 78 00 00 00 00 19 00 00 00 00 9B 35 00 05 46 00 00 00 00 00 00 00 00 00 00 00 00 00 00 A2 03 55
23:02:18.901 * tx 77144 F0 1D 00 01 05 03 C2 2E 00 B2 11 B2 11 1C 00 00 06 00 00 02 00 02 01 00 00 00 C3 02 55
23:02:18.909 * tx 77144 F0 16 00 01 05 04 00 00 19 81 00 00 3D 00 00 00 01 00 00 F8 00 55
23:02:18.920 * rx 77147 +0/105#2445 F0 69 00 01 05 05 B2 11 B2 11 00 00 00 00 07 2A 00 2A 00 54 01 54 01 00 00 00 00 07 80 FF 46 05 46 05 5D 01 00 00 C1 34 6C 62 43 18 E5 E7 A6 B3 CC ED 00 00 00 00 00 00 00 00 00 00 00 00 00 00
23:02:18.927 * rx 77147 +64/105#2445 00 00 FF 00 01 00 00 00 00 00 00 00 00 00 00 00 00 00 00 00 00 00 00 46 05 00 00 00 00 00 00 00 00 00 00 00 00 00 C0 0D 55
23:02:19.710 * rxflood 109
23:02:19.729 * tx 78059 F0 1D 00 01 3C 03 C2 2E 00 B2 11 B2 11 1C 00 00 06 00 00 02 00 02 01 00 00 00 FA 02 55
23:02:19.740 * tx 78060 F0 16 00 01 3C 04 00 00 19 81 00 00 3D 00 00 00 01 00 00 2F 01 55
23:02:19.748 * rx 78063 +0/105#2665 F0 69 00 01 3C 05 B2 11 B2 11 00 00 00 00 07 2A 00 2A 00 54 01 54 01 00 00 00 00 07 C0 FF 46 05 46 05 5D 01 00 00 C1 34 6C 62 43 18 E5 E7 A6 B3 CC ED 00 00 00 00 00 00 00 00 00 00 00 00 00 00
23:02:19.759 * rx 78063 +64/105#2665 00 00 01 00 01 00 00 00 00 00 00 00 00 00 00 00 00 00 00 00 00 00 00 46 05 00 00 00 00 00 00 00 00 00 00 00 00 00 39 0D 55
23:02:19.777 * rx 78064 F0 30 00 01 3C 06 12 02 A2 35 00 10 10 31 36 12 78 00 00 00 00 19 00 00 00 00 9C 35 00 05 46 00 00 00 00 00 00 00 FE 00 00 00 00 00 00 A2 04 55
23:02:19.785 * tx 78077 F0 1D 00 01 3D 03 C2 2E 00 B2 11 B2 11 1C 00 00 06 00 00 02 00 02 01 00 00 00 FB 02 55
23:02:19.791 * tx 78077 F0 16 00 01 3D 04 00 00 19 81 00 00 3D 00 00 00 01 00 00 30 01 55
23:02:19.800 * rx 78080 +0/105#2669 F0 69 00 01 3D 05 B2 11 B2 11 00 00 00 00 07 2A 00 2A 00 54 01 54 01 00 00 00 00 07 C0 FF 46 05 46 05 5D 01 00 00 C1 34 6C 62 43 18 36 30 F8 F8 F8 00 00 00 00 00 00 00 00 00 00 00 00 00 00 00
23:02:19.807 * rx 78080 +64/105#2669 00 00 01 00 01 00 00 00 00 00 00 00 00 00 00 00 00 00 00 00 00 00 00 46 05 00 00 00 00 00 00 00 00 00 00 00 00 00 AA 0B 55
23:02:19.813 * rx 78080 F0 30 00 01 3D 06 12 02 BA 35 00 10 10 31 36 12 78 00 00 00 00 19 00 00 00 00 A2 35 00 05 46 00 00 00 00 00 00 00 FC 00 00 00 00 00 00 BF 04 55
23:02:19.824 * tx 78093 F0 1D 00 01 3E 03 C2 2E 00 B2 11 B2 11 1C 00 00 06 00 00 02 00 02 01 00 00 00 FC 02 55
23:02:19.831 * tx 78094 F0 16 00 01 3E 04 00 00 19 81 00 00 3D 00 00 00 01 00 00 31 01 55
23:02:19.838 * rx 78097 +0/105#2673 F0 69 00 01 3E 05 B2 11 B2 11 00 00 00 00 07 2A 00 2A 00 54 01 54 01 00 00 00 00 07 C0 FF 46 05 46 05 5D 01 00 00 C1 34 6C 62 43 18 E5 E7 A6 B3 CC ED 00 00 00 00 00 00 00 00 00 00 00 00 00 00
23:02:19.848 * rx 78097 +64/105#2673 00 00 01 00 01 00 00 00 00 00 00 00 00 00 00 00 00 00 00 00 00 00 00 46 05 00 00 00 00 00 00 00 00 00 00 00 00 00 3B 0D 55
23:02:19.856 * rx 78098 F0 30 00 01 3E 06 12 02 DE 35 00 10 10 31 36 12 78 00 00 00 00 19 00 00 00 00 BA 35 00 05 46 00 00 00 00 00 00 00 FB FC FC FC 00 00 00 EF 07 55
23:02:19.862 * tx 78110 F0 1D 00 01 3F 03 C2 2E 00 B2 11 B2 11 1C 00 00 06 00 00 02 00 02 01 00 00 00 FD 02 55
23:02:19.875 * tx 78110 F0 16 00 01 3F 04 00 00 19 81 00 00 3D 00 00 00 01 00 00 32 01 55
23:02:19.882 * rx 78113 +0/105#2677 F0 69 00 01 3F 05 B2 11 B2 11 00 00 00 00 07 2A 00 2A 00 54 01 54 01 00 00 00 00 07 C0 FF 46 05 46 05 5D 01 00 00 C1 34 6C 62 43 18 36 30 F8 F8 F8 00 00 00 00 00 00 00 00 00 00 00 00 00 00 00
23:02:19.887 * rx 78113 +64/105#2677 00 00 01 00 01 00 00 00 00 00 00 00 00 00 00 00 00 00 00 00 00 00 00 46 05 00 00 00 00 00 00 00 00 00 00 00 00 00 AC 0B 55
23:02:19.898 * rx 78114 F0 30 00 01 3F 06 12 02 26 36 00 10 10 31 36 12 78 00 00 00 00 19 00 00 00 00 DE 35 00 05 46 00 00 00 00 00 00 00 F7 FC FB FC FB FC FF 4E 0A 55
23:02:19.906 * tx 78127 F0 1D 00 01 40 03 C2 2E 00 B2 11 B2 11 1C 00 00 06 00 00 02 00 02 01 00 00 00 FE 02 55
23:02:19.912 * tx 78127 F0 16 00 01 40 04 00 00 19 81 00 00 3D 00 00 00 01 00 00 33 01 55
23:02:19.924 * rx 78130 +0/105#2681 F0 69 00 01 40 05 B2 11 B2 11 00 00 00 00 07 2A 00 2A 00 54 01 54 01 00 00 00 00 07 C0 FF 46 05 46 05 5D 01 00 00 C1 34 6C 62 43 18 E5 E7 A6 B3 CC ED 00 00 00 00 00 00 00 00 00 00 00 00 00 00
23:02:19.933 * rx 78130 +64/105#2681 00 00 01 00 01 00 00 00 00 00 00 00 00 00 00 00 00 00 00 00 00 00 00 46 05 00 00 00 00 00 00 00 00 00 00 00 00 00 3D 0D 55
23:02:19.940 * rx 78131 F0 30 00 01 40 06 12 02 7A 36 00 10 10 31 36 12 78 00 00 00 00 19 00 00 00 00 26 36 00 05 46 00 00 00 00 00 00 00 F5 F7 F7 F7 F7 F7 F9 CD 09 55
23:02:19.953 * tx 78144 F0 1D 00 01 41 03 C2 2E 00 B2 11 B2 11 1C 00 00 06 00 00 02 00 02 01 00 00 00 FF 02 55
23:02:19.962 * tx 78144 F0 16 00 01 41 04 00 00 19 81 00 00 3D 00 00 00 01 00 00 34 01 55
23:02:19.971 * rx 78147 +0/105#2685 F0 69 00 01 41 05 B2 11 B2 11 00 00 00 00 07 2A 00 2A 00 54 01 54 01 00 00 00 00 07 C0 FF 46 05 46 05 5D 01 00 00 C1 34 6C 62 43 18 E5 E7 A6 B3 CC ED 00 00 00 00 00 00 00 00 00 00 00 00 00 00
23:02:19.987 * rx 78147 +64/105#2685 00 00 01 00 01 00 00 00 00 00 00 00 00 00 00 00 00 00 00 00 00 00 00 46 05 00 00 00 00 00 00 00 00 00 00 00 00 00 3E 0D 55
23:02:20.714 * rxflood 109
23:02:20.726 * tx 79059 F0 1D 00 01 78 03 C2 2E 00 B2 11 B2 11 1C 00 00 06 00 00 02 00 02 01 00 00 00 36 03 55
23:02:20.751 * tx 79060 F0 16 00 01 78 04 00 00 19 81 00 00 3D 00 00 00 01 00 00 6B 01 55
23:02:20.764 * rx 79063 +0/105#2905 F0 69 00 01 78 05 B2 11 B2 11 00 00 00 00 07 2A 00 2A 00 54 01 54 01 00 00 00 A7 01 C0 86 46 05 46 05 5D 01 00 00 C1 18 65 56 3A 1A E5 E7 A6 B3 CC ED 00 00 00 00 00 00 00 00 00 00 00 00 00 00
23:02:20.775 * rx 79063 +64/105#2905 00 00 01 00 01 00 00 00 00 00 00 00 00 00 00 00 00 00 00 00 00 00 00 A4 05 00 00 00 00 00 00 00 00 00 00 00 00 00 C5 0D 55
23:02:20.795 * rx 79064 F0 30 00 01 78 06 02 02 22 4F 00 10 10 31 36 12 78 00 00 00 00 19 00 00 00 00 04 4E 00 05 2D 00 00 00 00 00 00 00 DC E1 E1 E1 E2 E1 E1 F5 08 55
23:02:20.805 * tx 79077 F0 1D 00 01 79 03 C2 2E 00 B2 11 B2 11 1C 00 00 06 00 00 02 00 02 01 00 00 00 37 03 55
23:02:20.815 * tx 79077 F0 16 00 01 79 04 00 00 19 81 00 00 3D 00 00 00 01 00 00 6C 01 55
23:02:20.833 * rx 79080 +0/105#2909 F0 69 00 01 79 05 B2 11 B2 11 00 00 00 00 07 2A 00 2A 00 54 01 54 01 00 00 00 A4 01 C0 85 46 05 46 05 5D 01 00 00 C1 17 64 55 3A 1A 36 50 F8 F8 F8 00 00 00 00 00 00 00 00 00 00 00 00 00 00 00
23:02:20.844 * rx 79080 +64/105#2909 00 00 01 00 01 00 00 00 00 00 00 00 00 00 00 00 00 00 00 00 00 00 00 AF 05 00 00 00 00 00 00 00 00 00 00 00 00 00 5A 0C 55
23:02:20.855 * rx 79081 F0 30 00 01 79 06 02 02 17 50 00 10 10 31 36 12 78 00 00 00 00 19 00 00 00 00 21 4F 00 05 26 00 00 00 00 00 00 00 E1 DD DC DC DC DC DC EA 08 55
23:02:20.872 * tx 79093 F0 1D 00 01 7A 03 C2 2E 00 B2 11 B2 11 1C 00 00 06 00 00 02 00 02 01 00 00 00 38 03 55
23:02:20.881 * tx 79094 F0 16 00 01 7A 04 00 00 19 81 00 00 3D 00 00 00 01 00 00 6D 01 55
23:02:20.888 * rx 79097 +0/105#2913 F0 69 00 01 7A 05 B2 11 B2 11 00 00 00 00 07 2A 00 2A 00 54 01 54 01 00 00 00 A1 01 C0 84 46 05 46 05 5D 01 00 00 C1 16 64 54 39 1A E5 E7 A6 B3 CC ED 00 00 00 00 00 00 00 00 00 00 00 00 00 00
23:02:20.902 * rx 79097 +64/105#2913 00 00 01 00 01 00 00 00 00 00 00 00 00 00 00 00 00 00 00 00 00 00 00 B1 05 00 00 00 00 00 00 00 00 00 00 00 00 00 C6 0D 55
23:02:20.911 * rx 79098 F0 30 00 01 7A 06 02 02 F2 50 00 10 10 31 36 12 78 00 00 00 00 19 00 00 00 00 17 50 00 05 26 00 00 00 00 00 00 00 E4 E1 E1 E2 E1 E1 E1 DE 09 55
23:02:20.919 * tx 79109 F0 1D 00 01 7B 03 C2 2E 00 B2 11 B2 11 1C 00 00 06 00 00 02 00 02 01 00 00 00 39 03 55
23:02:20.933 * tx 79110 F0 16 00 01 7B 04 00 00 19 81 00 00 3D 00 00 00 01 00 00 6E 01 55
23:02:20.943 * rx 79113 +0/105#2917 F0 69 00 01 7B 05 B2 11 B2 11 00 00 00 00 07 2A 00 2A 00 54 01 54 01 00 00 00 9F 01 C0 84 46 05 46 05 5D 01 00 00 C1 15 64 54 39 1A 36 50 F8 F8 F8 00 00 00 00 00 00 00 00 00 00 00 00 00 00 00
23:02:20.953 * rx 79113 +64/105#2917 00 00 01 00 01 00 00 00 00 00 00 00 00 00 00 00 00 00 00 00 00 00 00 B3 05 00 00 00 00 00 00 00 00 00 00 00 00 00 56 0C 55
23:02:20.971 * rx 79114 F0 30 00 01 7B 06 02 02 55 51 00 10 10 31 36 12 78 00 00 00 00 19 00 00 00 00 F1 50 00 05 26 00 00 00 00 00 00 00 F4 E5 E4 E5 E5 E4 E5 42 0A 55
23:02:20.983 * tx 79127 F0 1D 00 01 7C 03 C2 2E 00 B2 11 B2 11 1C 00 00 06 00 00 02 00 02 01 00 00 00 3A 03 55
23:02:20.991 * tx 79127 F0 16 00 01 7C 04 00 00 19 81 00 00 3D 00 00 00 01 00 00 6F 01 55
23:02:21.005 * rx 79130 +0/105#2921 F0 69 00 01 7C 05 B2 11 B2 11 00 00 00 00 07 2A 00 2A 00 54 01 54 01 00 00 00 9F 01 C0 84 46 05 46 05 5D 01 00 00 C1 15 64 54 39 1A E5 E7 A6 B3 CC ED 00 00 00 00 00 00 00 00 00 00 00 00 00 00
23:02:21.016 * rx 79130 +64/105#2921 00 00 01 00 01 00 00 00 00 00 00 00 00 00 00 00 00 00 00 00 00 00 00 BB 05 00 00 00 00 00 00 00 00 00 00 00 00 00 CF 0D 55
23:02:21.024 * rx 79131 F0 30 00 01 7C 06 02 02 A9 51 00 10 10 31 36 12 78 00 00 00 00 19 00 00 00 00 55 51 00 05 26 00 00 00 00 00 00 00 F5 F3 F4 F4 F3 F4 F4 57 0A 55
23:02:21.038 * tx 79144 F0 1D 00 01 7D 03 C2 2E 00 B2 11 B2 11 1C 00 00 06 00 00 02 00 02 01 00 00 00 3B 03 55
23:02:21.045 * tx 79144 F0 16 00 01 7D 04 00 00 19 81 00 00 3D 00 00 00 01 00 00 70 01 55
23:02:21.052 * rx 79147 +0/105#2925 F0 69 00 01 7D 05 B2 11 B2 11 00 00 00 00 07 2A 00 2A 00 54 01 54 01 00 00 00 9E 01 C0 83 46 05 46 05 5D 01 00 00 C1 15 64 54 39 1A E5 E7 A6 B3 CC ED 00 00 00 00 00 00 00 00 00 00 00 00 00 00
23:02:21.067 * rx 79147 +64/105#2925 00 00 01 00 01 00 00 00 00 00 00 00 00 00 00 00 00 00 00 00 00 00 00 BF 05 00 00 00 00 00 00 00 00 00 00 00 00 00 D2 0D 55
23:02:21.710 * rxflood 109
23:02:21.728 * tx 80059 F0 1D 00 01 B4 03 C2 2E 00 B2 11 B2 11 1C 00 00 06 00 00 02 00 02 01 00 00 00 72 03 55
23:02:21.745 * tx 80060 F0 16 00 01 B4 04 00 00 19 81 00 00 3D 00 00 00 01 00 00 A7 01 55
23:02:21.756 * rx 80063 +0/105#3145 F0 69 00 01 B4 05 B2 11 B2 11 00 00 00 00 07 2A 00 2A 00 54 01 54 01 00 00 00 75 01 C0 77 46 05 46 05 5D 01 00 00 C0 FE 5D 49 31 1C E5 E7 A6 B3 CC ED 00 00 00 00 00 00 00 00 00 00 00 00 00 00
23:02:21.764 * rx 80063 +64/105#3145 00 00 01 00 01 00 00 00 00 00 00 00 00 00 00 00 00 00 00 00 00 00 00 2C 06 00 00 00 00 00 00 00 00 00 00 00 00 00 12 0E 55
23:02:21.782 * rx 80064 F0 30 00 01 B4 06 02 02 F3 63 00 10 10 31 36 12 78 00 00 00 00 19 00 00 00 00 EB 63 00 05 18 00 00 00 00 00 00 00 FC 00 00 00 00 00 00 D6 05 55
23:02:21.791 * tx 80077 F0 1D 00 01 B5 03 C2 2E 00 B2 11 B2 11 1C 00 00 06 00 00 02 00 02 01 00 00 00 73 03 55
23:02:21.799 * tx 80077 F0 16 00 01 B5 04 00 00 19 81 00 00 3D 00 00 00 01 00 00 A8 01 55
23:02:21.816 * rx 80080 +0/105#3149 F0 69 00 01 B5 05 B2 11 B2 11 00 00 00 00 07 2A 00 2A 00 54 01 54 01 00 00 00 75 01 C0 77 46 05 46 05 5D 01 00 00 C0 FE 5D 49 31 1C 36 80 F8 F8 00 00 00 00 00 00 00 00 00 00 00 00 00 00 00 00
23:02:21.825 * rx 80080 +64/105#3149 00 00 01 00 01 00 00 00 00 00 00 00 00 00 00 00 00 00 00 00 00 00 00 30 06 00 00 00 00 00 00 00 00 00 00 00 00 00 DF 0B 55
23:02:21.835 * rx 80081 F0 30 00 01 B5 06 02 02 13 64 00 10 10 31 36 12 78 00 00 00 00 19 00 00 00 00 F3 63 00 05 18 00 00 00 00 00 00 00 FC 00 00 00 00 00 00 00 05 55
23:02:21.852 * tx 80094 F0 1D 00 01 B6 03 C2 2E 00 B2 11 B2 11 1C 00 00 06 00 00 02 00 02 01 00 00 00 74 03 55
23:02:21.866 * tx 80094 F0 16 00 01 B6 04 00 00 19 81 00 00 3D 00 00 00 01 00 00 A9 01 55
23:02:21.876 * rx 80097 +0/105#3153 F0 69 00 01 B6 05 B2 11 B2 11 00 00 00 00 07 2A 00 2A 00 54 01 54 01 00 00 00 74 01 C0 77 46 05 46 05 5D 01 00 00 C0 FD 5D 49 31 1C E5 E7 A6 B3 CC ED 00 00 00 00 00 00 00 00 00 00 00 00 00 00
23:02:21.893 * rx 80097 +64/105#3153 00 00 01 00 01 00 00 00 00 00 00 00 00 00 00 00 00 00 00 00 00 00 00 2A 06 00 00 00 00 00 00 00 00 00 00 00 00 00 10 0E 55
23:02:21.905 * rx 80098 F0 30 00 01 B6 06 02 02 67 64 00 10 10 31 36 12 78 00 00 00 00 19 00 00 00 00 13 64 00 05 18 00 00 00 00 00 00 00 F5 FC FC FC FC FC 00 5B 09 55
23:02:21.914 * tx 80110 F0 1D 00 01 B7 03 C2 2E 00 B2 11 B2 11 1C 00 00 06 00 00 02 00 02 01 00 00 00 75 03 55
23:02:21.930 * tx 80110 F0 16 00 01 B7 04 00 00 19 81 00 00 3D 00 00 00 01 00 00 AA 01 55
23:02:21.939 * rx 80113 +0/105#3157 F0 69 00 01 B7 05 B2 11 B2 11 00 00 00 00 07 2A 00 2A 00 54 01 54 01 00 00 00 73 01 C0 77 46 05 46 05 5D 01 00 00 C0 FC 5D 49 30 1C 36 88 F8 00 F8 00 00 00 00 00 00 00 00 00 00 00 00 00 00 00
23:02:21.949 * rx 80113 +64/105#3157 00 00 01 00 01 00 00 00 00 00 00 00 00 00 00 00 00 00 00 00 00 00 00 33 06 00 00 00 00 00 00 00 00 00 00 00 00 00 E7 0B 55
23:02:21.966 * rx 80114 F0 30 00 01 B7 06 02 02 36 65 00 10 10 31 36 12 78 00 00 00 00 19 00 00 00 00 67 64 00 05 18 00 00 00 00 00 00 00 E6 F6 F5 F6 F5 F6 F7 48 0A 55
23:02:21.978 * tx 80127 F0 1D 00 01 B8 03 C2 2E 00 B2 11 B2 11 1C 00 00 06 00 00 02 00 02 01 00 00 00 76 03 55
23:02:21.988 * tx 80127 F0 16 00 01 B8 04 00 00 19 81 00 00 3D 00 00 00 01 00 00 AB 01 55
23:02:22.003 * rx 80130 +0/105#3161 F0 69 00 01 B8 05 B2 11 B2 11 00 00 00 00 07 2A 00 2A 00 54 01 54 01 00 00 00 70 01 C0 76 46 05 46 05 5D 01 00 00 C0 FB 5D 48 30 1C E5 E7 A6 B3 CC ED 00 00 00 00 00 00 00 00 00 00 00 00 00 00
23:02:22.013 * rx 80130 +64/105#3161 00 00 01 00 01 00 00 00 00 00 00 00 00 00 00 00 00 00 00 00 00 00 00 2F 06 00 00 00 00 00 00 00 00 00 00 00 00 00 0E 0E 55
23:02:22.023 * rx 80131 F0 30 00 01 B8 06 02 02 37 66 00 10 10 31 36 12 78 00 00 00 00 19 00 00 00 00 35 65 00 05 12 00 00 00 00 00 00 00 DF E6 E6 E6 E6 E6 E8 B0 09 55
23:02:22.041 * tx 80144 F0 1D 00 01 B9 03 C2 2E 00 B2 11 B2 11 1C 00 00 06 00 00 02 00 02 01 00 00 00 77 03 55
23:02:22.054 * tx 80144 F0 16 00 01 B9 04 00 00 19 81 00 00 3D 00 00 00 01 00 00 AC 01 55
23:02:22.072 * rx 80147 +0/105#3165 F0 69 00 01 B9 05 B2 11 B2 11 00 00 00 00 07 2A 00 2A 00 54 01 54 01 00 00 00 6F 01 C0 76 46 05 46 05 5D 01 00 00 C0 FA 5C 47 2F 1C 36 90 F8 00 00 F8 00 00 00 00 00 00 00 00 00 00 00 00 00 00
23:02:22.091 * rx 80147 +64/105#3165 00 00 01 00 01 00 00 00 00 00 00 00 00 00 00 00 00 00 00 00 00 00 00 40 06 00 00 00 00 00 00 00 00 00 00 00 00 00 F3 0B 55
23:02:22.710 * rxflood 109
23:02:22.730 * tx 81059 F0 1D 00 01 00 03 C2 2E 00 B2 11 B2 11 1C 00 00 06 00 00 02 00 02 01 00 00 00 BE 02 55
23:02:22.752 * tx 81060 F0 16 00 01 00 04 00 00 19 81 00 00 3D 00 00 00 01 00 00 F3 00 55
23:02:22.766 * rx 81063 +0/105#3385 F0 69 00 01 00 05 B2 11 B2 11 00 00 00 00 07 2A 00 2A 00 54 01 54 01 00 00 00 5D 01 80 70 46 05 46 05 5D 01 00 00 C0 E8 58 3F 29 1E E5 E7 A6 B3 CC ED 00 00 00 00 00 00 00 00 00 00 00 00 00 00
23:02:22.776 * rx 81063 +64/105#3385 00 00 00 00 01 00 00 00 00 00 00 00 00 00 00 00 00 00 00 00 00 00 00 85 06 00 00 00 00 00 00 00 00 00 00 00 00 00 2C 0D 55
23:02:22.800 * rx 81064 F0 30 00 01 00 06 0A 00 09 77 00 10 10 31 36 12 78 00 00 00 00 19 00 00 00 00 09 77 00 05 0D 00 00 00 00 00 00 00 00 00 00 00 00 00 00 7D 02 55
23:02:22.811 * tx 81077 F0 1D 00 01 01 03 C2 2E 00 B2 11 B2 11 1C 00 00 06 00 00 02 00 02 01 00 00 00 BF 02 55
23:02:22.821 * tx 81077 F0 16 00 01 01 04 00 00 19 81 00 00 3D 00 00 00 01 00 00 F4 00 55
23:02:22.837 * rx 81080 +0/105#3389 F0 69 00 01 01 05 B2 11 B2 11 00 00 00 00 07 2A 00 2A 00 54 01 54 01 00 00 00 5D 01 80 70 46 05 46 05 5D 01 00 00 C0 E8 58 3F 29 1E 36 B8 F8 00 00 00 00 00 00 00 00 00 00 00 00 00 00 00 00 00
23:02:22.851 * rx 81080 +64/105#3389 00 00 00 00 01 00 00 00 00 00 00 00 00 00 00 00 00 00 00 00 00 00 00 85 06 00 00 00 00 00 00 00 00 00 00 00 00 00 35 0A 55
23:02:22.863 * rx 81081 F0 30 00 01 01 06 0A 00 09 77 00 10 10 31 36 12 78 00 00 00 00 19 00 00 00 00 09 77 00 05 0D 00 00 00 00 00 00 00 00 00 00 00 00 00 00 7E 02 55
23:02:22.881 * tx 81093 F0 1D 00 01 02 03 C2 2E 00 B2 11 B2 11 1C 00 00 06 00 00 02 00 02 01 00 00 00 C0 02 55
23:02:22.891 * tx 81094 F0 16 00 01 02 04 00 00 19 81 00 00 3D 00 00 00 01 00 00 F5 00 55
23:02:22.901 * rx 81097 +0/105#3393 F0 69 00 01 02 05 B2 11 B2 11 00 00 00 00 07 2A 00 2A 00 54 01 54 01 00 00 00 5D 01 80 70 46 05 46 05 5D 01 00 00 C0 E8 58 3F 29 1E E5 E7 A6 B3 CC ED 00 00 00 00 00 00 00 00 00 00 00 00 00 00
23:02:22.919 * rx 81097 +64/105#3393 00 00 00 00 01 00 00 00 00 00 00 00 00 00 00 00 00 00 00 00 00 00 00 85 06 00 00 00 00 00 00 00 00 00 00 00 00 00 2E 0D 55
23:02:22.931 * rx 81098 F0 30 00 01 02 06 0A 00 09 77 00 10 10 31 36 12 78 00 00 00 00 19 00 00 00 00 09 77 00 05 0D 00 00 00 00 00 00 00 00 00 00 00 00 00 00 7F 02 55
23:02:22.945 * tx 81110 F0 1D 00 01 03 03 C2 2E 00 B2 11 B2 11 1C 00 00 06 00 00 02 00 02 01 00 00 00 C1 02 55
23:02:22.962 * tx 81110 F0 16 00 01 03 04 00 00 19 81 00 00 3D 00 00 00 01 00 00 F6 00 55
23:02:22.977 * rx 81113 +0/105#3397 F0 69 00 01 03 05 B2 11 B2 11 00 00 00 00 07 2A 00 2A 00 54 01 54 01 00 00 00 5D 01 80 70 46 05 46 05 5D 01 00 00 C0 E8 58 3F 29 1E 36 B8 F8 00 00 00 00 00 00 00 00 00 00 00 00 00 00 00 00 00
23:02:22.990 * rx 81113 +64/105#3397 00 00 00 00 01 00 00 00 00 00 00 00 00 00 00 00 00 00 00 00 00 00 00 85 06 00 00 00 00 00 00 00 00 00 00 00 00 00 37 0A 55
23:02:23.007 * rx 81114 F0 30 00 01 03 06 0A 00 09 77 00 10 10 31 36 12 78 00 00 00 00 19 00 00 00 00 09 77 00 05 0D 00 00 00 00 00 00 00 00 00 00 00 00 00 00 80 02 55
23:02:23.018 * tx 81127 F0 1D 00 01 04 03 C2 2E 00 B2 11 B2 11 1C 00 00 06 00 00 02 00 02 01 00 00 00 C2 02 55
23:02:23.031 * tx 81127 F0 16 00 01 04 04 00 00 19 81 00 00 3D 00 00 00 01 00 00 F7 00 55
23:02:23.046 * rx 81130 +0/105#3401 F0 69 00 01 04 05 B2 11 B2 11 00 00 00 00 07 2A 00 2A 00 54 01 54 01 00 00 00 5D 01 80 70 46 05 46 05 5D 01 00 00 C0 E8 58 3F 29 1E E5 E7 A6 B3 CC ED 00 00 00 00 00 00 00 00 00 00 00 00 00 00
23:02:23.057 * rx 81130 +64/105#3401 00 00 00 00 01 00 00 00 00 00 00 00 00 00 00 00 00 00 00 00 00 00 00 85 06 00 00 00 00 00 00 00 00 00 00 00 00 00 30 0D 55
23:02:23.079 * rx 81131 F0 30 00 01 04 06 0A 00 09 77 00 10 10 31 36 12 78 00 00 00 00 19 00 00 00 00 09 77 00 05 0D 00 00 00 00 00 00 00 00 00 00 00 00 00 00 81 02 55
23:02:23.090 * tx 81144 F0 1D 00 01 05 03 C2 2E 00 B2 11 B2 11 1C 00 00 06 00 00 02 00 02 01 00 00 00 C3 02 55
23:02:23.101 * tx 81144 F0 16 00 01 05 04 00 00 19 81 00 00 3D 00 00 00 01 00 00 F8 00 55
23:02:23.115 * rx 81147 +0/105#3405 F0 69 00 01 05 05 B2 11 B2 11 00 00 00 00 07 2A 00 2A 00 54 01 54 01 00 00 00 5D 01 80 70 46 05 46 05 5D 01 00 00 C0 E8 58 3F 29 1E E5 E7 A6 B3 CC ED 00 00 00 00 00 00 00 00 00 00 00 00 00 00
23:02:23.125 * rx 81147 +64/105#3405 00 00 00 00 01 00 00 00 00 00 00 00 00 00 00 00 00 00 00 00 00 00 00 85 06 00 00 00 00 00 00 00 00 00 00 00 00 00 31 0D 55
23:02:23.711 * rxflood 109
23:02:23.722 * tx 82059 F0 1D 00 01 3C 03 C2 2E 00 B2 11 B2 11 1C 00 00 06 00 00 02 00 02 01 00 00 00 FA 02 55
23:02:23.732 * tx 82060 F0 16 00 01 3C 04 00 00 19 81 00 00 3D 00 00 00 01 00 00 2F 01 55
23:02:23.744 * rx 82063 +0/105#3625 F0 69 00 01 3C 05 B2 11 B2 11 00 00 00 00 07 2A 00 2A 00 54 01 54 01 00 00 00 5D 01 80 70 46 05 46 05 5D 01 00 00 C0 E8 58 3F 29 1E E5 E7 A6 B3 CC ED 00 00 00 00 00 00 00 00 00 00 00 00 00 00
23:02:23.752 * rx 82063 +64/105#3625 00 00 00 00 01 00 00 00 00 00 00 00 00 00 00 00 00 00 00 00 00 00 00 85 06 00 00 00 00 00 00 00 00 00 00 00 00 00 68 0D 55
23:02:23.763 * rx 82064 F0 30 00 01 3C 06 0A 00 09 77 00 10 10 31 36 12 78 00 00 00 00 19 00 00 00 00 09 77 00 05 0D 00 00 00 00 00 00 00 00 00 00 00 00 00 00 B9 02 55
23:02:23.779 * tx 82077 F0 1D 00 01 3D 03 C2 2E 00 B2 11 B2 11 1C 00 00 06 00 00 02 00 02 01 00 00 00 FB 02 55
23:02:23.789 * tx 82077 F0 16 00 01 3D 04 00 00 19 81 00 00 3D 00 00 00 01 00 00 30 01 55
23:02:23.802 * rx 82080 +0/105#3629 F0 69 00 01 3D 05 B2 11 B2 11 00 00 00 00 07 2A 00 2A 00 54 01 54 01 00 00 00 5D 01 80 70 46 05 46 05 5D 01 00 00 C0 E8 58 3F 29 1E 36 B8 F8 00 00 00 00 00 00 00 00 00 00 00 00 00 00 00 00 00
23:02:23.816 * rx 82080 +64/105#3629 00 00 00 00 01 00 00 00 00 00 00 00 00 00 00 00 00 00 00 00 00 00 00 85 06 00 00 00 00 00 00 00 00 00 00 00 00 00 71 0A 55
23:02:23.831 * rx 82080 F0 30 00 01 3D 06 0A 00 09 77 00 10 10 31 36 12 78 00 00 00 00 19 00 00 00 00 09 77 00 05 0D 00 00 00 00 00 00 00 00 00 00 00 00 00 00 BA 02 55
23:02:23.844 * tx 82094 F0 1D 00 01 3E 03 C2 2E 00 B2 11 B2 11 1C 00 00 06 00 00 02 00 02 01 00 00 00 FC 02 55
23:02:23.860 * tx 82094 F0 16 00 01 3E 04 00 00 19 81 00 00 3D 00 00 00 01 00 00 31 01 55
23:02:23.871 * rx 82097 +0/105#3633 F0 69 00 01 3E 05 B2 11 B2 11 00 00 00 00 07 2A 00 2A 00 54 01 54 01 00 00 00 5D 01 80 70 46 05 46 05 5D 01 00 00 C0 E8 58 3F 29 1E E5 E7 A6 B3 CC ED 00 00 00 00 00 00 00 00 00 00 00 00 00 00
23:02:23.888 * rx 82097 +64/105#3633 00 00 00 00 01 00 00 00 00 00 00 00 00 00 00 00 00 00 00 00 00 00 00 85 06 00 00 00 00 00 00 00 00 00 00 00 00 00 6A 0D 55
23:02:23.899 * rx 82098 F0 30 00 01 3E 06 0A 00 09 77 00 10 10 31 36 12 78 00 00 00 00 19 00 00 00 00 09 77 00 05 0D 00 00 00 00 00 00 00 00 00 00 00 00 00 00 BB 02 55
23:02:23.917 * tx 82110 F0 1D 00 01 3F 03 C2 2E 00 B2 11 B2 11 1C 00 00 06 00 00 02 00 02 01 00 00 00 FD 02 55
23:02:23.930 * tx 82110 F0 16 00 01 3F 04 00 00 19 81 00 00 3D 00 00 00 01 00 00 32 01 55
23:02:23.948 * rx 82113 +0/105#3637 F0 69 00 01 3F 05 B2 11 B2 11 00 00 00 00 07 2A 00 2A 00 54 01 54 01 00 00 00 5D 01 80 70 46 05 46 05 5D 01 00 00 C0 E8 58 3F 29 1E 36 B8 F8 00 00 00 00 00 00 00 00 00 00 00 00 00 00 00 00 00
23:02:23.961 * rx 82113 +64/105#3637 00 00 00 00 01 00 00 00 00 00 00 00 00 00 00 00 00 00 00 00 00 00 00 85 06 00 00 00 00 00 00 00 00 00 00 00 00 00 73 0A 55
23:02:23.978 * rx 82114 F0 30 00 01 3F 06 0A 00 09 77 00 10 10 31 36 12 78 00 00 00 00 19 00 00 00 00 09 77 00 05 0D 00 00 00 00 00 00 00 00 00 00 00 00 00 00 BC 02 55
23:02:23.992 * tx 82127 F0 1D 00 01 40 03 C2 2E 00 B2 11 B2 11 1C 00 00 06 00 00 02 00 02 01 00 00 00 FE 02 55
23:02:24.011 * tx 82127 F0 16 00 01 40 04 00 00 19 81 00 00 3D 00 00 00 01 00 00 33 01 55
23:02:24.023 * rx 82130 +0/105#3641 F0 69 00 01 40 05 B2 11 B2 11 00 00 00 00 07 2A 00 2A 00 54 01 54 01 00 00 00 5D 01 80 70 46 05 46 05 5D 01 00 00 C0 E8 58 3F 29 1E E5 E7 A6 B3 CC ED 00 00 00 00 00 00 00 00 00 00 00 00 00 00
23:02:24.041 * rx 82130 +64/105#3641 00 00 00 00 01 00 00 00 00 00 00 00 00 00 00 00 00 00 00 00 00 00 00 85 06 00 00 00 00 00 00 00 00 00 00 00 00 00 6C 0D 55
23:02:24.054 * rx 82131 F0 30 00 01 40 06 0A 00 09 77 00 10 10 31 36 12 78 00 00 00 00 19 00 00 00 00 09 77 00 05 0D 00 00 00 00 00 00 00 00 00 00 00 00 00 00 BD 02 55
23:02:24.066 * tx 82144 F0 1D 00 01 41 03 C2 2E 00 B2 11 B2 11 1C 00 00 06 00 00 02 00 02 01 00 00 00 FF 02 55
23:02:24.079 * tx 82145 F0 16 00 01 41 04 00 00 19 81 00 00 3D 00 00 00 01 00 00 34 01 55
23:02:24.092 * rx 82147 +0/105#3645 F0 69 00 01 41 05 B2 11 B2 11 00 00 00 00 07 2A 00 2A 00 54 01 54 01 00 00 00 5D 01 80 70 46 05 46 05 5D 01 00 00 C0 E8 58 3F 29 1E E5 E7 A6 B3 CC ED 00 00 00 00 00 00 00 00 00 00 00 00 00 00
23:02:24.100 * rx 82147 +64/105#3645 00 00 00 00 01 00 00 00 00 00 00 00 00 00 00 00 00 00 00 00 00 00 00 85 06 00 00 00 00 00 00 00 00 00 00 00 00 00 6D 0D 55
23:02:24.710 * rxflood 109
23:02:24.731 * tx 83059 F0 1D 00 01 78 03 C2 2E 00 B2 11 B2 11 1C 00 00 06 00 00 02 00 02 01 00 00 00 36 03 55
23:02:24.755 * tx 83060 F0 16 00 01 78 04 00 00 19 81 00 00 3D 00 00 00 01 00 00 6B 01 55
23:02:24.778 * rx 83063 +0/105#3865 F0 69 00 01 78 05 B2 11 B2 11 00 00 00 00 07 2A 00 2A 00 54 01 54 01 00 00 00 5D 01 80 70 46 05 46 05 5D 01 00 00 C0 E8 58 3F 29 1E E5 E7 A6 B3 CC ED 00 00 00 00 00 00 00 00 00 00 00 00 00 00
23:02:24.789 * rx 83063 +64/105#3865 00 00 00 00 03 00 00 00 00 00 00 00 00 00 00 00 00 00 00 00 00 00 00 85 06 00 00 00 00 00 00 00 00 00 00 00 00 00 A6 0D 55
23:02:24.807 * rx 83064 F0 30 00 01 78 06 0A 00 09 77 00 10 10 31 36 12 78 00 00 00 00 19 00 00 00 00 09 77 00 05 0D 00 00 00 00 00 00 00 00 00 00 00 00 00 00 F5 02 55
23:02:24.821 * tx 83077 F0 1D 00 01 79 03 C2 2E 00 B2 11 B2 11 1C 00 00 06 00 00 02 00 02 01 00 00 00 37 03 55
23:02:24.847 * tx 83077 F0 16 00 01 79 04 00 00 19 81 00 00 3D 00 00 00 01 00 00 6C 01 55
23:02:24.858 * rx 83080 +0/105#3869 F0 69 00 01 79 05 B2 11 B2 11 00 00 00 00 07 2A 00 2A 00 54 01 54 01 00 00 00 5D 01 80 70 46 05 46 05 5D 01 00 00 C0 E8 58 3F 29 1E 36 B8 F8 00 00 00 00 00 00 00 00 00 00 00 00 00 00 00 00 00
23:02:24.876 * rx 83080 +64/105#3869 00 00 00 00 03 00 00 00 00 00 00 00 00 00 00 00 00 00 00 00 00 00 00 85 06 00 00 00 00 00 00 00 00 00 00 00 00 00 AF 0A 55
23:02:24.887 * rx 83080 F0 30 00 01 79 06 0A 00 09 77 00 10 10 31 36 12 78 00 00 00 00 19 00 00 00 00 09 77 00 05 0D 00 00 00 00 00 00 00 00 00 00 00 00 00 00 F6 02 55
23:02:24.902 * tx 83094 F0 1D 00 01 7A 03 C2 2E 00 B2 11 B2 11 1C 00 00 06 00 00 02 00 02 01 00 00 00 38 03 55
23:02:24.915 * tx 83094 F0 16 00 01 7A 04 00 00 19 81 00 00 3D 00 00 00 01 00 00 6D 01 55
23:02:24.930 * rx 83097 +0/105#3873 F0 69 00 01 7A 05 B2 11 B2 11 00 00 00 00 07 2A 00 2A 00 54 01 54 01 00 00 00 5D 01 80 70 46 05 46 05 5D 01 00 00 C0 E8 58 3F 29 1E E5 E7 A6 B3 CC ED 00 00 00 00 00 00 00 00 00 00 00 00 00 00
23:02:24.945 * rx 83097 +64/105#3873 00 00 00 00 03 00 00 00 00 00 00 00 00 00 00 00 00 00 00 00 00 00 00 85 06 00 00 00 00 00 00 00 00 00 00 00 00 00 A8 0D 55
23:02:24.960 * rx 83098 F0 30 00 01 7A 06 0A 00 09 77 00 10 10 31 36 12 78 00 00 00 00 19 00 00 00 00 09 77 00 05 0D 00 00 00 00 00 00 00 00 00 00 00 00 00 00 F7 02 55
23:02:24.971 * tx 83110 F0 1D 00 01 7B 03 C2 2E 00 B2 11 B2 11 1C 00 00 06 00 00 02 00 02 01 00 00 00 39 03 55
23:02:24.987 * tx 83110 F0 16 00 01 7B 04 00 00 19 81 00 00 3D 00 00 00 01 00 00 6E 01 55
23:02:24.000 * rx 83113 +0/105#3877 F0 69 00 01 7B 05 B2 11 B2 11 00 00 00 00 07 2A 00 2A 00 54 01 54 01 00 00 00 5D 01 80 70 46 05 46 05 5D 01 00 00 C0 E8 58 3F 29 1E 36 B8 F8 00 00 00 00 00 00 00 00 00 00 00 00 00 00 00 00 00
23:02:25.019 * rx 83113 +64/105#3877 00 00 00 00 03 00 00 00 00 00 00 00 00 00 00 00 00 00 00 00 00 00 00 85 06 00 00 00 00 00 00 00 00 00 00 00 00 00 B1 0A 55
23:02:25.030 * rx 83114 F0 30 00 01 7B 06 0A 00 09 77 00 10 10 31 36 12 78 00 00 00 00 19 00 00 00 00 09 77 00 05 0D 00 00 00 00 00 00 00 00 00 00 00 00 00 00 F8 02 55
23:02:25.049 * tx 83127 F0 1D 00 01 7C 03 C2 2E 00 B2 11 B2 11 1C 00 00 06 00 00 02 00 02 01 00 00 00 3A 03 55
23:02:25.059 * tx 83127 F0 16 00 01 7C 04 00 00 19 81 00 00 3D 00 00 00 01 00 00 6F 01 55
23:02:25.074 * rx 83130 +0/105#3881 F0 69 00 01 7C 05 B2 11 B2 11 00 00 00 00 07 2A 00 2A 00 54 01 54 01 00 00 00 5D 01 80 70 46 05 46 05 5D 01 00 00 C0 E8 58 3F 29 1E E5 E7 A6 B3 CC ED 00 00 00 00 00 00 00 00 00 00 00 00 00 00
23:02:25.088 * rx 83130 +64/105#3881 00 00 00 00 03 00 00 00 00 00 00 00 00 00 00 00 00 00 00 00 00 00 00 85 06 00 00 00 00 00 00 00 00 00 00 00 00 00 AA 0D 55
23:02:25.105 * rx 83131 F0 30 00 01 7C 06 0A 00 09 77 00 10 10 31 36 12 78 00 00 00 00 19 00 00 00 00 09 77 00 05 0D 00 00 00 00 00 00 00 00 00 00 00 00 00 00 F9 02 55
23:02:25.117 * tx 83144 F0 1D 00 01 7D 03 C2 2E 00 B2 11 B2 11 1C 00 00 06 00 00 02 00 02 01 00 00 00 3B 03 55
23:02:25.135 * tx 83144 F0 16 00 01 7D 04 00 00 19 81 00 00 3D 00 00 00 01 00 00 70 01 55
23:02:25.148 * rx 83147 +0/105#3885 F0 69 00 01 7D 05 B2 11 B2 11 00 00 00 00 07 2A 00 2A 00 54 01 54 01 00 00 00 5D 01 80 70 46 05 46 05 5D 01 00 00 C0 E8 58 3F 29 1E E5 E7 A6 B3 CC ED 00 00 00 00 00 00 00 00 00 00 00 00 00 00
23:02:25.167 * rx 83147 +64/105#3885 00 00 00 00 03 00 00 00 00 00 00 00 00 00 00 00 00 00 00 00 00 00 00 85 06 00 00 00 00 00 00 00 00 00 00 00 00 00 AB 0D 55
23:02:25.711 * rxflood 109
23:02:25.746 * tx 84059 F0 1D 00 01 B4 03 C2 2E 00 B2 11 B2 11 1C 00 00 06 00 00 02 00 02 01 00 00 00 72 03 55
23:02:25.770 * tx 84060 F0 16 00 01 B4 04 00 00 19 81 00 00 3D 00 00 00 01 00 00 A7 01 55
23:02:25.796 * rx 84063 +0/105#4105 F0 69 00 01 B4 05 B2 11 B2 11 00 00 00 00 07 2A 00 2A 00 54 01 54 01 00 00 00 5D 01 80 70 46 05 46 05 5D 01 00 00 C0 E8 58 3F 29 1E E5 E7 A6 B3 CC ED 00 00 00 00 00 00 00 00 00 00 00 00 00 00
23:02:25.810 * rx 84063 +64/105#4105 00 00 00 00 03 00 00 00 00 00 00 00 00 00 00 00 00 00 00 00 00 00 00 85 06 00 00 00 00 00 00 00 00 00 00 00 00 00 E2 0D 55
23:02:25.832 * rx 84064 F0 30 00 01 B4 06 0A 00 09 77 00 10 10 31 36 12 78 00 00 00 00 19 00 00 00 00 09 77 00 05 0D 00 00 00 00 00 00 00 00 00 00 00 00 00 00 31 03 55
23:02:25.849 * tx 84077 F0 1D 00 01 B5 03 C2 2E 00 B2 11 B2 11 1C 00 00 06 00 00 02 00 02 01 00 00 00 73 03 55
23:02:25.873 * tx 84077 F0 16 00 01 B5 04 00 00 19 81 00 00 3D 00 00 00 01 00 00 A8 01 55
23:02:25.889 * rx 84080 +0/105#4109 F0 69 00 01 B5 05 B2 11 B2 11 00 00 00 00 07 2A 00 2A 00 54 01 54 01 00 00 00 5D 01 80 70 46 05 46 05 5D 01 00 00 C0 E8 58 3F 29 1E 36 B8 F8 00 00 00 00 00 00 00 00 00 00 00 00 00 00 00 00 00
23:02:25.909 * rx 84080 +64/105#4109 00 00 00 00 03 00 00 00 00 00 00 00 00 00 00 00 00 00 00 00 00 00 00 85 06 00 00 00 00 00 00 00 00 00 00 00 00 00 EB 0A 55
23:02:25.922 * rx 84081 F0 30 00 01 B5 06 0A 00 09 77 00 10 10 31 36 12 78 00 00 00 00 19 00 00 00 00 09 77 00 05 0D 00 00 00 00 00 00 00 00 00 00 00 00 00 00 32 03 55
23:02:25.941 * tx 84094 F0 1D 00 01 B6 03 C2 2E 00 B2 11 B2 11 1C 00 00 06 00 00 02 00 02 01 00 00 00 74 03 55
23:02:25.952 * tx 84094 F0 16 00 01 B6 04 00 00 19 81 00 00 3D 00 00 00 01 00 00 A9 01 55
23:02:25.969 * rx 84097 +0/105#4113 F0 69 00 01 B6 05 B2 11 B2 11 00 00 00 00 07 2A 00 2A 00 54 01 54 01 00 00 00 5D 01 80 70 46 05 46 05 5D 01 00 00 C0 E8 58 3F 29 1E E5 E7 A6 B3 CC ED 00 00 00 00 00 00 00 00 00 00 00 00 00 00
23:02:25.979 * rx 84097 +64/105#4113 00 00 00 00 03 00 00 00 00 00 00 00 00 00 00 00 00 00 00 00 00 00 00 85 06 00 00 00 00 00 00 00 00 00 00 00 00 00 E4 0D 55
23:02:25.996 * rx 84098 F0 30 00 01 B6 06 0A 00 09 77 00 10 10 31 36 12 78 00 00 00 00 19 00 00 00 00 09 77 00 05 0D 00 00 00 00 00 00 00 00 00 00 00 00 00 00 33 03 55
23:02:26.008 * tx 84110 F0 1D 00 01 B7 03 C2 2E 00 B2 11 B2 11 1C 00 00 06 00 00 02 00 02 01 00 00 00 75 03 55
23:02:26.024 * tx 84110 F0 16 00 01 B7 04 00 00 19 81 00 00 3D 00 00 00 01 00 00 AA 01 55
23:02:26.035 * rx 84113 +0/105#4117 F0 69 00 01 B7 05 B2 11 B2 11 00 00 00 00 07 2A 00 2A 00 54 01 54 01 00 00 00 5D 01 80 70 46 05 46 05 5D 01 00 00 C0 E8 58 3F 29 1E 36 B8 F8 00 00 00 00 00 00 00 00 00 00 00 00 00 00 00 00 00
23:02:26.054 * rx 84113 +64/105#4117 00 00 00 00 03 00 00 00 00 00 00 00 00 00 00 00 00 00 00 00 00 00 00 85 06 00 00 00 00 00 00 00 00 00 00 00 00 00 ED 0A 55
23:02:26.066 * rx 84114 F0 30 00 01 B7 06 0A 00 09 77 00 10 10 31 36 12 78 00 00 00 00 19 00 00 00 00 09 77 00 05 0D 00 00 00 00 00 00 00 00 00 00 00 00 00 00 34 03 55
23:02:26.085 * tx 84127 F0 1D 00 01 B8 03 C2 2E 00 B2 11 B2 11 1C 00 00 06 00 00 02 00 02 01 00 00 00 76 03 55
23:02:26.096 * tx 84127 F0 16 00 01 B8 04 00 00 19 81 00 00 3D 00 00 00 01 00 00 AB 01 55
23:02:26.114 * rx 84130 +0/105#4121 F0 69 00 01 B8 05 B2 11 B2 11 00 00 00 00 07 2A 00 2A 00 54 01 54 01 00 00 00 5D 01 80 70 46 05 46 05 5D 01 00 00 C0 E8 58 3F 29 1E E5 E7 A6 B3 CC ED 00 00 00 00 00 00 00 00 00 00 00 00 00 00
23:02:26.125 * rx 84130 +64/105#4121 00 00 00 00 03 00 00 00 00 00 00 00 00 00 00 00 00 00 00 00 00 00 00 85 06 00 00 00 00 00 00 00 00 00 00 00 00 00 E6 0D 55
23:02:26.143 * rx 84130 F0 30 00 01 B8 06 0A 00 09 77 00 10 10 31 36 12 78 00 00 00 00 19 00 00 00 00 09 77 00 05 0D 00 00 00 00 00 00 00 00 00 00 00 00 00 00 35 03 55
23:02:26.152 * tx 84144 F0 1D 00 01 B9 03 C2 2E 00 B2 11 B2 11 1C 00 00 06 00 00 02 00 02 01 00 00 00 77 03 55
23:02:26.169 * tx 84144 F0 16 00 01 B9 04 00 00 19 81 00 00 3D 00 00 00 01 00 00 AC 01 55
23:02:26.180 * rx 84147 +0/105#4125 F0 69 00 01 B9 05 B2 11 B2 11 00 00 00 00 07 2A 00 2A 00 54 01 54 01 00 00 00 5D 01 80 70 46 05 46 05 5D 01 00 00 C0 E8 58 3F 29 1E 36 B8 F8 00 00 00 00 00 00 00 00 00 00 00 00 00 00 00 00 00
23:02:26.197 * rx 84147 +64/105#4125 00 00 00 00 03 00 00 00 00 00 00 00 00 00 00 00 00 00 00 00 00 00 00 85 06 00 00 00 00 00 00 00 00 00 00 00 00 00 EF 0A 55
23:02:26.712 * rxflood 109
23:02:26.749 * tx 85059 F0 1D 00 01 00 03 C2 2E 00 B2 11 B2 11 1C 00 00 06 00 00 02 00 02 01 00 00 00 BE 02 55
23:02:26.769 * tx 85060 F0 16 00 01 00 04 00 00 19 81 00 00 3D 00 00 00 01 00 00 F3 00 55
23:02:26.795 * rx 85063 +0/105#4345 F0 69 00 01 00 05 B2 11 B2 11 00 00 00 00 07 2A 00 2A 00 54 01 54 01 00 00 00 5D 01 80 70 46 05 46 05 5D 01 00 00 C0 E8 58 3F 29 1E E5 E7 A6 B3 CC ED 00 00 00 00 00 00 00 00 00 00 00 00 00 00
23:02:26.810 * rx 85063 +64/105#4345 00 00 00 00 01 00 00 00 00 00 00 00 00 00 00 00 00 00 00 00 00 00 00 85 06 00 00 00 00 00 00 00 00 00 00 00 00 00 2C 0D 55
23:02:26.835 * rx 85064 F0 30 00 01 00 06 0A 00 09 77 00 10 10 31 36 12 78 00 00 00 00 19 00 00 00 00 09 77 00 05 0D 00 00 00 00 00 00 00 00 00 00 00 00 00 00 7D 02 55
23:02:26.848 * tx 85077 F0 1D 00 01 01 03 C2 2E 00 B2 11 B2 11 1C 00 00 06 00 00 02 00 02 01 00 00 00 BF 02 55
23:02:26.869 * tx 85077 F0 16 00 01 01 04 00 00 19 81 00 00 3D 00 00 00 01 00 00 F4 00 55
23:02:26.884 * rx 85080 +0/105#4349 F0 69 00 01 01 05 B2 11 B2 11 00 00 00 00 07 2A 00 2A 00 54 01 54 01 00 00 00 5D 01 80 70 46 05 46 05 5D 01 00 00 C0 E8 58 3F 29 1E 36 B8 F8 00 00 00 00 00 00 00 00 00 00 00 00 00 00 00 00 00
23:02:26.906 * rx 85080 +64/105#4349 00 00 00 00 01 00 00 00 00 00 00 00 00 00 00 00 00 00 00 00 00 00 00 85 06 00 00 00 00 00 00 00 00 00 00 00 00 00 35 0A 55
23:02:26.918 * rx 85081 F0 30 00 01 01 06 0A 00 09 77 00 10 10 31 36 12 78 00 00 00 00 19 00 00 00 00 09 77 00 05 0D 00 00 00 00 00 00 00 00 00 00 00 00 00 00 7E 02 55
23:02:26.939 * tx 85094 F0 1D 00 01 02 03 C2 2E 00 B2 11 B2 11 1C 00 00 06 00 00 02 00 02 01 00 00 00 C0 02 55
23:02:26.950 * tx 85094 F0 16 00 01 02 04 00 00 19 81 00 00 3D 00 00 00 01 00 00 F5 00 55
23:02:26.968 * rx 85097 +0/105#4353 F0 69 00 01 02 05 B2 11 B2 11 00 00 00 00 07 2A 00 2A 00 54 01 54 01 00 00 00 5D 01 80 70 46 05 46 05 5D 01 00 00 C0 E8 58 3F 29 1E E5 E7 A6 B3 CC ED 00 00 00 00 00 00 00 00 00 00 00 00 00 00
23:02:26.980 * rx 85097 +64/105#4353 00 00 00 00 01 00 00 00 00 00 00 00 00 00 00 00 00 00 00 00 00 00 00 85 06 00 00 00 00 00 00 00 00 00 00 00 00 00 2E 0D 55
23:02:27.002 * rx 85098 F0 30 00 01 02 06 0A 00 09 77 00 10 10 31 36 12 78 00 00 00 00 19 00 00 00 00 09 77 00 05 0D 00 00 00 00 00 00 00 00 00 00 00 00 00 00 7F 02 55
23:02:27.016 * tx 85109 F0 1D 00 01 03 03 C2 2E 00 B2 11 B2 11 1C 00 00 06 00 00 02 00 02 01 00 00 00 C1 02 55
23:02:27.036 * tx 85110 F0 16 00 01 03 04 00 00 19 81 00 00 3D 00 00 00 01 00 00 F6 00 55
23:02:27.055 * rx 85113 +0/105#4357 F0 69 00 01 03 05 B2 11 B2 11 00 00 00 00 07 2A 00 2A 00 54 01 54 01 00 00 00 5D 01 80 70 46 05 46 05 5D 01 00 00 C0 E8 58 3F 29 1E 36 B8 F8 00 00 00 00 00 00 00 00 00 00 00 00 00 00 00 00 00
23:02:27.076 * rx 85113 +64/105#4357 00 00 00 00 01 00 00 00 00 00 00 00 00 00 00 00 00 00 00 00 00 00 00 85 06 00 00 00 00 00 00 00 00 00 00 00 00 00 37 0A 55
23:02:27.088 * rx 85114 F0 30 00 01 03 06 0A 00 09 77 00 10 10 31 36 12 78 00 00 00 00 19 00 00 00 00 09 77 00 05 0D 00 00 00 00 00 00 00 00 00 00 00 00 00 00 80 02 55
23:02:27.107 * tx 85127 F0 1D 00 01 04 03 C2 2E 00 B2 11 B2 11 1C 00 00 06 00 00 02 00 02 01 00 00 00 C2 02 55
23:02:27.120 * tx 85127 F0 16 00 01 04 04 00 00 19 81 00 00 3D 00 00 00 01 00 00 F7 00 55
23:02:27.142 * rx 85130 +0/105#4361 F0 69 00 01 04 05 B2 11 B2 11 00 00 00 00 07 2A 00 2A 00 54 01 54 01 00 00 00 5D 01 80 70 46 05 46 05 5D 01 00 00 C0 E8 58 3F 29 1E E5 E7 A6 B3 CC ED 00 00 00 00 00 00 00 00 00 00 00 00 00 00
23:02:27.154 * rx 85130 +64/105#4361 00 00 00 00 01 00 00 00 00 00 00 00 00 00 00 00 00 00 00 00 00 00 00 85 06 00 00 00 00 00 00 00 00 00 00 00 00 00 30 0D 55
23:02:27.173 * rx 85131 F0 30 00 01 04 06 0A 00 09 77 00 10 10 31 36 12 78 00 00 00 00 19 00 00 00 00 09 77 00 05 0D 00 00 00 00 00 00 00 00 00 00 00 00 00 00 81 02 55
23:02:27.186 * tx 85144 F0 1D 00 01 05 03 C2 2E 00 B2 11 B2 11 1C 00 00 06 00 00 02 00 02 01 00 00 00 C3 02 55
23:02:27.205 * tx 85144 F0 16 00 01 05 04 00 00 19 81 00 00 3D 00 00 00 01 00 00 F8 00 55
23:02:27.216 * rx 85147 +0/105#4365 F0 69 00 01 05 05 B2 11 B2 11 00 00 00 00 07 2A 00 2A 00 54 01 54 01 00 00 00 5D 01 80 70 46 05 46 05 5D 01 00 00 C0 E8 58 3F 29 1E E5 E7 A6 B3 CC ED 00 00 00 00 00 00 00 00 00 00 00 00 00 00
23:02:27.235 * rx 85147 +64/105#4365 00 00 00 00 01 00 00 00 00 00 00 00 00 00 00 00 00 00 00 00 00 00 00 85 06 00 00 00 00 00 00 00 00 00 00 00 00 00 31 0D 55
23:02:27.710 * rxflood 109
23:02:27.729 * tx 86059 F0 1D 00 01 3C 03 C2 2E 00 B2 11 B2 11 1C 00 00 06 00 00 02 00 02 01 00 00 00 FA 02 55
23:02:27.740 * tx 86060 F0 16 00 01 3C 04 00 00 19 81 00 00 3D 00 00 00 01 00 00 2F 01 55
23:02:27.757 * rx 86063 +0/105#4585 F0 69 00 01 3C 05 B2 11 B2 11 00 00 00 00 07 2A 00 2A 00 54 01 54 01 00 00 00 5D 01 80 70 46 05 46 05 5D 01 00 00 C0 E8 58 3F 29 1E E5 E7 A6 B3 CC ED 00 00 00 00 00 00 00 00 00 00 00 00 00 00
23:02:27.768 * rx 86063 +64/105#4585 00 00 00 00 01 00 00 00 00 00 00 00 00 00 00 00 00 00 00 00 00 00 00 85 06 00 00 00 00 00 00 00 00 00 00 00 00 00 68 0D 55
23:02:27.785 * rx 86064 F0 30 00 01 3C 06 0A 00 09 77 00 10 10 31 36 12 78 00 00 00 00 19 00 00 00 00 09 77 00 05 0D 00 00 00 00 00 00 00 00 00 00 00 00 00 00 B9 02 55
23:02:27.797 * tx 86077 F0 1D 00 01 3D 03 C2 2E 00 B2 11 B2 11 1C 00 00 06 00 00 02 00 02 01 00 00 00 FB 02 55
23:02:27.815 * tx 86077 F0 16 00 01 3D 04 00 00 19 81 00 00 3D 00 00 00 01 00 00 30 01 55
23:02:27.827 * rx 86080 +0/105#4589 F0 69 00 01 3D 05 B2 11 B2 11 00 00 00 00 07 2A 00 2A 00 54 01 54 01 00 00 00 5D 01 80 70 46 05 46 05 5D 01 00 00 C0 E8 58 3F 29 1E 36 B8 F8 00 00 00 00 00 00 00 00 00 00 00 00 00 00 00 00 00
23:02:27.845 * rx 86080 +64/105#4589 00 00 00 00 01 00 00 00 00 00 00 00 00 00 00 00 00 00 00 00 00 00 00 85 06 00 00 00 00 00 00 00 00 00 00 00 00 00 71 0A 55
23:02:27.862 * rx 86080 F0 30 00 01 3D 06 0A 00 09 77 00 10 10 31 36 12 78 00 00 00 00 19 00 00 00 00 09 77 00 05 0D 00 00 00 00 00 00 00 00 00 00 00 00 00 00 BA 02 55
23:02:27.879 * tx 86094 F0 1D 00 01 3E 03 C2 2E 00 B2 11 B2 11 1C 00 00 06 00 00 02 00 02 01 00 00 00 FC 02 55
23:02:27.892 * tx 86094 F0 16 00 01 3E 04 00 00 19 81 00 00 3D 00 00 00 01 00 00 31 01 55
23:02:27.911 * rx 86097 +0/105#4593 F0 69 00 01 3E 05 B2 11 B2 11 00 00 00 00 07 2A 00 2A 00 54 01 54 01 00 00 00 5D 01 80 70 46 05 46 05 5D 01 00 00 C0 E8 58 3F 29 1E E5 E7 A6 B3 CC ED 00 00 00 00 00 00 00 00 00 00 00 00 00 00
23:02:27.923 * rx 86097 +64/105#4593 00 00 00 00 01 00 00 00 00 00 00 00 00 00 00 00 00 00 00 00 00 00 00 85 06 00 00 00 00 00 00 00 00 00 00 00 00 00 6A 0D 55
23:02:27.943 * rx 86098 F0 30 00 01 3E 06 0A 00 09 77 00 10 10 31 36 12 78 00 00 00 00 19 00 00 00 00 09 77 00 05 0D 00 00 00 00 00 00 00 00 00 00 00 00 00 00 BB 02 55
23:02:27.956 * tx 86110 F0 1D 00 01 3F 03 C2 2E 00 B2 11 B2 11 1C 00 00 06 00 00 02 00 02 01 00 00 00 FD 02 55
23:02:27.977 * tx 86110 F0 16 00 01 3F 04 00 00 19 81 00 00 3D 00 00 00 01 00 00 32 01 55
23:02:27.989 * rx 86113 +0/105#4597 F0 69 00 01 3F 05 B2 11 B2 11 00 00 00 00 07 2A 00 2A 00 54 01 54 01 00 00 00 5D 01 80 70 46 05 46 05 5D 01 00 00 C0 E8 58 3F 29 1E 36 B8 F8 00 00 00 00 00 00 00 00 00 00 00 00 00 00 00 00 00
23:02:28.006 * rx 86113 +64/105#4597 00 00 00 00 01 00 00 00 00 00 00 00 00 00 00 00 00 00 00 00 00 00 00 85 06 00 00 00 00 00 00 00 00 00 00 00 00 00 73 0A 55
23:02:28.017 * rx 86114 F0 30 00 01 3F 06 0A 00 09 77 00 10 10 31 36 12 78 00 00 00 00 19 00 00 00 00 09 77 00 05 0D 00 00 00 00 00 00 00 00 00 00 00 00 00 00 BC 02 55
23:02:28.034 * tx 86127 F0 1D 00 01 40 03 C2 2E 00 B2 11 B2 11 1C 00 00 06 00 00 02 00 02 01 00 00 00 FE 02 55
23:02:28.045 * tx 86127 F0 16 00 01 40 04 00 00 19 81 00 00 3D 00 00 00 01 00 00 33 01 55
23:02:28.064 * rx 86130 +0/105#4601 F0 69 00 01 40 05 B2 11 B2 11 00 00 00 00 07 2A 00 2A 00 54 01 54 01 00 00 00 5D 01 80 70 46 05 46 05 5D 01 00 00 C0 E8 58 3F 29 1E E5 E7 A6 B3 CC ED 00 00 00 00 00 00 00 00 00 00 00 00 00 00
23:02:28.078 * rx 86130 +64/105#4601 00 00 00 00 01 00 00 00 00 00 00 00 00 00 00 00 00 00 00 00 00 00 00 85 06 00 00 00 00 00 00 00 00 00 00 00 00 00 6C 0D 55
23:02:28.097 * rx 86131 F0 30 00 01 40 06 0A 00 09 77 00 10 10 31 36 12 78 00 00 00 00 19 00 00 00 00 09 77 00 05 0D 00 00 00 00 00 00 00 00 00 00 00 00 00 00 BD 02 55
23:02:28.111 * tx 86144 F0 1D 00 01 41 03 C2 2E 00 B2 11 B2 11 1C 00 00 06 00 00 02 00 02 01 00 00 00 FF 02 55
23:02:28.132 * tx 86144 F0 16 00 01 41 04 00 00 19 81 00 00 3D 00 00 00 01 00 00 34 01 55
23:02:28.146 * rx 86147 +0/105#4605 F0 69 00 01 41 05 B2 11 B2 11 00 00 00 00 07 2A 00 2A 00 54 01 54 01 00 00 00 5D 01 80 70 46 05 46 05 5D 01 00 00 C0 E8 58 3F 29 1E E5 E7 A6 B3 CC ED 00 00 00 00 00 00 00 00 00 00 00 00 00 00
23:02:28.166 * rx 86147 +64/105#4605 00 00 00 00 01 00 00 00 00 00 00 00 00 00 00 00 00 00 00 00 00 00 00 85 06 00 00 00 00 00 00 00 00 00 00 00 00 00 6D 0D 55
23:02:28.710 * rxflood 109
23:02:28.752 * tx 87059 F0 1D 00 01 78 03 C2 2E 00 B2 11 B2 11 1C 00 00 06 00 00 02 00 02 01 00 00 00 36 03 55
23:02:28.771 * tx 87060 F0 16 00 01 78 04 00 00 19 81 00 00 3D 00 00 00 01 00 00 6B 01 55
23:02:28.800 * rx 87063 +0/105#4825 F0 69 00 01 78 05 B2 11 B2 11 00 00 00 00 07 2A 00 2A 00 54 01 54 01 00 00 00 5D 01 80 70 46 05 46 05 5D 01 00 00 C0 E8 58 3F 29 1E E5 E7 A6 B3 CC ED 00 00 00 00 00 00 00 00 00 00 00 00 00 00
23:02:28.816 * rx 87063 +64/105#4825 00 00 00 00 01 00 00 00 00 00 00 00 00 00 00 00 00 00 00 00 00 00 00 85 06 00 00 00 00 00 00 00 00 00 00 00 00 00 A4 0D 55
23:02:28.838 * rx 87064 F0 30 00 01 78 06 0A 00 09 77 00 10 10 31 36 12 78 00 00 00 00 19 00 00 00 00 09 77 00 05 0D 00 00 00 00 00 00 00 00 00 00 00 00 00 00 F5 02 55
23:02:28.852 * tx 87077 F0 1D 00 01 79 03 C2 2E 00 B2 11 B2 11 1C 00 00 06 00 00 02 00 02 01 00 00 00 37 03 55
23:02:28.876 * tx 87077 F0 16 00 01 79 04 00 00 19 81 00 00 3D 00 00 00 01 00 00 6C 01 55
23:02:28.896 * rx 87080 +0/105#4829 F0 69 00 01 79 05 B2 11 B2 11 00 00 00 00 07 2A 00 2A 00 54 01 54 01 00 00 00 5D 01 80 70 46 05 46 05 5D 01 00 00 C0 E8 58 3F 29 1E 36 B8 F8 00 00 00 00 00 00 00 00 00 00 00 00 00 00 00 00 00
23:02:28.928 * rx 87080 +64/105#4829 00 00 00 00 01 00 00 00 00 00 00 00 00 00 00 00 00 00 00 00 00 00 00 85 06 00 00 00 00 00 00 00 00 00 00 00 00 00 AD 0A 55
23:02:28.946 * rx 87080 F0 30 00 01 79 06 0A 00 09 77 00 10 10 31 36 12 78 00 00 00 00 19 00 00 00 00 09 77 00 05 0D 00 00 00 00 00 00 00 00 00 00 00 00 00 00 F6 02 55
23:02:28.970 * tx 87094 F0 1D 00 01 7A 03 C2 2E 00 B2 11 B2 11 1C 00 00 06 00 00 02 00 02 01 00 00 00 38 03 55
23:02:28.985 * tx 87094 F0 16 00 01 7A 04 00 00 19 81 00 00 3D 00 00 00 01 00 00 6D 01 55
23:02:29.008 * rx 87097 +0/105#4833 F0 69 00 01 7A 05 B2 11 B2 11 00 00 00 00 07 2A 00 2A 00 54 01 54 01 00 00 00 5D 01 80 70 46 05 46 05 5D 01 00 00 C0 E8 58 3F 29 1E E5 E7 A6 B3 CC ED 00 00 00 00 00 00 00 00 00 00 00 00 00 00
23:02:29.020 * rx 87097 +64/105#4833 00 00 00 00 01 00 00 00 00 00 00 00 00 00 00 00 00 00 00 00 00 00 00 85 06 00 00 00 00 00 00 00 00 00 00 00 00 00 A6 0D 55
23:02:29.045 * rx 87097 F0 30 00 01 7A 06 0A 00 09 77 00 10 10 31 36 12 78 00 00 00 00 19 00 00 00 00 09 77 00 05 0D 00 00 00 00 00 00 00 00 00 00 00 00 00 00 F7 02 55
23:02:29.058 * tx 87110 F0 1D 00 01 7B 03 C2 2E 00 B2 11 B2 11 1C 00 00 06 00 00 02 00 02 01 00 00 00 39 03 55
23:02:29.078 * tx 87110 F0 16 00 01 7B 04 00 00 19 81 00 00 3D 00 00 00 01 00 00 6E 01 55
23:02:29.091 * rx 87113 +0/105#4837 F0 69 00 01 7B 05 B2 11 B2 11 00 00 00 00 07 2A 00 2A 00 54 01 54 01 00 00 00 5D 01 80 70 46 05 46 05 5D 01 00 00 C0 E8 58 3F 29 1E 36 B8 F8 00 00 00 00 00 00 00 00 00 00 00 00 00 00 00 00 00
23:02:29.116 * rx 87113 +64/105#4837 00 00 00 00 01 00 00 00 00 00 00 00 00 00 00 00 00 00 00 00 00 00 00 85 06 00 00 00 00 00 00 00 00 00 00 00 00 00 AF 0A 55
23:02:29.131 * rx 87114 F0 30 00 01 7B 06 0A 00 09 77 00 10 10 31 36 12 78 00 00 00 00 19 00 00 00 00 09 77 00 05 0D 00 00 00 00 00 00 00 00 00 00 00 00 00 00 F8 02 55
23:02:29.153 * tx 87127 F0 1D 00 01 7C 03 C2 2E 00 B2 11 B2 11 1C 00 00 06 00 00 02 00 02 01 00 00 00 3A 03 55
23:02:29.169 * tx 87127 F0 16 00 01 7C 04 00 00 19 81 00 00 3D 00 00 00 01 00 00 6F 01 55
23:02:29.192 * rx 87130 +0/105#4841 F0 69 00 01 7C 05 B2 11 B2 11 00 00 00 00 07 2A 00 2A 00 54 01 54 01 00 00 00 5D 01 80 70 46 05 46 05 5D 01 00 00 C0 E8 58 3F 29 1E E5 E7 A6 B3 CC ED 00 00 00 00 00 00 00 00 00 00 00 00 00 00
23:02:29.207 * rx 87130 +64/105#4841 00 00 00 00 01 00 00 00 00 00 00 00 00 00 00 00 00 00 00 00 00 00 00 85 06 00 00 00 00 00 00 00 00 00 00 00 00 00 A8 0D 55
23:02:29.230 * rx 87131 F0 30 00 01 7C 06 0A 00 09 77 00 10 10 31 36 12 78 00 00 00 00 19 00 00 00 00 09 77 00 05 0D 00 00 00 00 00 00 00 00 00 00 00 00 00 00 F9 02 55
23:02:29.247 * tx 87144 F0 1D 00 01 7D 03 C2 2E 00 B2 11 B2 11 1C 00 00 06 00 00 02 00 02 01 00 00 00 3B 03 55
23:02:29.272 * tx 87144 F0 16 00 01 7D 04 00 00 19 81 00 00 3D 00 00 00 01 00 00 70 01 55
23:02:29.292 * rx 87147 +0/105#4845 F0 69 00 01 7D 05 B2 11 B2 11 00 00 00 00 07 2A 00 2A 00 54 01 54 01 00 00 00 5D 01 80 70 46 05 46 05 5D 01 00 00 C0 E8 58 3F 29 1E E5 E7 A6 B3 CC ED 00 00 00 00 00 00 00 00 00 00 00 00 00 00
23:02:29.318 * rx 87147 +64/105#4845 00 00 00 00 01 00 00 00 00 00 00 00 00 00 00 00 00 00 00 00 00 00 00 85 06 00 00 00 00 00 00 00 00 00 00 00 00 00 A9 0D 55
23:02:29.711 * rxflood 109
23:02:29.743 * tx 88059 F0 1D 00 01 B4 03 C2 2E 00 B2 11 B2 11 1C 00 00 06 00 00 02 00 02 01 00 00 00 72 03 55
23:02:29.758 * tx 88060 F0 16 00 01 B4 04 00 00 19 81 00 00 3D 00 00 00 01 00 00 A7 01 55
23:02:29.781 * rx 88063 +0/105#5065 F0 69 00 01 B4 05 B2 11 B2 11 00 00 00 00 07 2A 00 2A 00 54 01 54 01 00 00 00 5D 01 80 70 46 05 46 05 5D 01 00 00 C0 E8 58 3F 29 1E E5 E7 A6 B3 CC ED 00 00 00 00 00 00 00 00 00 00 00 00 00 00
23:02:29.795 * rx 88063 +64/105#5065 00 00 00 00 01 00 00 00 00 00 00 00 00 00 00 00 00 00 00 00 00 00 00 85 06 00 00 00 00 00 00 00 00 00 00 00 00 00 E0 0D 55
23:02:29.817 * rx 88064 F0 30 00 01 B4 06 0A 00 09 77 00 10 10 31 36 12 78 00 00 00 00 19 00 00 00 00 09 77 00 05 0D 00 00 00 00 00 00 00 00 00 00 00 00 00 00 31 03 55
23:02:29.831 * tx 88077 F0 1D 00 01 B5 03 C2 2E 00 B2 11 B2 11 1C 00 00 06 00 00 02 00 02 01 00 00 00 73 03 55
23:02:29.854 * tx 88077 F0 16 00 01 B5 04 00 00 19 81 00 00 3D 00 00 00 01 00 00 A8 01 55
23:02:29.872 * rx 88080 +0/105#5069 F0 69 00 01 B5 05 B2 11 B2 11 00 00 00 00 07 2A 00 2A 00 54 01 54 01 00 00 00 5D 01 80 70 46 05 46 05 5D 01 00 00 C0 E8 58 3F 29 1E 36 B8 F8 00 00 00 00 00 00 00 00 00 00 00 00 00 00 00 00 00
23:02:29.896 * rx 88080 +64/105#5069 00 00 00 00 01 00 00 00 00 00 00 00 00 00 00 00 00 00 00 00 00 00 00 85 06 00 00 00 00 00 00 00 00 00 00 00 00 00 E9 0A 55
23:02:29.912 * rx 88081 F0 30 00 01 B5 06 0A 00 09 77 00 10 10 31 36 12 78 00 00 00 00 19 00 00 00 00 09 77 00 05 0D 00 00 00 00 00 00 00 00 00 00 00 00 00 00 32 03 55
23:02:29.936 * tx 88094 F0 1D 00 01 B6 03 C2 2E 00 B2 11 B2 11 1C 00 00 06 00 00 02 00 02 01 00 00 00 74 03 55
23:02:29.954 * tx 88094 F0 16 00 01 B6 04 00 00 19 81 00 00 3D 00 00 00 01 00 00 A9 01 55
23:02:29.978 * rx 88097 +0/105#5073 F0 69 00 01 B6 05 B2 11 B2 11 00 00 00 00 07 2A 00 2A 00 54 01 54 01 00 00 00 5D 01 80 70 46 05 46 05 5D 01 00 00 C0 E8 58 3F 29 1E E5 E7 A6 B3 CC ED 00 00 00 00 00 00 00 00 00 00 00 00 00 00
23:02:29.991 * rx 88097 +64/105#5073 00 00 00 00 01 00 00 00 00 00 00 00 00 00 00 00 00 00 00 00 00 00 00 85 06 00 00 00 00 00 00 00 00 00 00 00 00 00 E2 0D 55
23:02:30.020 * rx 88098 F0 30 00 01 B6 06 0A 00 09 77 00 10 10 31 36 12 78 00 00 00 00 19 00 00 00 00 09 77 00 05 0D 00 00 00 00 00 00 00 00 00 00 00 00 00 00 33 03 55
23:02:30.037 * tx 88110 F0 1D 00 01 B7 03 C2 2E 00 B2 11 B2 11 1C 00 00 06 00 00 02 00 02 01 00 00 00 75 03 55
23:02:30.059 * tx 88110 F0 16 00 01 B7 04 00 00 19 81 00 00 3D 00 00 00 01 00 00 AA 01 55
23:02:30.075 * rx 88113 +0/105#5077 F0 69 00 01 B7 05 B2 11 B2 11 00 00 00 00 07 2A 00 2A 00 54 01 54 01 00 00 00 5D 01 80 70 46 05 46 05 5D 01 00 00 C0 E8 58 3F 29 1E 36 B8 F8 00 00 00 00 00 00 00 00 00 00 00 00 00 00 00 00 00
23:02:30.100 * rx 88113 +64/105#5077 00 00 00 00 01 00 00 00 00 00 00 00 00 00 00 00 00 00 00 00 00 00 00 85 06 00 00 00 00 00 00 00 00 00 00 00 00 00 EB 0A 55
23:02:30.118 * rx 88114 F0 30 00 01 B7 06 0A 00 09 77 00 10 10 31 36 12 78 00 00 00 00 19 00 00 00 00 09 77 00 05 0D 00 00 00 00 00 00 00 00 00 00 00 00 00 00 34 03 55
23:02:30.143 * tx 88127 F0 1D 00 01 B8 03 C2 2E 00 B2 11 B2 11 1C 00 00 06 00 00 02 00 02 01 00 00 00 76 03 55
23:02:30.156 * tx 88127 F0 16 00 01 B8 04 00 00 19 81 00 00 3D 00 00 00 01 00 00 AB 01 55
23:02:30.177 * rx 88130 +0/105#5081 F0 69 00 01 B8 05 B2 11 B2 11 00 00 00 00 07 2A 00 2A 00 54 01 54 01 00 00 00 5D 01 80 70 46 05 46 05 5D 01 00 00 C0 E8 58 3F 29 1E E5 E7 A6 B3 CC ED 00 00 00 00 00 00 00 00 00 00 00 00 00 00
23:02:30.194 * rx 88130 +64/105#5081 00 00 00 00 01 00 00 00 00 00 00 00 00 00 00 00 00 00 00 00 00 00 00 85 06 00 00 00 00 00 00 00 00 00 00 00 00 00 E4 0D 55
23:02:30.219 * rx 88131 F0 30 00 01 B8 06 0A 00 09 77 00 10 10 31 36 12 78 00 00 00 00 19 00 00 00 00 09 77 00 05 0D 00 00 00 00 00 00 00 00 00 00 00 00 00 00 35 03 55
23:02:30.232 * tx 88144 F0 1D 00 01 B9 03 C2 2E 00 B2 11 B2 11 1C 00 00 06 00 00 02 00 02 01 00 00 00 77 03 55
23:02:30.258 * tx 88144 F0 16 00 01 B9 04 00 00 19 81 00 00 3D 00 00 00 01 00 00 AC 01 55
23:02:30.280 * rx 88147 +0/105#5085 F0 69 00 01 B9 05 B2 11 B2 11 00 00 00 00 07 2A 00 2A 00 54 01 54 01 00 00 00 5D 01 80 70 46 05 46 05 5D 01 00 00 C0 E8 58 3F 29 1E E5 E7 A6 B3 CC ED 00 00 00 00 00 00 00 00 00 00 00 00 00 00
23:02:30.310 * rx 88147 +64/105#5085 00 00 00 00 01 00 00 00 00 00 00 00 00 00 00 00 00 00 00 00 00 00 00 85 06 00 00 00 00 00 00 00 00 00 00 00 00 00 E5 0D 55
23:02:30.711 * rxflood 109
23:02:30.745 * tx 89059 F0 1D 00 01 00 03 C2 2E 00 B2 11 B2 11 1C 00 00 06 00 00 02 00 02 01 00 00 00 BE 02 55
23:02:30.764 * tx 89060 F0 16 00 01 00 04 00 00 19 81 00 00 3D 00 00 00 01 00 00 F3 00 55
23:02:30.794 * rx 89063 +0/105#5305 F0 69 00 01 00 05 B2 11 B2 11 00 00 00 00 07 2A 00 2A 00 54 01 54 01 00 00 00 5D 01 80 70 46 05 46 05 5D 01 00 00 C0 E8 58 3F 29 1E E5 E7 A6 B3 CC ED 00 00 00 00 00 00 00 00 00 00 00 00 00 00
23:02:30.815 * rx 89063 +64/105#5305 00 00 00 00 01 00 00 00 00 00 00 00 00 00 00 00 00 00 00 00 00 00 00 85 06 00 00 00 00 00 00 00 00 00 00 00 00 00 2C 0D 55
23:02:30.843 * rx 89064 F0 30 00 01 00 06 0A 00 09 77 00 10 10 31 36 12 78 00 00 00 00 19 00 00 00 00 09 77 00 05 0D 00 00 00 00 00 00 00 00 00 00 00 00 00 00 7D 02 55
23:02:30.863 * tx 89077 F0 1D 00 01 01 03 C2 2E 00 B2 11 B2 11 1C 00 00 06 00 00 02 00 02 01 00 00 00 BF 02 55
23:02:30.897 * tx 89077 F0 16 00 01 01 04 00 00 19 81 00 00 3D 00 00 00 01 00 00 F4 00 55
23:02:30.915 * rx 89080 +0/105#5309 F0 69 00 01 01 05 B2 11 B2 11 00 00 00 00 07 2A 00 2A 00 54 01 54 01 00 00 00 5D 01 80 70 46 05 46 05 5D 01 00 00 C0 E8 58 3F 29 1E 36 B8 F8 00 00 00 00 00 00 00 00 00 00 00 00 00 00 00 00 00
23:02:30.945 * rx 89080 +64/105#5309 00 00 00 00 01 00 00 00 00 00 00 00 00 00 00 00 00 00 00 00 00 00 00 85 06 00 00 00 00 00 00 00 00 00 00 00 00 00 35 0A 55
23:02:30.963 * rx 89080 F0 30 00 01 01 06 0A 00 09 77 00 10 10 31 36 12 78 00 00 00 00 19 00 00 00 00 09 77 00 05 0D 00 00 00 00 00 00 00 00 00 00 00 00 00 00 7E 02 55
23:02:30.990 * tx 89093 F0 1D 00 01 02 03 C2 2E 00 B2 11 B2 11 1C 00 00 06 00 00 02 00 02 01 00 00 00 C0 02 55
23:02:31.009 * tx 89094 F0 16 00 01 02 04 00 00 19 81 00 00 3D 00 00 00 01 00 00 F5 00 55
23:02:31.035 * rx 89097 +0/105#5313 F0 69 00 01 02 05 B2 11 B2 11 00 00 00 00 07 2A 00 2A 00 54 01 54 01 00 00 00 5D 01 80 70 46 05 46 05 5D 01 00 00 C0 E8 58 3F 29 1E E5 E7 A6 B3 CC ED 00 00 00 00 00 00 00 00 00 00 00 00 00 00
23:02:31.053 * rx 89097 +64/105#5313 00 00 00 00 01 00 00 00 00 00 00 00 00 00 00 00 00 00 00 00 00 00 00 85 06 00 00 00 00 00 00 00 00 00 00 00 00 00 2E 0D 55
23:02:31.082 * rx 89098 F0 30 00 01 02 06 0A 00 09 77 00 10 10 31 36 12 78 00 00 00 00 19 00 00 00 00 09 77 00 05 0D 00 00 00 00 00 00 00 00 00 00 00 00 00 00 7F 02 55
23:02:31.100 * tx 89110 F0 1D 00 01 03 03 C2 2E 00 B2 11 B2 11 1C 00 00 06 00 00 02 00 02 01 00 00 00 C1 02 55
23:02:31.125 * tx 89110 F0 16 00 01 03 04 00 00 19 81 00 00 3D 00 00 00 01 00 00 F6 00 55
23:02:31.144 * rx 89113 +0/105#5317 F0 69 00 01 03 05 B2 11 B2 11 00 00 00 00 07 2A 00 2A 00 54 01 54 01 00 00 00 5D 01 80 70 46 05 46 05 5D 01 00 00 C0 E8 58 3F 29 1E 36 B8 F8 00 00 00 00 00 00 00 00 00 00 00 00 00 00 00 00 00
23:02:31.173 * rx 89113 +64/105#5317 00 00 00 00 01 00 00 00 00 00 00 00 00 00 00 00 00 00 00 00 00 00 00 85 06 00 00 00 00 00 00 00 00 00 00 00 00 00 37 0A 55
23:02:31.191 * rx 89114 F0 30 00 01 03 06 0A 00 09 77 00 10 10 31 36 12 78 00 00 00 00 19 00 00 00 00 09 77 00 05 0D 00 00 00 00 00 00 00 00 00 00 00 00 00 00 80 02 55
23:02:31.222 * tx 89127 F0 1D 00 01 04 03 C2 2E 00 B2 11 B2 11 1C 00 00 06 00 00 02 00 02 01 00 00 00 C2 02 55
23:02:31.240 * tx 89127 F0 16 00 01 04 04 00 00 19 81 00 00 3D 00 00 00 01 00 00 F7 00 55
23:02:31.272 * rx 89130 +0/105#5321 F0 69 00 01 04 05 B2 11 B2 11 00 00 00 00 07 2A 00 2A 00 54 01 54 01 00 00 00 5D 01 80 70 46 05 46 05 5D 01 00 00 C0 E8 58 3F 29 1E E5 E7 A6 B3 CC ED 00 00 00 00 00 00 00 00 00 00 00 00 00 00
23:02:31.290 * rx 89130 +64/105#5321 00 00 00 00 01 00 00 00 00 00 00 00 00 00 00 00 00 00 00 00 00 00 00 85 06 00 00 00 00 00 00 00 00 00 00 00 00 00 30 0D 55
23:02:31.318 * rx 89131 F0 30 00 01 04 06 0A 00 09 77 00 10 10 31 36 12 78 00 00 00 00 19 00 00 00 00 09 77 00 05 0D 00 00 00 00 00 00 00 00 00 00 00 00 00 00 81 02 55
23:02:31.338 * tx 89144 F0 1D 00 01 05 03 C2 2E 00 B2 11 B2 11 1C 00 00 06 00 00 02 00 02 01 00 00 00 C3 02 55
23:02:31.369 * tx 89144 F0 16 00 01 05 04 00 00 19 81 00 00 3D 00 00 00 01 00 00 F8 00 55
23:02:31.390 * rx 89147 +0/105#5325 F0 69 00 01 05 05 B2 11 B2 11 00 00 00 00 07 2A 00 2A 00 54 01 54 01 00 00 00 5D 01 80 70 46 05 46 05 5D 01 00 00 C0 E8 58 3F 29 1E 36 B8 F8 00 00 00 00 00 00 00 00 00 00 00 00 00 00 00 00 00
23:02:31.420 * rx 89147 +64/105#5325 00 00 00 00 01 00 00 00 00 00 00 00 00 00 00 00 00 00 00 00 00 00 00 85 06 00 00 00 00 00 00 00 00 00 00 00 00 00 39 0A 55
23:02:31.710 * rxflood 109
23:02:31.739 * tx 90059 F0 1D 00 01 3C 03 C2 2E 00 B2 11 B2 11 1C 00 00 06 00 00 02 00 02 01 00 00 00 FA 02 55
23:02:31.764 * tx 90060 F0 16 00 01 3C 04 00 00 19 81 00 00 3D 00 00 00 01 00 00 2F 01 55
23:02:31.797 * rx 90063 +0/105#5545 F0 69 00 01 3C 05 B2 11 B2 11 00 00 00 00 07 2A 00 2A 00 54 01 54 01 00 00 00 5D 01 80 70 46 05 46 05 5D 01 00 00 C0 E8 58 3F 29 1E E5 E7 A6 B3 CC ED 00 00 00 00 00 00 00 00 00 00 00 00 00 00
23:02:31.817 * rx 90063 +64/105#5545 00 00 00 00 01 00 00 00 00 00 00 00 00 00 00 00 00 00 00 00 00 00 00 85 06 00 00 00 00 00 00 00 00 00 00 00 00 00 68 0D 55
23:02:31.844 * rx 90064 F0 30 00 01 3C 06 0A 00 09 77 00 10 10 31 36 12 78 00 00 00 00 19 00 00 00 00 09 77 00 05 0D 00 00 00 00 00 00 00 00 00 00 00 00 00 00 B9 02 55
23:02:31.865 * tx 90077 F0 1D 00 01 3D 03 C2 2E 00 B2 11 B2 11 1C 00 00 06 00 00 02 00 02 01 00 00 00 FB 02 55
23:02:31.898 * tx 90077 F0 16 00 01 3D 04 00 00 19 81 00 00 3D 00 00 00 01 00 00 30 01 55
23:02:31.916 * rx 90080 +0/105#5549 F0 69 00 01 3D 05 B2 11 B2 11 00 00 00 00 07 2A 00 2A 00 54 01 54 01 00 00 00 5D 01 80 70 46 05 46 05 5D 01 00 00 C0 E8 58 3F 29 1E 36 B8 F8 00 00 00 00 00 00 00 00 00 00 00 00 00 00 00 00 00
23:02:31.949 * rx 90080 +64/105#5549 00 00 00 00 01 00 00 00 00 00 00 00 00 00 00 00 00 00 00 00 00 00 00 85 06 00 00 00 00 00 00 00 00 00 00 00 00 00 71 0A 55
23:02:31.970 * rx 90080 F0 30 00 01 3D 06 0A 00 09 77 00 10 10 31 36 12 78 00 00 00 00 19 00 00 00 00 09 77 00 05 0D 00 00 00 00 00 00 00 00 00 00 00 00 00 00 BA 02 55
23:02:32.004 * tx 90093 F0 1D 00 01 3E 03 C2 2E 00 B2 11 B2 11 1C 00 00 06 00 00 02 00 02 01 00 00 00 FC 02 55
23:02:32.026 * tx 90094 F0 16 00 01 3E 04 00 00 19 81 00 00 3D 00 00 00 01 00 00 31 01 55
23:02:32.059 * rx 90097 +0/105#5553 F0 69 00 01 3E 05 B2 11 B2 11 00 00 00 00 07 2A 00 2A 00 54 01 54 01 00 00 00 5D 01 80 70 46 05 46 05 5D 01 00 00 C0 E8 58 3F 29 1E E5 E7 A6 B3 CC ED 00 00 00 00 00 00 00 00 00 00 00 00 00 00
23:02:32.080 * rx 90097 +64/105#5553 00 00 00 00 01 00 00 00 00 00 00 00 00 00 00 00 00 00 00 00 00 00 00 85 06 00 00 00 00 00 00 00 00 00 00 00 00 00 6A 0D 55
23:02:32.111 * rx 90098 F0 30 00 01 3E 06 0A 00 09 77 00 10 10 31 36 12 78 00 00 00 00 19 00 00 00 00 09 77 00 05 0D 00 00 00 00 00 00 00 00 00 00 00 00 00 00 BB 02 55
23:02:32.127 * tx 90110 F0 1D 00 01 3F 03 C2 2E 00 B2 11 B2 11 1C 00 00 06 00 00 02 00 02 01 00 00 00 FD 02 55
23:02:32.153 * tx 90110 F0 16 00 01 3F 04 00 00 19 81 00 00 3D 00 00 00 01 00 00 32 01 55
23:02:32.171 * rx 90113 +0/105#5557 F0 69 00 01 3F 05 B2 11 B2 11 00 00 00 00 07 2A 00 2A 00 54 01 54 01 00 00 00 5D 01 80 70 46 05 46 05 5D 01 00 00 C0 E8 58 3F 29 1E 36 B8 F8 00 00 00 00 00 00 00 00 00 00 00 00 00 00 00 00 00
23:02:32.196 * rx 90113 +64/105#5557 00 00 00 00 01 00 00 00 00 00 00 00 00 00 00 00 00 00 00 00 00 00 00 85 06 00 00 00 00 00 00 00 00 00 00 00 00 00 73 0A 55
23:02:32.210 * rx 90114 F0 30 00 01 3F 06 0A 00 09 77 00 10 10 31 36 12 78 00 00 00 00 19 00 00 00 00 09 77 00 05 0D 00 00 00 00 00 00 00 00 00 00 00 00 00 00 BC 02 55
23:02:32.235 * tx 90127 F0 1D 00 01 40 03 C2 2E 00 B2 11 B2 11 1C 00 00 06 00 00 02 00 02 01 00 00 00 FE 02 55
23:02:32.250 * tx 90127 F0 16 00 01 40 04 00 00 19 81 00 00 3D 00 00 00 01 00 00 33 01 55
23:02:32.273 * rx 90130 +0/105#5561 F0 69 00 01 40 05 B2 11 B2 11 00 00 00 00 07 2A 00 2A 00 54 01 54 01 00 00 00 5D 01 80 70 46 05 46 05 5D 01 00 00 C0 E8 58 3F 29 1E E5 E7 A6 B3 CC ED 00 00 00 00 00 00 00 00 00 00 00 00 00 00
23:02:32.290 * rx 90130 +64/105#5561 00 00 00 00 01 00 00 00 00 00 00 00 00 00 00 00 00 00 00 00 00 00 00 85 06 00 00 00 00 00 00 00 00 00 00 00 00 00 6C 0D 55
23:02:32.320 * rx 90131 F0 30 00 01 40 06 0A 00 09 77 00 10 10 31 36 12 78 00 00 00 00 19 00 00 00 00 09 77 00 05 0D 00 00 00 00 00 00 00 00 00 00 00 00 00 00 BD 02 55
23:02:32.336 * tx 90144 F0 1D 00 01 41 03 C2 2E 00 B2 11 B2 11 1C 00 00 06 00 00 02 00 02 01 00 00 00 FF 02 55
23:02:32.360 * tx 90144 F0 16 00 01 41 04 00 00 19 81 00 00 3D 00 00 00 01 00 00 34 01 55
23:02:32.376 * rx 90147 +0/105#5565 F0 69 00 01 41 05 B2 11 B2 11 00 00 00 00 07 2A 00 2A 00 54 01 54 01 00 00 00 5D 01 80 70 46 05 46 05 5D 01 00 00 C0 E8 58 3F 29 1E E5 E7 A6 B3 CC ED 00 00 00 00 00 00 00 00 00 00 00 00 00 00
23:02:32.401 * rx 90147 +64/105#5565 00 00 00 00 01 00 00 00 00 00 00 00 00 00 00 00 00 00 00 00 00 00 00 85 06 00 00 00 00 00 00 00 00 00 00 00 00 00 6D 0D 55
23:02:32.711 * rxflood 109
23:02:32.740 * tx 91059 F0 1D 00 01 78 03 C2 2E 00 B2 11 B2 11 1C 00 00 06 00 00 02 00 02 01 00 00 00 36 03 55
23:02:32.777 * tx 91060 F0 16 00 01 78 04 00 00 19 81 00 00 3D 00 00 00 01 00 00 6B 01 55
23:02:32.810 * rx 91063 +0/105#5785 F0 69 00 01 78 05 B2 11 B2 11 00 00 00 00 07 2A 00 2A 00 54 01 54 01 00 00 00 5D 01 80 70 46 05 46 05 5D 01 00 00 C0 E8 58 3F 29 1E E5 E7 A6 B3 CC ED 00 00 00 00 00 00 00 00 00 00 00 00 00 00
23:02:32.834 * rx 91063 +64/105#5785 00 00 00 00 01 00 00 00 00 00 00 00 00 00 00 00 00 00 00 00 00 00 00 85 06 00 00 00 00 00 00 00 00 00 00 00 00 00 A4 0D 55
23:02:32.877 * rx 91064 F0 30 00 01 78 06 0A 00 09 77 00 10 10 31 36 12 78 00 00 00 00 19 00 00 00 00 09 77 00 05 0D 00 00 00 00 00 00 00 00 00 00 00 00 00 00 F5 02 55
23:02:32.892 * tx 91077 F0 1D 00 01 79 03 C2 2E 00 B2 11 B2 11 1C 00 00 06 00 00 02 00 02 01 00 00 00 37 03 55
23:02:32.919 * tx 91077 F0 16 00 01 79 04 00 00 19 81 00 00 3D 00 00 00 01 00 00 6C 01 55
23:02:32.942 * rx 91080 +0/105#5789 F0 69 00 01 79 05 B2 11 B2 11 00 00 00 00 07 2A 00 2A 00 54 01 54 01 00 00 00 5D 01 80 70 46 05 46 05 5D 01 00 00 C0 E8 58 3F 29 1E 36 B8 F8 00 00 00 00 00 00 00 00 00 00 00 00 00 00 00 00 00
23:02:32.975 * rx 91080 +64/105#5789 00 00 00 00 01 00 00 00 00 00 00 00 00 00 00 00 00 00 00 00 00 00 00 85 06 00 00 00 00 00 00 00 00 00 00 00 00 00 AD 0A 55
23:02:32.994 * rx 91081 F0 30 00 01 79 06 0A 00 09 77 00 10 10 31 36 12 78 00 00 00 00 19 00 00 00 00 09 77 00 05 0D 00 00 00 00 00 00 00 00 00 00 00 00 00 00 F6 02 55
23:02:33.024 * tx 91093 F0 1D 00 01 7A 03 C2 2E 00 B2 11 B2 11 1C 00 00 06 00 00 02 00 02 01 00 00 00 38 03 55
23:02:33.041 * tx 91094 F0 16 00 01 7A 04 00 00 19 81 00 00 3D 00 00 00 01 00 00 6D 01 55
23:02:33.068 * rx 91097 +0/105#5793 F0 69 00 01 7A 05 B2 11 B2 11 00 00 00 00 07 2A 00 2A 00 54 01 54 01 00 00 00 5D 01 80 70 46 05 46 05 5D 01 00 00 C0 E8 58 3F 29 1E E5 E7 A6 B3 CC ED 00 00 00 00 00 00 00 00 00 00 00 00 00 00
23:02:33.085 * rx 91097 +64/105#5793 00 00 00 00 01 00 00 00 00 00 00 00 00 00 00 00 00 00 00 00 00 00 00 85 06 00 00 00 00 00 00 00 00 00 00 00 00 00 A6 0D 55
23:02:33.111 * rx 91097 F0 30 00 01 7A 06 0A 00 09 77 00 10 10 31 36 12 78 00 00 00 00 19 00 00 00 00 09 77 00 05 0D 00 00 00 00 00 00 00 00 00 00 00 00 00 00 F7 02 55
23:02:33.129 * tx 91110 F0 1D 00 01 7B 03 C2 2E 00 B2 11 B2 11 1C 00 00 06 00 00 02 00 02 01 00 00 00 39 03 55
23:02:33.160 * tx 91110 F0 16 00 01 7B 04 00 00 19 81 00 00 3D 00 00 00 01 00 00 6E 01 55
23:02:33.179 * rx 91113 +0/105#5797 F0 69 00 01 7B 05 B2 11 B2 11 00 00 00 00 07 2A 00 2A 00 54 01 54 01 00 00 00 5D 01 80 70 46 05 46 05 5D 01 00 00 C0 E8 58 3F 29 1E 36 B8 F8 00 00 00 00 00 00 00 00 00 00 00 00 00 00 00 00 00
23:02:33.205 * rx 91113 +64/105#5797 00 00 00 00 01 00 00 00 00 00 00 00 00 00 00 00 00 00 00 00 00 00 00 85 06 00 00 00 00 00 00 00 00 00 00 00 00 00 AF 0A 55
23:02:33.226 * rx 91114 F0 30 00 01 7B 06 0A 00 09 77 00 10 10 31 36 12 78 00 00 00 00 19 00 00 00 00 09 77 00 05 0D 00 00 00 00 00 00 00 00 00 00 00 00 00 00 F8 02 55
23:02:33.261 * tx 91127 F0 1D 00 01 7C 03 C2 2E 00 B2 11 B2 11 1C 00 00 06 00 00 02 00 02 01 00 00 00 3A 03 55
23:02:33.283 * tx 91127 F0 16 00 01 7C 04 00 00 19 81 00 00 3D 00 00 00 01 00 00 6F 01 55
23:02:33.317 * rx 91130 +0/105#5801 F0 69 00 01 7C 05 B2 11 B2 11 00 00 00 00 07 2A 00 2A 00 54 01 54 01 00 00 00 5D 01 80 70 46 05 46 05 5D 01 00 00 C0 E8 58 3F 29 1E E5 E7 A6 B3 CC ED 00 00 00 00 00 00 00 00 00 00 00 00 00 00
23:02:33.340 * rx 91130 +64/105#5801 00 00 00 00 01 00 00 00 00 00 00 00 00 00 00 00 00 00 00 00 00 00 00 85 06 00 00 00 00 00 00 00 00 00 00 00 00 00 A8 0D 55
23:02:33.380 * rx 91131 F0 30 00 01 7C 06 0A 00 09 77 00 10 10 31 36 12 78 00 00 00 00 19 00 00 00 00 09 77 00 05 0D 00 00 00 00 00 00 00 00 00 00 00 00 00 00 F9 02 55
23:02:33.405 * tx 91144 F0 1D 00 01 7D 03 C2 2E 00 B2 11 B2 11 1C 00 00 06 00 00 02 00 02 01 00 00 00 3B 03 55
23:02:33.431 * tx 91144 F0 16 00 01 7D 04 00 00 19 81 00 00 3D 00 00 00 01 00 00 70 01 55
23:02:33.451 * rx 91147 +0/105#5805 F0 69 00 01 7D 05 B2 11 B2 11 00 00 00 00 07 2A 00 2A 00 54 01 54 01 00 00 00 5D 01 80 70 46 05 46 05 5D 01 00 00 C0 E8 58 3F 29 1E E5 E7 A6 B3 CC ED 00 00 00 00 00 00 00 00 00 00 00 00 00 00
23:02:33.479 * rx 91147 +64/105#5805 00 00 00 00 01 00 00 00 00 00 00 00 00 00 00 00 00 00 00 00 00 00 00 85 06 00 00 00 00 00 00 00 00 00 00 00 00 00 A9 0D 55
23:02:33.712 * rxflood 109
23:02:33.747 * tx 92059 F0 1D 00 01 B4 03 C2 2E 00 B2 11 B2 11 1C 00 00 06 00 00 02 00 02 01 00 00 00 72 03 55
23:02:33.771 * tx 92060 F0 16 00 01 B4 04 00 00 19 81 00 00 3D 00 00 00 01 00 00 A7 01 55
23:02:33.796 * rx 92063 +0/105#6025 F0 69 00 01 B4 05 B2 11 B2 11 00 00 00 00 07 2A 00 2A 00 54 01 54 01 00 00 00 5D 01 80 70 46 05 46 05 5D 01 00 00 C0 E8 58 3F 29 1E E5 E7 A6 B3 CC ED 00 00 00 00 00 00 00 00 00 00 00 00 00 00
23:02:33.830 * rx 92063 +64/105#6025 00 00 00 00 01 00 00 00 00 00 00 00 00 00 00 00 00 00 00 00 00 00 00 85 06 00 00 00 00 00 00 00 00 00 00 00 00 00 E0 0D 55
23:02:33.856 * rx 92064 F0 30 00 01 B4 06 0A 00 09 77 00 10 10 31 36 12 78 00 00 00 00 19 00 00 00 00 09 77 00 05 0D 00 00 00 00 00 00 00 00 00 00 00 00 00 00 31 03 55
23:02:33.878 * tx 92077 F0 1D 00 01 B5 03 C2 2E 00 B2 11 B2 11 1C 00 00 06 00 00 02 00 02 01 00 00 00 73 03 55
23:02:33.897 * tx 92077 F0 16 00 01 B5 04 00 00 19 81 00 00 3D 00 00 00 01 00 00 A8 01 55
23:02:33.917 * rx 92080 +0/105#6029 F0 69 00 01 B5 05 B2 11 B2 11 00 00 00 00 07 2A 00 2A 00 54 01 54 01 00 00 00 5D 01 80 70 46 05 46 05 5D 01 00 00 C0 E8 58 3F 29 1E 36 B8 F8 00 00 00 00 00 00 00 00 00 00 00 00 00 00 00 00 00
23:02:33.944 * rx 92080 +64/105#6029 00 00 00 00 01 00 00 00 00 00 00 00 00 00 00 00 00 00 00 00 00 00 00 85 06 00 00 00 00 00 00 00 00 00 00 00 00 00 E9 0A 55
23:02:33.987 * rx 92081 F0 30 00 01 B5 06 0A 00 09 77 00 10 10 31 36 12 78 00 00 00 00 19 00 00 00 00 09 77 00 05 0D 00 00 00 00 00 00 00 00 00 00 00 00 00 00 32 03 55
23:02:34.016 * tx 92093 F0 1D 00 01 B6 03 C2 2E 00 B2 11 B2 11 1C 00 00 06 00 00 02 00 02 01 00 00 00 74 03 55
23:02:34.040 * tx 92094 F0 16 00 01 B6 04 00 00 19 81 00 00 3D 00 00 00 01 00 00 A9 01 55
23:02:34.061 * rx 92097 +0/105#6033 F0 69 00 01 B6 05 B2 11 B2 11 00 00 00 00 07 2A 00 2A 00 54 01 54 01 00 00 00 5D 01 80 70 46 05 46 05 5D 01 00 00 C0 E8 58 3F 29 1E E5 E7 A6 B3 CC ED 00 00 00 00 00 00 00 00 00 00 00 00 00 00
23:02:34.090 * rx 92097 +64/105#6033 00 00 00 00 01 00 00 00 00 00 00 00 00 00 00 00 00 00 00 00 00 00 00 85 06 00 00 00 00 00 00 00 00 00 00 00 00 00 E2 0D 55
23:02:34.108 * rx 92098 F0 30 00 01 B6 06 0A 00 09 77 00 10 10 31 36 12 78 00 00 00 00 19 00 00 00 00 09 77 00 05 0D 00 00 00 00 00 00 00 00 00 00 00 00 00 00 33 03 55
23:02:34.124 * tx 92109 F0 1D 00 01 B7 03 C2 2E 00 B2 11 B2 11 1C 00 00 06 00 00 02 00 02 01 00 00 00 75 03 55
23:02:34.142 * tx 92110 F0 16 00 01 B7 04 00 00 19 81 00 00 3D 00 00 00 01 00 00 AA 01 55
23:02:34.173 * rx 92113 +0/105#6037 F0 69 00 01 B7 05 B2 11 B2 11 00 00 00 00 07 2A 00 2A 00 54 01 54 01 00 00 00 5D 01 80 70 46 05 46 05 5D 01 00 00 C0 E8 58 3F 29 1E 36 B8 F8 00 00 00 00 00 00 00 00 00 00 00 00 00 00 00 00 00
23:02:34.190 * rx 92113 +64/105#6037 00 00 00 00 01 00 00 00 00 00 00 00 00 00 00 00 00 00 00 00 00 00 00 85 06 00 00 00 00 00 00 00 00 00 00 00 00 00 EB 0A 55
23:02:34.205 * rx 92114 F0 30 00 01 B7 06 0A 00 09 77 00 10 10 31 36 12 78 00 00 00 00 19 00 00 00 00 09 77 00 05 0D 00 00 00 00 00 00 00 00 00 00 00 00 00 00 34 03 55
23:02:34.225 * tx 92127 F0 1D 00 01 B8 03 C2 2E 00 B2 11 B2 11 1C 00 00 06 00 00 02 00 02 01 00 00 00 76 03 55
23:02:34.255 * tx 92127 F0 16 00 01 B8 04 00 00 19 81 00 00 3D 00 00 00 01 00 00 AB 01 55
23:02:34.277 * rx 92130 +0/105#6041 F0 69 00 01 B8 05 B2 11 B2 11 00 00 00 00 07 2A 00 2A 00 54 01 54 01 00 00 00 5D 01 80 70 46 05 46 05 5D 01 00 00 C0 E8 58 3F 29 1E E5 E7 A6 B3 CC ED 00 00 00 00 00 00 00 00 00 00 00 00 00 00
23:02:34.296 * rx 92130 +64/105#6041 00 00 00 00 01 00 00 00 00 00 00 00 00 00 00 00 00 00 00 00 00 00 00 85 06 00 00 00 00 00 00 00 00 00 00 00 00 00 E4 0D 55
23:02:34.323 * rx 92131 F0 30 00 01 B8 06 0A 00 09 77 00 10 10 31 36 12 78 00 00 00 00 19 00 00 00 00 09 77 00 05 0D 00 00 00 00 00 00 00 00 00 00 00 00 00 00 35 03 55
23:02:34.357 * tx 92144 F0 1D 00 01 B9 03 C2 2E 00 B2 11 B2 11 1C 00 00 06 00 00 02 00 02 01 00 00 00 77 03 55
23:02:34.378 * tx 92145 F0 16 00 01 B9 04 00 00 19 81 00 00 3D 00 00 00 01 00 00 AC 01 55
23:02:34.402 * rx 92147 +0/105#6045 F0 69 00 01 B9 05 B2 11 B2 11 00 00 00 00 07 2A 00 2A 00 54 01 54 01 00 00 00 5D 01 80 70 46 05 46 05 5D 01 00 00 C0 E8 58 3F 29 1E E5 E7 A6 B3 CC ED 00 00 00 00 00 00 00 00 00 00 00 00 00 00
23:02:34.432 * rx 92147 +64/105#6045 00 00 00 00 01 00 00 00 00 00 00 00 00 00 00 00 00 00 00 00 00 00 00 85 06 00 00 00 00 00 00 00 00 00 00 00 00 00 E5 0D 55
23:02:34.711 * rxflood 109
23:02:34.743 * tx 93059 F0 1D 00 01 00 03 C2 2E 00 B2 11 B2 11 1C 00 00 06 00 00 02 00 02 01 00 00 00 BE 02 55
23:02:34.770 * tx 93060 F0 16 00 01 00 04 00 00 19 81 00 00 3D 00 00 00 01 00 00 F3 00 55
23:02:34.791 * rx 93063 +0/105#6265 F0 69 00 01 00 05 B2 11 B2 11 00 00 00 00 07 2A 00 2A 00 54 01 54 01 00 00 00 5D 01 80 70 46 05 46 05 5D 01 00 00 C0 E8 58 3F 29 1E E5 E7 A6 B3 CC ED 00 00 00 00 00 00 00 00 00 00 00 00 00 00
23:02:34.816 * rx 93063 +64/105#6265 00 00 00 00 01 00 00 00 00 00 00 00 00 00 00 00 00 00 00 00 00 00 00 85 06 00 00 00 00 00 00 00 00 00 00 00 00 00 2C 0D 55
23:02:34.838 * rx 93064 F0 30 00 01 00 06 0A 00 09 77 00 10 10 31 36 12 78 00 00 00 00 19 00 00 00 00 09 77 00 05 0D 00 00 00 00 00 00 00 00 00 00 00 00 00 00 7D 02 55
23:02:34.859 * tx 93077 F0 1D 00 01 01 03 C2 2E 00 B2 11 B2 11 1C 00 00 06 00 00 02 00 02 01 00 00 00 BF 02 55
23:02:34.880 * tx 93077 F0 16 00 01 01 04 00 00 19 81 00 00 3D 00 00 00 01 00 00 F4 00 55
23:02:34.915 * rx 93080 +0/105#6269 F0 69 00 01 01 05 B2 11 B2 11 00 00 00 00 07 2A 00 2A 00 54 01 54 01 00 00 00 5D 01 80 70 46 05 46 05 5D 01 00 00 C0 E8 58 3F 29 1E 36 B8 F8 00 00 00 00 00 00 00 00 00 00 00 00 00 00 00 00 00
23:02:34.939 * rx 93080 +64/105#6269 00 00 00 00 01 00 00 00 00 00 00 00 00 00 00 00 00 00 00 00 00 00 00 85 06 00 00 00 00 00 00 00 00 00 00 00 00 00 35 0A 55
23:02:34.964 * rx 93081 F0 30 00 01 01 06 0A 00 09 77 00 10 10 31 36 12 78 00 00 00 00 19 00 00 00 00 09 77 00 05 0D 00 00 00 00 00 00 00 00 00 00 00 00 00 00 7E 02 55
23:02:34.986 * tx 93093 F0 1D 00 01 02 03 C2 2E 00 B2 11 B2 11 1C 00 00 06 00 00 02 00 02 01 00 00 00 C0 02 55
23:02:35.020 * tx 93094 F0 16 00 01 02 04 00 00 19 81 00 00 3D 00 00 00 01 00 00 F5 00 55
23:02:35.040 * rx 93097 +0/105#6273 F0 69 00 01 02 05 B2 11 B2 11 00 00 00 00 07 2A 00 2A 00 54 01 54 01 00 00 00 5D 01 80 70 46 05 46 05 5D 01 00 00 C0 E8 58 3F 29 1E E5 E7 A6 B3 CC ED 00 00 00 00 00 00 00 00 00 00 00 00 00 00
23:02:35.057 * rx 93097 +64/105#6273 00 00 00 00 01 00 00 00 00 00 00 00 00 00 00 00 00 00 00 00 00 00 00 85 06 00 00 00 00 00 00 00 00 00 00 00 00 00 2E 0D 55
23:02:35.077 * rx 93098 F0 30 00 01 02 06 0A 00 09 77 00 10 10 31 36 12 78 00 00 00 00 19 00 00 00 00 09 77 00 05 0D 00 00 00 00 00 00 00 00 00 00 00 00 00 00 7F 02 55
23:02:35.109 * tx 93109 F0 1D 00 01 03 03 C2 2E 00 B2 11 B2 11 1C 00 00 06 00 00 02 00 02 01 00 00 00 C1 02 55
23:02:35.125 * tx 93110 F0 16 00 01 03 04 00 00 19 81 00 00 3D 00 00 00 01 00 00 F6 00 55
23:02:35.141 * rx 93113 +0/105#6277 F0 69 00 01 03 05 B2 11 B2 11 00 00 00 00 07 2A 00 2A 00 54 01 54 01 00 00 00 5D 01 80 70 46 05 46 05 5D 01 00 00 C0 E8 58 3F 29 1E 36 B8 F8 00 00 00 00 00 00 00 00 00 00 00 00 00 00 00 00 00
23:02:35.159 * rx 93113 +64/105#6277 00 00 00 00 01 00 00 00 00 00 00 00 00 00 00 00 00 00 00 00 00 00 00 85 06 00 00 00 00 00 00 00 00 00 00 00 00 00 37 0A 55
23:02:35.195 * rx 93114 F0 30 00 01 03 06 0A 00 09 77 00 10 10 31 36 12 78 00 00 00 00 19 00 00 00 00 09 77 00 05 0D 00 00 00 00 00 00 00 00 00 00 00 00 00 00 80 02 55
23:02:35.215 * tx 93127 F0 1D 00 01 04 03 C2 2E 00 B2 11 B2 11 1C 00 00 06 00 00 02 00 02 01 00 00 00 C2 02 55
23:02:35.234 * tx 93127 F0 16 00 01 04 04 00 00 19 81 00 00 3D 00 00 00 01 00 00 F7 00 55
23:02:35.259 * rx 93130 +0/105#6281 F0 69 00 01 04 05 B2 11 B2 11 00 00 00 00 07 2A 00 2A 00 54 01 54 01 00 00 00 5D 01 80 70 46 05 46 05 5D 01 00 00 C0 E8 58 3F 29 1E E5 E7 A6 B3 CC ED 00 00 00 00 00 00 00 00 00 00 00 00 00 00
23:02:35.289 * rx 93130 +64/105#6281 00 00 00 00 01 00 00 00 00 00 00 00 00 00 00 00 00 00 00 00 00 00 00 85 06 00 00 00 00 00 00 00 00 00 00 00 00 00 30 0D 55
23:02:35.307 * rx 93131 F0 30 00 01 04 06 0A 00 09 77 00 10 10 31 36 12 78 00 00 00 00 19 00 00 00 00 09 77 00 05 0D 00 00 00 00 00 00 00 00 00 00 00 00 00 00 81 02 55
23:02:35.325 * tx 93144 F0 1D 00 01 05 03 C2 2E 00 B2 11 B2 11 1C 00 00 06 00 00 02 00 02 01 00 00 00 C3 02 55
23:02:35.347 * tx 93144 F0 16 00 01 05 04 00 00 19 81 00 00 3D 00 00 00 01 00 00 F8 00 55
23:02:35.382 * rx 93147 +0/105#6285 F0 69 00 01 05 05 B2 11 B2 11 00 00 00 00 07 2A 00 2A 00 54 01 54 01 00 00 00 5D 01 80 70 46 05 46 05 5D 01 00 00 C0 E8 58 3F 29 1E 36 B8 F8 00 00 00 00 00 00 00 00 00 00 00 00 00 00 00 00 00
23:02:35.403 * rx 93147 +64/105#6285 00 00 00 00 01 00 00 00 00 00 00 00 00 00 00 00 00 00 00 00 00 00 00 85 06 00 00 00 00 00 00 00 00 00 00 00 00 00 39 0A 55
23:02:35.712 * rxflood 109
23:02:35.758 * tx 94059 F0 1D 00 01 3C 03 C2 2E 00 B2 11 B2 11 1C 00 00 06 00 00 02 00 02 01 00 00 00 FA 02 55
23:02:35.802 * tx 94060 F0 16 00 01 3C 04 00 00 19 81 00 00 3D 00 00 00 01 00 00 2F 01 55
23:02:35.829 * rx 94063 +0/105#6505 F0 69 00 01 3C 05 B2 11 B2 11 00 00 00 00 07 2A 00 2A 00 54 01 54 01 00 00 00 5D 01 80 70 46 05 46 05 5D 01 00 00 C0 E8 58 3F 29 1E E5 E7 A6 B3 CC ED 00 00 00 00 00 00 00 00 00 00 00 00 00 00
23:02:35.853 * rx 94063 +64/105#6505 00 00 00 00 01 00 00 00 00 00 00 00 00 00 00 00 00 00 00 00 00 00 00 85 06 00 00 00 00 00 00 00 00 00 00 00 00 00 68 0D 55
23:02:35.880 * rx 94064 F0 30 00 01 3C 06 0A 00 09 77 00 10 10 31 36 12 78 00 00 00 00 19 00 00 00 00 09 77 00 05 0D 00 00 00 00 00 00 00 00 00 00 00 00 00 00 B9 02 55
23:02:35.924 * tx 94077 F0 1D 00 01 3D 03 C2 2E 00 B2 11 B2 11 1C 00 00 06 00 00 02 00 02 01 00 00 00 FB 02 55
23:02:35.951 * tx 94077 F0 16 00 01 3D 04 00 00 19 81 00 00 3D 00 00 00 01 00 00 30 01 55
23:02:35.974 * rx 94080 +0/105#6509 F0 69 00 01 3D 05 B2 11 B2 11 00 00 00 00 07 2A 00 2A 00 54 01 54 01 00 00 00 5D 01 80 70 46 05 46 05 5D 01 00 00 C0 E8 58 3F 29 1E 36 B8 F8 00 00 00 00 00 00 00 00 00 00 00 00 00 00 00 00 00
23:02:35.997 * rx 94080 +64/105#6509 00 00 00 00 01 00 00 00 00 00 00 00 00 00 00 00 00 00 00 00 00 00 00 85 06 00 00 00 00 00 00 00 00 00 00 00 00 00 71 0A 55
23:02:36.033 * rx 94081 F0 30 00 01 3D 06 0A 00 09 77 00 10 10 31 36 12 78 00 00 00 00 19 00 00 00 00 09 77 00 05 0D 00 00 00 00 00 00 00 00 00 00 00 00 00 00 BA 02 55
23:02:36.057 * tx 94094 F0 1D 00 01 3E 03 C2 2E 00 B2 11 B2 11 1C 00 00 06 00 00 02 00 02 01 00 00 00 FC 02 55
23:02:36.077 * tx 94094 F0 16 00 01 3E 04 00 00 19 81 00 00 3D 00 00 00 01 00 00 31 01 55
23:02:36.100 * rx 94097 +0/105#6513 F0 69 00 01 3E 05 B2 11 B2 11 00 00 00 00 07 2A 00 2A 00 54 01 54 01 00 00 00 5D 01 80 70 46 05 46 05 5D 01 00 00 C0 E8 58 3F 29 1E E5 E7 A6 B3 CC ED 00 00 00 00 00 00 00 00 00 00 00 00 00 00
23:02:36.137 * rx 94097 +64/105#6513 00 00 00 00 01 00 00 00 00 00 00 00 00 00 00 00 00 00 00 00 00 00 00 85 06 00 00 00 00 00 00 00 00 00 00 00 00 00 6A 0D 55
23:02:36.161 * rx 94098 F0 30 00 01 3E 06 0A 00 09 77 00 10 10 31 36 12 78 00 00 00 00 19 00 00 00 00 09 77 00 05 0D 00 00 00 00 00 00 00 00 00 00 00 00 00 00 BB 02 55
23:02:36.182 * tx 94109 F0 1D 00 01 3F 03 C2 2E 00 B2 11 B2 11 1C 00 00 06 00 00 02 00 02 01 00 00 00 FD 02 55
23:02:36.210 * tx 94110 F0 16 00 01 3F 04 00 00 19 81 00 00 3D 00 00 00 01 00 00 32 01 55
23:02:36.248 * rx 94113 +0/105#6517 F0 69 00 01 3F 05 B2 11 B2 11 00 00 00 00 07 2A 00 2A 00 54 01 54 01 00 00 00 5D 01 80 70 46 05 46 05 5D 01 00 00 C0 E8 58 3F 29 1E 36 B8 F8 00 00 00 00 00 00 00 00 00 00 00 00 00 00 00 00 00
23:02:36.274 * rx 94113 +64/105#6517 00 00 00 00 01 00 00 00 00 00 00 00 00 00 00 00 00 00 00 00 00 00 00 85 06 00 00 00 00 00 00 00 00 00 00 00 00 00 73 0A 55
23:02:36.299 * rx 94114 F0 30 00 01 3F 06 0A 00 09 77 00 10 10 31 36 12 78 00 00 00 00 19 00 00 00 00 09 77 00 05 0D 00 00 00 00 00 00 00 00 00 00 00 00 00 00 BC 02 55
23:02:36.328 * tx 94127 F0 1D 00 01 40 03 C2 2E 00 B2 11 B2 11 1C 00 00 06 00 00 02 00 02 01 00 00 00 FE 02 55
23:02:36.372 * tx 94127 F0 16 00 01 40 04 00 00 19 81 00 00 3D 00 00 00 01 00 00 33 01 55
23:02:36.404 * rx 94130 +0/105#6521 F0 69 00 01 40 05 B2 11 B2 11 00 00 00 00 07 2A 00 2A 00 54 01 54 01 00 00 00 5D 01 80 70 46 05 46 05 5D 01 00 00 C0 E8 58 3F 29 1E E5 E7 A6 B3 CC ED 00 00 00 00 00 00 00 00 00 00 00 00 00 00
23:02:36.429 * rx 94130 +64/105#6521 00 00 00 00 01 00 00 00 00 00 00 00 00 00 00 00 00 00 00 00 00 00 00 85 06 00 00 00 00 00 00 00 00 00 00 00 00 00 6C 0D 55
23:02:36.456 * rx 94131 F0 30 00 01 40 06 0A 00 09 77 00 10 10 31 36 12 78 00 00 00 00 19 00 00 00 00 09 77 00 05 0D 00 00 00 00 00 00 00 00 00 00 00 00 00 00 BD 02 55
23:02:36.502 * tx 94144 F0 1D 00 01 41 03 C2 2E 00 B2 11 B2 11 1C 00 00 06 00 00 02 00 02 01 00 00 00 FF 02 55
23:02:36.531 * tx 94144 F0 16 00 01 41 04 00 00 19 81 00 00 3D 00 00 00 01 00 00 34 01 55
23:02:36.554 * rx 94147 +0/105#6525 F0 69 00 01 41 05 B2 11 B2 11 00 00 00 00 07 2A 00 2A 00 54 01 54 01 00 00 00 5D 01 80 70 46 05 46 05 5D 01 00 00 C0 E8 58 3F 29 1E 36 B8 F8 00 00 00 00 00 00 00 00 00 00 00 00 00 00 00 00 00
23:02:36.579 * rx 94147 +64/105#6525 00 00 00 00 01 00 00 00 00 00 00 00 00 00 00 00 00 00 00 00 00 00 00 85 06 00 00 00 00 00 00 00 00 00 00 00 00 00 75 0A 55
23:02:36.710 * rxflood 109
23:02:36.736 * tx 95059 F0 1D 00 01 78 03 C2 2E 00 B2 11 B2 11 1C 00 00 06 00 00 02 00 02 01 00 00 00 36 03 55
23:02:36.760 * tx 95060 F0 16 00 01 78 04 00 00 19 81 00 00 3D 00 00 00 01 00 00 6B 01 55
23:02:36.782 * rx 95063 +0/105#6745 F0 69 00 01 78 05 B2 11 B2 11 00 00 00 00 07 2A 00 2A 00 54 01 54 01 00 00 00 5D 01 80 70 46 05 46 05 5D 01 00 00 C0 E8 58 3F 29 1E E5 E7 A6 B3 CC ED 00 00 00 00 00 00 00 00 00 00 00 00 00 00
23:02:36.810 * rx 95063 +64/105#6745 00 00 00 00 01 00 00 00 00 00 00 00 00 00 00 00 00 00 00 00 00 00 00 85 06 00 00 00 00 00 00 00 00 00 00 00 00 00 A4 0D 55
23:02:36.832 * rx 95064 F0 30 00 01 78 06 0A 00 09 77 00 10 10 31 36 12 78 00 00 00 00 19 00 00 00 00 09 77 00 05 0D 00 00 00 00 00 00 00 00 00 00 00 00 00 00 F5 02 55
23:02:36.856 * tx 95077 F0 1D 00 01 79 03 C2 2E 00 B2 11 B2 11 1C 00 00 06 00 00 02 00 02 01 00 00 00 37 03 55
23:02:36.880 * tx 95077 F0 16 00 01 79 04 00 00 19 81 00 00 3D 00 00 00 01 00 00 6C 01 55
23:02:36.913 * rx 95080 +0/105#6749 F0 69 00 01 79 05 B2 11 B2 11 00 00 00 00 07 2A 00 2A 00 54 01 54 01 00 00 00 5D 01 80 70 46 05 46 05 5D 01 00 00 C0 E8 58 3F 29 1E 36 B8 F8 00 00 00 00 00 00 00 00 00 00 00 00 00 00 00 00 00
23:02:36.936 * rx 95080 +64/105#6749 00 00 00 00 01 00 00 00 00 00 00 00 00 00 00 00 00 00 00 00 00 00 00 85 06 00 00 00 00 00 00 00 00 00 00 00 00 00 AD 0A 55
23:02:36.955 * rx 95081 F0 30 00 01 79 06 0A 00 09 77 00 10 10 31 36 12 78 00 00 00 00 19 00 00 00 00 09 77 00 05 0D 00 00 00 00 00 00 00 00 00 00 00 00 00 00 F6 02 55
23:02:36.980 * tx 95094 F0 1D 00 01 7A 03 C2 2E 00 B2 11 B2 11 1C 00 00 06 00 00 02 00 02 01 00 00 00 38 03 55
23:02:37.017 * tx 95094 F0 16 00 01 7A 04 00 00 19 81 00 00 3D 00 00 00 01 00 00 6D 01 55
23:02:37.055 * rx 95097 +0/105#6753 F0 69 00 01 7A 05 B2 11 B2 11 00 00 00 00 07 2A 00 2A 00 54 01 54 01 00 00 00 5D 01 80 70 46 05 46 05 5D 01 00 00 C0 E8 58 3F 29 1E E5 E7 A6 B3 CC ED 00 00 00 00 00 00 00 00 00 00 00 00 00 00
23:02:37.078 * rx 95097 +64/105#6753 00 00 00 00 01 00 00 00 00 00 00 00 00 00 00 00 00 00 00 00 00 00 00 85 06 00 00 00 00 00 00 00 00 00 00 00 00 00 A6 0D 55
23:02:37.100 * rx 95098 F0 30 00 01 7A 06 0A 00 09 77 00 10 10 31 36 12 78 00 00 00 00 19 00 00 00 00 09 77 00 05 0D 00 00 00 00 00 00 00 00 00 00 00 00 00 00 F7 02 55
23:02:37.132 * tx 95110 F0 1D 00 01 7B 03 C2 2E 00 B2 11 B2 11 1C 00 00 06 00 00 02 00 02 01 00 00 00 39 03 55
23:02:37.150 * tx 95110 F0 16 00 01 7B 04 00 00 19 81 00 00 3D 00 00 00 01 00 00 6E 01 55
23:02:37.167 * rx 95113 +0/105#6757 F0 69 00 01 7B 05 B2 11 B2 11 00 00 00 00 07 2A 00 2A 00 54 01 54 01 00 00 00 5D 01 80 70 46 05 46 05 5D 01 00 00 C0 E8 58 3F 29 1E 36 B8 F8 00 00 00 00 00 00 00 00 00 00 00 00 00 00 00 00 00
23:02:37.188 * rx 95113 +64/105#6757 00 00 00 00 01 00 00 00 00 00 00 00 00 00 00 00 00 00 00 00 00 00 00 85 06 00 00 00 00 00 00 00 00 00 00 00 00 00 AF 0A 55
23:02:37.221 * rx 95114 F0 30 00 01 7B 06 0A 00 09 77 00 10 10 31 36 12 78 00 00 00 00 19 00 00 00 00 09 77 00 05 0D 00 00 00 00 00 00 00 00 00 00 00 00 00 00 F8 02 55
23:02:37.241 * tx 95127 F0 1D 00 01 7C 03 C2 2E 00 B2 11 B2 11 1C 00 00 06 00 00 02 00 02 01 00 00 00 3A 03 55
23:02:37.258 * tx 95127 F0 16 00 01 7C 04 00 00 19 81 00 00 3D 00 00 00 01 00 00 6F 01 55
23:02:37.279 * rx 95130 +0/105#6761 F0 69 00 01 7C 05 B2 11 B2 11 00 00 00 00 07 2A 00 2A 00 54 01 54 01 00 00 00 5D 01 80 70 46 05 46 05 5D 01 00 00 C0 E8 58 3F 29 1E E5 E7 A6 B3 CC ED 00 00 00 00 00 00 00 00 00 00 00 00 00 00
23:02:37.309 * rx 95130 +64/105#6761 00 00 00 00 01 00 00 00 00 00 00 00 00 00 00 00 00 00 00 00 00 00 00 85 06 00 00 00 00 00 00 00 00 00 00 00 00 00 A8 0D 55
23:02:37.330 * rx 95131 F0 30 00 01 7C 06 0A 00 09 77 00 10 10 31 36 12 78 00 00 00 00 19 00 00 00 00 09 77 00 05 0D 00 00 00 00 00 00 00 00 00 00 00 00 00 00 F9 02 55
23:02:37.352 * tx 95144 F0 1D 00 01 7D 03 C2 2E 00 B2 11 B2 11 1C 00 00 06 00 00 02 00 02 01 00 00 00 3B 03 55
23:02:37.371 * tx 95144 F0 16 00 01 7D 04 00 00 19 81 00 00 3D 00 00 00 01 00 00 70 01 55
23:02:37.402 * rx 95147 +0/105#6765 F0 69 00 01 7D 05 B2 11 B2 11 00 00 00 00 07 2A 00 2A 00 54 01 54 01 00 00 00 5D 01 80 70 46 05 46 05 5D 01 00 00 C0 E8 58 3F 29 1E E5 E7 A6 B3 CC ED 00 00 00 00 00 00 00 00 00 00 00 00 00 00
23:02:37.421 * rx 95147 +64/105#6765 00 00 00 00 01 00 00 00 00 00 00 00 00 00 00 00 00 00 00 00 00 00 00 85 06 00 00 00 00 00 00 00 00 00 00 00 00 00 A9 0D 55
23:02:37.710 * rxflood 109
23:02:37.728 * tx 96059 F0 1D 00 01 B4 03 C2 2E 00 B2 11 B2 11 1C 00 00 06 00 00 02 00 02 01 00 00 00 72 03 55
23:02:37.753 * tx 96060 F0 16 00 01 B4 04 00 00 19 81 00 00 3D 00 00 00 01 00 00 A7 01 55
23:02:37.771 * rx 96063 +0/105#6985 F0 69 00 01 B4 05 B2 11 B2 11 00 00 00 00 07 2A 00 2A 00 54 01 54 01 00 00 00 5D 01 80 70 46 05 46 05 5D 01 00 00 C0 E8 58 3F 29 1E E5 E7 A6 B3 CC ED 00 00 00 00 00 00 00 00 00 00 00 00 00 00
23:02:37.791 * rx 96063 +64/105#6985 00 00 00 00 01 00 00 00 00 00 00 00 00 00 00 00 00 00 00 00 00 00 00 85 06 00 00 00 00 00 00 00 00 00 00 00 00 00 E0 0D 55
23:02:37.812 * rx 96064 F0 30 00 01 B4 06 0A 00 09 77 00 10 10 31 36 12 78 00 00 00 00 19 00 00 00 00 09 77 00 05 0D 00 00 00 00 00 00 00 00 00 00 00 00 00 00 31 03 55
23:02:37.851 * tx 96077 F0 1D 00 01 B5 03 C2 2E 00 B2 11 B2 11 1C 00 00 06 00 00 02 00 02 01 00 00 00 73 03 55
23:02:37.873 * tx 96077 F0 16 00 01 B5 04 00 00 19 81 00 00 3D 00 00 00 01 00 00 A8 01 55
23:02:37.893 * rx 96080 +0/105#6989 F0 69 00 01 B5 05 B2 11 B2 11 00 00 00 00 07 2A 00 2A 00 54 01 54 01 00 00 00 5D 01 80 70 46 05 46 05 5D 01 00 00 C0 E8 58 3F 29 1E 36 B8 F8 00 00 00 00 00 00 00 00 00 00 00 00 00 00 00 00 00
23:02:37.912 * rx 96080 +64/105#6989 00 00 00 00 01 00 00 00 00 00 00 00 00 00 00 00 00 00 00 00 00 00 00 85 06 00 00 00 00 00 00 00 00 00 00 00 00 00 E9 0A 55
23:02:37.947 * rx 96081 F0 30 00 01 B5 06 0A 00 09 77 00 10 10 31 36 12 78 00 00 00 00 19 00 00 00 00 09 77 00 05 0D 00 00 00 00 00 00 00 00 00 00 00 00 00 00 32 03 55
23:02:37.967 * tx 96094 F0 1D 00 01 B6 03 C2 2E 00 B2 11 B2 11 1C 00 00 06 00 00 02 00 02 01 00 00 00 74 03 55
23:02:37.984 * tx 96094 F0 16 00 01 B6 04 00 00 19 81 00 00 3D 00 00 00 01 00 00 A9 01 55
23:02:38.001 * rx 96097 +0/105#6993 F0 69 00 01 B6 05 B2 11 B2 11 00 00 00 00 07 2A 00 2A 00 54 01 54 01 00 00 00 5D 01 80 70 46 05 46 05 5D 01 00 00 C0 E8 58 3F 29 1E E5 E7 A6 B3 CC ED 00 00 00 00 00 00 00 00 00 00 00 00 00 00
23:02:38.030 * rx 96097 +64/105#6993 00 00 00 00 01 00 00 00 00 00 00 00 00 00 00 00 00 00 00 00 00 00 00 85 06 00 00 00 00 00 00 00 00 00 00 00 00 00 E2 0D 55
23:02:38.052 * rx 96098 F0 30 00 01 B6 06 0A 00 09 77 00 10 10 31 36 12 78 00 00 00 00 19 00 00 00 00 09 77 00 05 0D 00 00 00 00 00 00 00 00 00 00 00 00 00 00 33 03 55
23:02:38.073 * tx 96109 F0 1D 00 01 B7 03 C2 2E 00 B2 11 B2 11 1C 00 00 06 00 00 02 00 02 01 00 00 00 75 03 55
23:02:38.092 * tx 96110 F0 16 00 01 B7 04 00 00 19 81 00 00 3D 00 00 00 01 00 00 AA 01 55
23:02:38.123 * rx 96113 +0/105#6997 F0 69 00 01 B7 05 B2 11 B2 11 00 00 00 00 07 2A 00 2A 00 54 01 54 01 00 00 00 5D 01 80 70 46 05 46 05 5D 01 00 00 C0 E8 58 3F 29 1E 36 B8 F8 00 00 00 00 00 00 00 00 00 00 00 00 00 00 00 00 00
23:02:38.145 * rx 96113 +64/105#6997 00 00 00 00 01 00 00 00 00 00 00 00 00 00 00 00 00 00 00 00 00 00 00 85 06 00 00 00 00 00 00 00 00 00 00 00 00 00 EB 0A 55
23:02:38.165 * rx 96114 F0 30 00 01 B7 06 0A 00 09 77 00 10 10 31 36 12 78 00 00 00 00 19 00 00 00 00 09 77 00 05 0D 00 00 00 00 00 00 00 00 00 00 00 00 00 00 34 03 55
23:02:38.188 * tx 96127 F0 1D 00 01 B8 03 C2 2E 00 B2 11 B2 11 1C 00 00 06 00 00 02 00 02 01 00 00 00 76 03 55
23:02:38.220 * tx 96127 F0 16 00 01 B8 04 00 00 19 81 00 00 3D 00 00 00 01 00 00 AB 01 55
23:02:38.242 * rx 96130 +0/105#7001 F0 69 00 01 B8 05 B2 11 B2 11 00 00 00 00 07 2A 00 2A 00 54 01 54 01 00 00 00 5D 01 80 70 46 05 46 05 5D 01 00 00 C0 E8 58 3F 29 1E E5 E7 A6 B3 CC ED 00 00 00 00 00 00 00 00 00 00 00 00 00 00
23:02:38.264 * rx 96130 +64/105#7001 00 00 00 00 01 00 00 00 00 00 00 00 00 00 00 00 00 00 00 00 00 00 00 85 06 00 00 00 00 00 00 00 00 00 00 00 00 00 E4 0D 55
23:02:38.286 * rx 96131 F0 30 00 01 B8 06 0A 00 09 77 00 10 10 31 36 12 78 00 00 00 00 19 00 00 00 00 09 77 00 05 0D 00 00 00 00 00 00 00 00 00 00 00 00 00 00 35 03 55
23:02:38.326 * tx 96144 F0 1D 00 01 B9 03 C2 2E 00 B2 11 B2 11 1C 00 00 06 00 00 02 00 02 01 00 00 00 77 03 55
23:02:38.347 * tx 96144 F0 16 00 01 B9 04 00 00 19 81 00 00 3D 00 00 00 01 00 00 AC 01 55
23:02:38.367 * rx 96147 +0/105#7005 F0 69 00 01 B9 05 B2 11 B2 11 00 00 00 00 07 2A 00 2A 00 54 01 54 01 00 00 00 5D 01 80 70 46 05 46 05 5D 01 00 00 C0 E8 58 3F 29 1E 36 B8 F8 00 00 00 00 00 00 00 00 00 00 00 00 00 00 00 00 00
23:02:38.388 * rx 96147 +64/105#7005 00 00 00 00 01 00 00 00 00 00 00 00 00 00 00 00 00 00 00 00 00 00 00 85 06 00 00 00 00 00 00 00 00 00 00 00 00 00 ED 0A 55
23:02:38.710 * rxflood 109
23:02:38.738 * tx 97059 F0 1D 00 01 00 03 C2 2E 00 B2 11 B2 11 1C 00 00 06 00 00 02 00 02 01 00 00 00 BE 02 55
23:02:38.768 * tx 97060 F0 16 00 01 00 04 00 00 19 81 00 00 3D 00 00 00 01 00 00 F3 00 55
23:02:38.794 * rx 97063 +0/105#7225 F0 69 00 01 00 05 B2 11 B2 11 00 00 00 00 07 2A 00 2A 00 54 01 54 01 00 00 00 5D 01 80 70 46 05 46 05 5D 01 00 00 C0 E8 58 3F 29 1E E5 E7 A6 B3 CC ED 00 00 00 00 00 00 00 00 00 00 00 00 00 00
23:02:38.826 * rx 97063 +64/105#7225 00 00 00 00 01 00 00 00 00 00 00 00 00 00 00 00 00 00 00 00 00 00 00 85 06 00 00 00 00 00 00 00 00 00 00 00 00 00 2C 0D 55
23:02:38.846 * rx 97064 F0 30 00 01 00 06 0A 00 09 77 00 10 10 31 36 12 78 00 00 00 00 19 00 00 00 00 09 77 00 05 0D 00 00 00 00 00 00 00 00 00 00 00 00 00 00 7D 02 55
23:02:38.865 * tx 97077 F0 1D 00 01 01 03 C2 2E 00 B2 11 B2 11 1C 00 00 06 00 00 02 00 02 01 00 00 00 BF 02 55
23:02:38.887 * tx 97077 F0 16 00 01 01 04 00 00 19 81 00 00 3D 00 00 00 01 00 00 F4 00 55
23:02:38.934 * rx 97080 +0/105#7229 F0 69 00 01 01 05 B2 11 B2 11 00 00 00 00 07 2A 00 2A 00 54 01 54 01 00 00 00 5D 01 80 70 46 05 46 05 5D 01 00 00 C0 E8 58 3F 29 1E 36 B8 F8 00 00 00 00 00 00 00 00 00 00 00 00 00 00 00 00 00
23:02:38.959 * rx 97080 +64/105#7229 00 00 00 00 01 00 00 00 00 00 00 00 00 00 00 00 00 00 00 00 00 00 00 85 06 00 00 00 00 00 00 00 00 00 00 00 00 00 35 0A 55
23:02:38.985 * rx 97081 F0 30 00 01 01 06 0A 00 09 77 00 10 10 31 36 12 78 00 00 00 00 19 00 00 00 00 09 77 00 05 0D 00 00 00 00 00 00 00 00 00 00 00 00 00 00 7E 02 55
23:02:39.012 * tx 97094 F0 1D 00 01 02 03 C2 2E 00 B2 11 B2 11 1C 00 00 06 00 00 02 00 02 01 00 00 00 C0 02 55
23:02:39.058 * tx 97094 F0 16 00 01 02 04 00 00 19 81 00 00 3D 00 00 00 01 00 00 F5 00 55
23:02:39.084 * rx 97097 +0/105#7233 F0 69 00 01 02 05 B2 11 B2 11 00 00 00 00 07 2A 00 2A 00 54 01 54 01 00 00 00 5D 01 80 70 46 05 46 05 5D 01 00 00 C0 E8 58 3F 29 1E E5 E7 A6 B3 CC ED 00 00 00 00 00 00 00 00 00 00 00 00 00 00
23:02:39.105 * rx 97097 +64/105#7233 00 00 00 00 01 00 00 00 00 00 00 00 00 00 00 00 00 00 00 00 00 00 00 85 06 00 00 00 00 00 00 00 00 00 00 00 00 00 2E 0D 55
23:02:39.133 * rx 97098 F0 30 00 01 02 06 0A 00 09 77 00 10 10 31 36 12 78 00 00 00 00 19 00 00 00 00 09 77 00 05 0D 00 00 00 00 00 00 00 00 00 00 00 00 00 00 7F 02 55
23:02:39.174 * tx 97110 F0 1D 00 01 03 03 C2 2E 00 B2 11 B2 11 1C 00 00 06 00 00 02 00 02 01 00 00 00 C1 02 55
23:02:39.201 * tx 97110 F0 16 00 01 03 04 00 00 19 81 00 00 3D 00 00 00 01 00 00 F6 00 55
23:02:39.226 * rx 97113 +0/105#7237 F0 69 00 01 03 05 B2 11 B2 11 00 00 00 00 07 2A 00 2A 00 54 01 54 01 00 00 00 5D 01 80 70 46 05 46 05 5D 01 00 00 C0 E8 58 3F 29 1E 36 B8 F8 00 00 00 00 00 00 00 00 00 00 00 00 00 00 00 00 00
23:02:39.256 * rx 97113 +64/105#7237 00 00 00 00 01 00 00 00 00 00 00 00 00 00 00 00 00 00 00 00 00 00 00 85 06 00 00 00 00 00 00 00 00 00 00 00 00 00 37 0A 55
23:02:39.304 * rx 97114 F0 30 00 01 03 06 0A 00 09 77 00 10 10 31 36 12 78 00 00 00 00 19 00 00 00 00 09 77 00 05 0D 00 00 00 00 00 00 00 00 00 00 00 00 00 00 80 02 55
23:02:39.334 * tx 97127 F0 1D 00 01 04 03 C2 2E 00 B2 11 B2 11 1C 00 00 06 00 00 02 00 02 01 00 00 00 C2 02 55
23:02:39.363 * tx 97127 F0 16 00 01 04 04 00 00 19 81 00 00 3D 00 00 00 01 00 00 F7 00 55
23:02:39.391 * rx 97130 +0/105#7241 F0 69 00 01 04 05 B2 11 B2 11 00 00 00 00 07 2A 00 2A 00 54 01 54 01 00 00 00 5D 01 80 70 46 05 46 05 5D 01 00 00 C0 E8 58 3F 29 1E E5 E7 A6 B3 CC ED 00 00 00 00 00 00 00 00 00 00 00 00 00 00
23:02:39.439 * rx 97130 +64/105#7241 00 00 00 00 01 00 00 00 00 00 00 00 00 00 00 00 00 00 00 00 00 00 00 85 06 00 00 00 00 00 00 00 00 00 00 00 00 00 30 0D 55
23:02:39.473 * rx 97131 F0 30 00 01 04 06 0A 00 09 77 00 10 10 31 36 12 78 00 00 00 00 19 00 00 00 00 09 77 00 05 0D 00 00 00 00 00 00 00 00 00 00 00 00 00 00 81 02 55
23:02:39.503 * tx 97144 F0 1D 00 01 05 03 C2 2E 00 B2 11 B2 11 1C 00 00 06 00 00 02 00 02 01 00 00 00 C3 02 55
23:02:39.527 * tx 97144 F0 16 00 01 05 04 00 00 19 81 00 00 3D 00 00 00 01 00 00 F8 00 55
23:02:39.572 * rx 97147 +0/105#7245 F0 69 00 01 05 05 B2 11 B2 11 00 00 00 00 07 2A 00 2A 00 54 01 54 01 00 00 00 5D 01 80 70 46 05 46 05 5D 01 00 00 C0 E8 58 3F 29 1E 36 B8 F8 00 00 00 00 00 00 00 00 00 00 00 00 00 00 00 00 00
23:02:39.602 * rx 97147 +64/105#7245 00 00 00 00 01 00 00 00 00 00 00 00 00 00 00 00 00 00 00 00 00 00 00 85 06 00 00 00 00 00 00 00 00 00 00 00 00 00 39 0A 55
23:02:39.711 * rxflood 109
23:02:39.737 * tx 98059 F0 1D 00 01 3C 03 C2 2E 00 B2 11 B2 11 1C 00 00 06 00 00 02 00 02 01 00 00 00 FA 02 55
23:02:39.768 * tx 98060 F0 16 00 01 3C 04 00 00 19 81 00 00 3D 00 00 00 01 00 00 2F 01 55
23:02:39.791 * rx 98063 +0/105#7465 F0 69 00 01 3C 05 B2 11 B2 11 00 00 00 00 07 2A 00 2A 00 54 01 54 01 00 00 00 5D 01 80 70 46 05 46 05 5D 01 00 00 C0 E8 58 3F 29 1E E5 E7 A6 B3 CC ED 00 00 00 00 00 00 00 00 00 00 00 00 00 00
23:02:39.821 * rx 98063 +64/105#7465 00 00 00 00 01 00 00 00 00 00 00 00 00 00 00 00 00 00 00 00 00 00 00 85 06 00 00 00 00 00 00 00 00 00 00 00 00 00 68 0D 55
23:02:39.851 * rx 98064 F0 30 00 01 3C 06 0A 00 09 77 00 10 10 31 36 12 78 00 00 00 00 19 00 00 00 00 09 77 00 05 0D 00 00 00 00 00 00 00 00 00 00 00 00 00 00 B9 02 55
23:02:39.889 * tx 98077 F0 1D 00 01 3D 03 C2 2E 00 B2 11 B2 11 1C 00 00 06 00 00 02 00 02 01 00 00 00 FB 02 55
23:02:39.913 * tx 98077 F0 16 00 01 3D 04 00 00 19 81 00 00 3D 00 00 00 01 00 00 30 01 55
23:02:39.937 * rx 98080 +0/105#7469 F0 69 00 01 3D 05 B2 11 B2 11 00 00 00 00 07 2A 00 2A 00 54 01 54 01 00 00 00 5D 01 80 70 46 05 46 05 5D 01 00 00 C0 E8 58 3F 29 1E 36 B8 F8 00 00 00 00 00 00 00 00 00 00 00 00 00 00 00 00 00
23:02:39.964 * rx 98080 +64/105#7469 00 00 00 00 01 00 00 00 00 00 00 00 00 00 00 00 00 00 00 00 00 00 00 85 06 00 00 00 00 00 00 00 00 00 00 00 00 00 71 0A 55
23:02:39.999 * rx 98081 F0 30 00 01 3D 06 0A 00 09 77 00 10 10 31 36 12 78 00 00 00 00 19 00 00 00 00 09 77 00 05 0D 00 00 00 00 00 00 00 00 00 00 00 00 00 00 BA 02 55
23:02:40.020 * tx 98094 F0 1D 00 01 3E 03 C2 2E 00 B2 11 B2 11 1C 00 00 06 00 00 02 00 02 01 00 00 00 FC 02 55
23:02:40.042 * tx 98094 F0 16 00 01 3E 04 00 00 19 81 00 00 3D 00 00 00 01 00 00 31 01 55
23:02:40.065 * rx 98097 +0/105#7473 F0 69 00 01 3E 05 B2 11 B2 11 00 00 00 00 07 2A 00 2A 00 54 01 54 01 00 00 00 5D 01 80 70 46 05 46 05 5D 01 00 00 C0 E8 58 3F 29 1E E5 E7 A6 B3 CC ED 00 00 00 00 00 00 00 00 00 00 00 00 00 00
23:02:40.110 * rx 98097 +64/105#7473 00 00 00 00 01 00 00 00 00 00 00 00 00 00 00 00 00 00 00 00 00 00 00 85 06 00 00 00 00 00 00 00 00 00 00 00 00 00 6A 0D 55
23:02:40.139 * rx 98097 F0 30 00 01 3E 06 0A 00 09 77 00 10 10 31 36 12 78 00 00 00 00 19 00 00 00 00 09 77 00 05 0D 00 00 00 00 00 00 00 00 00 00 00 00 00 00 BB 02 55
23:02:40.161 * tx 98110 F0 1D 00 01 3F 03 C2 2E 00 B2 11 B2 11 1C 00 00 06 00 00 02 00 02 01 00 00 00 FD 02 55
23:02:40.186 * tx 98110 F0 16 00 01 3F 04 00 00 19 81 00 00 3D 00 00 00 01 00 00 32 01 55
23:02:40.236 * rx 98113 +0/105#7477 F0 69 00 01 3F 05 B2 11 B2 11 00 00 00 00 07 2A 00 2A 00 54 01 54 01 00 00 00 5D 01 80 70 46 05 46 05 5D 01 00 00 C0 E8 58 3F 29 1E 36 B8 F8 00 00 00 00 00 00 00 00 00 00 00 00 00 00 00 00 00
23:02:40.270 * rx 98113 +64/105#7477 00 00 00 00 01 00 00 00 00 00 00 00 00 00 00 00 00 00 00 00 00 00 00 85 06 00 00 00 00 00 00 00 00 00 00 00 00 00 73 0A 55
23:02:40.299 * rx 98114 F0 30 00 01 3F 06 0A 00 09 77 00 10 10 31 36 12 78 00 00 00 00 19 00 00 00 00 09 77 00 05 0D 00 00 00 00 00 00 00 00 00 00 00 00 00 00 BC 02 55
23:02:40.321 * tx 98127 F0 1D 00 01 40 03 C2 2E 00 B2 11 B2 11 1C 00 00 06 00 00 02 00 02 01 00 00 00 FE 02 55
23:02:40.364 * tx 98127 F0 16 00 01 40 04 00 00 19 81 00 00 3D 00 00 00 01 00 00 33 01 55
23:02:40.396 * rx 98130 +0/105#7481 F0 69 00 01 40 05 B2 11 B2 11 00 00 00 00 07 2A 00 2A 00 54 01 54 01 00 00 00 5D 01 80 70 46 05 46 05 5D 01 00 00 C0 E8 58 3F 29 1E E5 E7 A6 B3 CC ED 00 00 00 00 00 00 00 00 00 00 00 00 00 00
23:02:40.419 * rx 98130 +64/105#7481 00 00 00 00 01 00 08 00 00 00 00 00 00 00 00 00 00 00 00 00 00 00 00 85 06 00 00 00 00 00 00 00 00 00 00 00 00 00 74 0D 55
23:02:40.442 * rx 98131 F0 30 00 01 40 06 0A 00 09 77 00 10 10 31 36 12 78 00 00 00 00 19 00 00 00 00 09 77 00 05 0D 00 00 00 00 00 00 00 00 00 00 00 00 00 00 BD 02 55
23:02:40.481 * tx 98144 F0 1D 00 01 41 03 C2 2E 00 B2 11 B2 11 1C 00 00 06 00 00 02 00 02 01 00 00 00 FF 02 55
23:02:40.508 * tx 98144 F0 16 00 01 41 04 00 00 19 81 00 00 3D 00 00 00 01 00 00 34 01 55
23:02:40.535 * rx 98147 +0/105#7485 F0 69 00 01 41 05 B2 11 B2 11 00 00 00 00 07 2A 00 2A 00 54 01 54 01 00 00 00 5D 01 80 70 46 05 46 05 5D 01 00 00 C0 E8 58 3F 29 1E E5 E7 A6 B3 CC ED 00 00 00 00 00 00 00 00 00 00 00 00 00 00
23:02:40.561 * rx 98147 +64/105#7485 00 00 00 00 01 00 08 00 00 00 00 00 00 00 00 00 00 00 00 00 00 00 00 85 06 00 00 00 00 00 00 00 00 00 00 00 00 00 75 0D 55
23:02:40.710 * rxflood 109
23:02:40.751 * tx 99060 F0 1D 00 01 78 03 C2 2E 00 B2 11 B2 11 1C 00 00 06 00 00 02 00 02 01 00 00 00 36 03 55
23:02:40.785 * tx 99060 F0 16 00 01 78 04 00 00 19 81 00 00 3D 00 00 00 01 00 00 6B 01 55
23:02:40.816 * rx 99063 +0/105#7705 F0 69 00 01 78 05 B2 11 B2 11 00 00 00 00 07 2A 00 2A 00 54 01 54 01 00 00 00 5D 01 80 70 46 05 46 05 5D 01 00 00 C0 E8 58 3F 29 1E E5 E7 A6 B3 CC ED 00 00 00 00 00 00 00 00 00 00 00 00 00 00
23:02:40.852 * rx 99063 +64/105#7705 00 00 00 00 01 00 00 00 00 00 00 00 00 00 00 00 00 00 00 00 00 00 00 85 06 00 00 00 00 00 00 00 00 00 00 00 00 00 A4 0D 55
23:02:40.878 * rx 99064 F0 30 00 01 78 06 0A 00 09 77 00 10 10 31 36 12 78 00 00 00 00 19 00 00 00 00 09 77 00 05 0D 00 00 00 00 00 00 00 00 00 00 00 00 00 00 F5 02 55
23:02:40.906 * tx 99077 F0 1D 00 01 79 03 C2 2E 00 B2 11 B2 11 1C 00 00 06 00 00 02 00 02 01 00 00 00 37 03 55
23:02:40.928 * tx 99077 F0 16 00 01 79 04 00 00 19 81 00 00 3D 00 00 00 01 00 00 6C 01 55
23:02:40.967 * rx 99080 +0/105#7709 F0 69 00 01 79 05 B2 11 B2 11 00 00 00 00 07 2A 00 2A 00 54 01 54 01 00 00 00 5D 01 80 70 46 05 46 05 5D 01 00 00 C0 E8 58 3F 29 1E 36 B8 F8 00 00 00 00 00 00 00 00 00 00 00 00 00 00 00 00 00
23:02:40.993 * rx 99080 +64/105#7709 00 00 00 00 01 00 00 00 00 00 00 00 00 00 00 00 00 00 00 00 00 00 00 85 06 00 00 00 00 00 00 00 00 00 00 00 00 00 AD 0A 55
23:02:41.020 * rx 99081 F0 30 00 01 79 06 0A 00 09 77 00 10 10 31 36 12 78 00 00 00 00 19 00 00 00 00 09 77 00 05 0D 00 00 00 00 00 00 00 00 00 00 00 00 00 00 F6 02 55
23:02:41.052 * tx 99094 F0 1D 00 01 7A 03 C2 2E 00 B2 11 B2 11 1C 00 00 06 00 00 02 00 02 01 00 00 00 38 03 55
23:02:41.091 * tx 99094 F0 16 00 01 7A 04 00 00 19 81 00 00 3D 00 00 00 01 00 00 6D 01 55
23:02:41.116 * rx 99097 +0/105#7713 F0 69 00 01 7A 05 B2 11 B2 11 00 00 00 00 07 2A 00 2A 00 54 01 54 01 00 00 00 5D 01 80 70 46 05 46 05 5D 01 00 00 C0 E8 58 3F 29 1E E5 E7 A6 B3 CC ED 00 00 00 00 00 00 00 00 00 00 00 00 00 00
23:02:41.139 * rx 99097 +64/105#7713 00 00 00 00 01 00 00 00 00 00 00 00 00 00 00 00 00 00 00 00 00 00 00 85 06 00 00 00 00 00 00 00 00 00 00 00 00 00 A6 0D 55
23:02:41.168 * rx 99098 F0 30 00 01 7A 06 0A 00 09 77 00 10 10 31 36 12 78 00 00 00 00 19 00 00 00 00 09 77 00 05 0D 00 00 00 00 00 00 00 00 00 00 00 00 00 00 F7 02 55
23:02:41.217 * tx 99110 F0 1D 00 01 7B 03 C2 2E 00 B2 11 B2 11 1C 00 00 06 00 00 02 00 02 01 00 00 00 39 03 55
23:02:41.240 * tx 99110 F0 16 00 01 7B 04 00 00 19 81 00 00 3D 00 00 00 01 00 00 6E 01 55
23:02:41.266 * rx 99113 +0/105#7717 F0 69 00 01 7B 05 B2 11 B2 11 00 00 00 00 07 2A 00 2A 00 54 01 54 01 00 00 00 5D 01 80 70 46 05 46 05 5D 01 00 00 C0 E8 58 3F 29 1E 36 B8 F8 00 00 00 00 00 00 00 00 00 00 00 00 00 00 00 00 00
23:02:41.298 * rx 99113 +64/105#7717 00 00 00 00 01 00 00 00 00 00 00 00 00 00 00 00 00 00 00 00 00 00 00 85 06 00 00 00 00 00 00 00 00 00 00 00 00 00 AF 0A 55
23:02:41.346 * rx 99114 F0 30 00 01 7B 06 0A 00 09 77 00 10 10 31 36 12 78 00 00 00 00 19 00 00 00 00 09 77 00 05 0D 00 00 00 00 00 00 00 00 00 00 00 00 00 00 F8 02 55
23:02:41.383 * tx 99127 F0 1D 00 01 7C 03 C2 2E 00 B2 11 B2 11 1C 00 00 06 00 00 02 00 02 01 00 00 00 3A 03 55
23:02:41.418 * tx 99127 F0 16 00 01 7C 04 00 00 19 81 00 00 3D 00 00 00 01 00 00 6F 01 55
23:02:41.451 * rx 99130 +0/105#7721 F0 69 00 01 7C 05 B2 11 B2 11 00 00 00 00 07 2A 00 2A 00 54 01 54 01 00 00 00 5D 01 80 70 46 05 46 05 5D 01 00 00 C0 E8 58 3F 29 1E E5 E7 A6 B3 CC ED 00 00 00 00 00 00 00 00 00 00 00 00 00 00
23:02:41.499 * rx 99130 +64/105#7721 00 00 00 00 01 00 00 00 00 00 00 00 00 00 00 00 00 00 00 00 00 00 00 85 06 00 00 00 00 00 00 00 00 00 00 00 00 00 A8 0D 55
23:02:41.533 * rx 99131 F0 30 00 01 7C 06 0A 00 09 77 00 10 10 31 36 12 78 00 00 00 00 19 00 00 00 00 09 77 00 05 0D 00 00 00 00 00 00 00 00 00 00 00 00 00 00 F9 02 55
23:02:41.560 * tx 99144 F0 1D 00 01 7D 03 C2 2E 00 B2 11 B2 11 1C 00 00 06 00 00 02 00 02 01 00 00 00 3B 03 55
23:02:41.591 * tx 99144 F0 16 00 01 7D 04 00 00 19 81 00 00 3D 00 00 00 01 00 00 70 01 55
23:02:41.633 * rx 99147 +0/105#7725 F0 69 00 01 7D 05 B2 11 B2 11 00 00 00 00 07 2A 00 2A 00 54 01 54 01 00 00 00 5D 01 80 70 46 05 46 05 5D 01 00 00 C0 E8 58 3F 29 1E 36 B8 F8 00 00 00 00 00 00 00 00 00 00 00 00 00 00 00 00 00
23:02:41.665 * rx 99147 +64/105#7725 00 00 00 00 01 00 00 00 00 00 00 00 00 00 00 00 00 00 00 00 00 00 00 85 06 00 00 00 00 00 00 00 00 00 00 00 00 00 B1 0A 55
23:02:41.715 * rxflood 109
23:02:41.742 * tx 100060 F0 1D 00 01 B4 03 C2 2E 00 B2 11 B2 11 1C 00 00 06 00 00 02 00 02 01 00 00 00 72 03 55
23:02:41.779 * tx 100060 F0 16 00 01 B4 04 00 00 19 81 00 00 3D 00 00 00 01 00 00 A7 01 55
23:02:41.806 * rx 100063 +0/105#7945 F0 69 00 01 B4 05 B2 11 B2 11 00 00 00 00 07 2A 00 2A 00 54 01 54 01 00 00 00 5D 01 80 70 46 05 46 05 5D 01 00 00 C0 E8 58 3F 29 1E E5 E7 A6 B3 CC ED 00 00 00 00 00 00 00 00 00 00 00 00 00 00
23:02:41.827 * rx 100063 +64/105#7945 00 00 00 00 01 00 08 00 00 00 00 00 00 00 00 00 00 00 00 00 00 00 00 85 06 00 00 00 00 00 00 00 00 00 00 00 00 00 E8 0D 55
23:02:41.851 * rx 100064 F0 30 00 01 B4 06 0A 00 09 77 00 10 10 31 36 12 78 00 00 00 00 19 00 00 00 00 09 77 00 05 0D 00 00 00 00 00 00 00 00 00 00 00 00 00 00 31 03 55
23:02:41.894 * tx 100077 F0 1D 00 01 B5 03 C2 2E 00 B2 11 B2 11 1C 00 00 06 00 00 02 00 02 01 00 00 00 73 03 55
23:02:41.919 * tx 100077 F0 16 00 01 B5 04 00 00 19 81 00 00 3D 00 00 00 01 00 00 A8 01 55
23:02:41.950 * rx 100080 +0/105#7949 F0 69 00 01 B5 05 B2 11 B2 11 00 00 00 00 07 2A 00 2A 00 54 01 54 01 00 00 00 5D 01 80 70 46 05 46 05 5D 01 00 00 C0 E8 58 3F 29 1E 36 B8 F8 00 00 00 00 00 00 00 00 00 00 00 00 00 00 00 00 00
23:02:41.977 * rx 100080 +64/105#7949 00 00 00 00 01 00 08 00 00 00 00 00 00 00 00 00 00 00 00 00 00 00 00 85 06 00 00 00 00 00 00 00 00 00 00 00 00 00 F1 0A 55
23:02:42.019 * rx 100081 F0 30 00 01 B5 06 0A 00 09 77 00 10 10 31 36 12 78 00 00 00 00 19 00 00 00 00 09 77 00 05 0D 00 00 00 00 00 00 00 00 00 00 00 00 00 00 32 03 55
23:02:42.049 * tx 100094 F0 1D 00 01 B6 03 C2 2E 00 B2 11 B2 11 1C 00 00 06 00 00 02 00 02 01 00 00 00 74 03 55
23:02:42.074 * tx 100094 F0 16 00 01 B6 04 00 00 19 81 00 00 3D 00 00 00 01 00 00 A9 01 55
23:02:42.099 * rx 100097 +0/105#7953 F0 69 00 01 B6 05 B2 11 B2 11 00 00 00 00 07 2A 00 2A 00 54 01 54 01 00 00 00 5D 01 80 70 46 05 46 05 5D 01 00 00 C0 E8 58 3F 29 1E E5 E7 A6 B3 CC ED 00 00 00 00 00 00 00 00 00 00 00 00 00 00
23:02:42.136 * rx 100097 +64/105#7953 00 00 00 00 01 00 08 00 00 00 00 00 00 00 00 00 00 00 00 00 00 00 00 85 06 00 00 00 00 00 00 00 00 00 00 00 00 00 EA 0D 55
23:02:42.161 * rx 100098 F0 30 00 01 B6 06 0A 00 09 77 00 10 10 31 36 12 78 00 00 00 00 19 00 00 00 00 09 77 00 05 0D 00 00 00 00 00 00 00 00 00 00 00 00 00 00 33 03 55
23:02:42.185 * tx 100110 F0 1D 00 01 B7 03 C2 2E 00 B2 11 B2 11 1C 00 00 06 00 00 02 00 02 01 00 00 00 75 03 55
23:02:42.208 * tx 100110 F0 16 00 01 B7 04 00 00 19 81 00 00 3D 00 00 00 01 00 00 AA 01 55
23:02:42.245 * rx 100113 +0/105#7957 F0 69 00 01 B7 05 B2 11 B2 11 00 00 00 00 07 2A 00 2A 00 54 01 54 01 00 00 00 5D 01 80 70 46 05 46 05 5D 01 00 00 C0 E8 58 3F 29 1E 36 B8 F8 00 00 00 00 00 00 00 00 00 00 00 00 00 00 00 00 00
23:02:42.270 * rx 100113 +64/105#7957 00 00 00 00 01 00 08 00 00 00 00 00 00 00 00 00 00 00 00 00 00 00 00 85 06 00 00 00 00 00 00 00 00 00 00 00 00 00 F3 0A 55
23:02:42.296 * rx 100114 F0 30 00 01 B7 06 0A 00 09 77 00 10 10 31 36 12 78 00 00 00 00 19 00 00 00 00 09 77 00 05 0D 00 00 00 00 00 00 00 00 00 00 00 00 00 00 34 03 55
23:02:42.323 * tx 100127 F0 1D 00 01 B8 03 C2 2E 00 B2 11 B2 11 1C 00 00 06 00 00 02 00 02 01 00 00 00 76 03 55
23:02:42.360 * tx 100127 F0 16 00 01 B8 04 00 00 19 81 00 00 3D 00 00 00 01 00 00 AB 01 55
23:02:42.385 * rx 100130 +0/105#7961 F0 69 00 01 B8 05 B2 11 B2 11 00 00 00 00 07 2A 00 2A 00 54 01 54 01 00 00 00 5D 01 80 70 46 05 46 05 5D 01 00 00 C0 E8 58 3F 29 1E E5 E7 A6 B3 CC ED 00 00 00 00 00 00 00 00 00 00 00 00 00 00
23:02:42.411 * rx 100130 +64/105#7961 00 00 00 00 01 00 08 00 00 00 00 00 00 00 00 00 00 00 00 00 00 00 00 85 06 00 00 00 00 00 00 00 00 00 00 00 00 00 EC 0D 55
23:02:42.433 * rx 100131 F0 30 00 01 B8 06 0A 00 09 77 00 10 10 31 36 12 78 00 00 00 00 19 00 00 00 00 09 77 00 05 0D 00 00 00 00 00 00 00 00 00 00 00 00 00 00 35 03 55
23:02:42.472 * tx 100144 F0 1D 00 01 B9 03 C2 2E 00 B2 11 B2 11 1C 00 00 06 00 00 02 00 02 01 00 00 00 77 03 55
23:02:42.506 * tx 100144 F0 16 00 01 B9 04 00 00 19 81 00 00 3D 00 00 00 01 00 00 AC 01 55
23:02:42.541 * rx 100147 +0/105#7965 F0 69 00 01 B9 05 B2 11 B2 11 00 00 00 00 07 2A 00 2A 00 54 01 54 01 00 00 00 5D 01 80 70 46 05 46 05 5D 01 00 00 C0 E8 58 3F 29 1E 36 B8 F8 00 00 00 00 00 00 00 00 00 00 00 00 00 00 00 00 00
23:02:42.571 * rx 100147 +64/105#7965 00 00 00 00 01 00 08 00 00 00 00 00 00 00 00 00 00 00 00 00 00 00 00 85 06 00 00 00 00 00 00 00 00 00 00 00 00 00 F5 0A 55
23:02:42.711 * rxflood 109
23:02:42.744 * tx 101060 F0 1D 00 01 00 03 C2 2E 00 B2 11 B2 11 1C 00 00 06 00 00 02 00 02 01 00 00 00 BE 02 55
23:02:42.782 * tx 101060 F0 16 00 01 00 04 00 00 19 81 00 00 3D 00 00 00 01 00 00 F3 00 55
23:02:42.820 * rx 101063 +0/105#8185 F0 69 00 01 00 05 B2 11 B2 11 00 00 00 00 07 2A 00 2A 00 54 01 54 01 00 00 00 5D 01 80 70 46 05 46 05 5D 01 00 00 C0 E8 58 3F 29 1E E5 E7 A6 B3 CC ED 00 00 00 00 00 00 00 00 00 00 00 00 00 00
23:02:42.860 * rx 101063 +64/105#8185 00 00 00 00 01 00 08 00 00 00 00 00 00 00 00 00 00 00 00 00 00 00 00 85 06 00 00 00 00 00 00 00 00 00 00 00 00 00 34 0D 55
23:02:42.891 * rx 101064 F0 30 00 01 00 06 0A 00 09 77 00 10 10 31 36 12 78 00 00 00 00 19 00 00 00 00 09 77 00 05 0D 00 00 00 00 00 00 00 00 00 00 00 00 00 00 7D 02 55
23:02:42.924 * tx 101077 F0 1D 00 01 01 03 C2 2E 00 B2 11 B2 11 1C 00 00 06 00 00 02 00 02 01 00 00 00 BF 02 55
23:02:42.947 * tx 101077 F0 16 00 01 01 04 00 00 19 81 00 00 3D 00 00 00 01 00 00 F4 00 55
23:02:42.988 * rx 101080 +0/105#8189 F0 69 00 01 01 05 B2 11 B2 11 00 00 00 00 07 2A 00 2A 00 54 01 54 01 00 00 00 5D 01 80 70 46 05 46 05 5D 01 00 00 C0 E8 58 3F 29 1E 36 B8 F8 00 00 00 00 00 00 00 00 00 00 00 00 00 00 00 00 00
23:02:43.015 * rx 101080 +64/105#8189 00 00 00 00 01 00 08 00 00 00 00 00 00 00 00 00 00 00 00 00 00 00 00 85 06 00 00 00 00 00 00 00 00 00 00 00 00 00 3D 0A 55
23:02:43.039 * rx 101081 F0 30 00 01 01 06 0A 00 09 77 00 10 10 31 36 12 78 00 00 00 00 19 00 00 00 00 09 77 00 05 0D 00 00 00 00 00 00 00 00 00 00 00 00 00 00 7E 02 55
23:02:43.064 * tx 101094 F0 1D 00 01 02 03 C2 2E 00 B2 11 B2 11 1C 00 00 06 00 00 02 00 02 01 00 00 00 C0 02 55
23:02:43.107 * tx 101094 F0 16 00 01 02 04 00 00 19 81 00 00 3D 00 00 00 01 00 00 F5 00 55
23:02:43.139 * rx 101097 +0/105#8193 F0 69 00 01 02 05 B2 11 B2 11 00 00 00 00 07 2A 00 2A 00 54 01 54 01 00 00 00 5D 01 80 70 46 05 46 05 5D 01 00 00 C0 E8 58 3F 29 1E E5 E7 A6 B3 CC ED 00 00 00 00 00 00 00 00 00 00 00 00 00 00
23:02:43.169 * rx 101097 +64/105#8193 00 00 00 00 01 00 08 00 00 00 00 00 00 00 00 00 00 00 00 00 00 00 00 85 06 00 00 00 00 00 00 00 00 00 00 00 00 00 36 0D 55
23:02:43.207 * rx 101098 F0 30 00 01 02 06 0A 00 09 77 00 10 10 31 36 12 78 00 00 00 00 19 00 00 00 00 09 77 00 05 0D 00 00 00 00 00 00 00 00 00 00 00 00 00 00 7F 02 55
23:02:43.253 * tx 101110 F0 1D 00 01 03 03 C2 2E 00 B2 11 B2 11 1C 00 00 06 00 00 02 00 02 01 00 00 00 C1 02 55
23:02:43.288 * tx 101110 F0 16 00 01 03 04 00 00 19 81 00 00 3D 00 00 00 01 00 00 F6 00 55
23:02:43.323 * rx 101113 +0/105#8197 F0 69 00 01 03 05 B2 11 B2 11 00 00 00 00 07 2A 00 2A 00 54 01 54 01 00 00 00 5D 01 80 70 46 05 46 05 5D 01 00 00 C0 E8 58 3F 29 1E 36 B8 F8 00 00 00 00 00 00 00 00 00 00 00 00 00 00 00 00 00
23:02:43.355 * rx 101113 +64/105#8197 00 00 00 00 01 00 08 00 00 00 00 00 00 00 00 00 00 00 00 00 00 00 00 85 06 00 00 00 00 00 00 00 00 00 00 00 00 00 3F 0A 55
23:02:43.414 * rx 101114 F0 30 00 01 03 06 0A 00 09 77 00 10 10 31 36 12 78 00 00 00 00 19 00 00 00 00 09 77 00 05 0D 00 00 00 00 00 00 00 00 00 00 00 00 00 00 80 02 55
23:02:43.440 * tx 101127 F0 1D 00 01 04 03 C2 2E 00 B2 11 B2 11 1C 00 00 06 00 00 02 00 02 01 00 00 00 C2 02 55
23:02:43.466 * tx 101127 F0 16 00 01 04 04 00 00 19 81 00 00 3D 00 00 00 01 00 00 F7 00 55
23:02:43.502 * rx 101130 +0/105#8201 F0 69 00 01 04 05 B2 11 B2 11 00 00 00 00 07 2A 00 2A 00 54 01 54 01 00 00 00 5D 01 80 70 46 05 46 05 5D 01 00 00 C0 E8 58 3F 29 1E E5 E7 A6 B3 CC ED 00 00 00 00 00 00 00 00 00 00 00 00 00 00
23:02:43.550 * rx 101130 +64/105#8201 00 00 00 00 01 00 08 00 00 00 00 00 00 00 00 00 00 00 00 00 00 00 00 85 06 00 00 00 00 00 00 00 00 00 00 00 00 00 38 0D 55
23:02:43.587 * rx 101131 F0 30 00 01 04 06 0A 00 09 77 00 10 10 31 36 12 78 00 00 00 00 19 00 00 00 00 09 77 00 05 0D 00 00 00 00 00 00 00 00 00 00 00 00 00 00 81 02 55
23:02:43.615 * tx 101144 F0 1D 00 01 05 03 C2 2E 00 B2 11 B2 11 1C 00 00 06 00 00 02 00 02 01 00 00 00 C3 02 55
23:02:43.650 * tx 101144 F0 16 00 01 05 04 00 00 19 81 00 00 3D 00 00 00 01 00 00 F8 00 55
23:02:43.701 * rx 101147 +0/105#8205 F0 69 00 01 05 05 B2 11 B2 11 00 00 00 00 07 2A 00 2A 00 54 01 54 01 00 00 00 5D 01 80 70 46 05 46 05 5D 01 00 00 C0 E8 58 3F 29 1E 36 B8 F8 00 00 00 00 00 00 00 00 00 00 00 00 00 00 00 00 00
23:02:43.739 * rx 101147 +64/105#8205 00 00 00 00 01 00 08 00 00 00 00 00 00 00 00 00 00 00 00 00 00 00 00 85 06 00 00 00 00 00 00 00 00 00 00 00 00 00 41 0A 55
23:02:43.773 * rxflood 109
23:02:43.808 * tx 102060 F0 1D 00 01 3C 03 C2 2E 00 B2 11 B2 11 1C 00 00 06 00 00 02 00 02 01 00 00 00 FA 02 55
23:02:43.857 * tx 102060 F0 16 00 01 3C 04 00 00 19 81 00 00 3D 00 00 00 01 00 00 2F 01 55
23:02:43.891 * rx 102063 +0/105#8425 F0 69 00 01 3C 05 B2 11 B2 11 00 00 00 00 07 2A 00 2A 00 54 01 54 01 00 00 00 5D 01 80 70 46 05 46 05 5D 01 00 00 C0 E8 58 3F 29 1E E5 E7 A6 B3 CC ED 00 00 00 00 00 00 00 00 00 00 00 00 00 00
23:02:43.922 * rx 102063 +64/105#8425 00 00 00 00 01 00 00 00 00 00 00 00 00 00 00 00 00 00 00 00 00 00 00 85 06 00 00 00 00 00 00 00 00 00 00 00 00 00 68 0D 55
23:02:43.950 * rx 102064 F0 30 00 01 3C 06 0A 00 09 77 00 10 10 31 36 12 78 00 00 00 00 19 00 00 00 00 09 77 00 05 0D 00 00 00 00 00 00 00 00 00 00 00 00 00 00 B9 02 55
23:02:43.000 * tx 102076 F0 1D 00 01 3D 03 C2 2E 00 B2 11 B2 11 1C 00 00 06 00 00 02 00 02 01 00 00 00 FB 02 55
23:02:44.035 * tx 102077 F0 16 00 01 3D 04 00 00 19 81 00 00 3D 00 00 00 01 00 00 30 01 55
23:02:44.066 * rx 102080 +0/105#8429 F0 69 00 01 3D 05 B2 11 B2 11 00 00 00 00 07 2A 00 2A 00 54 01 54 01 00 00 00 5D 01 80 70 46 05 46 05 5D 01 00 00 C0 E8 58 3F 29 1E 36 B8 F8 00 00 00 00 00 00 00 00 00 00 00 00 00 00 00 00 00
23:02:44.103 * rx 102080 +64/105#8429 00 00 00 00 01 00 00 00 00 00 00 00 00 00 00 00 00 00 00 00 00 00 00 85 06 00 00 00 00 00 00 00 00 00 00 00 00 00 71 0A 55
23:02:44.152 * rx 102081 F0 30 00 01 3D 06 0A 00 09 77 00 10 10 31 36 12 78 00 00 00 00 19 00 00 00 00 09 77 00 05 0D 00 00 00 00 00 00 00 00 00 00 00 00 00 00 BA 02 55
23:02:44.182 * tx 102093 F0 1D 00 01 3E 03 C2 2E 00 B2 11 B2 11 1C 00 00 06 00 00 02 00 02 01 00 00 00 FC 02 55
23:02:44.205 * tx 102094 F0 16 00 01 3E 04 00 00 19 81 00 00 3D 00 00 00 01 00 00 31 01 55
23:02:44.241 * rx 102097 +0/105#8433 F0 69 00 01 3E 05 B2 11 B2 11 00 00 00 00 07 2A 00 2A 00 54 01 54 01 00 00 00 5D 01 80 70 46 05 46 05 5D 01 00 00 C0 E8 58 3F 29 1E E5 E7 A6 B3 CC ED 00 00 00 00 00 00 00 00 00 00 00 00 00 00
23:02:44.291 * rx 102097 +64/105#8433 00 00 00 00 01 00 00 00 00 00 00 00 00 00 00 00 00 00 00 00 00 00 00 85 06 00 00 00 00 00 00 00 00 00 00 00 00 00 6A 0D 55
23:02:44.326 * rx 102098 F0 30 00 01 3E 06 0A 00 09 77 00 10 10 31 36 12 78 00 00 00 00 19 00 00 00 00 09 77 00 05 0D 00 00 00 00 00 00 00 00 00 00 00 00 00 00 BB 02 55
23:02:44.361 * tx 102110 F0 1D 00 01 3F 03 C2 2E 00 B2 11 B2 11 1C 00 00 06 00 00 02 00 02 01 00 00 00 FD 02 55
23:02:44.392 * tx 102110 F0 16 00 01 3F 04 00 00 19 81 00 00 3D 00 00 00 01 00 00 32 01 55
23:02:44.449 * rx 102113 +0/105#8437 F0 69 00 01 3F 05 B2 11 B2 11 00 00 00 00 07 2A 00 2A 00 54 01 54 01 00 00 00 5D 01 80 70 46 05 46 05 5D 01 00 00 C0 E8 58 3F 29 1E 36 B8 F8 00 00 00 00 00 00 00 00 00 00 00 00 00 00 00 00 00
23:02:44.477 * rx 102113 +64/105#8437 00 00 00 00 01 00 00 00 00 00 00 00 00 00 00 00 00 00 00 00 00 00 00 85 06 00 00 00 00 00 00 00 00 00 00 00 00 00 73 0A 55
23:02:44.509 * rx 102114 F0 30 00 01 3F 06 0A 00 09 77 00 10 10 31 36 12 78 00 00 00 00 19 00 00 00 00 09 77 00 05 0D 00 00 00 00 00 00 00 00 00 00 00 00 00 00 BC 02 55
23:02:44.538 * tx 102127 F0 1D 00 01 40 03 C2 2E 00 B2 11 B2 11 1C 00 00 06 00 00 02 00 02 01 00 00 00 FE 02 55
23:02:44.586 * tx 102127 F0 16 00 01 40 04 00 00 19 81 00 00 3D 00 00 00 01 00 00 33 01 55
23:02:44.625 * rx 102130 +0/105#8441 F0 69 00 01 40 05 B2 11 B2 11 00 00 00 00 07 2A 00 2A 00 54 01 54 01 00 00 00 5D 01 80 70 46 05 46 05 5D 01 00 00 C0 E8 58 3F 29 1E E5 E7 A6 B3 CC ED 00 00 00 00 00 00 00 00 00 00 00 00 00 00
23:02:44.658 * rx 102130 +64/105#8441 00 00 00 00 01 00 00 00 00 00 00 00 00 00 00 00 00 00 00 00 00 00 00 85 06 00 00 00 00 00 00 00 00 00 00 00 00 00 6C 0D 55
23:02:44.690 * rx 102131 F0 30 00 01 40 06 0A 00 09 77 00 10 10 31 36 12 78 00 00 00 00 19 00 00 00 00 09 77 00 05 0D 00 00 00 00 00 00 00 00 00 00 00 00 00 00 BD 02 55
23:02:44.747 * tx 102144 F0 1D 00 01 41 03 C2 2E 00 B2 11 B2 11 1C 00 00 06 00 00 02 00 02 01 00 00 00 FF 02 55
23:02:44.785 * tx 102144 F0 16 00 01 41 04 00 00 19 81 00 00 3D 00 00 00 01 00 00 34 01 55
23:02:44.819 * rx 102147 +0/105#8445 F0 69 00 01 41 05 B2 11 B2 11 00 00 00 00 07 2A 00 2A 00 54 01 54 01 00 00 00 5D 01 80 70 46 05 46 05 5D 01 00 00 C0 E8 58 3F 29 1E 36 B8 F8 00 00 00 00 00 00 00 00 00 00 00 00 00 00 00 00 00
23:02:44.856 * rx 102147 +64/105#8445 00 00 00 00 01 00 00 00 00 00 00 00 00 00 00 00 00 00 00 00 00 00 00 85 06 00 00 00 00 00 00 00 00 00 00 00 00 00 75 0A 55
23:02:44.912 * rxflood 109
23:02:44.945 * tx 103060 F0 1D 00 01 78 03 C2 2E 00 B2 11 B2 11 1C 00 00 06 00 00 02 00 02 01 00 00 00 36 03 55
23:02:44.979 * tx 103060 F0 16 00 01 78 04 00 00 19 81 00 00 3D 00 00 00 01 00 00 6B 01 55
23:02:45.022 * rx 103063 +0/105#8665 F0 69 00 01 78 05 B2 11 B2 11 00 00 00 00 07 2A 00 2A 00 54 01 54 01 00 00 00 5D 01 80 70 46 05 46 05 5D 01 00 00 C0 E8 58 3F 29 1E E5 E7 A6 B3 CC ED 00 00 00 00 00 00 00 00 00 00 00 00 00 00
23:02:45.081 * rx 103063 +64/105#8665 00 00 00 00 03 00 00 00 00 00 00 00 00 00 00 00 00 00 00 00 00 00 00 85 06 00 00 00 00 00 00 00 00 00 00 00 00 00 A6 0D 55
23:02:45.115 * rx 103064 F0 30 00 01 78 06 0A 00 09 77 00 10 10 31 36 12 78 00 00 00 00 19 00 00 00 00 09 77 00 05 0D 00 00 00 00 00 00 00 00 00 00 00 00 00 00 F5 02 55
23:02:45.148 * tx 103077 F0 1D 00 01 79 03 C2 2E 00 B2 11 B2 11 1C 00 00 06 00 00 02 00 02 01 00 00 00 37 03 55
23:02:45.183 * tx 103077 F0 16 00 01 79 04 00 00 19 81 00 00 3D 00 00 00 01 00 00 6C 01 55
23:02:45.234 * rx 103080 +0/105#8669 F0 69 00 01 79 05 B2 11 B2 11 00 00 00 00 07 2A 00 2A 00 54 01 54 01 00 00 00 5D 01 80 70 46 05 46 05 5D 01 00 00 C0 E8 58 3F 29 1E 36 B8 F8 00 00 00 00 00 00 00 00 00 00 00 00 00 00 00 00 00
23:02:45.279 * rx 103080 +64/105#8669 00 00 00 00 03 00 00 00 00 00 00 00 00 00 00 00 00 00 00 00 00 00 00 85 06 00 00 00 00 00 00 00 00 00 00 00 00 00 AF 0A 55
23:02:45.316 * rx 103081 F0 30 00 01 79 06 0A 00 09 77 00 10 10 31 36 12 78 00 00 00 00 19 00 00 00 00 09 77 00 05 0D 00 00 00 00 00 00 00 00 00 00 00 00 00 00 F6 02 55
23:02:45.348 * tx 103093 F0 1D 00 01 7A 03 C2 2E 00 B2 11 B2 11 1C 00 00 06 00 00 02 00 02 01 00 00 00 38 03 55
23:02:45.404 * tx 103094 F0 16 00 01 7A 04 00 00 19 81 00 00 3D 00 00 00 01 00 00 6D 01 55
23:02:45.437 * rx 103097 +0/105#8673 F0 69 00 01 7A 05 B2 11 B2 11 00 00 00 00 07 2A 00 2A 00 54 01 54 01 00 00 00 5D 01 80 70 46 05 46 05 5D 01 00 00 C0 E8 58 3F 29 1E E5 E7 A6 B3 CC ED 00 00 00 00 00 00 00 00 00 00 00 00 00 00
23:02:45.468 * rx 103097 +64/105#8673 00 00 00 00 03 00 00 00 00 00 00 00 00 00 00 00 00 00 00 00 00 00 00 85 06 00 00 00 00 00 00 00 00 00 00 00 00 00 A8 0D 55
23:02:45.500 * rx 103098 F0 30 00 01 7A 06 0A 00 09 77 00 10 10 31 36 12 78 00 00 00 00 19 00 00 00 00 09 77 00 05 0D 00 00 00 00 00 00 00 00 00 00 00 00 00 00 F7 02 55
23:02:45.549 * tx 103110 F0 1D 00 01 7B 03 C2 2E 00 B2 11 B2 11 1C 00 00 06 00 00 02 00 02 01 00 00 00 39 03 55
23:02:45.576 * tx 103110 F0 16 00 01 7B 04 00 00 19 81 00 00 3D 00 00 00 01 00 00 6E 01 55
23:02:45.606 * rx 103113 +0/105#8677 F0 69 00 01 7B 05 B2 11 B2 11 00 00 00 00 07 2A 00 2A 00 54 01 54 01 00 00 00 5D 01 80 70 46 05 46 05 5D 01 00 00 C0 E8 58 3F 29 1E 36 B8 F8 00 00 00 00 00 00 00 00 00 00 00 00 00 00 00 00 00
23:02:45.646 * rx 103113 +64/105#8677 00 00 00 00 03 00 00 00 00 00 00 00 00 00 00 00 00 00 00 00 00 00 00 85 06 00 00 00 00 00 00 00 00 00 00 00 00 00 B1 0A 55
23:02:45.700 * rx 103114 F0 30 00 01 7B 06 0A 00 09 77 00 10 10 31 36 12 78 00 00 00 00 19 00 00 00 00 09 77 00 05 0D 00 00 00 00 00 00 00 00 00 00 00 00 00 00 F8 02 55
23:02:45.741 * tx 103127 F0 1D 00 01 7C 03 C2 2E 00 B2 11 B2 11 1C 00 00 06 00 00 02 00 02 01 00 00 00 3A 03 55
23:02:45.772 * tx 103127 F0 16 00 01 7C 04 00 00 19 81 00 00 3D 00 00 00 01 00 00 6F 01 55
23:02:45.809 * rx 103130 +0/105#8681 F0 69 00 01 7C 05 B2 11 B2 11 00 00 00 00 07 2A 00 2A 00 54 01 54 01 00 00 00 5D 01 80 70 46 05 46 05 5D 01 00 00 C0 E8 58 3F 29 1E E5 E7 A6 B3 CC ED 00 00 00 00 00 00 00 00 00 00 00 00 00 00
23:02:45.861 * rx 103130 +64/105#8681 00 00 00 00 03 00 00 00 00 00 00 00 00 00 00 00 00 00 00 00 00 00 00 85 06 00 00 00 00 00 00 00 00 00 00 00 00 00 AA 0D 55
23:02:45.903 * rx 103131 F0 30 00 01 7C 06 0A 00 09 77 00 10 10 31 36 12 78 00 00 00 00 19 00 00 00 00 09 77 00 05 0D 00 00 00 00 00 00 00 00 00 00 00 00 00 00 F9 02 55
23:02:45.941 * tx 103144 F0 1D 00 01 7D 03 C2 2E 00 B2 11 B2 11 1C 00 00 06 00 00 02 00 02 01 00 00 00 3B 03 55
23:02:45.976 * tx 103144 F0 16 00 01 7D 04 00 00 19 81 00 00 3D 00 00 00 01 00 00 70 01 55
23:02:46.027 * rx 103147 +0/105#8685 F0 69 00 01 7D 05 B2 11 B2 11 00 00 00 00 07 2A 00 2A 00 54 01 54 01 00 00 00 5D 01 80 70 46 05 46 05 5D 01 00 00 C0 E8 58 3F 29 1E 36 B8 F8 00 00 00 00 00 00 00 00 00 00 00 00 00 00 00 00 00
23:02:46.062 * rx 103147 +64/105#8685 00 00 00 00 03 00 00 00 00 00 00 00 00 00 00 00 00 00 00 00 00 00 00 85 06 00 00 00 00 00 00 00 00 00 00 00 00 00 B3 0A 55
23:02:46.093 * rxflood 109
23:02:46.126 * tx 104060 F0 1D 00 01 B4 03 C2 2E 00 B2 11 B2 11 1C 00 00 06 00 00 02 00 02 01 00 00 00 72 03 55
23:02:46.177 * tx 104061 F0 16 00 01 B4 04 00 00 19 81 00 00 3D 00 00 00 01 00 00 A7 01 55
23:02:46.213 * rx 104064 +0/105#8905 F0 69 00 01 B4 05 B2 11 B2 11 00 00 00 00 07 2A 00 2A 00 54 01 54 01 00 00 00 5D 01 80 70 46 05 46 05 5D 01 00 00 C0 E8 58 3F 29 1E E5 E7 A6 B3 CC ED 00 00 00 00 00 00 00 00 00 00 00 00 00 00
23:02:46.246 * rx 104064 +64/105#8905 00 00 00 00 03 00 00 00 00 00 00 00 00 00 00 00 00 00 00 00 00 00 00 85 06 00 00 00 00 00 00 00 00 00 00 00 00 00 E2 0D 55
23:02:46.283 * rx 104065 F0 30 00 01 B4 06 0A 00 09 77 00 10 10 31 36 12 78 00 00 00 00 19 00 00 00 00 09 77 00 05 0D 00 00 00 00 00 00 00 00 00 00 00 00 00 00 31 03 55
23:02:46.335 * tx 104077 F0 1D 00 01 B5 03 C2 2E 00 B2 11 B2 11 1C 00 00 06 00 00 02 00 02 01 00 00 00 73 03 55
23:02:46.372 * tx 104077 F0 16 00 01 B5 04 00 00 19 81 00 00 3D 00 00 00 01 00 00 A8 01 55
23:02:46.404 * rx 104080 +0/105#8909 F0 69 00 01 B5 05 B2 11 B2 11 00 00 00 00 07 2A 00 2A 00 54 01 54 01 00 00 00 5D 01 80 70 46 05 46 05 5D 01 00 00 C0 E8 58 3F 29 1E 36 B8 F8 00 00 00 00 00 00 00 00 00 00 00 00 00 00 00 00 00
23:02:46.444 * rx 104080 +64/105#8909 00 00 00 00 03 00 00 00 00 00 00 00 00 00 00 00 00 00 00 00 00 00 00 85 06 00 00 00 00 00 00 00 00 00 00 00 00 00 EB 0A 55
23:02:46.502 * rx 104081 F0 30 00 01 B5 06 0A 00 09 77 00 10 10 31 36 12 78 00 00 00 00 19 00 00 00 00 09 77 00 05 0D 00 00 00 00 00 00 00 00 00 00 00 00 00 00 32 03 55
23:02:46.536 * tx 104094 F0 1D 00 01 B6 03 C2 2E 00 B2 11 B2 11 1C 00 00 06 00 00 02 00 02 01 00 00 00 74 03 55
23:02:46.569 * tx 104094 F0 16 00 01 B6 04 00 00 19 81 00 00 3D 00 00 00 01 00 00 A9 01 55
23:02:46.603 * rx 104097 +0/105#8913 F0 69 00 01 B6 05 B2 11 B2 11 00 00 00 00 07 2A 00 2A 00 54 01 54 01 00 00 00 5D 01 80 70 46 05 46 05 5D 01 00 00 C0 E8 58 3F 29 1E E5 E7 A6 B3 CC ED 00 00 00 00 00 00 00 00 00 00 00 00 00 00
23:02:46.653 * rx 104097 +64/105#8913 00 00 00 00 03 00 00 00 00 00 00 00 00 00 00 00 00 00 00 00 00 00 00 85 06 00 00 00 00 00 00 00 00 00 00 00 00 00 E4 0D 55
23:02:46.682 * rx 104098 F0 30 00 01 B6 06 0A 00 09 77 00 10 10 31 36 12 78 00 00 00 00 19 00 00 00 00 09 77 00 05 0D 00 00 00 00 00 00 00 00 00 00 00 00 00 00 33 03 55
23:02:46.711 * tx 104111 F0 1D 00 01 B7 03 C2 2E 00 B2 11 B2 11 1C 00 00 06 00 00 02 00 02 01 00 00 00 75 03 55
23:02:46.741 * tx 104111 F0 16 00 01 B7 04 00 00 19 81 00 00 3D 00 00 00 01 00 00 AA 01 55
23:02:46.786 * rx 104114 +0/105#8917 F0 69 00 01 B7 05 B2 11 B2 11 00 00 00 00 07 2A 00 2A 00 54 01 54 01 00 00 00 5D 01 80 70 46 05 46 05 5D 01 00 00 C0 E8 58 3F 29 1E E5 E7 A6 B3 CC ED 00 00 00 00 00 00 00 00 00 00 00 00 00 00
23:02:46.821 * rx 104114 +64/105#8917 00 00 00 00 03 00 00 00 00 00 00 00 00 00 00 00 00 00 00 00 00 00 00 85 06 00 00 00 00 00 00 00 00 00 00 00 00 00 E5 0D 55
23:02:46.857 * rx 104114 F0 30 00 01 B7 06 0A 00 09 77 00 10 10 31 36 12 78 00 00 00 00 19 00 00 00 00 09 77 00 05 0D 00 00 00 00 00 00 00 00 00 00 00 00 00 00 34 03 55
23:02:46.900 * tx 104127 F0 1D 00 01 B8 03 C2 2E 00 B2 11 B2 11 1C 00 00 06 00 00 02 00 02 01 00 00 00 76 03 55
23:02:46.954 * tx 104127 F0 16 00 01 B8 04 00 00 19 81 00 00 3D 00 00 00 01 00 00 AB 01 55
23:02:46.993 * rx 104130 +0/105#8921 F0 69 00 01 B8 05 B2 11 B2 11 00 00 00 00 07 2A 00 2A 00 54 01 54 01 00 00 00 5D 01 80 70 46 05 46 05 5D 01 00 00 C0 E8 58 3F 29 1E E5 E7 A6 B3 CC ED 00 00 00 00 00 00 00 00 00 00 00 00 00 00
23:02:47.035 * rx 104130 +64/105#8921 00 00 00 00 03 00 00 00 00 00 00 00 00 00 00 00 00 00 00 00 00 00 00 85 06 00 00 00 00 00 00 00 00 00 00 00 00 00 E6 0D 55
23:02:47.074 * rx 104131 F0 30 00 01 B8 06 0A 00 09 77 00 10 10 31 36 12 78 00 00 00 00 19 00 00 00 00 09 77 00 05 0D 00 00 00 00 00 00 00 00 00 00 00 00 00 00 35 03 55
23:02:47.130 * tx 104144 F0 1D 00 01 B9 03 C2 2E 00 B2 11 B2 11 1C 00 00 06 00 00 02 00 02 01 00 00 00 77 03 55
23:02:47.159 * tx 104144 F0 16 00 01 B9 04 00 00 19 81 00 00 3D 00 00 00 01 00 00 AC 01 55
23:02:47.189 * rx 104147 +0/105#8925 F0 69 00 01 B9 05 B2 11 B2 11 00 00 00 00 07 2A 00 2A 00 54 01 54 01 00 00 00 5D 01 80 70 46 05 46 05 5D 01 00 00 C0 E8 58 3F 29 1E 36 B8 F8 00 00 00 00 00 00 00 00 00 00 00 00 00 00 00 00 00
23:02:47.218 * rx 104147 +64/105#8925 00 00 00 00 03 00 00 00 00 00 00 00 00 00 00 00 00 00 00 00 00 00 00 85 06 00 00 00 00 00 00 00 00 00 00 00 00 00 EF 0A 55
23:02:47.262 * rxflood 109
23:02:47.296 * tx 105060 F0 1D 00 01 00 03 C2 2E 00 B2 11 B2 11 1C 00 00 06 00 00 02 00 02 01 00 00 00 BE 02 55
23:02:47.323 * tx 105061 F0 16 00 01 00 04 00 00 19 81 00 00 3D 00 00 00 01 00 00 F3 00 55
23:02:47.354 * rx 105064 +0/105#9145 F0 69 00 01 00 05 B2 11 B2 11 00 00 00 00 07 2A 00 2A 00 54 01 54 01 00 00 00 5D 01 80 70 46 05 46 05 5D 01 00 00 C0 E8 58 3F 29 1E E5 E7 A6 B3 CC ED 00 00 00 00 00 00 00 00 00 00 00 00 00 00
23:02:47.397 * rx 105064 +64/105#9145 00 00 00 00 03 00 00 00 00 00 00 00 00 00 00 00 00 00 00 00 00 00 00 85 06 00 00 00 00 00 00 00 00 00 00 00 00 00 2E 0D 55
23:02:47.426 * rx 105065 F0 30 00 01 00 06 0A 00 09 77 00 10 10 31 36 12 78 00 00 00 00 19 00 00 00 00 09 77 00 05 0D 00 00 00 00 00 00 00 00 00 00 00 00 00 00 7D 02 55
23:02:47.455 * tx 105077 F0 1D 00 01 01 03 C2 2E 00 B2 11 B2 11 1C 00 00 06 00 00 02 00 02 01 00 00 00 BF 02 55
23:02:47.484 * tx 105077 F0 16 00 01 01 04 00 00 19 81 00 00 3D 00 00 00 01 00 00 F4 00 55
23:02:47.525 * rx 105080 +0/105#9149 F0 69 00 01 01 05 B2 11 B2 11 00 00 00 00 07 2A 00 2A 00 54 01 54 01 00 00 00 5D 01 80 70 46 05 46 05 5D 01 00 00 C0 E8 58 3F 29 1E 36 B8 F8 00 00 00 00 00 00 00 00 00 00 00 00 00 00 00 00 00
23:02:47.555 * rx 105080 +64/105#9149 00 00 00 00 03 00 00 00 00 00 00 00 00 00 00 00 00 00 00 00 00 00 00 85 06 00 00 00 00 00 00 00 00 00 00 00 00 00 37 0A 55
23:02:47.582 * rx 105081 F0 30 00 01 01 06 0A 00 09 77 00 10 10 31 36 12 78 00 00 00 00 19 00 00 00 00 09 77 00 05 0D 00 00 00 00 00 00 00 00 00 00 00 00 00 00 7E 02 55
23:02:47.614 * tx 105094 F0 1D 00 01 02 03 C2 2E 00 B2 11 B2 11 1C 00 00 06 00 00 02 00 02 01 00 00 00 C0 02 55
23:02:47.655 * tx 105094 F0 16 00 01 02 04 00 00 19 81 00 00 3D 00 00 00 01 00 00 F5 00 55
23:02:47.681 * rx 105097 +0/105#9153 F0 69 00 01 02 05 B2 11 B2 11 00 00 00 00 07 2A 00 2A 00 54 01 54 01 00 00 00 5D 01 80 70 46 05 46 05 5D 01 00 00 C0 E8 58 3F 29 1E E5 E7 A6 B3 CC ED 00 00 00 00 00 00 00 00 00 00 00 00 00 00
23:02:47.706 * rx 105097 +64/105#9153 00 00 00 00 03 00 00 00 00 00 00 00 00 00 00 00 00 00 00 00 00 00 00 85 06 00 00 00 00 00 00 00 00 00 00 00 00 00 30 0D 55
23:02:47.733 * rx 105098 F0 30 00 01 02 06 0A 00 09 77 00 10 10 31 36 12 78 00 00 00 00 19 00 00 00 00 09 77 00 05 0D 00 00 00 00 00 00 00 00 00 00 00 00 00 00 7F 02 55
23:02:47.769 * tx 105111 F0 1D 00 01 03 03 C2 2E 00 B2 11 B2 11 1C 00 00 06 00 00 02 00 02 01 00 00 00 C1 02 55
23:02:47.798 * tx 105111 F0 16 00 01 03 04 00 00 19 81 00 00 3D 00 00 00 01 00 00 F6 00 55
23:02:47.830 * rx 105114 +0/105#9157 F0 69 00 01 03 05 B2 11 B2 11 00 00 00 00 07 2A 00 2A 00 54 01 54 01 00 00 00 5D 01 80 70 46 05 46 05 5D 01 00 00 C0 E8 58 3F 29 1E 36 B8 F8 00 00 00 00 00 00 00 00 00 00 00 00 00 00 00 00 00
23:02:47.867 * rx 105114 +64/105#9157 00 00 00 00 03 00 00 00 00 00 00 00 00 00 00 00 00 00 00 00 00 00 00 85 06 00 00 00 00 00 00 00 00 00 00 00 00 00 39 0A 55
23:02:47.911 * rx 105115 F0 30 00 01 03 06 0A 00 09 77 00 10 10 31 36 12 78 00 00 00 00 19 00 00 00 00 09 77 00 05 0D 00 00 00 00 00 00 00 00 00 00 00 00 00 00 80 02 55
23:02:47.942 * tx 105127 F0 1D 00 01 04 03 C2 2E 00 B2 11 B2 11 1C 00 00 06 00 00 02 00 02 01 00 00 00 C2 02 55
23:02:47.968 * tx 105127 F0 16 00 01 04 04 00 00 19 81 00 00 3D 00 00 00 01 00 00 F7 00 55
23:02:47.991 * rx 105130 +0/105#9161 F0 69 00 01 04 05 B2 11 B2 11 00 00 00 00 07 2A 00 2A 00 54 01 54 01 00 00 00 5D 01 80 70 46 05 46 05 5D 01 00 00 C0 E8 58 3F 29 1E E5 E7 A6 B3 CC ED 00 00 00 00 00 00 00 00 00 00 00 00 00 00
23:02:48.031 * rx 105130 +64/105#9161 00 00 00 00 03 00 00 00 00 00 00 00 00 00 00 00 00 00 00 00 00 00 00 85 06 00 00 00 00 00 00 00 00 00 00 00 00 00 32 0D 55
23:02:48.060 * rx 105131 F0 30 00 01 04 06 0A 00 09 77 00 10 10 31 36 12 78 00 00 00 00 19 00 00 00 00 09 77 00 05 0D 00 00 00 00 00 00 00 00 00 00 00 00 00 00 81 02 55
23:02:48.088 * tx 105144 F0 1D 00 01 05 03 C2 2E 00 B2 11 B2 11 1C 00 00 06 00 00 02 00 02 01 00 00 00 C3 02 55
23:02:48.118 * tx 105144 F0 16 00 01 05 04 00 00 19 81 00 00 3D 00 00 00 01 00 00 F8 00 55
23:02:48.163 * rx 105147 +0/105#9165 F0 69 00 01 05 05 B2 11 B2 11 00 00 00 00 07 2A 00 2A 00 54 01 54 01 00 00 00 5D 01 80 70 46 05 46 05 5D 01 00 00 C0 E8 58 3F 29 1E 36 B8 F8 00 00 00 00 00 00 00 00 00 00 00 00 00 00 00 00 00
23:02:48.195 * rx 105147 +64/105#9165 00 00 00 00 03 00 00 00 00 00 00 00 00 00 00 00 00 00 00 00 00 00 00 85 06 00 00 00 00 00 00 00 00 00 00 00 00 00 3B 0A 55
23:02:48.224 * rxflood 109
23:02:48.257 * tx 106060 F0 1D 00 01 3C 03 C2 2E 00 B2 11 B2 11 1C 00 00 06 00 00 02 00 02 01 00 00 00 FA 02 55
23:02:48.312 * tx 106061 F0 16 00 01 3C 04 00 00 19 81 00 00 3D 00 00 00 01 00 00 2F 01 55
23:02:48.350 * rx 106064 +0/105#9385 F0 69 00 01 3C 05 B2 11 B2 11 00 00 00 00 07 2A 00 2A 00 54 01 54 01 00 00 00 5D 01 80 70 46 05 46 05 5D 01 00 00 C0 E8 58 3F 29 1E E5 E7 A6 B3 CC ED 00 00 00 00 00 00 00 00 00 00 00 00 00 00
23:02:48.384 * rx 106064 +64/105#9385 00 00 00 00 03 00 00 00 00 00 00 00 00 00 00 00 00 00 00 00 00 00 00 85 06 00 00 00 00 00 00 00 00 00 00 00 00 00 6A 0D 55
23:02:48.423 * rx 106065 F0 30 00 01 3C 06 0A 00 09 77 00 10 10 31 36 12 78 00 00 00 00 19 00 00 00 00 09 77 00 05 0D 00 00 00 00 00 00 00 00 00 00 00 00 00 00 B9 02 55
23:02:48.487 * tx 106077 F0 1D 00 01 3D 03 C2 2E 00 B2 11 B2 11 1C 00 00 06 00 00 02 00 02 01 00 00 00 FB 02 55
23:02:48.523 * tx 106077 F0 16 00 01 3D 04 00 00 19 81 00 00 3D 00 00 00 01 00 00 30 01 55
23:02:48.556 * rx 106080 +0/105#9389 F0 69 00 01 3D 05 B2 11 B2 11 00 00 00 00 07 2A 00 2A 00 54 01 54 01 00 00 00 5D 01 80 70 46 05 46 05 5D 01 00 00 C0 E8 58 3F 29 1E 36 B8 F8 00 00 00 00 00 00 00 00 00 00 00 00 00 00 00 00 00
23:02:48.593 * rx 106080 +64/105#9389 00 00 00 00 03 00 00 00 00 00 00 00 00 00 00 00 00 00 00 00 00 00 00 85 06 00 00 00 00 00 00 00 00 00 00 00 00 00 73 0A 55
23:02:48.650 * rx 106081 F0 30 00 01 3D 06 0A 00 09 77 00 10 10 31 36 12 78 00 00 00 00 19 00 00 00 00 09 77 00 05 0D 00 00 00 00 00 00 00 00 00 00 00 00 00 00 BA 02 55
23:02:48.692 * tx 106094 F0 1D 00 01 3E 03 C2 2E 00 B2 11 B2 11 1C 00 00 06 00 00 02 00 02 01 00 00 00 FC 02 55
23:02:48.727 * tx 106094 F0 16 00 01 3E 04 00 00 19 81 00 00 3D 00 00 00 01 00 00 31 01 55
23:02:48.764 * rx 106097 +0/105#9393 F0 69 00 01 3E 05 B2 11 B2 11 00 00 00 00 07 2A 00 2A 00 54 01 54 01 00 00 00 5D 01 80 70 46 05 46 05 5D 01 00 00 C0 E8 58 3F 29 1E E5 E7 A6 B3 CC ED 00 00 00 00 00 00 00 00 00 00 00 00 00 00
23:02:48.817 * rx 106097 +64/105#9393 00 00 00 00 03 00 00 00 00 00 00 00 00 00 00 00 00 00 00 00 00 00 00 85 06 00 00 00 00 00 00 00 00 00 00 00 00 00 6C 0D 55
23:02:48.858 * rx 106098 F0 30 00 01 3E 06 0A 00 09 77 00 10 10 31 36 12 78 00 00 00 00 19 00 00 00 00 09 77 00 05 0D 00 00 00 00 00 00 00 00 00 00 00 00 00 00 BB 02 55
23:02:48.887 * tx 106111 F0 1D 00 01 3F 03 C2 2E 00 B2 11 B2 11 1C 00 00 06 00 00 02 00 02 01 00 00 00 FD 02 55
23:02:48.922 * tx 106111 F0 16 00 01 3F 04 00 00 19 81 00 00 3D 00 00 00 01 00 00 32 01 55
23:02:48.973 * rx 106114 +0/105#9397 F0 69 00 01 3F 05 B2 11 B2 11 00 00 00 00 07 2A 00 2A 00 54 01 54 01 00 00 00 5D 01 80 70 46 05 46 05 5D 01 00 00 C0 E8 58 3F 29 1E 36 B8 F8 00 00 00 00 00 00 00 00 00 00 00 00 00 00 00 00 00
23:02:49.011 * rx 106114 +64/105#9397 00 00 00 00 03 00 00 00 00 00 00 00 00 00 00 00 00 00 00 00 00 00 00 85 06 00 00 00 00 00 00 00 00 00 00 00 00 00 75 0A 55
23:02:49.043 * rx 106115 F0 30 00 01 3F 06 0A 00 09 77 00 10 10 31 36 12 78 00 00 00 00 19 00 00 00 00 09 77 00 05 0D 00 00 00 00 00 00 00 00 00 00 00 00 00 00 BC 02 55
23:02:49.079 * tx 106127 F0 1D 00 01 40 03 C2 2E 00 B2 11 B2 11 1C 00 00 06 00 00 02 00 02 01 00 00 00 FE 02 55
23:02:49.130 * tx 106127 F0 16 00 01 40 04 00 00 19 81 00 00 3D 00 00 00 01 00 00 33 01 55
23:02:49.171 * rx 106130 +0/105#9401 F0 69 00 01 40 05 B2 11 B2 11 00 00 00 00 07 2A 00 2A 00 54 01 54 01 00 00 00 5D 01 80 70 46 05 46 05 5D 01 00 00 C0 E8 58 3F 29 1E E5 E7 A6 B3 CC ED 00 00 00 00 00 00 00 00 00 00 00 00 00 00
23:02:49.208 * rx 106130 +64/105#9401 00 00 00 00 03 00 00 00 00 00 00 00 00 00 00 00 00 00 00 00 00 00 00 85 06 00 00 00 00 00 00 00 00 00 00 00 00 00 6E 0D 55
23:02:49.244 * rx 106131 F0 30 00 01 40 06 0A 00 09 77 00 10 10 31 36 12 78 00 00 00 00 19 00 00 00 00 09 77 00 05 0D 00 00 00 00 00 00 00 00 00 00 00 00 00 00 BD 02 55
23:02:49.298 * tx 106144 F0 1D 00 01 41 03 C2 2E 00 B2 11 B2 11 1C 00 00 06 00 00 02 00 02 01 00 00 00 FF 02 55
23:02:49.332 * tx 106144 F0 16 00 01 41 04 00 00 19 81 00 00 3D 00 00 00 01 00 00 34 01 55
23:02:49.366 * rx 106147 +0/105#9405 F0 69 00 01 41 05 B2 11 B2 11 00 00 00 00 07 2A 00 2A 00 54 01 54 01 00 00 00 5D 01 80 70 46 05 46 05 5D 01 00 00 C0 E8 58 3F 29 1E 36 B8 F8 00 00 00 00 00 00 00 00 00 00 00 00 00 00 00 00 00
23:02:49.398 * rx 106147 +64/105#9405 00 00 00 00 01 00 00 00 00 00 00 00 00 00 00 00 00 00 00 00 00 00 00 85 06 00 00 00 00 00 00 00 00 00 00 00 00 00 75 0A 55
23:02:49.456 * rxflood 109
23:02:49.501 * tx 107060 F0 1D 00 01 78 03 C2 2E 00 B2 11 B2 11 1C 00 00 06 00 00 02 00 02 01 00 00 00 36 03 55
23:02:49.539 * tx 107061 F0 16 00 01 78 04 00 00 19 81 00 00 3D 00 00 00 01 00 00 6B 01 55
23:02:49.578 * rx 107064 +0/105#9625 F0 69 00 01 78 05 B2 11 B2 11 00 00 00 00 07 2A 00 2A 00 54 01 54 01 00 00 00 5D 01 80 70 46 05 46 05 5D 01 00 00 C0 E8 58 3F 29 1E E5 E7 A6 B3 CC ED 00 00 00 00 00 00 00 00 00 00 00 00 00 00
23:02:49.630 * rx 107064 +64/105#9625 00 00 00 00 01 00 00 00 00 00 00 00 00 00 00 00 00 00 00 00 00 00 00 85 06 00 00 00 00 00 00 00 00 00 00 00 00 00 A4 0D 55
23:02:49.664 * rx 107064 F0 30 00 01 78 06 0A 00 09 77 00 10 10 31 36 12 78 00 00 00 00 19 00 00 00 00 09 77 00 05 0D 00 00 00 00 00 00 00 00 00 00 00 00 00 00 F5 02 55
23:02:49.703 * tx 107077 F0 1D 00 01 79 03 C2 2E 00 B2 11 B2 11 1C 00 00 06 00 00 02 00 02 01 00 00 00 37 03 55
23:02:49.736 * tx 107077 F0 16 00 01 79 04 00 00 19 81 00 00 3D 00 00 00 01 00 00 6C 01 55
23:02:49.781 * rx 107080 +0/105#9629 F0 69 00 01 79 05 B2 11 B2 11 00 00 00 00 07 2A 00 2A 00 54 01 54 01 00 00 00 5D 01 80 70 46 05 46 05 5D 01 00 00 C0 E8 58 3F 29 1E 36 B8 F8 00 00 00 00 00 00 00 00 00 00 00 00 00 00 00 00 00
23:02:49.815 * rx 107080 +64/105#9629 00 00 00 00 01 00 00 00 00 00 00 00 00 00 00 00 00 00 00 00 00 00 00 85 06 00 00 00 00 00 00 00 00 00 00 00 00 00 AD 0A 55
23:02:49.855 * rx 107081 F0 30 00 01 79 06 0A 00 09 77 00 10 10 31 36 12 78 00 00 00 00 19 00 00 00 00 09 77 00 05 0D 00 00 00 00 00 00 00 00 00 00 00 00 00 00 F6 02 55
23:02:49.891 * tx 107094 F0 1D 00 01 7A 03 C2 2E 00 B2 11 B2 11 1C 00 00 06 00 00 02 00 02 01 00 00 00 38 03 55
23:02:49.934 * tx 107094 F0 16 00 01 7A 04 00 00 19 81 00 00 3D 00 00 00 01 00 00 6D 01 55
23:02:49.969 * rx 107097 +0/105#9633 F0 69 00 01 7A 05 B2 11 B2 11 00 00 00 00 07 2A 00 2A 00 54 01 54 01 00 00 00 5D 01 80 70 46 05 46 05 5D 01 00 00 C0 E8 58 3F 29 1E E5 E7 A6 B3 CC ED 00 00 00 00 00 00 00 00 00 00 00 00 00 00
23:02:50.005 * rx 107097 +64/105#9633 00 00 00 00 01 00 00 00 00 00 00 00 00 00 00 00 00 00 00 00 00 00 00 85 06 00 00 00 00 00 00 00 00 00 00 00 00 00 A6 0D 55
23:02:50.045 * rx 107098 F0 30 00 01 7A 06 0A 00 09 77 00 10 10 31 36 12 78 00 00 00 00 19 00 00 00 00 09 77 00 05 0D 00 00 00 00 00 00 00 00 00 00 00 00 00 00 F7 02 55
23:02:50.101 * tx 107110 F0 1D 00 01 7B 03 C2 2E 00 B2 11 B2 11 1C 00 00 06 00 00 02 00 02 01 00 00 00 39 03 55
23:02:50.144 * tx 107111 F0 16 00 01 7B 04 00 00 19 81 00 00 3D 00 00 00 01 00 00 6E 01 55
23:02:50.183 * rx 107114 +0/105#9637 F0 69 00 01 7B 05 B2 11 B2 11 00 00 00 00 07 2A 00 2A 00 54 01 54 01 00 00 00 5D 01 80 70 46 05 46 05 5D 01 00 00 C0 E8 58 3F 29 1E E5 E7 A6 B3 CC ED 00 00 00 00 00 00 00 00 00 00 00 00 00 00
23:02:50.224 * rx 107114 +64/105#9637 00 00 00 00 01 00 00 00 00 00 00 00 00 00 00 00 00 00 00 00 00 00 00 85 06 00 00 00 00 00 00 00 00 00 00 00 00 00 A7 0D 55
23:02:50.281 * rx 107115 F0 30 00 01 7B 06 0A 00 09 77 00 10 10 31 36 12 78 00 00 00 00 19 00 00 00 00 09 77 00 05 0D 00 00 00 00 00 00 00 00 00 00 00 00 00 00 F8 02 55
23:02:50.316 * tx 107127 F0 1D 00 01 7C 03 C2 2E 00 B2 11 B2 11 1C 00 00 06 00 00 02 00 02 01 00 00 00 3A 03 55
23:02:50.349 * tx 107127 F0 16 00 01 7C 04 00 00 19 81 00 00 3D 00 00 00 01 00 00 6F 01 55
23:02:50.380 * rx 107130 +0/105#9641 F0 69 00 01 7C 05 B2 11 B2 11 00 00 00 00 07 2A 00 2A 00 54 01 54 01 00 00 00 5D 01 80 70 46 05 46 05 5D 01 00 00 C0 E8 58 3F 29 1E E5 E7 A6 B3 CC ED 00 00 00 00 00 00 00 00 00 00 00 00 00 00
23:02:50.430 * rx 107130 +64/105#9641 00 00 00 00 01 00 00 00 00 00 00 00 00 00 00 00 00 00 00 00 00 00 00 85 06 00 00 00 00 00 00 00 00 00 00 00 00 00 A8 0D 55
23:02:50.464 * rx 107131 F0 30 00 01 7C 06 0A 00 09 77 00 10 10 31 36 12 78 00 00 00 00 19 00 00 00 00 09 77 00 05 0D 00 00 00 00 00 00 00 00 00 00 00 00 00 00 F9 02 55
23:02:50.492 * tx 107144 F0 1D 00 01 7D 03 C2 2E 00 B2 11 B2 11 1C 00 00 06 00 00 02 00 02 01 00 00 00 3B 03 55
23:02:50.521 * tx 107144 F0 16 00 01 7D 04 00 00 19 81 00 00 3D 00 00 00 01 00 00 70 01 55
23:02:50.576 * rx 107147 +0/105#9645 F0 69 00 01 7D 05 B2 11 B2 11 00 00 00 00 07 2A 00 2A 00 54 01 54 01 00 00 00 5D 01 80 70 46 05 46 05 5D 01 00 00 C0 E8 58 3F 29 1E 36 B8 F8 00 00 00 00 00 00 00 00 00 00 00 00 00 00 00 00 00
23:02:50.613 * rx 107147 +64/105#9645 00 00 00 00 01 00 00 00 00 00 00 00 00 00 00 00 00 00 00 00 00 00 00 85 06 00 00 00 00 00 00 00 00 00 00 00 00 00 B1 0A 55
23:02:50.651 * rxflood 109
23:02:50.691 * tx 108060 F0 1D 00 01 B4 03 C2 2E 00 B2 11 B2 11 1C 00 00 06 00 00 02 00 02 01 00 00 00 72 03 55
23:02:50.752 * tx 108061 F0 16 00 01 B4 04 00 00 19 81 00 00 3D 00 00 00 01 00 00 A7 01 55
23:02:50.786 * rx 108064 +0/105#9865 F0 69 00 01 B4 05 B2 11 B2 11 00 00 00 00 07 2A 00 2A 00 54 01 54 01 00 00 00 5D 01 80 70 46 05 46 05 5D 01 00 00 C0 E8 58 3F 29 1E 36 B8 F8 00 00 00 00 00 00 00 00 00 00 00 00 00 00 00 00 00
23:02:50.823 * rx 108064 +64/105#9865 00 00 00 00 01 00 00 00 00 00 00 00 00 00 00 00 00 00 00 00 00 00 00 85 06 00 00 00 00 00 00 00 00 00 00 00 00 00 E8 0A 55
23:02:50.868 * rx 108065 F0 30 00 01 B4 06 0A 00 09 77 00 10 10 31 36 12 78 00 00 00 00 19 00 00 00 00 09 77 00 05 0D 00 00 00 00 00 00 00 00 00 00 00 00 00 00 31 03 55
23:02:50.925 * tx 108077 F0 1D 00 01 B5 03 C2 2E 00 B2 11 B2 11 1C 00 00 06 00 00 02 00 02 01 00 00 00 73 03 55
23:02:50.968 * tx 108077 F0 16 00 01 B5 04 00 00 19 81 00 00 3D 00 00 00 01 00 00 A8 01 55
23:02:51.009 * rx 108080 +0/105#9869 F0 69 00 01 B5 05 B2 11 B2 11 00 00 00 00 07 2A 00 2A 00 54 01 54 01 00 00 00 5D 01 80 70 46 05 46 05 5D 01 00 00 C0 E8 58 3F 29 1E 36 B8 F8 00 00 00 00 00 00 00 00 00 00 00 00 00 00 00 00 00
23:02:51.044 * rx 108080 +64/105#9869 00 00 00 00 01 00 00 00 00 00 00 00 00 00 00 00 00 00 00 00 00 00 00 85 06 00 00 00 00 00 00 00 00 00 00 00 00 00 E9 0A 55
23:02:51.100 * rx 108081 F0 30 00 01 B5 06 0A 00 09 77 00 10 10 31 36 12 78 00 00 00 00 19 00 00 00 00 09 77 00 05 0D 00 00 00 00 00 00 00 00 00 00 00 00 00 00 32 03 55
23:02:51.140 * tx 108094 F0 1D 00 01 B6 03 C2 2E 00 B2 11 B2 11 1C 00 00 06 00 00 02 00 02 01 00 00 00 74 03 55
23:02:51.182 * tx 108094 F0 16 00 01 B6 04 00 00 19 81 00 00 3D 00 00 00 01 00 00 A9 01 55
23:02:51.224 * rx 108097 +0/105#9873 F0 69 00 01 B6 05 B2 11 B2 11 00 00 00 00 07 2A 00 2A 00 54 01 54 01 00 00 00 5D 01 80 70 46 05 46 05 5D 01 00 00 C0 E8 58 3F 29 1E E5 E7 A6 B3 CC ED 00 00 00 00 00 00 00 00 00 00 00 00 00 00
23:02:51.283 * rx 108097 +64/105#9873 00 00 00 00 01 00 00 00 00 00 00 00 00 00 00 00 00 00 00 00 00 00 00 85 06 00 00 00 00 00 00 00 00 00 00 00 00 00 E2 0D 55
23:02:51.323 * rx 108098 F0 30 00 01 B6 06 0A 00 09 77 00 10 10 31 36 12 78 00 00 00 00 19 00 00 00 00 09 77 00 05 0D 00 00 00 00 00 00 00 00 00 00 00 00 00 00 33 03 55
23:02:51.353 * tx 108110 F0 1D 00 01 B7 03 C2 2E 00 B2 11 B2 11 1C 00 00 06 00 00 02 00 02 01 00 00 00 75 03 55
23:02:51.391 * tx 108111 F0 16 00 01 B7 04 00 00 19 81 00 00 3D 00 00 00 01 00 00 AA 01 55
23:02:51.458 * rx 108114 +0/105#9877 F0 69 00 01 B7 05 B2 11 B2 11 00 00 00 00 07 2A 00 2A 00 54 01 54 01 00 00 00 5D 01 80 70 46 05 46 05 5D 01 00 00 C0 E8 58 3F 29 1E 36 B8 F8 00 00 00 00 00 00 00 00 00 00 00 00 00 00 00 00 00
23:02:51.493 * rx 108114 +64/105#9877 00 00 00 00 01 00 00 00 00 00 00 00 00 00 00 00 00 00 00 00 00 00 00 85 06 00 00 00 00 00 00 00 00 00 00 00 00 00 EB 0A 55
23:02:51.528 * rx 108114 F0 30 00 01 B7 06 0A 00 09 77 00 10 10 31 36 12 78 00 00 00 00 19 00 00 00 00 09 77 00 05 0D 00 00 00 00 00 00 00 00 00 00 00 00 00 00 34 03 55
23:02:51.556 * tx 108127 F0 1D 00 01 B8 03 C2 2E 00 B2 11 B2 11 1C 00 00 06 00 00 02 00 02 01 00 00 00 76 03 55
23:02:51.613 * tx 108127 F0 16 00 01 B8 04 00 00 19 81 00 00 3D 00 00 00 01 00 00 AB 01 55
23:02:51.655 * rx 108130 +0/105#9881 F0 69 00 01 B8 05 B2 11 B2 11 00 00 00 00 07 2A 00 2A 00 54 01 54 01 00 00 00 5D 01 80 70 46 05 46 05 5D 01 00 00 C0 E8 58 3F 29 1E E5 E7 A6 B3 CC ED 00 00 00 00 00 00 00 00 00 00 00 00 00 00
23:02:51.691 * rx 108130 +64/105#9881 00 00 00 00 01 00 00 00 00 00 00 00 00 00 00 00 00 00 00 00 00 00 00 85 06 00 00 00 00 00 00 00 00 00 00 00 00 00 E4 0D 55
23:02:51.737 * rx 108131 F0 30 00 01 B8 06 0A 00 09 77 00 10 10 31 36 12 78 00 00 00 00 19 00 00 00 00 09 77 00 05 0D 00 00 00 00 00 00 00 00 00 00 00 00 00 00 35 03 55
23:02:51.796 * tx 108144 F0 1D 00 01 B9 03 C2 2E 00 B2 11 B2 11 1C 00 00 06 00 00 02 00 02 01 00 00 00 77 03 55
23:02:51.831 * tx 108144 F0 16 00 01 B9 04 00 00 19 81 00 00 3D 00 00 00 01 00 00 AC 01 55
23:02:51.868 * rx 108147 +0/105#9885 F0 69 00 01 B9 05 B2 11 B2 11 00 00 00 00 07 2A 00 2A 00 54 01 54 01 00 00 00 5D 01 80 70 46 05 46 05 5D 01 00 00 C0 E8 58 3F 29 1E 36 B8 F8 00 00 00 00 00 00 00 00 00 00 00 00 00 00 00 00 00
23:02:51.910 * rx 108147 +64/105#9885 00 00 00 00 01 00 00 00 00 00 00 00 00 00 00 00 00 00 00 00 00 00 00 85 06 00 00 00 00 00 00 00 00 00 00 00 00 00 ED 0A 55
23:02:51.977 * rxflood 109
23:02:52.010 * tx 109060 F0 1D 00 01 00 03 C2 2E 00 B2 11 B2 11 1C 00 00 06 00 00 02 00 02 01 00 00 00 BE 02 55
23:02:52.041 * tx 109061 F0 16 00 01 00 04 00 00 19 81 00 00 3D 00 00 00 01 00 00 F3 00 55
23:02:52.076 * rx 109064 +0/105#10105 F0 69 00 01 00 05 B2 11 B2 11 00 00 00 00 07 2A 00 2A 00 54 01 54 01 00 00 00 5D 01 80 70 46 05 46 05 5D 01 00 00 C0 E8 58 3F 29 1E E5 E7 A6 B3 CC ED 00 00 00 00 00 00 00 00 00 00 00 00 00 00
23:02:52.122 * rx 109064 +64/105#10105 00 00 00 00 01 00 00 00 00 00 00 00 00 00 00 00 00 00 00 00 00 00 00 85 06 00 00 00 00 00 00 00 00 00 00 00 00 00 2C 0D 55
23:02:52.157 * rx 109064 F0 30 00 01 00 06 0A 00 09 77 00 10 10 31 36 12 78 00 00 00 00 19 00 00 00 00 09 77 00 05 0D 00 00 00 00 00 00 00 00 00 00 00 00 00 00 7D 02 55
23:02:52.185 * tx 109077 F0 1D 00 01 01 03 C2 2E 00 B2 11 B2 11 1C 00 00 06 00 00 02 00 02 01 00 00 00 BF 02 55
23:02:52.217 * tx 109077 F0 16 00 01 01 04 00 00 19 81 00 00 3D 00 00 00 01 00 00 F4 00 55
23:02:52.264 * rx 109080 +0/105#10109 F0 69 00 01 01 05 B2 11 B2 11 00 00 00 00 07 2A 00 2A 00 54 01 54 01 00 00 00 5D 01 80 70 46 05 46 05 5D 01 00 00 C0 E8 58 3F 29 1E 36 B8 F8 00 00 00 00 00 00 00 00 00 00 00 00 00 00 00 00 00
23:02:52.299 * rx 109080 +64/105#10109 00 00 00 00 01 00 00 00 00 00 00 00 00 00 00 00 00 00 00 00 00 00 00 85 06 00 00 00 00 00 00 00 00 00 00 00 00 00 35 0A 55
23:02:52.331 * rx 109081 F0 30 00 01 01 06 0A 00 09 77 00 10 10 31 36 12 78 00 00 00 00 19 00 00 00 00 09 77 00 05 0D 00 00 00 00 00 00 00 00 00 00 00 00 00 00 7E 02 55
23:02:52.364 * tx 109094 F0 1D 00 01 02 03 C2 2E 00 B2 11 B2 11 1C 00 00 06 00 00 02 00 02 01 00 00 00 C0 02 55
23:02:52.407 * tx 109094 F0 16 00 01 02 04 00 00 19 81 00 00 3D 00 00 00 01 00 00 F5 00 55
23:02:52.437 * rx 109097 +0/105#10113 F0 69 00 01 02 05 B2 11 B2 11 00 00 00 00 07 2A 00 2A 00 54 01 54 01 00 00 00 5D 01 80 70 46 05 46 05 5D 01 00 00 C0 E8 58 3F 29 1E E5 E7 A6 B3 CC ED 00 00 00 00 00 00 00 00 00 00 00 00 00 00
23:02:52.466 * rx 109097 +64/105#10113 00 00 00 00 01 00 00 00 00 00 00 00 00 00 00 00 00 00 00 00 00 00 00 85 06 00 00 00 00 00 00 00 00 00 00 00 00 00 2E 0D 55
23:02:52.499 * rx 109098 F0 30 00 01 02 06 0A 00 09 77 00 10 10 31 36 12 78 00 00 00 00 19 00 00 00 00 09 77 00 05 0D 00 00 00 00 00 00 00 00 00 00 00 00 00 00 7F 02 55
23:02:52.549 * tx 109110 F0 1D 00 01 03 03 C2 2E 00 B2 11 B2 11 1C 00 00 06 00 00 02 00 02 01 00 00 00 C1 02 55
23:02:52.587 * tx 109111 F0 16 00 01 03 04 00 00 19 81 00 00 3D 00 00 00 01 00 00 F6 00 55
23:02:52.624 * rx 109114 +0/105#10117 F0 69 00 01 03 05 B2 11 B2 11 00 00 00 00 07 2A 00 2A 00 54 01 54 01 00 00 00 5D 01 80 70 46 05 46 05 5D 01 00 00 C0 E8 58 3F 29 1E 36 B8 F8 00 00 00 00 00 00 00 00 00 00 00 00 00 00 00 00 00
23:02:52.668 * rx 109114 +64/105#10117 00 00 00 00 01 00 00 00 00 00 00 00 00 00 00 00 00 00 00 00 00 00 00 85 06 00 00 00 00 00 00 00 00 00 00 00 00 00 37 0A 55
23:02:52.724 * rx 109115 F0 30 00 01 03 06 0A 00 09 77 00 10 10 31 36 12 78 00 00 00 00 19 00 00 00 00 09 77 00 05 0D 00 00 00 00 00 00 00 00 00 00 00 00 00 00 80 02 55
23:02:52.756 * tx 109127 F0 1D 00 01 04 03 C2 2E 00 B2 11 B2 11 1C 00 00 06 00 00 02 00 02 01 00 00 00 C2 02 55
23:02:52.791 * tx 109127 F0 16 00 01 04 04 00 00 19 81 00 00 3D 00 00 00 01 00 00 F7 00 55
23:02:52.829 * rx 109130 +0/105#10121 F0 69 00 01 04 05 B2 11 B2 11 00 00 00 00 07 2A 00 2A 00 54 01 54 01 00 00 00 5D 01 80 70 46 05 46 05 5D 01 00 00 C0 E8 58 3F 29 1E E5 E7 A6 B3 CC ED 00 00 00 00 00 00 00 00 00 00 00 00 00 00
23:02:52.885 * rx 109130 +64/105#10121 00 00 00 00 01 00 00 00 00 00 00 00 00 00 00 00 00 00 00 00 00 00 00 85 06 00 00 00 00 00 00 00 00 00 00 00 00 00 30 0D 55
23:02:52.922 * rx 109131 F0 30 00 01 04 06 0A 00 09 77 00 10 10 31 36 12 78 00 00 00 00 19 00 00 00 00 09 77 00 05 0D 00 00 00 00 00 00 00 00 00 00 00 00 00 00 81 02 55
23:02:52.956 * tx 109144 F0 1D 00 01 05 03 C2 2E 00 B2 11 B2 11 1C 00 00 06 00 00 02 00 02 01 00 00 00 C3 02 55
23:02:52.992 * tx 109144 F0 16 00 01 05 04 00 00 19 81 00 00 3D 00 00 00 01 00 00 F8 00 55
23:02:53.048 * rx 109147 +0/105#10125 F0 69 00 01 05 05 B2 11 B2 11 00 00 00 00 07 2A 00 2A 00 54 01 54 01 00 00 00 5D 01 80 70 46 05 46 05 5D 01 00 00 C0 E8 58 3F 29 1E 36 B8 F8 00 00 00 00 00 00 00 00 00 00 00 00 00 00 00 00 00
23:02:53.087 * rx 109147 +64/105#10125 00 00 00 00 01 00 00 00 00 00 00 00 00 00 00 00 00 00 00 00 00 00 00 85 06 00 00 00 00 00 00 00 00 00 00 00 00 00 39 0A 55
23:02:53.119 * rxflood 109
23:02:53.156 * tx 110060 F0 1D 00 01 3C 03 C2 2E 00 B2 11 B2 11 1C 00 00 06 00 00 02 00 02 01 00 00 00 FA 02 55
23:02:53.211 * tx 110061 F0 16 00 01 3C 04 00 00 19 81 00 00 3D 00 00 00 01 00 00 2F 01 55
23:02:53.250 * rx 110064 +0/105#10345 F0 69 00 01 3C 05 B2 11 B2 11 00 00 00 00 07 2A 00 2A 00 54 01 54 01 00 00 00 5D 01 80 70 46 05 46 05 5D 01 00 00 C0 E8 58 3F 29 1E E5 E7 A6 B3 CC ED 00 00 00 00 00 00 00 00 00 00 00 00 00 00
23:02:53.283 * rx 110064 +64/105#10345 00 00 00 00 01 00 00 00 00 00 00 00 00 00 00 00 00 00 00 00 00 00 00 85 06 00 00 00 00 00 00 00 00 00 00 00 00 00 68 0D 55
23:02:53.320 * rx 110065 F0 30 00 01 3C 06 0A 00 09 77 00 10 10 31 36 12 78 00 00 00 00 19 00 00 00 00 09 77 00 05 0D 00 00 00 00 00 00 00 00 00 00 00 00 00 00 B9 02 55
23:02:53.372 * tx 110077 F0 1D 00 01 3D 03 C2 2E 00 B2 11 B2 11 1C 00 00 06 00 00 02 00 02 01 00 00 00 FB 02 55
23:02:53.407 * tx 110077 F0 16 00 01 3D 04 00 00 19 81 00 00 3D 00 00 00 01 00 00 30 01 55
23:02:53.440 * rx 110080 +0/105#10349 F0 69 00 01 3D 05 B2 11 B2 11 00 00 00 00 07 2A 00 2A 00 54 01 54 01 00 00 00 5D 01 80 70 46 05 46 05 5D 01 00 00 C0 E8 58 3F 29 1E 36 B8 F8 00 00 00 00 00 00 00 00 00 00 00 00 00 00 00 00 00
23:02:53.475 * rx 110080 +64/105#10349 00 00 00 00 01 00 00 00 00 00 00 00 00 00 00 00 00 00 00 00 00 00 00 85 06 00 00 00 00 00 00 00 00 00 00 00 00 00 71 0A 55
23:02:53.533 * rx 110081 F0 30 00 01 3D 06 0A 00 09 77 00 10 10 31 36 12 78 00 00 00 00 19 00 00 00 00 09 77 00 05 0D 00 00 00 00 00 00 00 00 00 00 00 00 00 00 BA 02 55
23:02:53.570 * tx 110094 F0 1D 00 01 3E 03 C2 2E 00 B2 11 B2 11 1C 00 00 06 00 00 02 00 02 01 00 00 00 FC 02 55
23:02:53.604 * tx 110094 F0 16 00 01 3E 04 00 00 19 81 00 00 3D 00 00 00 01 00 00 31 01 55
23:02:53.642 * rx 110097 +0/105#10353 F0 69 00 01 3E 05 B2 11 B2 11 00 00 00 00 07 2A 00 2A 00 54 01 54 01 00 00 00 5D 01 80 70 46 05 46 05 5D 01 00 00 C0 E8 58 3F 29 1E E5 E7 A6 B3 CC ED 00 00 00 00 00 00 00 00 00 00 00 00 00 00
23:02:53.706 * rx 110097 +64/105#10353 00 00 00 00 01 00 00 00 00 00 00 00 00 00 00 00 00 00 00 00 00 00 00 85 06 00 00 00 00 00 00 00 00 00 00 00 00 00 6A 0D 55
23:02:53.755 * rx 110098 F0 30 00 01 3E 06 0A 00 09 77 00 10 10 31 36 12 78 00 00 00 00 19 00 00 00 00 09 77 00 05 0D 00 00 00 00 00 00 00 00 00 00 00 00 00 00 BB 02 55
23:02:53.791 * tx 110110 F0 1D 00 01 3F 03 C2 2E 00 B2 11 B2 11 1C 00 00 06 00 00 02 00 02 01 00 00 00 FD 02 55
23:02:53.831 * tx 110111 F0 16 00 01 3F 04 00 00 19 81 00 00 3D 00 00 00 01 00 00 32 01 55
23:02:53.888 * rx 110114 +0/105#10357 F0 69 00 01 3F 05 B2 11 B2 11 00 00 00 00 07 2A 00 2A 00 54 01 54 01 00 00 00 5D 01 80 70 46 05 46 05 5D 01 00 00 C0 E8 58 3F 29 1E 36 B8 F8 00 00 00 00 00 00 00 00 00 00 00 00 00 00 00 00 00
23:02:53.931 * rx 110114 +64/105#10357 00 00 00 00 01 00 00 00 00 00 00 00 00 00 00 00 00 00 00 00 00 00 00 85 06 00 00 00 00 00 00 00 00 00 00 00 00 00 73 0A 55
23:02:53.974 * rx 110114 F0 30 00 01 3F 06 0A 00 09 77 00 10 10 31 36 12 78 00 00 00 00 19 00 00 00 00 09 77 00 05 0D 00 00 00 00 00 00 00 00 00 00 00 00 00 00 BC 02 55
23:02:54.027 * tx 110127 F0 1D 00 01 40 03 C2 2E 00 B2 11 B2 11 1C 00 00 06 00 00 02 00 02 01 00 00 00 FE 02 55
23:02:54.077 * tx 110127 F0 16 00 01 40 04 00 00 19 81 00 00 3D 00 00 00 01 00 00 33 01 55
23:02:54.110 * rx 110130 +0/105#10361 F0 69 00 01 40 05 B2 11 B2 11 00 00 00 00 07 2A 00 2A 00 54 01 54 01 00 00 00 5D 01 80 70 46 05 46 05 5D 01 00 00 C0 E8 58 3F 29 1E E5 E7 A6 B3 CC ED 00 00 00 00 00 00 00 00 00 00 00 00 00 00
23:02:54.140 * rx 110130 +64/105#10361 00 00 00 00 01 00 00 00 00 00 00 00 00 00 00 00 00 00 00 00 00 00 00 85 06 00 00 00 00 00 00 00 00 00 00 00 00 00 6C 0D 55
23:02:54.174 * rx 110131 F0 30 00 01 40 06 0A 00 09 77 00 10 10 31 36 12 78 00 00 00 00 19 00 00 00 00 09 77 00 05 0D 00 00 00 00 00 00 00 00 00 00 00 00 00 00 BD 02 55
23:02:54.229 * tx 110144 F0 1D 00 01 41 03 C2 2E 00 B2 11 B2 11 1C 00 00 06 00 00 02 00 02 01 00 00 00 FF 02 55
23:02:54.264 * tx 110144 F0 16 00 01 41 04 00 00 19 81 00 00 3D 00 00 00 01 00 00 34 01 55
23:02:54.296 * rx 110147 +0/105#10365 F0 69 00 01 41 05 B2 11 B2 11 00 00 00 00 07 2A 00 2A 00 54 01 54 01 00 00 00 5D 01 80 70 46 05 46 05 5D 01 00 00 C0 E8 58 3F 29 1E 36 B8 F8 00 00 00 00 00 00 00 00 00 00 00 00 00 00 00 00 00
23:02:54.332 * rx 110147 +64/105#10365 00 00 00 00 01 00 00 00 00 00 00 00 00 00 00 00 00 00 00 00 00 00 00 85 06 00 00 00 00 00 00 00 00 00 00 00 00 00 75 0A 55
23:02:54.393 * rxflood 109
23:02:54.427 * tx 111060 F0 1D 00 01 78 03 C2 2E 00 B2 11 B2 11 1C 00 00 06 00 00 02 00 02 01 00 00 00 36 03 55
23:02:54.455 * tx 111061 F0 16 00 01 78 04 00 00 19 81 00 00 3D 00 00 00 01 00 00 6B 01 55
23:02:54.485 * rx 111064 +0/105#10585 F0 69 00 01 78 05 B2 11 B2 11 00 00 00 00 07 2A 00 2A 00 54 01 54 01 00 00 00 5D 01 C0 70 46 05 46 05 5D 01 00 00 C0 E8 58 3F 29 1E 36 B8 F8 00 00 00 00 00 00 00 00 00 00 00 00 00 00 00 00 00
23:02:54.536 * rx 111064 +64/105#10585 00 00 FF 00 01 00 00 00 00 00 00 00 00 00 00 00 00 00 00 00 00 00 00 85 06 00 00 00 00 00 00 00 00 00 00 00 00 00 EB 0B 55
23:02:54.567 * rx 111065 F0 30 00 01 78 06 0A 04 06 77 00 10 10 31 36 12 78 00 00 00 00 19 00 00 00 00 08 77 00 05 0D 00 00 00 00 00 00 00 00 00 00 00 00 00 00 F5 02 55
23:02:54.598 * tx 111077 F0 1D 00 01 79 03 C2 2E 00 B2 11 B2 11 1C 00 00 06 00 00 02 00 02 01 00 00 00 37 03 55
23:02:54.632 * tx 111077 F0 16 00 01 79 04 00 00 19 81 00 00 3D 00 00 00 01 00 00 6C 01 55
23:02:54.686 * rx 111080 +0/105#10589 F0 69 00 01 79 05 B2 11 B2 11 00 00 00 00 07 2A 00 2A 00 54 01 54 01 00 00 00 5D 01 C0 70 46 05 46 05 5D 01 00 00 C0 E8 58 3F 29 1E 36 B8 F8 00 00 00 00 00 00 00 00 00 00 00 00 00 00 00 00 00
23:02:54.740 * rx 111080 +64/105#10589 00 00 FF 00 01 00 00 00 00 00 00 00 00 00 00 00 00 00 00 00 00 00 00 85 06 00 00 00 00 00 00 00 00 00 00 00 00 00 EC 0B 55
23:02:54.824 * rx 111081 F0 30 00 01 79 06 0A 04 05 77 00 10 10 31 36 12 78 00 00 00 00 19 00 00 00 00 06 77 00 05 0D 00 00 00 00 00 00 00 00 00 00 00 00 00 00 F3 02 55
23:02:54.855 * tx 111094 F0 1D 00 01 7A 03 C2 2E 00 B2 11 B2 11 1C 00 00 06 00 00 02 00 02 01 00 00 00 38 03 55
23:02:54.901 * tx 111094 F0 16 00 01 7A 04 00 00 19 81 00 00 3D 00 00 00 01 00 00 6D 01 55
23:02:54.937 * rx 111097 +0/105#10593 F0 69 00 01 7A 05 B2 11 B2 11 00 00 00 00 07 2A 00 2A 00 54 01 54 01 00 00 00 5D 01 C0 70 46 05 46 05 5D 01 00 00 C0 E8 58 3F 29 1E E5 E7 A6 B3 CC ED 00 00 00 00 00 00 00 00 00 00 00 00 00 00
23:02:54.971 * rx 111097 +64/105#10593 00 00 FF 00 01 00 00 00 00 00 00 00 00 00 00 00 00 00 00 00 00 00 00 85 06 00 00 00 00 00 00 00 00 00 00 00 00 00 E5 0E 55
23:02:55.001 * rx 111098 F0 30 00 01 7A 06 0A 04 04 77 00 10 10 31 36 12 78 00 00 00 00 19 00 00 00 00 05 77 00 05 0D 00 00 00 00 00 00 00 00 00 00 00 00 00 00 F2 02 55
23:02:55.046 * tx 111110 F0 1D 00 01 7B 03 C2 2E 00 B2 11 B2 11 1C 00 00 06 00 00 02 00 02 01 00 00 00 39 03 55
23:02:55.079 * tx 111111 F0 16 00 01 7B 04 00 00 19 81 00 00 3D 00 00 00 01 00 00 6E 01 55
23:02:55.111 * rx 111114 +0/105#10597 F0 69 00 01 7B 05 B2 11 B2 11 00 00 00 00 07 2A 00 2A 00 54 01 54 01 00 00 00 5D 01 C0 70 46 05 46 05 5D 01 00 00 C0 E8 58 3F 29 1E 36 B8 F8 00 00 00 00 00 00 00 00 00 00 00 00 00 00 00 00 00
23:02:55.147 * rx 111114 +64/105#10597 00 00 00 00 01 00 00 00 00 00 00 00 00 00 00 00 00 00 00 00 00 00 00 85 06 00 00 00 00 00 00 00 00 00 00 00 00 00 EF 0A 55
23:02:55.197 * rx 111115 F0 30 00 01 7B 06 0A 04 03 77 00 10 10 31 36 12 78 00 00 00 00 19 00 00 00 00 04 77 00 05 0D 00 00 00 00 00 00 00 00 00 00 00 00 00 00 F1 02 55
23:02:55.232 * tx 111127 F0 1D 00 01 7C 03 C2 2E 00 B2 11 B2 11 1C 00 00 06 00 00 02 00 02 01 00 00 00 3A 03 55
23:02:55.269 * tx 111127 F0 16 00 01 7C 04 00 00 19 81 00 00 3D 00 00 00 01 00 00 6F 01 55
23:02:55.311 * rx 111130 +0/105#10601 F0 69 00 01 7C 05 B2 11 B2 11 00 00 00 00 07 2A 00 2A 00 54 01 54 01 00 00 00 5D 01 C0 70 46 05 46 05 5D 01 00 00 C0 E8 58 3F 29 1E E5 E7 A6 B3 CC ED 00 00 00 00 00 00 00 00 00 00 00 00 00 00
23:02:55.361 * rx 111130 +64/105#10601 00 00 00 00 01 00 00 00 00 00 00 00 00 00 00 00 00 00 00 00 00 00 00 85 06 00 00 00 00 00 00 00 00 00 00 00 00 00 E8 0D 55
23:02:55.395 * rx 111131 F0 30 00 01 7C 06 0A 00 03 77 00 10 10 31 36 12 78 00 00 00 00 19 00 00 00 00 03 77 00 05 0D 00 00 00 00 00 00 00 00 00 00 00 00 00 00 ED 02 55
23:02:55.431 * tx 111144 F0 1D 00 01 7D 03 C2 2E 00 B2 11 B2 11 1C 00 00 06 00 00 02 00 02 01 00 00 00 3B 03 55
23:02:55.468 * tx 111144 F0 16 00 01 7D 04 00 00 19 81 00 00 3D 00 00 00 01 00 00 70 01 55
23:02:55.519 * rx 111147 +0/105#10605 F0 69 00 01 7D 05 B2 11 B2 11 00 00 00 00 07 2A 00 2A 00 54 01 54 01 00 00 00 5D 01 80 70 46 05 46 05 5D 01 00 00 C0 E8 58 3F 29 1E 36 B8 F8 00 00 00 00 00 00 00 00 00 00 00 00 00 00 00 00 00
23:02:55.555 * rx 111147 +64/105#10605 00 00 00 00 01 00 00 00 00 00 00 00 00 00 00 00 00 00 00 00 00 00 00 85 06 00 00 00 00 00 00 00 00 00 00 00 00 00 B1 0A 55
23:02:55.585 * rxflood 109
23:02:55.622 * tx 112060 F0 1D 00 01 B4 03 C2 2E 00 B2 11 B2 11 1C 00 00 06 00 00 02 00 02 01 00 00 00 72 03 55
23:02:55.667 * tx 112061 F0 16 00 01 B4 04 00 00 19 81 00 00 3D 00 00 00 01 00 00 A7 01 55
23:02:55.700 * rx 112064 +0/105#10825 F0 69 00 01 B4 05 B2 11 B2 11 00 00 00 00 07 2A 00 2A 00 54 01 54 01 00 00 00 5D 01 80 70 46 05 46 05 5D 01 00 00 C0 E8 58 3F 29 1E E5 E7 A6 B3 CC ED 00 00 00 00 00 00 00 00 00 00 00 00 00 00
23:02:55.734 * rx 112064 +64/105#10825 00 00 00 00 01 00 00 00 00 00 00 00 00 00 00 00 00 00 00 00 00 00 00 85 06 00 00 00 00 00 00 00 00 00 00 00 00 00 E0 0D 55
23:02:55.769 * rx 112065 F0 30 00 01 B4 06 0A 00 00 77 00 10 10 31 36 12 78 00 00 00 00 19 00 00 00 00 00 77 00 05 0D 00 00 00 00 00 00 00 00 00 00 00 00 00 00 1F 03 55
23:02:55.817 * tx 112077 F0 1D 00 01 B5 03 C2 2E 00 B2 11 B2 11 1C 00 00 06 00 00 02 00 02 01 00 00 00 73 03 55
23:02:55.852 * tx 112077 F0 16 00 01 B5 04 00 00 19 81 00 00 3D 00 00 00 01 00 00 A8 01 55
23:02:55.888 * rx 112080 +0/105#10829 F0 69 00 01 B5 05 B2 11 B2 11 00 00 00 00 07 2A 00 2A 00 54 01 54 01 00 00 00 5D 01 80 70 46 05 46 05 5D 01 00 00 C0 E8 58 3F 29 1E 36 B8 F8 00 00 00 00 00 00 00 00 00 00 00 00 00 00 00 00 00
23:02:55.918 * rx 112080 +64/105#10829 00 00 00 00 01 00 00 00 00 00 00 00 00 00 00 00 00 00 00 00 00 00 00 85 06 00 00 00 00 00 00 00 00 00 00 00 00 00 E9 0A 55
23:02:55.967 * rx 112081 F0 30 00 01 B5 06 0A 00 00 77 00 10 10 31 36 12 78 00 00 00 00 19 00 00 00 00 00 77 00 05 0D 00 00 00 00 00 00 00 00 00 00 00 00 00 00 20 03 55
23:02:56.016 * tx 112094 F0 1D 00 01 B6 03 C2 2E 00 B2 11 B2 11 1C 00 00 06 00 00 02 00 02 01 00 00 00 74 03 55
23:02:56.057 * tx 112094 F0 16 00 01 B6 04 00 00 19 81 00 00 3D 00 00 00 01 00 00 A9 01 55
23:02:56.097 * rx 112097 +0/105#10833 F0 69 00 01 B6 05 B2 11 B2 11 00 00 00 00 07 2A 00 2A 00 54 01 54 01 00 00 00 5D 01 80 70 46 05 46 05 5D 01 00 00 C0 E8 58 3F 29 1E E5 E7 A6 B3 CC ED 00 00 00 00 00 00 00 00 00 00 00 00 00 00
23:02:56.149 * rx 112097 +64/105#10833 00 00 00 00 01 00 00 00 00 00 00 00 00 00 00 00 00 00 00 00 00 00 00 85 06 00 00 00 00 00 00 00 00 00 00 00 00 00 E2 0D 55
23:02:56.191 * rx 112098 F0 30 00 01 B6 06 0A 00 00 77 00 10 10 31 36 12 78 00 00 00 00 19 00 00 00 00 00 77 00 05 0D 00 00 00 00 00 00 00 00 00 00 00 00 00 00 21 03 55
23:02:56.224 * tx 112110 F0 1D 00 01 B7 03 C2 2E 00 B2 11 B2 11 1C 00 00 06 00 00 02 00 02 01 00 00 00 75 03 55
23:02:56.260 * tx 112111 F0 16 00 01 B7 04 00 00 19 81 00 00 3D 00 00 00 01 00 00 AA 01 55
23:02:56.316 * rx 112114 +0/105#10837 F0 69 00 01 B7 05 B2 11 B2 11 00 00 00 00 07 2A 00 2A 00 54 01 54 01 00 00 00 5D 01 80 70 46 05 46 05 5D 01 00 00 C0 E8 58 3F 29 1E 36 B8 F8 00 00 00 00 00 00 00 00 00 00 00 00 00 00 00 00 00
23:02:56.352 * rx 112114 +64/105#10837 00 00 00 00 01 00 00 00 00 00 00 00 00 00 00 00 00 00 00 00 00 00 00 85 06 00 00 00 00 00 00 00 00 00 00 00 00 00 EB 0A 55
23:02:56.388 * rx 112115 F0 30 00 01 B7 06 0A 00 00 77 00 10 10 31 36 12 78 00 00 00 00 19 00 00 00 00 00 77 00 05 0D 00 00 00 00 00 00 00 00 00 00 00 00 00 00 22 03 55
23:02:56.427 * tx 112127 F0 1D 00 01 B8 03 C2 2E 00 B2 11 B2 11 1C 00 00 06 00 00 02 00 02 01 00 00 00 76 03 55
23:02:56.514 * tx 112127 F0 16 00 01 B8 04 00 00 19 81 00 00 3D 00 00 00 01 00 00 AB 01 55
23:02:56.552 * rx 112130 +0/105#10841 F0 69 00 01 B8 05 B2 11 B2 11 00 00 00 00 07 2A 00 2A 00 54 01 54 01 00 00 00 5D 01 80 70 46 05 46 05 5D 01 00 00 C0 E8 58 3F 29 1E E5 E7 A6 B3 CC ED 00 00 00 00 00 00 00 00 00 00 00 00 00 00
23:02:56.583 * rx 112130 +64/105#10841 00 00 00 00 01 00 00 00 00 00 00 00 00 00 00 00 00 00 00 00 00 00 00 85 06 00 00 00 00 00 00 00 00 00 00 00 00 00 E4 0D 55
23:02:56.616 * rx 112131 F0 30 00 01 B8 06 0A 00 00 77 00 10 10 31 36 12 78 00 00 00 00 19 00 00 00 00 00 77 00 05 0D 00 00 00 00 00 00 00 00 00 00 00 00 00 00 23 03 55
23:02:56.667 * tx 112144 F0 1D 00 01 B9 03 C2 2E 00 B2 11 B2 11 1C 00 00 06 00 00 02 00 02 01 00 00 00 77 03 55
23:02:56.702 * tx 112144 F0 16 00 01 B9 04 00 00 19 81 00 00 3D 00 00 00 01 00 00 AC 01 55
23:02:56.743 * rx 112147 +0/105#10845 F0 69 00 01 B9 05 B2 11 B2 11 00 00 00 00 07 2A 00 2A 00 54 01 54 01 00 00 00 5D 01 80 70 46 05 46 05 5D 01 00 00 C0 E8 58 3F 29 1E 36 B8 F8 00 00 00 00 00 00 00 00 00 00 00 00 00 00 00 00 00
23:02:56.782 * rx 112147 +64/105#10845 00 00 00 00 01 00 00 00 00 00 00 00 00 00 00 00 00 00 00 00 00 00 00 85 06 00 00 00 00 00 00 00 00 00 00 00 00 00 ED 0A 55
23:02:56.845 > LOG OFF
23:02:56.895 [app] lecture : The device has been lost.
23:02:56.933 [app] liaison perdue
