19:44:26.302 [app] carte : protocole 1.3
19:44:26.330 [app] prêt : FE 24-105mm F4 G OSS — focus par « standard »
19:44:27.542 > LOG ON
19:44:27.544 ok log=1 all=0
19:44:28.960 > b
19:44:28.962 ok
19:44:28.963 * boot lens=0 why=b
19:44:28.963 * lens present=0
19:44:28.968 * lens mf=0 0x05[62]=01
19:44:28.968 * lens btn=10
19:44:29.145 [app] objectif disparu
19:44:29.468 * lens mf=0 0x05[62]=01
19:44:29.469 * lens btn=10
19:44:29.562 * boot step=power logic=1 motor=1
19:44:29.580 * std step=handshake result=ok lens_cs_up_us=14 hint=LENS_CS_deja_haut_objectif_deja_reveille
19:44:29.581 * tx 6955 F0 29 00 02 5F 01 FF FF FF FF FF FF FF 01 00 00 00 00 00 00 00 00 00 00 00 00 00 00 00 00 00 00 00 00 00 00 00 00 85 07 55
19:44:29.588 * rx 6961 F0 29 00 02 00 01 FF 9F FF 5D EE 60 18 DE FF 0F F8 01 00 00 00 00 00 00 00 00 00 00 00 00 00 00 00 00 00 00 00 00 71 07 55
19:44:29.589 * std step=01 reply_len=33
19:44:29.590 * tx 6962 F0 0A 00 02 60 07 00 73 00 55
19:44:29.601 * rx 6975 F0 2B 00 02 00 07 01 07 60 01 00 03 01 17 A0 25 80 00 00 00 00 60 92 86 5E 00 00 00 00 00 00 00 42 0D 03 00 00 00 00 00 25 04 55
19:44:29.602 * std step=07 reply_len=35
19:44:29.603 * tx 6976 F0 0A 00 02 61 3F 00 AC 00 55
19:44:29.609 * rx 6982 +0/74#1393 F0 4A 00 02 00 3F 00 46 45 20 32 34 2D 31 30 35 6D 6D 20 46 34 20 47 20 4F 53 53 00 00 00 00 00 00 00 00 00 00 00 00 00 00 00 00 00 00 00 00 00 00 00 00 00 00 00 00 00 00 00 00 00 00 00 00 00
19:44:29.610 * rx 6982 +64/74#1393 00 00 00 00 00 00 00 4F 05 55
19:44:29.611 * std step=3F rx02=0 reply=3F 00 46 45 20 32 34 2D 31 30 35 6D 6D 20 46 34 20 47 20 4F 53 53 00 00 00 00 00 00 00 00 00 00 00 00 00 00 00 00 00 00 00 00 00 00 00 00 00 00 00 00 00 00 00 00 00 00 00 00 00 00 00 00 00 00 00 00
19:44:29.611 * tx 6984 F0 11 00 02 62 08 00 00 00 00 00 00 00 00 7D 00 55
19:44:29.621 * rx 6994 +0/210#1395 F0 D2 00 02 00 08 05 14 00 19 04 00 00 80 00 14 01 01 12 E1 01 82 00 24 01 05 40 00 08 00 19 00 10 31 A8 1D 00 16 00 00 00 00 00 00 00 00 E0 74 00 F0 FF 84 38 00 00 08 32 35 40 2A 00 00 00 00
19:44:29.622 * rx 6994 +64/210#1395 00 00 00 74 35 04 32 00 00 00 00 00 00 00 F3 F3 07 FB FB 00 08 01 04 04 24 BD 00 80 01 00 00 00 00 00 00 00 00 01 01 01 09 09 00 00 00 00 00 E6 80 DD 52 00 D0 DD DF F0 00 08 A0 DD E0 00 52 00
19:44:29.623 * rx 6994 +128/210#1395 10 10 00 03 00 00 00 00 00 00 00 84 64 27 00 06 10 FF 33 00 00 00 00 00 03 00 00 00 00 00 00 00 00 00 00 00 00 0C 0C 00 00 00 00 00 00 00 05 00 01 00 40 42 00 00 07 07 00 00 07 00 00 00 00 00
19:44:29.623 * rx 6994 +192/210#1395 00 00 00 00 00 00 00 00 00 13 00 F6 00 0A 01 F5 1C 55
19:44:29.623 * std step=08 body_flags=00 reply_len=202
19:44:29.624 * tx 6996 F0 0B 00 02 63 0B 60 00 DB 00 55
19:44:29.635 * rx 7009 F0 0B 00 02 00 0B 60 00 78 00 55
19:44:29.636 * tx 7010 F0 0D 00 02 64 09 00 00 00 00 7C 00 55
19:44:29.664 * rx 7015 F0 14 00 02 00 09 10 00 00 00 00 00 00 00 00 00 00 2F 00 55
19:44:29.665 * tx 7016 F0 0A 00 02 65 0D 00 7E 00 55
19:44:29.675 * rx 7049 F0 0A 00 02 00 0D 01 1A 00 55
19:44:29.677 * std step=0B/09/0D ok
19:44:29.677 * tx 7050 F0 0A 00 02 66 10 1F A1 00 55
19:44:29.786 * lens fnum_x10=220
19:44:29.902 * lens fnum_x10=63
19:44:30.019 * lens fnum_x10=160
19:44:30.090 * rx 7464 F0 0A 00 02 00 10 00 1C 00 55
19:44:30.092 * homing done t=7464
19:44:30.093 * std step=10 homing=done
19:44:30.095 * tx 7465 F0 19 00 02 67 0A FF 7F 00 00 00 00 00 00 3F 00 00 00 00 00 00 00 49 02 55
19:44:30.101 * rx 7475 F0 19 00 02 00 0A FF 7F 00 00 00 00 00 00 3F 00 00 00 00 00 00 00 E2 01 55
19:44:30.106 * std step=0A ok
19:44:30.109 * boot step=init done=1 loop=1 rx05=39
19:44:30.110 * boot driver=standard caps=identity,focus_pos,focus_goto,focus_home,focus_limits,moving,stop,aperture,focal,calibrate
19:44:30.112 * boot identity="Sony FE 24-105mm F4 G OSS fw3.01" version=3.01
19:44:30.114 * boot step=home result=deja_fait (0x10 de l'init)
19:44:30.117 * limits focal=24 source=nvs min=16112 max=17492 home=16336
19:44:30.120 * boot step=calibrate result=stored source=nvs
19:44:30.121 * boot caps=identity,focus_pos,focus_goto,focus_home,focus_limits,moving,stop,aperture,focal,calibrate driver=standard
19:44:30.123 * lens present=1
19:44:30.124 * boot result=ok attempts=2
19:44:30.125 * lens fnum_x10=220
19:44:30.367 [app] prêt : FE 24-105mm F4 G OSS — focus par « standard »
19:44:31.019 * lens fnum_x10=180
19:44:31.136 * lens fnum_x10=40
19:44:41.764 > LOG ALL
19:44:41.768 ok log=1 all=1
19:44:41.770 * rx 19142 F0 10 00 02 00 02 FF FF 01 00 00 00 00 13 02 55
19:44:41.772 * rx 19142 +0/105#4245 F0 69 00 01 53 05 05 14 05 14 01 00 00 00 02 AA 00 AA 00 54 01 54 01 00 00 00 00 07 80 FF F2 00 F0 00 2E 01 00 00 A0 36 1A 0C 09 05 25 D4 30 08 04 04 00 00 00 00 00 00 00 00 00 00 00 00 00 00
19:44:41.774 * rx 19142 +64/105#4245 00 00 00 00 01 00 10 00 10 07 00 00 00 00 00 00 00 00 00 DD DD 00 00 F3 00 70 00 00 00 00 00 70 00 00 00 00 00 11 95 0C 55
19:44:41.777 * rx 19142 F0 10 00 02 00 02 FF FF 02 00 00 00 00 14 02 55
19:44:41.779 * rx 19142 F0 30 00 01 53 06 82 00 CE 3F D8 0F 10 EE 3E 51 44 5E 00 01 00 1C 28 28 1B 00 CD 3F 00 00 87 00 45 02 00 00 00 00 00 00 00 00 00 00 00 91 07 55
19:44:41.781 * tx 19152 F0 20 00 01 54 03 C2 2E 00 B2 11 B2 11 1C 00 00 06 00 00 02 00 02 01 00 00 00 2F 02 02 48 03 55
19:44:41.783 * tx 19152 F0 16 00 01 54 04 00 00 19 81 00 00 3D 00 00 00 01 00 00 47 01 55
19:44:41.785 * rx 19159 F0 10 00 02 00 02 FF FF 02 00 00 00 00 14 02 55
19:44:41.787 * rx 19159 +0/105#4249 F0 69 00 01 54 05 05 14 05 14 01 00 00 00 02 AA 00 AA 00 54 01 54 01 00 00 00 00 07 80 FF F2 00 F0 00 2E 01 00 00 A0 36 1A 0C 09 05 D0 F8 F8 FF 00 00 00 00 00 00 00 00 00 00 00 00 00 00 00 00
19:44:41.790 * rx 19159 +64/105#4249 00 00 00 00 01 00 10 00 10 07 00 00 00 00 00 00 00 00 00 DD DD 00 00 F3 00 70 00 00 00 00 00 70 00 00 00 00 00 11 1C 0F 55
19:44:41.793 * rx 19159 F0 10 00 02 00 02 FF FF 02 00 00 00 00 14 02 55
19:44:41.796 * rx 19159 F0 30 00 01 54 06 82 00 CE 3F D8 0F 10 EE 3E 51 44 5E 00 01 00 1C 28 28 1B 00 CD 3F 00 00 87 00 45 02 00 00 00 00 00 00 00 00 00 00 00 92 07 55
19:44:41.799 * tx 19167 F0 20 00 01 55 03 C2 2E 00 B2 11 B2 11 1C 00 00 06 00 00 02 00 02 01 00 00 00 2F 03 03 4B 03 55
19:44:41.801 * tx 19167 F0 16 00 01 55 04 00 00 19 81 00 00 3D 00 00 00 01 00 00 48 01 55
19:44:41.804 * rx 19175 F0 10 00 02 00 02 FF FF 01 00 00 00 00 13 02 55
19:44:41.806 * rx 19175 F0 10 00 02 00 02 FF FF 02 00 00 00 00 14 02 55
19:44:41.808 * rx 19175 +0/105#4254 F0 69 00 01 55 05 05 14 05 14 01 00 00 00 02 AA 00 AA 00 54 01 54 01 00 00 00 00 07 80 FF F2 00 F0 00 2E 01 00 00 A0 36 1A 0C 09 05 25 D4 30 08 04 04 00 00 00 00 00 00 00 00 00 00 00 00 00 00
19:44:41.809 * rx 19175 +64/105#4254 00 00 00 00 01 00 10 00 10 07 00 00 00 00 00 00 00 00 00 DD DD 00 00 F3 00 70 00 00 00 00 00 70 00 00 00 00 00 11 97 0C 55
19:44:41.812 * rx 19175 F0 30 00 01 55 06 82 00 CE 3F D8 0F 10 EE 3E 51 44 5E 00 01 00 1C 28 28 1B 00 CD 3F 00 00 87 00 45 02 00 00 00 00 00 00 00 00 00 00 00 93 07 55
19:44:41.814 * tx 19184 F0 20 00 01 56 03 C2 2E 00 B2 11 B2 11 1C 00 00 06 00 00 02 00 02 01 00 00 00 2F 04 04 4E 03 55
19:44:41.817 * tx 19184 F0 16 00 01 56 04 00 00 19 81 00 00 3D 00 00 00 01 00 00 49 01 55
19:44:41.819 * rx 19192 F0 10 00 02 00 02 FF FF 01 00 00 00 00 13 02 55
19:44:41.822 * rx 19192 +0/105#4257 F0 69 00 01 56 05 05 14 05 14 01 00 00 00 02 AA 00 AA 00 54 01 54 01 00 00 00 00 07 80 FF F2 00 F0 00 2E 01 00 00 A0 36 1A 0C 09 05 D0 F8 F8 FF 00 00 00 00 00 00 00 00 00 00 00 00 00 00 00 00
19:44:41.825 * rx 19192 +64/105#4257 00 00 00 00 01 00 10 00 10 07 00 00 00 00 00 00 00 00 00 DD DD 00 00 F3 00 70 00 00 00 00 00 70 00 00 00 00 00 11 1E 0F 55
19:44:41.827 * rx 19192 F0 10 00 02 00 02 FF FF 02 00 00 00 00 14 02 55
19:44:41.829 * rx 19192 F0 30 00 01 56 06 82 00 CE 3F D8 0F 10 EE 3E 51 44 5E 00 01 00 1C 28 28 1B 00 CD 3F 00 00 87 00 45 02 00 00 00 00 00 00 00 00 00 00 00 94 07 55
19:44:41.832 * tx 19202 F0 20 00 01 57 03 C2 2E 00 B2 11 B2 11 1C 00 00 06 00 00 02 00 02 01 00 00 00 2F 05 05 51 03 55
19:44:41.834 * tx 19202 F0 16 00 01 57 04 00 00 19 81 00 00 3D 00 00 00 01 00 00 4A 01 55
19:44:41.838 * rx 19209 F0 10 00 02 00 02 FF FF 01 00 00 00 00 13 02 55
19:44:41.841 * rx 19209 +0/105#4261 F0 69 00 01 57 05 05 14 05 14 01 00 00 00 02 AA 00 AA 00 54 01 54 01 00 00 00 00 07 80 FF F2 00 F0 00 2E 01 00 00 A0 36 1A 0C 09 05 25 D4 30 08 04 04 00 00 00 00 00 00 00 00 00 00 00 00 00 00
19:44:41.844 * rx 19209 +64/105#4261 00 00 00 00 01 00 10 00 10 07 00 00 00 00 00 00 00 00 00 DD DD 00 00 F3 00 70 00 00 00 00 00 70 00 00 00 00 00 11 99 0C 55
19:44:41.848 * rx 19209 F0 10 00 02 00 02 FF FF 02 00 00 00 00 14 02 55
19:44:41.851 * rx 19209 F0 30 00 01 57 06 82 00 CE 3F D8 0F 10 EE 3E 51 44 5E 00 01 00 1C 28 28 1B 00 CD 3F 00 00 87 00 45 02 00 00 00 00 00 00 00 00 00 00 00 95 07 55
19:44:41.854 * tx 19217 F0 20 00 01 58 03 C2 2E 00 B2 11 B2 11 1C 00 00 06 00 00 02 00 02 01 00 00 00 2F 06 06 54 03 55
19:44:41.857 * tx 19217 F0 16 00 01 58 04 00 00 19 81 00 00 3D 00 00 00 01 00 00 4B 01 55
19:44:41.859 * rx 19225 F0 10 00 02 00 02 FF FF 01 00 00 00 00 13 02 55
19:44:41.862 * rx 19225 F0 10 00 02 00 02 FF FF 02 00 00 00 00 14 02 55
19:44:41.865 * rx 19225 +0/105#4266 F0 69 00 01 58 05 05 14 05 14 01 00 00 00 02 AA 00 AA 00 54 01 54 01 00 00 00 00 07 80 FF F2 00 F0 00 2E 01 00 00 A0 36 1A 0C 09 05 D0 F8 F8 FF 00 00 00 00 00 00 00 00 00 00 00 00 00 00 00 00
19:44:41.868 * rx 19225 +64/105#4266 00 00 00 00 01 00 10 00 10 07 00 00 00 00 00 00 00 00 00 DD DD 00 00 F3 00 70 00 00 00 00 00 70 00 00 00 00 00 11 20 0F 55
19:44:41.870 * rx 19225 F0 30 00 01 58 06 82 00 CE 3F D8 0F 10 EE 3E 51 44 5E 00 01 00 1C 28 28 1B 00 CD 3F 00 00 87 00 45 02 00 00 00 00 00 00 00 00 00 00 00 96 07 55
19:44:41.873 * tx 19234 F0 20 00 01 59 03 C2 2E 00 B2 11 B2 11 1C 00 00 06 00 00 02 00 02 01 00 00 00 2F 07 07 57 03 55
19:44:41.877 * tx 19234 F0 16 00 01 59 04 00 00 19 81 00 00 3D 00 00 00 01 00 00 4C 01 55
19:44:41.880 * rx 19242 F0 10 00 02 00 02 FF FF 01 00 00 00 00 13 02 55
19:44:41.883 * rx 19242 +0/105#4269 F0 69 00 01 59 05 05 14 05 14 01 00 00 00 02 AA 00 AA 00 54 01 54 01 00 00 00 00 07 80 FF F2 00 F0 00 2E 01 00 00 A0 36 1A 0C 09 05 25 D4 30 08 04 04 00 00 00 00 00 00 00 00 00 00 00 00 00 00
19:44:41.885 * rx 19242 +64/105#4269 00 00 00 00 01 00 10 00 10 07 00 00 00 00 00 00 00 00 00 DD DD 00 00 F3 00 70 00 00 00 00 00 70 00 00 00 00 00 11 9B 0C 55
19:44:41.888 * rx 19242 F0 10 00 02 00 02 FF FF 02 00 00 00 00 14 02 55
19:44:41.891 * rx 19242 F0 30 00 01 59 06 82 00 CE 3F D8 0F 10 EE 3E 51 44 5E 00 01 00 1C 28 28 1B 00 CD 3F 00 00 87 00 45 02 00 00 00 00 00 00 00 00 00 00 00 97 07 55
19:44:41.893 * tx 19252 F0 20 00 01 5A 03 C2 2E 00 B2 11 B2 11 1C 00 00 06 00 00 02 00 02 01 00 00 00 2F 08 08 5A 03 55
19:44:41.898 * tx 19252 F0 16 00 01 5A 04 00 00 19 81 00 00 3D 00 00 00 01 00 00 4D 01 55
19:44:41.902 * rx 19259 F0 10 00 02 00 02 FF FF 01 00 00 00 00 13 02 55
19:44:41.907 * rx 19259 +0/105#4273 F0 69 00 01 5A 05 05 14 05 14 01 00 00 00 02 AA 00 AA 00 54 01 54 01 00 00 00 00 07 80 FF F2 00 F0 00 2E 01 00 00 A0 36 1A 0C 09 05 D0 F8 F8 FF 00 00 00 00 00 00 00 00 00 00 00 00 00 00 00 00
19:44:41.913 * rx 19259 +64/105#4273 00 00 00 00 01 00 10 00 10 07 00 00 00 00 00 00 00 00 00 DD DD 00 00 F3 00 70 00 00 00 00 00 70 00 00 00 00 00 11 22 0F 55
19:44:41.917 * tx 19267 F0 20 00 01 5B 03 C2 2E 00 B2 11 B2 11 1C 00 00 06 00 00 02 00 02 01 00 00 00 2F 09 09 5D 03 55
19:44:41.922 * tx 19267 F0 16 00 01 5B 04 00 00 19 81 00 00 3D 00 00 00 01 00 00 4E 01 55
19:44:41.926 * tx 19284 F0 20 00 01 5C 03 C2 2E 00 B2 11 B2 11 1C 00 00 06 00 00 02 00 02 01 00 00 00 2F 0A 0A 60 03 55
19:44:41.931 * tx 19284 F0 16 00 01 5C 04 00 00 19 81 00 00 3D 00 00 00 01 00 00 4F 01 55
19:44:41.936 * tx 19302 F0 20 00 01 5D 03 C2 2E 00 B2 11 B2 11 1C 00 00 06 00 00 02 00 02 01 00 00 00 2F 0B 0B 63 03 55
19:44:41.940 * tx 19302 F0 16 00 01 5D 04 00 00 19 81 00 00 3D 00 00 00 01 00 00 50 01 55
19:44:41.944 * tx 19317 F0 20 00 01 5E 03 C2 2E 00 B2 11 B2 11 1C 00 00 06 00 00 02 00 02 01 00 00 00 2F 0C 0C 66 03 55
19:44:41.951 * tx 19317 F0 16 00 01 5E 04 00 00 19 81 00 00 3D 00 00 00 01 00 00 51 01 55
19:44:41.960 * tx 19334 F0 20 00 01 5F 03 C2 2E 00 B2 11 B2 11 1C 00 00 06 00 00 02 00 02 01 00 00 00 2F 0D 0D 69 03 55
19:44:41.965 * tx 19334 F0 16 00 01 5F 04 00 00 19 81 00 00 3D 00 00 00 01 00 00 52 01 55
19:44:41.981 * tx 19352 F0 20 00 01 60 03 C2 2E 00 B2 11 B2 11 1C 00 00 06 00 00 02 00 02 01 00 00 00 2F 0E 0E 6C 03 55
19:44:41.983 * tx 19352 F0 16 00 01 60 04 00 00 19 81 00 00 3D 00 00 00 01 00 00 53 01 55
19:44:41.992 * tx 19367 F0 20 00 01 61 03 C2 2E 00 B2 11 B2 11 1C 00 00 06 00 00 02 00 02 01 00 00 00 2F 0F 0F 6F 03 55
19:44:41.996 * tx 19367 F0 16 00 01 61 04 00 00 19 81 00 00 3D 00 00 00 01 00 00 54 01 55
19:44:42.010 * tx 19384 F0 20 00 01 62 03 C2 2E 00 B2 11 B2 11 1C 00 00 06 00 00 02 00 02 01 00 00 00 2F 10 10 72 03 55
19:44:42.014 * tx 19384 F0 16 00 01 62 04 00 00 19 81 00 00 3D 00 00 00 01 00 00 55 01 55
19:44:42.028 * tx 19402 F0 20 00 01 63 03 C2 2E 00 B2 11 B2 11 1C 00 00 06 00 00 02 00 02 01 00 00 00 2F 11 11 75 03 55
19:44:42.032 * tx 19402 F0 16 00 01 63 04 00 00 19 81 00 00 3D 00 00 00 01 00 00 56 01 55
19:44:42.043 * tx 19417 F0 20 00 01 64 03 C2 2E 00 B2 11 B2 11 1C 00 00 06 00 00 02 00 02 01 00 00 00 2F 12 12 78 03 55
19:44:42.048 * tx 19417 F0 16 00 01 64 04 00 00 19 81 00 00 3D 00 00 00 01 00 00 57 01 55
19:44:42.060 * tx 19434 F0 20 00 01 65 03 C2 2E 00 B2 11 B2 11 1C 00 00 06 00 00 02 00 02 01 00 00 00 2F 13 13 7B 03 55
19:44:42.066 * tx 19434 F0 16 00 01 65 04 00 00 19 81 00 00 3D 00 00 00 01 00 00 58 01 55
19:44:42.078 * tx 19452 F0 20 00 01 66 03 C2 2E 00 B2 11 B2 11 1C 00 00 06 00 00 02 00 02 01 00 00 00 2F 14 14 7E 03 55
19:44:42.082 * tx 19452 F0 16 00 01 66 04 00 00 19 81 00 00 3D 00 00 00 01 00 00 59 01 55
19:44:42.092 * tx 19467 F0 20 00 01 67 03 C2 2E 00 B2 11 B2 11 1C 00 00 06 00 00 02 00 02 01 00 00 00 2F 15 15 81 03 55
19:44:42.096 * tx 19467 F0 16 00 01 67 04 00 00 19 81 00 00 3D 00 00 00 01 00 00 5A 01 55
19:44:42.110 * tx 19484 F0 20 00 01 68 03 C2 2E 00 B2 11 B2 11 1C 00 00 06 00 00 02 00 02 01 00 00 00 2F 16 16 84 03 55
19:44:42.116 * tx 19484 F0 16 00 01 68 04 00 00 19 81 00 00 3D 00 00 00 01 00 00 5B 01 55
19:44:42.128 * tx 19502 F0 20 00 01 69 03 C2 2E 00 B2 11 B2 11 1C 00 00 06 00 00 02 00 02 01 00 00 00 2F 17 17 87 03 55
19:44:42.132 * tx 19502 F0 16 00 01 69 04 00 00 19 81 00 00 3D 00 00 00 01 00 00 5C 01 55
19:44:42.142 * tx 19517 F0 20 00 01 6A 03 C2 2E 00 B2 11 B2 11 1C 00 00 06 00 00 02 00 02 01 00 00 00 2F 18 18 8A 03 55
19:44:42.147 * tx 19517 F0 16 00 01 6A 04 00 00 19 81 00 00 3D 00 00 00 01 00 00 5D 01 55
19:44:42.160 * tx 19534 F0 20 00 01 6B 03 C2 2E 00 B2 11 B2 11 1C 00 00 06 00 00 02 00 02 01 00 00 00 2F 19 19 8D 03 55
19:44:42.164 * tx 19534 F0 16 00 01 6B 04 00 00 19 81 00 00 3D 00 00 00 01 00 00 5E 01 55
19:44:42.178 * tx 19552 F0 20 00 01 6C 03 C2 2E 00 B2 11 B2 11 1C 00 00 06 00 00 02 00 02 01 00 00 00 2F 1A 1A 90 03 55
19:44:42.182 * tx 19552 F0 16 00 01 6C 04 00 00 19 81 00 00 3D 00 00 00 01 00 00 5F 01 55
19:44:42.192 * tx 19567 F0 20 00 01 6D 03 C2 2E 00 B2 11 B2 11 1C 00 00 06 00 00 02 00 02 01 00 00 00 2F 1B 1B 93 03 55
19:44:42.196 * tx 19567 F0 16 00 01 6D 04 00 00 19 81 00 00 3D 00 00 00 01 00 00 60 01 55
19:44:42.210 * tx 19584 F0 20 00 01 6E 03 C2 2E 00 B2 11 B2 11 1C 00 00 06 00 00 02 00 02 01 00 00 00 2F 1C 1C 96 03 55
19:44:42.214 * tx 19584 F0 16 00 01 6E 04 00 00 19 81 00 00 3D 00 00 00 01 00 00 61 01 55
19:44:42.228 * tx 19602 F0 20 00 01 6F 03 C2 2E 00 B2 11 B2 11 1C 00 00 06 00 00 02 00 02 01 00 00 00 2F 1D 1D 99 03 55
19:44:42.233 * tx 19602 F0 16 00 01 6F 04 00 00 19 81 00 00 3D 00 00 00 01 00 00 62 01 55
19:44:42.243 * tx 19617 F0 20 00 01 70 03 C2 2E 00 B2 11 B2 11 1C 00 00 06 00 00 02 00 02 01 00 00 00 2F 1E 1E 9C 03 55
19:44:42.246 * tx 19617 F0 16 00 01 70 04 00 00 19 81 00 00 3D 00 00 00 01 00 00 63 01 55
19:44:42.260 * tx 19634 F0 20 00 01 71 03 C2 2E 00 B2 11 B2 11 1C 00 00 06 00 00 02 00 02 01 00 00 00 2F 1F 1F 9F 03 55
19:44:42.264 * tx 19634 F0 16 00 01 71 04 00 00 19 81 00 00 3D 00 00 00 01 00 00 64 01 55
19:44:42.278 * tx 19652 F0 20 00 01 72 03 C2 2E 00 B2 11 B2 11 1C 00 00 06 00 00 02 00 02 01 00 00 00 2F 20 20 A2 03 55
19:44:42.282 * tx 19652 F0 16 00 01 72 04 00 00 19 81 00 00 3D 00 00 00 01 00 00 65 01 55
19:44:42.293 * tx 19667 F0 20 00 01 73 03 C2 2E 00 B2 11 B2 11 1C 00 00 06 00 00 02 00 02 01 00 00 00 2F 21 21 A5 03 55
19:44:42.297 * tx 19667 F0 16 00 01 73 04 00 00 19 81 00 00 3D 00 00 00 01 00 00 66 01 55
19:44:42.310 * tx 19684 F0 20 00 01 74 03 C2 2E 00 B2 11 B2 11 1C 00 00 06 00 00 02 00 02 01 00 00 00 2F 22 22 A8 03 55
19:44:42.316 * tx 19684 F0 16 00 01 74 04 00 00 19 81 00 00 3D 00 00 00 01 00 00 67 01 55
19:44:42.328 * tx 19702 F0 20 00 01 75 03 C2 2E 00 B2 11 B2 11 1C 00 00 06 00 00 02 00 02 01 00 00 00 2F 23 23 AB 03 55
19:44:42.332 * tx 19702 F0 16 00 01 75 04 00 00 19 81 00 00 3D 00 00 00 01 00 00 68 01 55
19:44:42.349 * tx 19717 F0 20 00 01 76 03 C2 2E 00 B2 11 B2 11 1C 00 00 06 00 00 02 00 02 01 00 00 00 2F 24 24 AE 03 55
19:44:42.354 * tx 19717 F0 16 00 01 76 04 00 00 19 81 00 00 3D 00 00 00 01 00 00 69 01 55
19:44:42.364 * tx 19733 F0 20 00 01 77 03 C2 2E 00 B2 11 B2 11 1C 00 00 06 00 00 02 00 02 01 00 00 00 2F 25 25 B1 03 55
19:44:42.368 * tx 19734 F0 16 00 01 77 04 00 00 19 81 00 00 3D 00 00 00 01 00 00 6A 01 55
19:44:42.378 * tx 19752 F0 20 00 01 78 03 C2 2E 00 B2 11 B2 11 1C 00 00 06 00 00 02 00 02 01 00 00 00 2F 26 26 B4 03 55
19:44:42.385 * tx 19752 F0 16 00 01 78 04 00 00 19 81 00 00 3D 00 00 00 01 00 00 6B 01 55
19:44:42.395 * tx 19767 F0 20 00 01 79 03 C2 2E 00 B2 11 B2 11 1C 00 00 06 00 00 02 00 02 01 00 00 00 2F 27 27 B7 03 55
19:44:42.407 * tx 19767 F0 16 00 01 79 04 00 00 19 81 00 00 3D 00 00 00 01 00 00 6C 01 55
19:44:42.412 * tx 19784 F0 20 00 01 7A 03 C2 2E 00 B2 11 B2 11 1C 00 00 06 00 00 02 00 02 01 00 00 00 2F 28 28 BA 03 55
19:44:42.415 * tx 19784 F0 16 00 01 7A 04 00 00 19 81 00 00 3D 00 00 00 01 00 00 6D 01 55
19:44:42.428 * tx 19802 F0 20 00 01 7B 03 C2 2E 00 B2 11 B2 11 1C 00 00 06 00 00 02 00 02 01 00 00 00 2F 29 29 BD 03 55
19:44:42.432 * tx 19802 F0 16 00 01 7B 04 00 00 19 81 00 00 3D 00 00 00 01 00 00 6E 01 55
19:44:42.444 * tx 19817 F0 20 00 01 7C 03 C2 2E 00 B2 11 B2 11 1C 00 00 06 00 00 02 00 02 01 00 00 00 2F 2A 2A C0 03 55
19:44:42.449 * tx 19817 F0 16 00 01 7C 04 00 00 19 81 00 00 3D 00 00 00 01 00 00 6F 01 55
19:44:42.460 * tx 19834 F0 20 00 01 7D 03 C2 2E 00 B2 11 B2 11 1C 00 00 06 00 00 02 00 02 01 00 00 00 2F 2B 2B C3 03 55
19:44:42.464 * tx 19834 F0 16 00 01 7D 04 00 00 19 81 00 00 3D 00 00 00 01 00 00 70 01 55
19:44:42.478 * tx 19852 F0 20 00 01 7E 03 C2 2E 00 B2 11 B2 11 1C 00 00 06 00 00 02 00 02 01 00 00 00 2F 2C 2C C6 03 55
19:44:42.482 * tx 19852 F0 16 00 01 7E 04 00 00 19 81 00 00 3D 00 00 00 01 00 00 71 01 55
19:44:42.492 * tx 19867 F0 20 00 01 7F 03 C2 2E 00 B2 11 B2 11 1C 00 00 06 00 00 02 00 02 01 00 00 00 2F 2D 2D C9 03 55
19:44:42.497 * tx 19867 F0 16 00 01 7F 04 00 00 19 81 00 00 3D 00 00 00 01 00 00 72 01 55
19:44:42.510 * tx 19884 F0 20 00 01 80 03 C2 2E 00 B2 11 B2 11 1C 00 00 06 00 00 02 00 02 01 00 00 00 2F 2E 2E CC 03 55
19:44:42.516 * tx 19884 F0 16 00 01 80 04 00 00 19 81 00 00 3D 00 00 00 01 00 00 73 01 55
19:44:42.528 * tx 19902 F0 20 00 01 81 03 C2 2E 00 B2 11 B2 11 1C 00 00 06 00 00 02 00 02 01 00 00 00 2F 2F 2F CF 03 55
19:44:42.534 * tx 19902 F0 16 00 01 81 04 00 00 19 81 00 00 3D 00 00 00 01 00 00 74 01 55
19:44:42.543 * tx 19917 F0 20 00 01 82 03 C2 2E 00 B2 11 B2 11 1C 00 00 06 00 00 02 00 02 01 00 00 00 2F 30 30 D2 03 55
19:44:42.549 * tx 19917 F0 16 00 01 82 04 00 00 19 81 00 00 3D 00 00 00 01 00 00 75 01 55
19:44:42.560 * tx 19934 F0 20 00 01 83 03 C2 2E 00 B2 11 B2 11 1C 00 00 06 00 00 02 00 02 01 00 00 00 2F 31 31 D5 03 55
19:44:42.565 * tx 19934 F0 16 00 01 83 04 00 00 19 81 00 00 3D 00 00 00 01 00 00 76 01 55
19:44:42.578 * tx 19952 F0 20 00 01 84 03 C2 2E 00 B2 11 B2 11 1C 00 00 06 00 00 02 00 02 01 00 00 00 2F 32 32 D8 03 55
19:44:42.582 * tx 19952 F0 16 00 01 84 04 00 00 19 81 00 00 3D 00 00 00 01 00 00 77 01 55
19:44:42.593 * tx 19967 F0 20 00 01 85 03 C2 2E 00 B2 11 B2 11 1C 00 00 06 00 00 02 00 02 01 00 00 00 2F 33 33 DB 03 55
19:44:42.598 * tx 19967 F0 16 00 01 85 04 00 00 19 81 00 00 3D 00 00 00 01 00 00 78 01 55
19:44:42.610 * tx 19984 F0 20 00 01 86 03 C2 2E 00 B2 11 B2 11 1C 00 00 06 00 00 02 00 02 01 00 00 00 2F 34 34 DE 03 55
19:44:42.617 * tx 19984 F0 16 00 01 86 04 00 00 19 81 00 00 3D 00 00 00 01 00 00 79 01 55
19:44:42.629 * tx 20002 F0 20 00 01 87 03 C2 2E 00 B2 11 B2 11 1C 00 00 06 00 00 02 00 02 01 00 00 00 2F 35 35 E1 03 55
19:44:42.635 * tx 20002 F0 16 00 01 87 04 00 00 19 81 00 00 3D 00 00 00 01 00 00 7A 01 55
19:44:42.644 * tx 20017 F0 20 00 01 88 03 C2 2E 00 B2 11 B2 11 1C 00 00 06 00 00 02 00 02 01 00 00 00 2F 36 36 E4 03 55
19:44:42.648 * tx 20017 F0 16 00 01 88 04 00 00 19 81 00 00 3D 00 00 00 01 00 00 7B 01 55
19:44:42.660 * tx 20034 F0 20 00 01 89 03 C2 2E 00 B2 11 B2 11 1C 00 00 06 00 00 02 00 02 01 00 00 00 2F 37 37 E7 03 55
19:44:42.665 * tx 20034 F0 16 00 01 89 04 00 00 19 81 00 00 3D 00 00 00 01 00 00 7C 01 55
19:44:42.678 * tx 20052 F0 20 00 01 8A 03 C2 2E 00 B2 11 B2 11 1C 00 00 06 00 00 02 00 02 01 00 00 00 2F 38 38 EA 03 55
19:44:42.683 * tx 20052 F0 16 00 01 8A 04 00 00 19 81 00 00 3D 00 00 00 01 00 00 7D 01 55
19:44:42.695 * tx 20067 F0 20 00 01 8B 03 C2 2E 00 B2 11 B2 11 1C 00 00 06 00 00 02 00 02 01 00 00 00 2F 39 39 ED 03 55
19:44:42.702 * tx 20067 F0 16 00 01 8B 04 00 00 19 81 00 00 3D 00 00 00 01 00 00 7E 01 55
19:44:42.712 * tx 20084 F0 20 00 01 8C 03 C2 2E 00 B2 11 B2 11 1C 00 00 06 00 00 02 00 02 01 00 00 00 2F 3A 3A F0 03 55
19:44:42.718 * tx 20084 F0 16 00 01 8C 04 00 00 19 81 00 00 3D 00 00 00 01 00 00 7F 01 55
19:44:42.730 * tx 20102 F0 20 00 01 8D 03 C2 2E 00 B2 11 B2 11 1C 00 00 06 00 00 02 00 02 01 00 00 00 2F 3B 3B F3 03 55
19:44:42.736 * tx 20102 F0 16 00 01 8D 04 00 00 19 81 00 00 3D 00 00 00 01 00 00 80 01 55
19:44:42.744 * tx 20117 F0 20 00 01 8E 03 C2 2E 00 B2 11 B2 11 1C 00 00 06 00 00 02 00 02 01 00 00 00 2F 3C 3C F6 03 55
19:44:42.748 * tx 20117 F0 16 00 01 8E 04 00 00 19 81 00 00 3D 00 00 00 01 00 00 81 01 55
19:44:42.763 * tx 20134 F0 20 00 01 8F 03 C2 2E 00 B2 11 B2 11 1C 00 00 06 00 00 02 00 02 01 00 00 00 2F 3D 3D F9 03 55
19:44:42.769 * tx 20134 F0 16 00 01 8F 04 00 00 19 81 00 00 3D 00 00 00 01 00 00 82 01 55
19:44:42.776 * rxflood suppressed=210 in_last_window rx_frames=4484 (DUMP <type> pour voir une trame)
19:44:42.781 * rx 20142 F0 10 00 02 00 02 FF FF 01 00 00 00 00 13 02 55
19:44:42.787 * rx 20142 +0/105#4485 F0 69 00 01 8F 05 05 14 05 14 01 00 00 00 02 AA 00 AA 00 54 01 54 01 00 00 00 00 07 80 FF F2 00 F0 00 2E 01 00 00 A0 36 1A 0C 09 05 25 D4 30 08 04 04 00 00 00 00 00 00 00 00 00 00 00 00 00 00
19:44:42.792 * rx 20142 +64/105#4485 00 00 00 00 01 00 10 00 10 07 00 00 00 00 00 00 00 00 00 DD DD 00 00 F3 00 70 00 00 00 00 00 70 00 00 00 00 00 11 D1 0C 55
19:44:42.797 * rx 20142 F0 10 00 02 00 02 FF FF 02 00 00 00 00 14 02 55
19:44:42.805 * rx 20142 F0 30 00 01 8F 06 82 00 CE 3F D8 0F 10 EE 3E 51 44 5E 00 01 00 1C 28 28 1B 00 CD 3F 00 00 87 00 45 02 00 00 00 00 00 00 00 00 00 00 00 CD 07 55
19:44:42.813 * tx 20152 F0 20 00 01 90 03 C2 2E 00 B2 11 B2 11 1C 00 00 06 00 00 02 00 02 01 00 00 00 2F 3E 3E FC 03 55
19:44:42.819 * tx 20152 F0 16 00 01 90 04 00 00 19 81 00 00 3D 00 00 00 01 00 00 83 01 55
19:44:42.824 * rx 20159 F0 10 00 02 00 02 FF FF 01 00 00 00 00 13 02 55
19:44:42.836 * rx 20159 +0/105#4489 F0 69 00 01 90 05 05 14 05 14 01 00 00 00 02 AA 00 AA 00 54 01 54 01 00 00 00 00 07 80 FF F2 00 F0 00 2E 01 00 00 A0 36 1A 0C 09 05 D0 F8 F8 FF 00 00 00 00 00 00 00 00 00 00 00 00 00 00 00 00
19:44:42.841 * rx 20159 +64/105#4489 00 00 00 00 01 00 10 00 10 07 00 00 00 00 00 00 00 00 00 DD DD 00 00 F3 00 70 00 00 00 00 00 70 00 00 00 00 00 11 58 0F 55
19:44:42.845 * rx 20159 F0 10 00 02 00 02 FF FF 02 00 00 00 00 14 02 55
19:44:42.849 * rx 20159 F0 30 00 01 90 06 82 00 CE 3F D8 0F 10 EE 3E 51 44 5E 00 01 00 1C 28 28 1B 00 CD 3F 00 00 87 00 45 02 00 00 00 00 00 00 00 00 00 00 00 CE 07 55
19:44:42.860 * tx 20167 F0 20 00 01 91 03 C2 2E 00 B2 11 B2 11 1C 00 00 06 00 00 02 00 02 01 00 00 00 2F 3F 3F FF 03 55
19:44:42.866 * tx 20167 F0 16 00 01 91 04 00 00 19 81 00 00 3D 00 00 00 01 00 00 84 01 55
19:44:42.871 * rx 20176 F0 10 00 02 00 02 FF FF 01 00 00 00 00 13 02 55
19:44:42.876 * rx 20176 F0 10 00 02 00 02 FF FF 02 00 00 00 00 14 02 55
19:44:42.886 * rx 20176 +0/105#4494 F0 69 00 01 91 05 05 14 05 14 01 00 00 00 02 AA 00 AA 00 54 01 54 01 00 00 00 00 07 80 FF F2 00 F0 00 2E 01 00 00 A0 36 1A 0C 09 05 25 D4 30 08 04 04 00 00 00 00 00 00 00 00 00 00 00 00 00 00
19:44:42.892 * rx 20176 +64/105#4494 00 00 00 00 01 00 10 00 10 07 00 00 00 00 00 00 00 00 00 DD DD 00 00 F3 00 70 00 00 00 00 00 70 00 00 00 00 00 11 D3 0C 55
19:44:42.896 * rx 20176 F0 30 00 01 91 06 82 00 CE 3F D8 0F 10 EE 3E 51 44 5E 00 01 00 1C 28 28 1B 00 CD 3F 00 00 87 00 45 02 00 00 00 00 00 00 00 00 00 00 00 CF 07 55
19:44:42.901 * tx 20184 F0 20 00 01 92 03 C2 2E 00 B2 11 B2 11 1C 00 00 06 00 00 02 00 02 01 00 00 00 2F 40 40 02 04 55
19:44:42.911 * tx 20184 F0 16 00 01 92 04 00 00 19 81 00 00 3D 00 00 00 01 00 00 85 01 55
19:44:42.917 * rx 20192 F0 10 00 02 00 02 FF FF 01 00 00 00 00 13 02 55
19:44:42.921 * rx 20192 +0/105#4497 F0 69 00 01 92 05 05 14 05 14 01 00 00 00 02 AA 00 AA 00 54 01 54 01 00 00 00 00 07 80 FF F2 00 F0 00 2E 01 00 00 A0 36 1A 0C 09 05 D0 F8 F8 FF 00 00 00 00 00 00 00 00 00 00 00 00 00 00 00 00
19:44:42.926 * rx 20192 +64/105#4497 00 00 00 00 01 00 10 00 10 07 00 00 00 00 00 00 00 00 00 DD DD 00 00 F3 00 70 00 00 00 00 00 70 00 00 00 00 00 11 5A 0F 55
19:44:42.936 * rx 20192 F0 10 00 02 00 02 FF FF 02 00 00 00 00 14 02 55
19:44:42.942 * rx 20192 F0 30 00 01 92 06 82 00 CE 3F D8 0F 10 EE 3E 51 44 5E 00 01 00 1C 28 28 1B 00 CD 3F 00 00 87 00 45 02 00 00 00 00 00 00 00 00 00 00 00 D0 07 55
19:44:42.947 * tx 20202 F0 20 00 01 93 03 C2 2E 00 B2 11 B2 11 1C 00 00 06 00 00 02 00 02 01 00 00 00 2F 41 41 05 04 55
19:44:42.952 * tx 20202 F0 16 00 01 93 04 00 00 19 81 00 00 3D 00 00 00 01 00 00 86 01 55
19:44:42.964 * rx 20209 F0 10 00 02 00 02 01 FF 01 01 00 00 00 16 01 55
19:44:42.971 * rx 20209 +0/105#4501 F0 69 00 01 93 05 05 14 05 14 01 00 00 00 02 AA 00 AA 00 54 01 54 01 00 00 00 00 07 80 FF F2 00 F0 00 2E 01 00 00 A0 36 1A 0C 09 05 25 D4 30 08 04 04 00 00 00 00 00 00 00 00 00 00 00 00 00 00
19:44:42.979 * rx 20209 +64/105#4501 00 00 00 00 01 00 10 00 10 07 00 00 00 00 00 00 00 00 00 DD DD 00 00 F3 00 70 00 00 00 00 00 70 00 00 00 00 00 11 D5 0C 55
19:44:42.989 * rx 20209 F0 10 00 02 00 02 FF FF 02 00 00 00 00 14 02 55
19:44:42.999 * rx 20209 F0 30 00 01 93 06 82 00 CE 3F D8 0F 10 EE 3E 51 44 5E 00 01 00 1C 28 28 1B 00 CD 3F 00 00 87 00 45 02 00 00 00 00 00 00 00 00 00 00 00 D1 07 55
19:44:43.007 * tx 20217 F0 20 00 01 94 03 C2 2E 00 B2 11 B2 11 1C 00 00 06 00 00 02 00 02 01 00 00 00 2F 42 42 08 04 55
19:44:43.013 * tx 20217 F0 16 00 01 94 04 00 00 19 81 00 00 3D 00 00 00 01 00 00 87 01 55
19:44:43.021 * rx 20226 F0 10 00 02 00 02 FF FF 01 00 00 00 00 13 02 55
19:44:43.031 * rx 20226 F0 10 00 02 00 02 FF FF 02 00 00 00 00 14 02 55
19:44:43.039 * rx 20226 +0/105#4506 F0 69 00 01 94 05 05 14 05 14 01 00 00 00 02 AA 00 AA 00 54 01 54 01 00 00 00 00 07 80 FF F2 00 F0 00 2E 01 00 00 A0 36 1A 0C 09 05 D0 F8 F8 FF 00 00 00 00 00 00 00 00 00 00 00 00 00 00 00 00
19:44:43.046 * rx 20226 +64/105#4506 00 00 00 00 01 00 10 00 10 07 00 00 00 00 00 00 00 00 00 DD DD 00 00 F3 00 70 00 00 00 00 00 70 00 00 00 00 00 11 5C 0F 55
19:44:43.055 * rx 20226 F0 30 00 01 94 06 82 00 CE 3F D8 0F 10 EE 3E 51 44 5E 00 01 00 1C 28 28 1B 00 CD 3F 00 00 87 00 45 02 00 00 00 00 00 00 00 00 00 00 00 D2 07 55
19:44:43.064 * tx 20234 F0 20 00 01 95 03 C2 2E 00 B2 11 B2 11 1C 00 00 06 00 00 02 00 02 01 00 00 00 2F 43 43 0B 04 55
19:44:43.070 * tx 20234 F0 16 00 01 95 04 00 00 19 81 00 00 3D 00 00 00 01 00 00 88 01 55
19:44:43.076 * rx 20242 F0 10 00 02 00 02 FF FF 01 00 00 00 00 13 02 55
19:44:43.085 * rx 20242 +0/105#4509 F0 69 00 01 95 05 05 14 05 14 01 00 00 00 02 AA 00 AA 00 54 01 54 01 00 00 00 00 07 80 FF F2 00 F0 00 2E 01 00 00 A0 36 1A 0C 09 05 25 D4 30 08 04 04 00 00 00 00 00 00 00 00 00 00 00 00 00 00
19:44:43.092 * rx 20242 +64/105#4509 00 00 00 00 01 00 10 00 10 07 00 00 00 00 00 00 00 00 00 DD DD 00 00 F3 00 70 00 00 00 00 00 70 00 00 00 00 00 11 D7 0C 55
19:44:43.098 * rx 20242 F0 10 00 02 00 02 FF FF 02 00 00 00 00 14 02 55
19:44:43.106 * rx 20242 F0 30 00 01 95 06 82 00 CE 3F D8 0F 10 EE 3E 51 44 5E 00 01 00 1C 28 28 1B 00 CD 3F 00 00 87 00 45 02 00 00 00 00 00 00 00 00 00 00 00 D3 07 55
19:44:43.114 * tx 20252 F0 20 00 01 96 03 C2 2E 00 B2 11 B2 11 1C 00 00 06 00 00 02 00 02 01 00 00 00 2F 44 44 0E 04 55
19:44:43.119 * tx 20252 F0 16 00 01 96 04 00 00 19 81 00 00 3D 00 00 00 01 00 00 89 01 55
19:44:43.128 * rx 20259 F0 10 00 02 00 02 FF FF 01 00 00 00 00 13 02 55
19:44:43.134 * rx 20259 +0/105#4513 F0 69 00 01 96 05 05 14 05 14 01 00 00 00 02 AA 00 AA 00 54 01 54 01 00 00 00 00 07 80 FF F2 00 F0 00 2E 01 00 00 A0 36 1A 0C 09 05 D0 F8 F8 FF 00 00 00 00 00 00 00 00 00 00 00 00 00 00 00 00
19:44:43.139 * rx 20259 +64/105#4513 00 00 00 00 01 00 10 00 10 07 00 00 00 00 00 00 00 00 00 DD DD 00 00 F3 00 70 00 00 00 00 00 70 00 00 00 00 00 11 5E 0F 55
19:44:43.150 * tx 20267 F0 20 00 01 97 03 C2 2E 00 B2 11 B2 11 1C 00 00 06 00 00 02 00 02 01 00 00 00 2F 45 45 11 04 55
19:44:43.156 * tx 20267 F0 16 00 01 97 04 00 00 19 81 00 00 3D 00 00 00 01 00 00 8A 01 55
19:44:43.161 * tx 20284 F0 20 00 01 98 03 C2 2E 00 B2 11 B2 11 1C 00 00 06 00 00 02 00 02 01 00 00 00 2F 46 46 14 04 55
19:44:43.171 * tx 20284 F0 16 00 01 98 04 00 00 19 81 00 00 3D 00 00 00 01 00 00 8B 01 55
19:44:43.177 * tx 20302 F0 20 00 01 99 03 C2 2E 00 B2 11 B2 11 1C 00 00 06 00 00 02 00 02 01 00 00 00 2F 47 47 17 04 55
19:44:43.184 * tx 20302 F0 16 00 01 99 04 00 00 19 81 00 00 3D 00 00 00 01 00 00 8C 01 55
19:44:43.196 * tx 20317 F0 20 00 01 9A 03 C2 2E 00 B2 11 B2 11 1C 00 00 06 00 00 02 00 02 01 00 00 00 2F 48 48 1A 04 55
19:44:43.202 * tx 20317 F0 16 00 01 9A 04 00 00 19 81 00 00 3D 00 00 00 01 00 00 8D 01 55
19:44:43.207 * tx 20334 F0 20 00 01 9B 03 C2 2E 00 B2 11 B2 11 1C 00 00 06 00 00 02 00 02 01 00 00 00 2F 49 49 1D 04 55
19:44:43.218 * tx 20334 F0 16 00 01 9B 04 00 00 19 81 00 00 3D 00 00 00 01 00 00 8E 01 55
19:44:43.224 * tx 20352 F0 20 00 01 9C 03 C2 2E 00 B2 11 B2 11 1C 00 00 06 00 00 02 00 02 01 00 00 00 2F 4A 4A 20 04 55
19:44:43.230 * tx 20352 F0 16 00 01 9C 04 00 00 19 81 00 00 3D 00 00 00 01 00 00 8F 01 55
19:44:43.240 * tx 20367 F0 20 00 01 9D 03 C2 2E 00 B2 11 B2 11 1C 00 00 06 00 00 02 00 02 01 00 00 00 2F 4B 4B 23 04 55
19:44:43.246 * tx 20367 F0 16 00 01 9D 04 00 00 19 81 00 00 3D 00 00 00 01 00 00 90 01 55
19:44:43.252 * tx 20384 F0 20 00 01 9E 03 C2 2E 00 B2 11 B2 11 1C 00 00 06 00 00 02 00 02 01 00 00 00 2F 4C 4C 26 04 55
19:44:43.264 * tx 20384 F0 16 00 01 9E 04 00 00 19 81 00 00 3D 00 00 00 01 00 00 91 01 55
19:44:43.270 * tx 20402 F0 20 00 01 9F 03 C2 2E 00 B2 11 B2 11 1C 00 00 06 00 00 02 00 02 01 00 00 00 2F 4D 4D 29 04 55
19:44:43.276 * tx 20402 F0 16 00 01 9F 04 00 00 19 81 00 00 3D 00 00 00 01 00 00 92 01 55
19:44:43.288 * tx 20417 F0 20 00 01 A0 03 C2 2E 00 B2 11 B2 11 1C 00 00 06 00 00 02 00 02 01 00 00 00 2F 4E 4E 2C 04 55
19:44:43.295 * tx 20417 F0 16 00 01 A0 04 00 00 19 81 00 00 3D 00 00 00 01 00 00 93 01 55
19:44:43.300 * tx 20434 F0 20 00 01 A1 03 C2 2E 00 B2 11 B2 11 1C 00 00 06 00 00 02 00 02 01 00 00 00 2F 4F 4F 2F 04 55
19:44:43.311 * tx 20434 F0 16 00 01 A1 04 00 00 19 81 00 00 3D 00 00 00 01 00 00 94 01 55
19:44:43.317 * tx 20452 F0 20 00 01 A2 03 C2 2E 00 B2 11 B2 11 1C 00 00 06 00 00 02 00 02 01 00 00 00 2F 50 50 32 04 55
19:44:43.323 * tx 20452 F0 16 00 01 A2 04 00 00 19 81 00 00 3D 00 00 00 01 00 00 95 01 55
19:44:43.334 * tx 20467 F0 20 00 01 A3 03 C2 2E 00 B2 11 B2 11 1C 00 00 06 00 00 02 00 02 01 00 00 00 2F 51 51 35 04 55
19:44:43.342 * tx 20467 F0 16 00 01 A3 04 00 00 19 81 00 00 3D 00 00 00 01 00 00 96 01 55
19:44:43.349 * tx 20484 F0 20 00 01 A4 03 C2 2E 00 B2 11 B2 11 1C 00 00 06 00 00 02 00 02 01 00 00 00 2F 52 52 38 04 55
19:44:43.360 * tx 20484 F0 16 00 01 A4 04 00 00 19 81 00 00 3D 00 00 00 01 00 00 97 01 55
19:44:43.367 * tx 20502 F0 20 00 01 A5 03 C2 2E 00 B2 11 B2 11 1C 00 00 06 00 00 02 00 02 01 00 00 00 2F 53 53 3B 04 55
19:44:43.373 * tx 20502 F0 16 00 01 A5 04 00 00 19 81 00 00 3D 00 00 00 01 00 00 98 01 55
19:44:43.386 * tx 20517 F0 20 00 01 A6 03 C2 2E 00 B2 11 B2 11 1C 00 00 06 00 00 02 00 02 01 00 00 00 2F 54 54 3E 04 55
19:44:43.393 * tx 20517 F0 16 00 01 A6 04 00 00 19 81 00 00 3D 00 00 00 01 00 00 99 01 55
19:44:43.401 * tx 20534 F0 20 00 01 A7 03 C2 2E 00 B2 11 B2 11 1C 00 00 06 00 00 02 00 02 01 00 00 00 2F 55 55 41 04 55
19:44:43.413 * tx 20534 F0 16 00 01 A7 04 00 00 19 81 00 00 3D 00 00 00 01 00 00 9A 01 55
19:44:43.420 * tx 20552 F0 20 00 01 A8 03 C2 2E 00 B2 11 B2 11 1C 00 00 06 00 00 02 00 02 01 00 00 00 2F 56 56 44 04 55
19:44:43.426 * tx 20552 F0 16 00 01 A8 04 00 00 19 81 00 00 3D 00 00 00 01 00 00 9B 01 55
19:44:43.437 * tx 20567 F0 20 00 01 A9 03 C2 2E 00 B2 11 B2 11 1C 00 00 06 00 00 02 00 02 01 00 00 00 2F 57 57 47 04 55
19:44:43.444 * tx 20567 F0 16 00 01 A9 04 00 00 19 81 00 00 3D 00 00 00 01 00 00 9C 01 55
19:44:43.450 * tx 20584 F0 20 00 01 AA 03 C2 2E 00 B2 11 B2 11 1C 00 00 06 00 00 02 00 02 01 00 00 00 2F 58 58 4A 04 55
19:44:43.462 * tx 20584 F0 16 00 01 AA 04 00 00 19 81 00 00 3D 00 00 00 01 00 00 9D 01 55
19:44:43.470 * tx 20602 F0 20 00 01 AB 03 C2 2E 00 B2 11 B2 11 1C 00 00 06 00 00 02 00 02 01 00 00 00 2F 59 59 4D 04 55
19:44:43.476 * tx 20602 F0 16 00 01 AB 04 00 00 19 81 00 00 3D 00 00 00 01 00 00 9E 01 55
19:44:43.488 * tx 20617 F0 20 00 01 AC 03 C2 2E 00 B2 11 B2 11 1C 00 00 06 00 00 02 00 02 01 00 00 00 2F 5A 5A 50 04 55
19:44:43.495 * tx 20617 F0 16 00 01 AC 04 00 00 19 81 00 00 3D 00 00 00 01 00 00 9F 01 55
19:44:43.504 * tx 20634 F0 20 00 01 AD 03 C2 2E 00 B2 11 B2 11 1C 00 00 06 00 00 02 00 02 01 00 00 00 2F 5B 5B 53 04 55
19:44:43.518 * tx 20634 F0 16 00 01 AD 04 00 00 19 81 00 00 3D 00 00 00 01 00 00 A0 01 55
19:44:43.525 * tx 20652 F0 20 00 01 AE 03 C2 2E 00 B2 11 B2 11 1C 00 00 06 00 00 02 00 02 01 00 00 00 2F 5C 5C 56 04 55
19:44:43.532 * tx 20652 F0 16 00 01 AE 04 00 00 19 81 00 00 3D 00 00 00 01 00 00 A1 01 55
19:44:43.546 * tx 20667 F0 20 00 01 AF 03 C2 2E 00 B2 11 B2 11 1C 00 00 06 00 00 02 00 02 01 00 00 00 2F 5D 5D 59 04 55
19:44:43.553 * tx 20667 F0 16 00 01 AF 04 00 00 19 81 00 00 3D 00 00 00 01 00 00 A2 01 55
19:44:43.560 * tx 20684 F0 20 00 01 B0 03 C2 2E 00 B2 11 B2 11 1C 00 00 06 00 00 02 00 02 01 00 00 00 2F 5E 5E 5C 04 55
19:44:43.573 * tx 20684 F0 16 00 01 B0 04 00 00 19 81 00 00 3D 00 00 00 01 00 00 A3 01 55
19:44:43.580 * tx 20702 F0 20 00 01 B1 03 C2 2E 00 B2 11 B2 11 1C 00 00 06 00 00 02 00 02 01 00 00 00 2F 5F 5F 5F 04 55
19:44:43.586 * tx 20702 F0 16 00 01 B1 04 00 00 19 81 00 00 3D 00 00 00 01 00 00 A4 01 55
19:44:43.599 * tx 20717 F0 20 00 01 B2 03 C2 2E 00 B2 11 B2 11 1C 00 00 06 00 00 02 00 02 01 00 00 00 2F 60 60 62 04 55
19:44:43.607 * tx 20717 F0 16 00 01 B2 04 00 00 19 81 00 00 3D 00 00 00 01 00 00 A5 01 55
19:44:43.613 * tx 20734 F0 20 00 01 B3 03 C2 2E 00 B2 11 B2 11 1C 00 00 06 00 00 02 00 02 01 00 00 00 2F 61 61 65 04 55
19:44:43.625 * tx 20734 F0 16 00 01 B3 04 00 00 19 81 00 00 3D 00 00 00 01 00 00 A6 01 55
19:44:43.634 * tx 20752 F0 20 00 01 B4 03 C2 2E 00 B2 11 B2 11 1C 00 00 06 00 00 02 00 02 01 00 00 00 2F 62 62 68 04 55
19:44:43.644 * tx 20752 F0 16 00 01 B4 04 00 00 19 81 00 00 3D 00 00 00 01 00 00 A7 01 55
19:44:43.657 * tx 20767 F0 20 00 01 B5 03 C2 2E 00 B2 11 B2 11 1C 00 00 06 00 00 02 00 02 01 00 00 00 2F 63 63 6B 04 55
19:44:43.664 * tx 20767 F0 16 00 01 B5 04 00 00 19 81 00 00 3D 00 00 00 01 00 00 A8 01 55
19:44:43.670 * tx 20784 F0 20 00 01 B6 03 C2 2E 00 B2 11 B2 11 1C 00 00 06 00 00 02 00 02 01 00 00 00 2F 64 64 6E 04 55
19:44:43.684 * tx 20784 F0 16 00 01 B6 04 00 00 19 81 00 00 3D 00 00 00 01 00 00 A9 01 55
19:44:43.691 * tx 20802 F0 20 00 01 B7 03 C2 2E 00 B2 11 B2 11 1C 00 00 06 00 00 02 00 02 01 00 00 00 2F 65 65 71 04 55
19:44:43.698 * tx 20802 F0 16 00 01 B7 04 00 00 19 81 00 00 3D 00 00 00 01 00 00 AA 01 55
19:44:43.713 * tx 20817 F0 20 00 01 B8 03 C2 2E 00 B2 11 B2 11 1C 00 00 06 00 00 02 00 02 01 00 00 00 2F 66 66 74 04 55
19:44:43.723 * tx 20817 F0 16 00 01 B8 04 00 00 19 81 00 00 3D 00 00 00 01 00 00 AB 01 55
19:44:43.730 * tx 20834 F0 20 00 01 B9 03 C2 2E 00 B2 11 B2 11 1C 00 00 06 00 00 02 00 02 01 00 00 00 2F 67 67 77 04 55
19:44:43.744 * tx 20834 F0 16 00 01 B9 04 00 00 19 81 00 00 3D 00 00 00 01 00 00 AC 01 55
19:44:43.754 * tx 20852 F0 20 00 01 BA 03 C2 2E 00 B2 11 B2 11 1C 00 00 06 00 00 02 00 02 01 00 00 00 2F 68 68 7A 04 55
19:44:43.761 * tx 20852 F0 16 00 01 BA 04 00 00 19 81 00 00 3D 00 00 00 01 00 00 AD 01 55
19:44:43.773 * tx 20867 F0 20 00 01 BB 03 C2 2E 00 B2 11 B2 11 1C 00 00 06 00 00 02 00 02 01 00 00 00 2F 69 69 7D 04 55
19:44:43.781 * tx 20867 F0 16 00 01 BB 04 00 00 19 81 00 00 3D 00 00 00 01 00 00 AE 01 55
19:44:43.788 * tx 20884 F0 20 00 01 BC 03 C2 2E 00 B2 11 B2 11 1C 00 00 06 00 00 02 00 02 01 00 00 00 2F 6A 6A 80 04 55
19:44:43.800 * tx 20884 F0 16 00 01 BC 04 00 00 19 81 00 00 3D 00 00 00 01 00 00 AF 01 55
19:44:43.808 * tx 20902 F0 20 00 01 BD 03 C2 2E 00 B2 11 B2 11 1C 00 00 06 00 00 02 00 02 01 00 00 00 2F 6B 6B 83 04 55
19:44:43.816 * tx 20902 F0 16 00 01 BD 04 00 00 19 81 00 00 3D 00 00 00 01 00 00 B0 01 55
19:44:43.830 * tx 20917 F0 20 00 01 BE 03 C2 2E 00 B2 11 B2 11 1C 00 00 06 00 00 02 00 02 01 00 00 00 2F 6C 6C 86 04 55
19:44:43.839 * tx 20917 F0 16 00 01 BE 04 00 00 19 81 00 00 3D 00 00 00 01 00 00 B1 01 55
19:44:43.847 * tx 20934 F0 20 00 01 BF 03 C2 2E 00 B2 11 B2 11 1C 00 00 06 00 00 02 00 02 01 00 00 00 2F 6D 6D 89 04 55
19:44:43.862 * tx 20934 F0 16 00 01 BF 04 00 00 19 81 00 00 3D 00 00 00 01 00 00 B2 01 55
19:44:43.869 * tx 20952 F0 20 00 01 C0 03 C2 2E 00 B2 11 B2 11 1C 00 00 06 00 00 02 00 02 01 00 00 00 2F 6E 6E 8C 04 55
19:44:43.877 * tx 20952 F0 16 00 01 C0 04 00 00 19 81 00 00 3D 00 00 00 01 00 00 B3 01 55
19:44:43.891 * tx 20967 F0 20 00 01 C1 03 C2 2E 00 B2 11 B2 11 1C 00 00 06 00 00 02 00 02 01 00 00 00 2F 6F 6F 8F 04 55
19:44:43.899 * tx 20967 F0 16 00 01 C1 04 00 00 19 81 00 00 3D 00 00 00 01 00 00 B4 01 55
19:44:43.910 * tx 20984 F0 20 00 01 C2 03 C2 2E 00 B2 11 B2 11 1C 00 00 06 00 00 02 00 02 01 00 00 00 2F 70 70 92 04 55
19:44:43.923 * tx 20984 F0 16 00 01 C2 04 00 00 19 81 00 00 3D 00 00 00 01 00 00 B5 01 55
19:44:43.931 * tx 21002 F0 20 00 01 C3 03 C2 2E 00 B2 11 B2 11 1C 00 00 06 00 00 02 00 02 01 00 00 00 2F 71 71 95 04 55
19:44:43.938 * tx 21002 F0 16 00 01 C3 04 00 00 19 81 00 00 3D 00 00 00 01 00 00 B6 01 55
19:44:43.953 * tx 21017 F0 20 00 01 C4 03 C2 2E 00 B2 11 B2 11 1C 00 00 06 00 00 02 00 02 01 00 00 00 2F 72 72 98 04 55
19:44:43.961 * tx 21017 F0 16 00 01 C4 04 00 00 19 81 00 00 3D 00 00 00 01 00 00 B7 01 55
19:44:43.971 * tx 21034 F0 20 00 01 C5 03 C2 2E 00 B2 11 B2 11 1C 00 00 06 00 00 02 00 02 01 00 00 00 2F 73 73 9B 04 55
19:44:43.983 * tx 21034 F0 16 00 01 C5 04 00 00 19 81 00 00 3D 00 00 00 01 00 00 B8 01 55
19:44:43.990 * tx 21052 F0 20 00 01 C6 03 C2 2E 00 B2 11 B2 11 1C 00 00 06 00 00 02 00 02 01 00 00 00 2F 74 74 9E 04 55
19:44:43.000 * tx 21052 F0 16 00 01 C6 04 00 00 19 81 00 00 3D 00 00 00 01 00 00 B9 01 55
19:44:44.014 * tx 21067 F0 20 00 01 C7 03 C2 2E 00 B2 11 B2 11 1C 00 00 06 00 00 02 00 02 01 00 00 00 2F 75 75 A1 04 55
19:44:44.021 * tx 21067 F0 16 00 01 C7 04 00 00 19 81 00 00 3D 00 00 00 01 00 00 BA 01 55
19:44:44.031 * tx 21084 F0 20 00 01 C8 03 C2 2E 00 B2 11 B2 11 1C 00 00 06 00 00 02 00 02 01 00 00 00 2F 76 76 A4 04 55
19:44:44.043 * tx 21084 F0 16 00 01 C8 04 00 00 19 81 00 00 3D 00 00 00 01 00 00 BB 01 55
19:44:44.051 * tx 21102 F0 20 00 01 C9 03 C2 2E 00 B2 11 B2 11 1C 00 00 06 00 00 02 00 02 01 00 00 00 2F 77 77 A7 04 55
19:44:44.062 * tx 21102 F0 16 00 01 C9 04 00 00 19 81 00 00 3D 00 00 00 01 00 00 BC 01 55
19:44:44.072 * tx 21117 F0 20 00 01 CA 03 C2 2E 00 B2 11 B2 11 1C 00 00 06 00 00 02 00 02 01 00 00 00 2F 78 78 AA 04 55
19:44:44.082 * tx 21117 F0 16 00 01 CA 04 00 00 19 81 00 00 3D 00 00 00 01 00 00 BD 01 55
19:44:44.095 * tx 21134 F0 20 00 01 CB 03 C2 2E 00 B2 11 B2 11 1C 00 00 06 00 00 02 00 02 01 00 00 00 2F 79 79 AD 04 55
19:44:44.103 * tx 21134 F0 16 00 01 CB 04 00 00 19 81 00 00 3D 00 00 00 01 00 00 BE 01 55
19:44:44.116 * rxflood suppressed=210 in_last_window rx_frames=4724 (DUMP <type> pour voir une trame)
19:44:44.125 * rx 21142 F0 10 00 02 00 02 FF FF 01 00 00 00 00 13 02 55
19:44:44.137 * rx 21142 +0/105#4725 F0 69 00 01 CB 05 05 14 05 14 01 00 00 00 02 AA 00 AA 00 54 01 54 01 00 00 00 00 07 80 FF F2 00 F0 00 2E 01 00 00 A0 36 1A 0C 09 05 25 D4 30 08 04 04 00 00 00 00 00 00 00 00 00 00 00 00 00 00
19:44:44.149 * rx 21142 +64/105#4725 00 00 00 00 01 00 10 00 10 07 00 00 00 00 00 00 00 00 00 DD DD 00 00 F3 00 70 00 00 00 00 00 70 00 00 00 00 00 11 0D 0D 55
19:44:44.159 * rx 21142 F0 10 00 02 00 02 FF FF 02 00 00 00 00 14 02 55
19:44:44.173 * rx 21142 F0 30 00 01 CB 06 82 00 CE 3F D8 0F 10 EE 3E 51 44 5E 00 01 00 1C 28 28 1B 00 CD 3F 00 00 87 00 45 02 00 00 00 00 00 00 00 00 00 00 00 09 08 55
19:44:44.181 * tx 21152 F0 20 00 01 CC 03 C2 2E 00 B2 11 B2 11 1C 00 00 06 00 00 02 00 02 01 00 00 00 2F 7A 7A B0 04 55
19:44:44.193 * tx 21152 F0 16 00 01 CC 04 00 00 19 81 00 00 3D 00 00 00 01 00 00 BF 01 55
19:44:44.206 * rx 21159 F0 10 00 02 00 02 FF FF 01 00 00 00 00 13 02 55
19:44:44.214 * rx 21159 +0/105#4729 F0 69 00 01 CC 05 05 14 05 14 01 00 00 00 02 AA 00 AA 00 54 01 54 01 00 00 00 00 07 80 FF F2 00 F0 00 2E 01 00 00 A0 36 1A 0C 09 05 D0 F8 F8 FF 00 00 00 00 00 00 00 00 00 00 00 00 00 00 00 00
19:44:44.225 * rx 21159 +64/105#4729 00 00 00 00 01 00 10 00 10 07 00 00 00 00 00 00 00 00 00 DD DD 00 00 F3 00 70 00 00 00 00 00 70 00 00 00 00 00 11 94 0F 55
19:44:44.239 * rx 21159 F0 10 00 02 00 02 FF FF 02 00 00 00 00 14 02 55
19:44:44.250 * rx 21159 F0 30 00 01 CC 06 82 00 CE 3F D8 0F 10 EE 3E 51 44 5E 00 01 00 1C 28 28 1B 00 CD 3F 00 00 87 00 45 02 00 00 00 00 00 00 00 00 00 00 00 0A 08 55
19:44:44.264 * tx 21167 F0 20 00 01 CD 03 C2 2E 00 B2 11 B2 11 1C 00 00 06 00 00 02 00 02 01 00 00 00 2F 7B 7B B3 04 55
19:44:44.278 * tx 21167 F0 16 00 01 CD 04 00 00 19 81 00 00 3D 00 00 00 01 00 00 C0 01 55
19:44:44.297 * rx 21176 F0 10 00 02 00 02 FF FF 01 00 00 00 00 13 02 55
19:44:44.309 * rx 21176 +0/105#4733 F0 69 00 01 CD 05 05 14 05 14 01 00 00 00 02 AA 00 AA 00 54 01 54 01 00 00 00 00 07 80 FF F2 00 F0 00 2E 01 00 00 A0 36 1A 0C 09 05 25 D4 30 08 04 04 00 00 00 00 00 00 00 00 00 00 00 00 00 00
19:44:44.323 * rx 21176 +64/105#4733 00 00 00 00 01 00 10 00 10 07 00 00 00 00 00 00 00 00 00 DD DD 00 00 F3 00 70 00 00 00 00 00 70 00 00 00 00 00 11 0F 0D 55
19:44:44.331 * rx 21176 F0 10 00 02 00 02 FF FF 02 00 00 00 00 14 02 55
19:44:44.342 * rx 21176 F0 30 00 01 CD 06 82 00 CE 3F D8 0F 10 EE 3E 51 44 5E 00 01 00 1C 28 28 1B 00 CD 3F 00 00 87 00 45 02 00 00 00 00 00 00 00 00 00 00 00 0B 08 55
19:44:44.355 * tx 21184 F0 20 00 01 CE 03 C2 2E 00 B2 11 B2 11 1C 00 00 06 00 00 02 00 02 01 00 00 00 2F 7C 7C B6 04 55
19:44:44.367 * tx 21184 F0 16 00 01 CE 04 00 00 19 81 00 00 3D 00 00 00 01 00 00 C1 01 55
19:44:44.385 * rx 21192 F0 10 00 02 00 02 FF FF 01 00 00 00 00 13 02 55
19:44:44.400 * rx 21192 +0/105#4737 F0 69 00 01 CE 05 05 14 05 14 01 00 00 00 02 AA 00 AA 00 54 01 54 01 00 00 00 00 07 80 FF F2 00 F0 00 2E 01 00 00 A0 36 1A 0C 09 05 D0 F8 F8 FF 00 00 00 00 00 00 00 00 00 00 00 00 00 00 00 00
19:44:44.416 * rx 21192 +64/105#4737 00 00 00 00 01 00 10 00 10 07 00 00 00 00 00 00 00 00 00 DD DD 00 00 F3 00 70 00 00 00 00 00 70 00 00 00 00 00 11 96 0F 55
19:44:44.425 * rx 21192 F0 10 00 02 00 02 FF FF 02 00 00 00 00 14 02 55
19:44:44.440 * rx 21192 F0 30 00 01 CE 06 82 00 CE 3F D8 0F 10 EE 3E 51 44 5E 00 01 00 1C 28 28 1B 00 CD 3F 00 00 87 00 45 02 00 00 00 00 00 00 00 00 00 00 00 0C 08 55
19:44:44.449 * tx 21202 F0 20 00 01 CF 03 C2 2E 00 B2 11 B2 11 1C 00 00 06 00 00 02 00 02 01 00 00 00 2F 7D 7D B9 04 55
19:44:44.464 * tx 21202 F0 16 00 01 CF 04 00 00 19 81 00 00 3D 00 00 00 01 00 00 C2 01 55
19:44:44.474 * rx 21209 F0 10 00 02 00 02 FF FF 01 00 00 00 00 13 02 55
19:44:44.485 * rx 21209 +0/105#4741 F0 69 00 01 CF 05 05 14 05 14 01 00 00 00 02 AA 00 AA 00 54 01 54 01 00 00 00 00 07 80 FF F2 00 F0 00 2E 01 00 00 A0 36 1A 0C 09 05 25 D4 30 08 04 04 00 00 00 00 00 00 00 00 00 00 00 00 00 00
19:44:44.504 * rx 21209 +64/105#4741 00 00 00 00 01 00 10 00 10 07 00 00 00 00 00 00 00 00 00 DD DD 00 00 F3 00 70 00 00 00 00 00 70 00 00 00 00 00 11 11 0D 55
19:44:44.514 * rx 21209 F0 10 00 02 00 02 FF FF 02 00 00 00 00 14 02 55
19:44:44.528 * rx 21209 F0 30 00 01 CF 06 82 00 CE 3F D8 0F 10 EE 3E 51 44 5E 00 01 00 1C 28 28 1B 00 CD 3F 00 00 87 00 45 02 00 00 00 00 00 00 00 00 00 00 00 0D 08 55
19:44:44.537 * tx 21217 F0 20 00 01 D0 03 C2 2E 00 B2 11 B2 11 1C 00 00 06 00 00 02 00 02 01 00 00 00 2F 7E 7E BC 04 55
19:44:44.556 * tx 21217 F0 16 00 01 D0 04 00 00 19 81 00 00 3D 00 00 00 01 00 00 C3 01 55
19:44:44.565 * rx 21226 F0 10 00 02 00 02 FF FF 01 00 00 00 00 13 02 55
19:44:44.576 * rx 21226 F0 10 00 02 00 02 FF FF 02 00 00 00 00 14 02 55
19:44:44.587 * rx 21226 +0/105#4746 F0 69 00 01 D0 05 05 14 05 14 01 00 00 00 02 AA 00 AA 00 54 01 54 01 00 00 00 00 07 80 FF F2 00 F0 00 2E 01 00 00 A0 36 1A 0C 09 05 D0 F8 F8 FF 00 00 00 00 00 00 00 00 00 00 00 00 00 00 00 00
19:44:44.600 * rx 21226 +64/105#4746 00 00 00 00 01 00 10 00 10 07 00 00 00 00 00 00 00 00 00 DD DD 00 00 F3 00 70 00 00 00 00 00 70 00 00 00 00 00 11 98 0F 55
19:44:44.609 * rx 21226 F0 30 00 01 D0 06 82 00 CE 3F D8 0F 10 EE 3E 51 44 5E 00 01 00 1C 28 28 1B 00 CD 3F 00 00 87 00 45 02 00 00 00 00 00 00 00 00 00 00 00 0E 08 55
19:44:44.623 * tx 21233 F0 20 00 01 D1 03 C2 2E 00 B2 11 B2 11 1C 00 00 06 00 00 02 00 02 01 00 00 00 2F 7F 7F BF 04 55
19:44:44.634 * tx 21234 F0 16 00 01 D1 04 00 00 19 81 00 00 3D 00 00 00 01 00 00 C4 01 55
19:44:44.653 * rx 21242 F0 10 00 02 00 02 FF FF 01 00 00 00 00 13 02 55
19:44:44.665 * rx 21242 +0/105#4749 F0 69 00 01 D1 05 05 14 05 14 01 00 00 00 02 AA 00 AA 00 54 01 54 01 00 00 00 00 07 80 FF F2 00 F0 00 2E 01 00 00 A0 36 1A 0C 09 05 25 D4 30 08 04 04 00 00 00 00 00 00 00 00 00 00 00 00 00 00
19:44:44.680 * rx 21242 +64/105#4749 00 00 00 00 01 00 10 00 10 07 00 00 00 00 00 00 00 00 00 DD DD 00 00 F3 00 70 00 00 00 00 00 70 00 00 00 00 00 11 13 0D 55
19:44:44.692 * rx 21242 F0 10 00 02 00 02 FF FF 02 00 00 00 00 14 02 55
19:44:44.707 * rx 21242 F0 30 00 01 D1 06 82 00 CE 3F D8 0F 10 EE 3E 51 44 5E 00 01 00 1C 28 28 1B 00 CD 3F 00 00 87 00 45 02 00 00 00 00 00 00 00 00 00 00 00 0F 08 55
19:44:44.717 * tx 21252 F0 20 00 01 D2 03 C2 2E 00 B2 11 B2 11 1C 00 00 06 00 00 02 00 02 01 00 00 00 2F 80 80 C2 04 55
19:44:44.731 * tx 21252 F0 16 00 01 D2 04 00 00 19 81 00 00 3D 00 00 00 01 00 00 C5 01 55
19:44:44.740 * rx 21259 F0 10 00 02 00 02 FF FF 01 00 00 00 00 13 02 55
19:44:44.755 * rx 21259 +0/105#4753 F0 69 00 01 D2 05 05 14 05 14 01 00 00 00 02 AA 00 AA 00 54 01 54 01 00 00 00 00 07 80 FF F2 00 F0 00 2E 01 00 00 A0 36 1A 0C 09 05 D0 F8 F8 FF 00 00 00 00 00 00 00 00 00 00 00 00 00 00 00 00
19:44:44.766 * rx 21259 +64/105#4753 00 00 00 00 01 00 10 00 10 07 00 00 00 00 00 00 00 00 00 DD DD 00 00 F3 00 70 00 00 00 00 00 70 00 00 00 00 00 11 9A 0F 55
19:44:44.782 * tx 21267 F0 20 00 01 D3 03 C2 2E 00 B2 11 B2 11 1C 00 00 06 00 00 02 00 02 01 00 00 00 2F 81 81 C5 04 55
19:44:44.793 * tx 21267 F0 16 00 01 D3 04 00 00 19 81 00 00 3D 00 00 00 01 00 00 C6 01 55
19:44:44.812 * tx 21284 F0 20 00 01 D4 03 C2 2E 00 B2 11 B2 11 1C 00 00 06 00 00 02 00 02 01 00 00 00 2F 82 82 C8 04 55
19:44:44.823 * tx 21284 F0 16 00 01 D4 04 00 00 19 81 00 00 3D 00 00 00 01 00 00 C7 01 55
19:44:44.837 * tx 21302 F0 20 00 01 D5 03 C2 2E 00 B2 11 B2 11 1C 00 00 06 00 00 02 00 02 01 00 00 00 2F 83 83 CB 04 55
19:44:44.848 * tx 21302 F0 16 00 01 D5 04 00 00 19 81 00 00 3D 00 00 00 01 00 00 C8 01 55
19:44:44.864 * tx 21317 F0 20 00 01 D6 03 C2 2E 00 B2 11 B2 11 1C 00 00 06 00 00 02 00 02 01 00 00 00 2F 84 84 CE 04 55
19:44:44.876 * tx 21317 F0 16 00 01 D6 04 00 00 19 81 00 00 3D 00 00 00 01 00 00 C9 01 55
19:44:44.894 * tx 21334 F0 20 00 01 D7 03 C2 2E 00 B2 11 B2 11 1C 00 00 06 00 00 02 00 02 01 00 00 00 2F 85 85 D1 04 55
19:44:44.904 * tx 21334 F0 16 00 01 D7 04 00 00 19 81 00 00 3D 00 00 00 01 00 00 CA 01 55
19:44:44.920 * tx 21352 F0 20 00 01 D8 03 C2 2E 00 B2 11 B2 11 1C 00 00 06 00 00 02 00 02 01 00 00 00 2F 86 86 D4 04 55
19:44:44.936 * tx 21352 F0 16 00 01 D8 04 00 00 19 81 00 00 3D 00 00 00 01 00 00 CB 01 55
19:44:44.955 * tx 21367 F0 20 00 01 D9 03 C2 2E 00 B2 11 B2 11 1C 00 00 06 00 00 02 00 02 01 00 00 00 2F 87 87 D7 04 55
19:44:44.967 * tx 21367 F0 16 00 01 D9 04 00 00 19 81 00 00 3D 00 00 00 01 00 00 CC 01 55
19:44:44.987 * tx 21384 F0 20 00 01 DA 03 C2 2E 00 B2 11 B2 11 1C 00 00 06 00 00 02 00 02 01 00 00 00 2F 88 88 DA 04 55
19:44:44.999 * tx 21384 F0 16 00 01 DA 04 00 00 19 81 00 00 3D 00 00 00 01 00 00 CD 01 55
19:44:45.018 * tx 21402 F0 20 00 01 DB 03 C2 2E 00 B2 11 B2 11 1C 00 00 06 00 00 02 00 02 01 00 00 00 2F 89 89 DD 04 55
19:44:45.031 * tx 21402 F0 16 00 01 DB 04 00 00 19 81 00 00 3D 00 00 00 01 00 00 CE 01 55
19:44:45.054 * tx 21417 F0 20 00 01 DC 03 C2 2E 00 B2 11 B2 11 1C 00 00 06 00 00 02 00 02 01 00 00 00 2F 8A 8A E0 04 55
19:44:45.066 * tx 21417 F0 16 00 01 DC 04 00 00 19 81 00 00 3D 00 00 00 01 00 00 CF 01 55
19:44:45.081 * tx 21434 F0 20 00 01 DD 03 C2 2E 00 B2 11 B2 11 1C 00 00 06 00 00 02 00 02 01 00 00 00 2F 8B 8B E3 04 55
19:44:45.091 * tx 21434 F0 16 00 01 DD 04 00 00 19 81 00 00 3D 00 00 00 01 00 00 D0 01 55
19:44:45.105 * tx 21452 F0 20 00 01 DE 03 C2 2E 00 B2 11 B2 11 1C 00 00 06 00 00 02 00 02 01 00 00 00 2F 8C 8C E6 04 55
19:44:45.114 * tx 21452 F0 16 00 01 DE 04 00 00 19 81 00 00 3D 00 00 00 01 00 00 D1 01 55
19:44:45.133 * tx 21467 F0 20 00 01 DF 03 C2 2E 00 B2 11 B2 11 1C 00 00 06 00 00 02 00 02 01 00 00 00 2F 8D 8D E9 04 55
19:44:45.146 * tx 21467 F0 16 00 01 DF 04 00 00 19 81 00 00 3D 00 00 00 01 00 00 D2 01 55
19:44:45.163 * tx 21484 F0 20 00 01 E0 03 C2 2E 00 B2 11 B2 11 1C 00 00 06 00 00 02 00 02 01 00 00 00 2F 8E 8E EC 04 55
19:44:45.174 * tx 21484 F0 16 00 01 E0 04 00 00 19 81 00 00 3D 00 00 00 01 00 00 D3 01 55
19:44:45.193 * tx 21502 F0 20 00 01 E1 03 C2 2E 00 B2 11 B2 11 1C 00 00 06 00 00 02 00 02 01 00 00 00 2F 8F 8F EF 04 55
19:44:45.206 * tx 21502 F0 16 00 01 E1 04 00 00 19 81 00 00 3D 00 00 00 01 00 00 D4 01 55
19:44:45.226 * tx 21517 F0 20 00 01 E2 03 C2 2E 00 B2 11 B2 11 1C 00 00 06 00 00 02 00 02 01 00 00 00 2F 90 90 F2 04 55
19:44:45.238 * tx 21517 F0 16 00 01 E2 04 00 00 19 81 00 00 3D 00 00 00 01 00 00 D5 01 55
19:44:45.254 * tx 21534 F0 20 00 01 E3 03 C2 2E 00 B2 11 B2 11 1C 00 00 06 00 00 02 00 02 01 00 00 00 2F 91 91 F5 04 55
19:44:45.265 * tx 21534 F0 16 00 01 E3 04 00 00 19 81 00 00 3D 00 00 00 01 00 00 D6 01 55
19:44:45.282 * tx 21552 F0 20 00 01 E4 03 C2 2E 00 B2 11 B2 11 1C 00 00 06 00 00 02 00 02 01 00 00 00 2F 92 92 F8 04 55
19:44:45.294 * tx 21552 F0 16 00 01 E4 04 00 00 19 81 00 00 3D 00 00 00 01 00 00 D7 01 55
19:44:45.311 * tx 21567 F0 20 00 01 E5 03 C2 2E 00 B2 11 B2 11 1C 00 00 06 00 00 02 00 02 01 00 00 00 2F 93 93 FB 04 55
19:44:45.322 * tx 21567 F0 16 00 01 E5 04 00 00 19 81 00 00 3D 00 00 00 01 00 00 D8 01 55
19:44:45.341 * tx 21584 F0 20 00 01 E6 03 C2 2E 00 B2 11 B2 11 1C 00 00 06 00 00 02 00 02 01 00 00 00 2F 94 94 FE 04 55
19:44:45.352 * tx 21584 F0 16 00 01 E6 04 00 00 19 81 00 00 3D 00 00 00 01 00 00 D9 01 55
19:44:45.375 * tx 21602 F0 20 00 01 E7 03 C2 2E 00 B2 11 B2 11 1C 00 00 06 00 00 02 00 02 01 00 00 00 2F 95 95 01 05 55
19:44:45.386 * tx 21602 F0 16 00 01 E7 04 00 00 19 81 00 00 3D 00 00 00 01 00 00 DA 01 55
19:44:45.403 * tx 21617 F0 20 00 01 E8 03 C2 2E 00 B2 11 B2 11 1C 00 00 06 00 00 02 00 02 01 00 00 00 2F 96 96 04 05 55
19:44:45.414 * tx 21617 F0 16 00 01 E8 04 00 00 19 81 00 00 3D 00 00 00 01 00 00 DB 01 55
19:44:45.431 * tx 21634 F0 20 00 01 E9 03 C2 2E 00 B2 11 B2 11 1C 00 00 06 00 00 02 00 02 01 00 00 00 2F 97 97 07 05 55
19:44:45.443 * tx 21634 F0 16 00 01 E9 04 00 00 19 81 00 00 3D 00 00 00 01 00 00 DC 01 55
19:44:45.467 * tx 21652 F0 20 00 01 EA 03 C2 2E 00 B2 11 B2 11 1C 00 00 06 00 00 02 00 02 01 00 00 00 2F 98 98 0A 05 55
19:44:45.480 * tx 21652 F0 16 00 01 EA 04 00 00 19 81 00 00 3D 00 00 00 01 00 00 DD 01 55
19:44:45.501 * tx 21667 F0 20 00 01 EB 03 C2 2E 00 B2 11 B2 11 1C 00 00 06 00 00 02 00 02 01 00 00 00 2F 99 99 0D 05 55
19:44:45.511 * tx 21667 F0 16 00 01 EB 04 00 00 19 81 00 00 3D 00 00 00 01 00 00 DE 01 55
19:44:45.530 * tx 21684 F0 20 00 01 EC 03 C2 2E 00 B2 11 B2 11 1C 00 00 06 00 00 02 00 02 01 00 00 00 2F 9A 9A 10 05 55
19:44:45.541 * tx 21684 F0 16 00 01 EC 04 00 00 19 81 00 00 3D 00 00 00 01 00 00 DF 01 55
19:44:45.559 * tx 21702 F0 20 00 01 ED 03 C2 2E 00 B2 11 B2 11 1C 00 00 06 00 00 02 00 02 01 00 00 00 2F 9B 9B 13 05 55
19:44:45.572 * tx 21702 F0 16 00 01 ED 04 00 00 19 81 00 00 3D 00 00 00 01 00 00 E0 01 55
19:44:45.593 * tx 21717 F0 20 00 01 EE 03 C2 2E 00 B2 11 B2 11 1C 00 00 06 00 00 02 00 02 01 00 00 00 2F 9C 9C 16 05 55
19:44:45.604 * tx 21717 F0 16 00 01 EE 04 00 00 19 81 00 00 3D 00 00 00 01 00 00 E1 01 55
19:44:45.621 * tx 21734 F0 20 00 01 EF 03 C2 2E 00 B2 11 B2 11 1C 00 00 06 00 00 02 00 02 01 00 00 00 2F 9D 9D 19 05 55
19:44:45.633 * tx 21734 F0 16 00 01 EF 04 00 00 19 81 00 00 3D 00 00 00 01 00 00 E2 01 55
19:44:45.651 * tx 21752 F0 20 00 01 00 03 C2 2E 00 B2 11 B2 11 1C 00 00 06 00 00 02 00 02 01 00 00 00 2F 9E 9E 2C 04 55
19:44:45.664 * tx 21752 F0 16 00 01 00 04 00 00 19 81 00 00 3D 00 00 00 01 00 00 F3 00 55
19:44:45.684 * tx 21767 F0 20 00 01 01 03 C2 2E 00 B2 11 B2 11 1C 00 00 06 00 00 02 00 02 01 00 00 00 2F 9F 9F 2F 04 55
19:44:45.700 * tx 21767 F0 16 00 01 01 04 00 00 19 81 00 00 3D 00 00 00 01 00 00 F4 00 55
19:44:45.718 * tx 21784 F0 20 00 01 02 03 C2 2E 00 B2 11 B2 11 1C 00 00 06 00 00 02 00 02 01 00 00 00 2F A0 A0 32 04 55
19:44:45.729 * tx 21784 F0 16 00 01 02 04 00 00 19 81 00 00 3D 00 00 00 01 00 00 F5 00 55
19:44:45.750 * tx 21802 F0 20 00 01 03 03 C2 2E 00 B2 11 B2 11 1C 00 00 06 00 00 02 00 02 01 00 00 00 2F A1 A1 35 04 55
19:44:45.762 * tx 21802 F0 16 00 01 03 04 00 00 19 81 00 00 3D 00 00 00 01 00 00 F6 00 55
19:44:45.785 * tx 21817 F0 20 00 01 04 03 C2 2E 00 B2 11 B2 11 1C 00 00 06 00 00 02 00 02 01 00 00 00 2F A2 A2 38 04 55
19:44:45.800 * tx 21817 F0 16 00 01 04 04 00 00 19 81 00 00 3D 00 00 00 01 00 00 F7 00 55
19:44:45.822 * tx 21834 F0 20 00 01 05 03 C2 2E 00 B2 11 B2 11 1C 00 00 06 00 00 02 00 02 01 00 00 00 2F A3 A3 3B 04 55
19:44:45.833 * tx 21834 F0 16 00 01 05 04 00 00 19 81 00 00 3D 00 00 00 01 00 00 F8 00 55
19:44:45.851 * tx 21852 F0 20 00 01 06 03 C2 2E 00 B2 11 B2 11 1C 00 00 06 00 00 02 00 02 01 00 00 00 2F A4 A4 3E 04 55
19:44:45.863 * tx 21852 F0 16 00 01 06 04 00 00 19 81 00 00 3D 00 00 00 01 00 00 F9 00 55
19:44:45.880 * tx 21867 F0 20 00 01 07 03 C2 2E 00 B2 11 B2 11 1C 00 00 06 00 00 02 00 02 01 00 00 00 2F A5 A5 41 04 55
19:44:45.891 * tx 21867 F0 16 00 01 07 04 00 00 19 81 00 00 3D 00 00 00 01 00 00 FA 00 55
19:44:45.909 * tx 21884 F0 20 00 01 08 03 C2 2E 00 B2 11 B2 11 1C 00 00 06 00 00 02 00 02 01 00 00 00 2F A6 A6 44 04 55
19:44:45.921 * tx 21884 F0 16 00 01 08 04 00 00 19 81 00 00 3D 00 00 00 01 00 00 FB 00 55
19:44:45.943 * tx 21902 F0 20 00 01 09 03 C2 2E 00 B2 11 B2 11 1C 00 00 06 00 00 02 00 02 01 00 00 00 2F A7 A7 47 04 55
19:44:45.958 * tx 21902 F0 16 00 01 09 04 00 00 19 81 00 00 3D 00 00 00 01 00 00 FC 00 55
19:44:45.976 * tx 21917 F0 20 00 01 0A 03 C2 2E 00 B2 11 B2 11 1C 00 00 06 00 00 02 00 02 01 00 00 00 2F A8 A8 4A 04 55
19:44:45.990 * tx 21917 F0 16 00 01 0A 04 00 00 19 81 00 00 3D 00 00 00 01 00 00 FD 00 55
19:44:46.009 * tx 21934 F0 20 00 01 0B 03 C2 2E 00 B2 11 B2 11 1C 00 00 06 00 00 02 00 02 01 00 00 00 2F A9 A9 4D 04 55
19:44:46.021 * tx 21934 F0 16 00 01 0B 04 00 00 19 81 00 00 3D 00 00 00 01 00 00 FE 00 55
19:44:46.040 * tx 21952 F0 20 00 01 0C 03 C2 2E 00 B2 11 B2 11 1C 00 00 06 00 00 02 00 02 01 00 00 00 2F AA AA 50 04 55
19:44:46.053 * tx 21952 F0 16 00 01 0C 04 00 00 19 81 00 00 3D 00 00 00 01 00 00 FF 00 55
19:44:46.072 * tx 21967 F0 20 00 01 0D 03 C2 2E 00 B2 11 B2 11 1C 00 00 06 00 00 02 00 02 01 00 00 00 2F AB AB 53 04 55
19:44:46.084 * tx 21967 F0 16 00 01 0D 04 00 00 19 81 00 00 3D 00 00 00 01 00 00 00 01 55
19:44:46.103 * tx 21984 F0 20 00 01 0E 03 C2 2E 00 B2 11 B2 11 1C 00 00 06 00 00 02 00 02 01 00 00 00 2F AC AC 56 04 55
19:44:46.116 * tx 21984 F0 16 00 01 0E 04 00 00 19 81 00 00 3D 00 00 00 01 00 00 01 01 55
19:44:46.135 * tx 22002 F0 20 00 01 0F 03 C2 2E 00 B2 11 B2 11 1C 00 00 06 00 00 02 00 02 01 00 00 00 2F AD AD 59 04 55
19:44:46.147 * tx 22002 F0 16 00 01 0F 04 00 00 19 81 00 00 3D 00 00 00 01 00 00 02 01 55
19:44:46.167 * tx 22017 F0 20 00 01 10 03 C2 2E 00 B2 11 B2 11 1C 00 00 06 00 00 02 00 02 01 00 00 00 2F AE AE 5C 04 55
19:44:46.178 * tx 22017 F0 16 00 01 10 04 00 00 19 81 00 00 3D 00 00 00 01 00 00 03 01 55
19:44:46.199 * tx 22034 F0 20 00 01 11 03 C2 2E 00 B2 11 B2 11 1C 00 00 06 00 00 02 00 02 01 00 00 00 2F AF AF 5F 04 55
19:44:46.213 * tx 22034 F0 16 00 01 11 04 00 00 19 81 00 00 3D 00 00 00 01 00 00 04 01 55
19:44:46.234 * tx 22052 F0 20 00 01 12 03 C2 2E 00 B2 11 B2 11 1C 00 00 06 00 00 02 00 02 01 00 00 00 2F B0 B0 62 04 55
19:44:46.248 * tx 22052 F0 16 00 01 12 04 00 00 19 81 00 00 3D 00 00 00 01 00 00 05 01 55
19:44:46.271 * tx 22067 F0 20 00 01 13 03 C2 2E 00 B2 11 B2 11 1C 00 00 06 00 00 02 00 02 01 00 00 00 2F B1 B1 65 04 55
19:44:46.283 * tx 22067 F0 16 00 01 13 04 00 00 19 81 00 00 3D 00 00 00 01 00 00 06 01 55
19:44:46.303 * tx 22084 F0 20 00 01 14 03 C2 2E 00 B2 11 B2 11 1C 00 00 06 00 00 02 00 02 01 00 00 00 2F B2 B2 68 04 55
19:44:46.320 * tx 22084 F0 16 00 01 14 04 00 00 19 81 00 00 3D 00 00 00 01 00 00 07 01 55
19:44:46.342 * tx 22102 F0 20 00 01 15 03 C2 2E 00 B2 11 B2 11 1C 00 00 06 00 00 02 00 02 01 00 00 00 2F B3 B3 6B 04 55
19:44:46.357 * tx 22102 F0 16 00 01 15 04 00 00 19 81 00 00 3D 00 00 00 01 00 00 08 01 55
19:44:46.377 * tx 22117 F0 20 00 01 16 03 C2 2E 00 B2 11 B2 11 1C 00 00 06 00 00 02 00 02 01 00 00 00 2F B4 B4 6E 04 55
19:44:46.390 * tx 22117 F0 16 00 01 16 04 00 00 19 81 00 00 3D 00 00 00 01 00 00 09 01 55
19:44:46.409 * tx 22134 F0 20 00 01 17 03 C2 2E 00 B2 11 B2 11 1C 00 00 06 00 00 02 00 02 01 00 00 00 2F B5 B5 71 04 55
19:44:46.421 * tx 22134 F0 16 00 01 17 04 00 00 19 81 00 00 3D 00 00 00 01 00 00 0A 01 55
19:44:46.439 * rxflood suppressed=210 in_last_window rx_frames=4964 (DUMP <type> pour voir une trame)
19:44:46.451 * rx 22142 F0 10 00 02 00 02 FF FF 01 00 00 00 00 13 02 55
19:44:46.477 * rx 22142 +0/105#4965 F0 69 00 01 17 05 05 14 05 14 01 00 00 00 02 AA 00 AA 00 54 01 54 01 00 00 00 00 07 80 FF F2 00 F0 00 2E 01 00 00 A0 36 1A 0C 09 05 25 D4 30 08 04 04 00 00 00 00 00 00 00 00 00 00 00 00 00 00
19:44:46.492 * rx 22142 +64/105#4965 00 00 00 00 01 00 10 00 30 07 00 00 00 00 00 00 00 00 00 DD DD 00 00 F3 00 70 00 00 00 00 00 70 00 00 00 00 00 11 79 0C 55
19:44:46.513 * rx 22142 F0 10 00 02 00 02 FF FF 02 00 00 00 00 14 02 55
19:44:46.531 * rx 22142 F0 30 00 01 17 06 82 00 CE 3F D8 0F 10 EE 3E 51 44 5E 00 01 00 1C 28 28 1B 00 CD 3F 00 00 87 00 45 02 00 00 00 00 00 00 00 00 00 00 00 55 07 55
19:44:46.555 * tx 22152 F0 20 00 01 18 03 C2 2E 00 B2 11 B2 11 1C 00 00 06 00 00 02 00 02 01 00 00 00 2F B6 B6 74 04 55
19:44:46.569 * tx 22152 F0 16 00 01 18 04 00 00 19 81 00 00 3D 00 00 00 01 00 00 0B 01 55
19:44:46.593 * rx 22159 F0 10 00 02 00 02 FF FF 01 00 00 00 00 13 02 55
19:44:46.605 * rx 22159 +0/105#4969 F0 69 00 01 18 05 05 14 05 14 01 00 00 00 02 AA 00 AA 00 54 01 54 01 00 00 00 00 07 80 FF F2 00 F0 00 2E 01 00 00 A0 36 1A 0C 09 05 D0 F8 F8 FF 00 00 00 00 00 00 00 00 00 00 00 00 00 00 00 00
19:44:46.628 * rx 22159 +64/105#4969 00 00 00 00 01 00 10 00 30 07 00 00 00 00 00 00 00 00 00 DD DD 00 00 F3 00 70 00 00 00 00 00 70 00 00 00 00 00 11 00 0F 55
19:44:46.640 * rx 22159 F0 10 00 02 00 02 FF FF 02 00 00 00 00 14 02 55
19:44:46.664 * rx 22159 F0 30 00 01 18 06 82 00 CE 3F D8 0F 10 EE 3E 51 44 5E 00 01 00 1C 28 28 1B 00 CD 3F 00 00 87 00 45 02 00 00 00 00 00 00 00 00 00 00 00 56 07 55
19:44:46.680 * tx 22167 F0 20 00 01 19 03 C2 2E 00 B2 11 B2 11 1C 00 00 06 00 00 02 00 02 01 00 00 00 2F B7 B7 77 04 55
19:44:46.705 * tx 22167 F0 16 00 01 19 04 00 00 19 81 00 00 3D 00 00 00 01 00 00 0C 01 55
19:44:46.719 * rx 22176 F0 10 00 02 00 02 FF FF 01 00 00 00 00 13 02 55
19:44:46.742 * rx 22176 F0 10 00 02 00 02 FF FF 02 00 00 00 00 14 02 55
19:44:46.755 * rx 22176 +0/105#4974 F0 69 00 01 19 05 05 14 05 14 01 00 00 00 02 AA 00 AA 00 54 01 54 01 00 00 00 00 07 80 FF F2 00 F0 00 2E 01 00 00 A0 36 1A 0C 09 05 25 D4 30 08 04 04 00 00 00 00 00 00 00 00 00 00 00 00 00 00
19:44:46.777 * rx 22176 +64/105#4974 00 00 00 00 01 00 10 00 30 07 00 00 00 00 00 00 00 00 00 DD DD 00 00 F3 00 70 00 00 00 00 00 70 00 00 00 00 00 11 7B 0C 55
19:44:46.792 * rx 22176 F0 30 00 01 19 06 82 00 CE 3F D8 0F 10 EE 3E 51 44 5E 00 01 00 1C 28 28 1B 00 CD 3F 00 00 87 00 45 02 00 00 00 00 00 00 00 00 00 00 00 57 07 55
19:44:46.818 * tx 22183 F0 20 00 01 1A 03 C2 2E 00 B2 11 B2 11 1C 00 00 06 00 00 02 00 02 01 00 00 00 2F B8 B8 7A 04 55
19:44:46.832 * tx 22184 F0 16 00 01 1A 04 00 00 19 81 00 00 3D 00 00 00 01 00 00 0D 01 55
19:44:46.860 * rx 22192 F0 10 00 02 00 02 FF FF 01 00 00 00 00 13 02 55
19:44:46.873 * rx 22192 +0/105#4977 F0 69 00 01 1A 05 05 14 05 14 01 00 00 00 02 AA 00 AA 00 54 01 54 01 00 00 00 00 07 80 FF F2 00 F0 00 2E 01 00 00 A0 36 1A 0C 09 05 D0 F8 F8 FF 00 00 00 00 00 00 00 00 00 00 00 00 00 00 00 00
19:44:46.896 * rx 22192 +64/105#4977 00 00 00 00 01 00 10 00 30 07 00 00 00 00 00 00 00 00 00 DD DD 00 00 F3 00 70 00 00 00 00 00 70 00 00 00 00 00 11 02 0F 55
19:44:46.911 * rx 22192 F0 10 00 02 00 02 FF FF 02 00 00 00 00 14 02 55
19:44:46.937 * rx 22192 F0 30 00 01 1A 06 82 00 CE 3F D8 0F 10 EE 3E 51 44 5E 00 01 00 1C 28 28 1B 00 CD 3F 00 00 87 00 45 02 00 00 00 00 00 00 00 00 00 00 00 58 07 55
19:44:46.953 * tx 22202 F0 20 00 01 1B 03 C2 2E 00 B2 11 B2 11 1C 00 00 06 00 00 02 00 02 01 00 00 00 2F B9 B9 7D 04 55
19:44:46.980 * tx 22202 F0 16 00 01 1B 04 00 00 19 81 00 00 3D 00 00 00 01 00 00 0E 01 55
19:44:46.994 * rx 22209 F0 10 00 02 00 02 FF FF 01 00 00 00 00 13 02 55
19:44:47.019 * rx 22209 +0/105#4981 F0 69 00 01 1B 05 05 14 05 14 01 00 00 00 02 AA 00 AA 00 54 01 54 01 00 00 00 00 07 80 FF F2 00 F0 00 2E 01 00 00 A0 36 1A 0C 09 05 25 D4 30 08 04 04 00 00 00 00 00 00 00 00 00 00 00 00 00 00
19:44:47.035 * rx 22209 +64/105#4981 00 00 00 00 01 00 10 00 30 07 00 00 00 00 00 00 00 00 00 DD DD 00 00 F3 00 70 00 00 00 00 00 70 00 00 00 00 00 11 7D 0C 55
19:44:47.059 * rx 22209 F0 10 00 02 00 02 FF FF 02 00 00 00 00 14 02 55
19:44:47.074 * rx 22209 F0 30 00 01 1B 06 82 00 CE 3F D8 0F 10 EE 3E 51 44 5E 00 01 00 1C 28 28 1B 00 CD 3F 00 00 87 00 45 02 00 00 00 00 00 00 00 00 00 00 00 59 07 55
19:44:47.096 * tx 22217 F0 20 00 01 1C 03 C2 2E 00 B2 11 B2 11 1C 00 00 06 00 00 02 00 02 01 00 00 00 2F BA BA 80 04 55
19:44:47.109 * tx 22217 F0 16 00 01 1C 04 00 00 19 81 00 00 3D 00 00 00 01 00 00 0F 01 55
19:44:47.132 * rx 22226 F0 10 00 02 00 02 FF FF 01 00 00 00 00 13 02 55
19:44:47.147 * rx 22226 F0 10 00 02 00 02 FF FF 02 00 00 00 00 14 02 55
19:44:47.171 * rx 22226 +0/105#4986 F0 69 00 01 1C 05 05 14 05 14 01 00 00 00 02 AA 00 AA 00 54 01 54 01 00 00 00 00 07 80 FF F2 00 F0 00 2E 01 00 00 A0 36 1A 0C 09 05 D0 F8 F8 FF 00 00 00 00 00 00 00 00 00 00 00 00 00 00 00 00
19:44:47.185 * rx 22226 +64/105#4986 00 00 00 00 01 00 10 00 30 07 00 00 00 00 00 00 00 00 00 DD DD 00 00 F3 00 70 00 00 00 00 00 70 00 00 00 00 00 11 04 0F 55
19:44:47.210 * rx 22226 F0 30 00 01 1C 06 82 00 CE 3F D8 0F 10 EE 3E 51 44 5E 00 01 00 1C 28 28 1B 00 CD 3F 00 00 87 00 45 02 00 00 00 00 00 00 00 00 00 00 00 5A 07 55
19:44:47.227 * tx 22233 F0 20 00 01 1D 03 C2 2E 00 B2 11 B2 11 1C 00 00 06 00 00 02 00 02 01 00 00 00 2F BB BB 83 04 55
19:44:47.253 * tx 22234 F0 16 00 01 1D 04 00 00 19 81 00 00 3D 00 00 00 01 00 00 10 01 55
19:44:47.266 * rx 22242 F0 10 00 02 00 02 FF FF 01 00 00 00 00 13 02 55
19:44:47.292 * rx 22242 +0/105#4989 F0 69 00 01 1D 05 05 14 05 14 01 00 00 00 02 AA 00 AA 00 54 01 54 01 00 00 00 00 07 80 FF F2 00 F0 00 2E 01 00 00 A0 36 1A 0C 09 05 25 D4 30 08 04 04 00 00 00 00 00 00 00 00 00 00 00 00 00 00
19:44:47.307 * rx 22242 +64/105#4989 00 00 00 00 01 00 10 00 30 07 00 00 00 00 00 00 00 00 00 DD DD 00 00 F3 00 70 00 00 00 00 00 70 00 00 00 00 00 11 7F 0C 55
19:44:47.338 * rx 22242 F0 10 00 02 00 02 FF FF 02 00 00 00 00 14 02 55
19:44:47.357 * rx 22242 F0 30 00 01 1D 06 82 00 CE 3F D8 0F 10 EE 3E 51 44 5E 00 01 00 1C 28 28 1B 00 CD 3F 00 00 87 00 45 02 00 00 00 00 00 00 00 00 00 00 00 5B 07 55
19:44:47.379 * tx 22252 F0 20 00 01 1E 03 C2 2E 00 B2 11 B2 11 1C 00 00 06 00 00 02 00 02 01 00 00 00 2F BC BC 86 04 55
19:44:47.400 * tx 22252 F0 16 00 01 1E 04 00 00 19 81 00 00 3D 00 00 00 01 00 00 11 01 55
19:44:47.428 * rx 22259 F0 10 00 02 00 02 FF FF 01 00 00 00 00 13 02 55
19:44:47.451 * rx 22259 +0/105#4993 F0 69 00 01 1E 05 05 14 05 14 01 00 00 00 02 AA 00 AA 00 54 01 54 01 00 00 00 00 07 80 FF F2 00 F0 00 2E 01 00 00 A0 36 1A 0C 09 05 D0 F8 F8 FF 00 00 00 00 00 00 00 00 00 00 00 00 00 00 00 00
19:44:47.481 * rx 22259 +64/105#4993 00 00 00 00 01 00 10 00 30 07 00 00 00 00 00 00 00 00 00 DD DD 00 00 F3 00 70 00 00 00 00 00 70 00 00 00 00 00 11 06 0F 55
19:44:47.499 * tx 22267 F0 20 00 01 1F 03 C2 2E 00 B2 11 B2 11 1C 00 00 06 00 00 02 00 02 01 00 00 00 2F BD BD 89 04 55
19:44:47.524 * tx 22267 F0 16 00 01 1F 04 00 00 19 81 00 00 3D 00 00 00 01 00 00 12 01 55
19:44:47.538 * tx 22284 F0 20 00 01 20 03 C2 2E 00 B2 11 B2 11 1C 00 00 06 00 00 02 00 02 01 00 00 00 2F BE BE 8C 04 55
19:44:47.559 * tx 22284 F0 16 00 01 20 04 00 00 19 81 00 00 3D 00 00 00 01 00 00 13 01 55
19:44:47.574 * tx 22302 F0 20 00 01 21 03 C2 2E 00 B2 11 B2 11 1C 00 00 06 00 00 02 00 02 01 00 00 00 2F BF BF 8F 04 55
19:44:47.596 * tx 22302 F0 16 00 01 21 04 00 00 19 81 00 00 3D 00 00 00 01 00 00 14 01 55
19:44:47.611 * tx 22317 F0 20 00 01 22 03 C2 2E 00 B2 11 B2 11 1C 00 00 06 00 00 02 00 02 01 00 00 00 2F C0 C0 92 04 55
19:44:47.635 * tx 22317 F0 16 00 01 22 04 00 00 19 81 00 00 3D 00 00 00 01 00 00 15 01 55
19:44:47.655 * tx 22334 F0 20 00 01 23 03 C2 2E 00 B2 11 B2 11 1C 00 00 06 00 00 02 00 02 01 00 00 00 2F C1 C1 95 04 55
19:44:47.683 * tx 22334 F0 16 00 01 23 04 00 00 19 81 00 00 3D 00 00 00 01 00 00 16 01 55
19:44:47.702 * tx 22352 F0 20 00 01 24 03 C2 2E 00 B2 11 B2 11 1C 00 00 06 00 00 02 00 02 01 00 00 00 2F C2 C2 98 04 55
19:44:47.731 * tx 22352 F0 16 00 01 24 04 00 00 19 81 00 00 3D 00 00 00 01 00 00 17 01 55
19:44:47.751 * tx 22367 F0 20 00 01 25 03 C2 2E 00 B2 11 B2 11 1C 00 00 06 00 00 02 00 02 01 00 00 00 2F C3 C3 9B 04 55
19:44:47.781 * tx 22367 F0 16 00 01 25 04 00 00 19 81 00 00 3D 00 00 00 01 00 00 18 01 55
19:44:47.801 * tx 22384 F0 20 00 01 26 03 C2 2E 00 B2 11 B2 11 1C 00 00 06 00 00 02 00 02 01 00 00 00 2F C4 C4 9E 04 55
19:44:47.826 * tx 22384 F0 16 00 01 26 04 00 00 19 81 00 00 3D 00 00 00 01 00 00 19 01 55
19:44:47.842 * tx 22402 F0 20 00 01 27 03 C2 2E 00 B2 11 B2 11 1C 00 00 06 00 00 02 00 02 01 00 00 00 2F C5 C5 A1 04 55
19:44:47.865 * tx 22402 F0 16 00 01 27 04 00 00 19 81 00 00 3D 00 00 00 01 00 00 1A 01 55
19:44:47.883 * tx 22417 F0 20 00 01 28 03 C2 2E 00 B2 11 B2 11 1C 00 00 06 00 00 02 00 02 01 00 00 00 2F C6 C6 A4 04 55
19:44:47.912 * tx 22417 F0 16 00 01 28 04 00 00 19 81 00 00 3D 00 00 00 01 00 00 1B 01 55
19:44:47.932 * tx 22434 F0 20 00 01 29 03 C2 2E 00 B2 11 B2 11 1C 00 00 06 00 00 02 00 02 01 00 00 00 2F C7 C7 A7 04 55
19:44:47.956 * tx 22434 F0 16 00 01 29 04 00 00 19 81 00 00 3D 00 00 00 01 00 00 1C 01 55
19:44:47.972 * tx 22452 F0 20 00 01 2A 03 C2 2E 00 B2 11 B2 11 1C 00 00 06 00 00 02 00 02 01 00 00 00 2F C8 C8 AA 04 55
19:44:47.997 * tx 22452 F0 16 00 01 2A 04 00 00 19 81 00 00 3D 00 00 00 01 00 00 1D 01 55
19:44:48.012 * tx 22467 F0 20 00 01 2B 03 C2 2E 00 B2 11 B2 11 1C 00 00 06 00 00 02 00 02 01 00 00 00 2F C9 C9 AD 04 55
19:44:48.046 * tx 22467 F0 16 00 01 2B 04 00 00 19 81 00 00 3D 00 00 00 01 00 00 1E 01 55
19:44:48.061 * tx 22484 F0 20 00 01 2C 03 C2 2E 00 B2 11 B2 11 1C 00 00 06 00 00 02 00 02 01 00 00 00 2F CA CA B0 04 55
19:44:48.084 * tx 22484 F0 16 00 01 2C 04 00 00 19 81 00 00 3D 00 00 00 01 00 00 1F 01 55
19:44:48.100 * tx 22502 F0 20 00 01 2D 03 C2 2E 00 B2 11 B2 11 1C 00 00 06 00 00 02 00 02 01 00 00 00 2F CB CB B3 04 55
19:44:48.123 * tx 22502 F0 16 00 01 2D 04 00 00 19 81 00 00 3D 00 00 00 01 00 00 20 01 55
19:44:48.139 * tx 22517 F0 20 00 01 2E 03 C2 2E 00 B2 11 B2 11 1C 00 00 06 00 00 02 00 02 01 00 00 00 2F CC CC B6 04 55
19:44:48.162 * tx 22517 F0 16 00 01 2E 04 00 00 19 81 00 00 3D 00 00 00 01 00 00 21 01 55
19:44:48.176 * tx 22534 F0 20 00 01 2F 03 C2 2E 00 B2 11 B2 11 1C 00 00 06 00 00 02 00 02 01 00 00 00 2F CD CD B9 04 55
19:44:48.203 * tx 22534 F0 16 00 01 2F 04 00 00 19 81 00 00 3D 00 00 00 01 00 00 22 01 55
19:44:48.221 * tx 22552 F0 20 00 01 30 03 C2 2E 00 B2 11 B2 11 1C 00 00 06 00 00 02 00 02 01 00 00 00 2F CE CE BC 04 55
19:44:48.252 * tx 22552 F0 16 00 01 30 04 00 00 19 81 00 00 3D 00 00 00 01 00 00 23 01 55
19:44:48.270 * tx 22567 F0 20 00 01 31 03 C2 2E 00 B2 11 B2 11 1C 00 00 06 00 00 02 00 02 01 00 00 00 2F CF CF BF 04 55
19:44:48.291 * tx 22567 F0 16 00 01 31 04 00 00 19 81 00 00 3D 00 00 00 01 00 00 24 01 55
19:44:48.306 * tx 22584 F0 20 00 01 32 03 C2 2E 00 B2 11 B2 11 1C 00 00 06 00 00 02 00 02 01 00 00 00 2F D0 D0 C2 04 55
19:44:48.338 * tx 22584 F0 16 00 01 32 04 00 00 19 81 00 00 3D 00 00 00 01 00 00 25 01 55
19:44:48.357 * tx 22602 F0 20 00 01 33 03 C2 2E 00 B2 11 B2 11 1C 00 00 06 00 00 02 00 02 01 00 00 00 2F D1 D1 C5 04 55
19:44:48.385 * tx 22602 F0 16 00 01 33 04 00 00 19 81 00 00 3D 00 00 00 01 00 00 26 01 55
19:44:48.399 * tx 22617 F0 20 00 01 34 03 C2 2E 00 B2 11 B2 11 1C 00 00 06 00 00 02 00 02 01 00 00 00 2F D2 D2 C8 04 55
19:44:48.423 * tx 22617 F0 16 00 01 34 04 00 00 19 81 00 00 3D 00 00 00 01 00 00 27 01 55
19:44:48.441 * tx 22634 F0 20 00 01 35 03 C2 2E 00 B2 11 B2 11 1C 00 00 06 00 00 02 00 02 01 00 00 00 2F D3 D3 CB 04 55
19:44:48.468 * tx 22634 F0 16 00 01 35 04 00 00 19 81 00 00 3D 00 00 00 01 00 00 28 01 55
19:44:48.483 * tx 22652 F0 20 00 01 36 03 C2 2E 00 B2 11 B2 11 1C 00 00 06 00 00 02 00 02 01 00 00 00 2F D4 D4 CE 04 55
19:44:48.507 * tx 22652 F0 16 00 01 36 04 00 00 19 81 00 00 3D 00 00 00 01 00 00 29 01 55
19:44:48.525 * tx 22667 F0 20 00 01 37 03 C2 2E 00 B2 11 B2 11 1C 00 00 06 00 00 02 00 02 01 00 00 00 2F D5 D5 D1 04 55
19:44:48.548 * tx 22667 F0 16 00 01 37 04 00 00 19 81 00 00 3D 00 00 00 01 00 00 2A 01 55
19:44:48.564 * tx 22684 F0 20 00 01 38 03 C2 2E 00 B2 11 B2 11 1C 00 00 06 00 00 02 00 02 01 00 00 00 2F D6 D6 D4 04 55
19:44:48.593 * tx 22684 F0 16 00 01 38 04 00 00 19 81 00 00 3D 00 00 00 01 00 00 2B 01 55
19:44:48.614 * tx 22702 F0 20 00 01 39 03 C2 2E 00 B2 11 B2 11 1C 00 00 06 00 00 02 00 02 01 00 00 00 2F D7 D7 D7 04 55
19:44:48.640 * tx 22702 F0 16 00 01 39 04 00 00 19 81 00 00 3D 00 00 00 01 00 00 2C 01 55
19:44:48.655 * tx 22717 F0 20 00 01 3A 03 C2 2E 00 B2 11 B2 11 1C 00 00 06 00 00 02 00 02 01 00 00 00 2F D8 D8 DA 04 55
19:44:48.680 * tx 22717 F0 16 00 01 3A 04 00 00 19 81 00 00 3D 00 00 00 01 00 00 2D 01 55
19:44:48.700 * tx 22734 F0 20 00 01 3B 03 C2 2E 00 B2 11 B2 11 1C 00 00 06 00 00 02 00 02 01 00 00 00 2F D9 D9 DD 04 55
19:44:48.726 * tx 22734 F0 16 00 01 3B 04 00 00 19 81 00 00 3D 00 00 00 01 00 00 2E 01 55
19:44:48.742 * tx 22752 F0 20 00 01 3C 03 C2 2E 00 B2 11 B2 11 1C 00 00 06 00 00 02 00 02 01 00 00 00 2F DA DA E0 04 55
19:44:48.766 * tx 22752 F0 16 00 01 3C 04 00 00 19 81 00 00 3D 00 00 00 01 00 00 2F 01 55
19:44:48.781 * tx 22767 F0 20 00 01 3D 03 C2 2E 00 B2 11 B2 11 1C 00 00 06 00 00 02 00 02 01 00 00 00 2F DB DB E3 04 55
19:44:48.805 * tx 22767 F0 16 00 01 3D 04 00 00 19 81 00 00 3D 00 00 00 01 00 00 30 01 55
19:44:48.821 * tx 22784 F0 20 00 01 3E 03 C2 2E 00 B2 11 B2 11 1C 00 00 06 00 00 02 00 02 01 00 00 00 2F DC DC E6 04 55
19:44:48.847 * tx 22784 F0 16 00 01 3E 04 00 00 19 81 00 00 3D 00 00 00 01 00 00 31 01 55
19:44:48.862 * tx 22802 F0 20 00 01 3F 03 C2 2E 00 B2 11 B2 11 1C 00 00 06 00 00 02 00 02 01 00 00 00 2F DD DD E9 04 55
19:44:48.885 * tx 22802 F0 16 00 01 3F 04 00 00 19 81 00 00 3D 00 00 00 01 00 00 32 01 55
19:44:48.907 * tx 22817 F0 20 00 01 40 03 C2 2E 00 B2 11 B2 11 1C 00 00 06 00 00 02 00 02 01 00 00 00 2F DE DE EC 04 55
19:44:48.931 * tx 22817 F0 16 00 01 40 04 00 00 19 81 00 00 3D 00 00 00 01 00 00 33 01 55
19:44:48.947 * tx 22834 F0 20 00 01 41 03 C2 2E 00 B2 11 B2 11 1C 00 00 06 00 00 02 00 02 01 00 00 00 2F DF DF EF 04 55
19:44:48.973 * tx 22834 F0 16 00 01 41 04 00 00 19 81 00 00 3D 00 00 00 01 00 00 34 01 55
19:44:48.993 * tx 22852 F0 20 00 01 42 03 C2 2E 00 B2 11 B2 11 1C 00 00 06 00 00 02 00 02 01 00 00 00 2F E0 E0 F2 04 55
19:44:49.023 * tx 22852 F0 16 00 01 42 04 00 00 19 81 00 00 3D 00 00 00 01 00 00 35 01 55
19:44:49.040 * tx 22867 F0 20 00 01 43 03 C2 2E 00 B2 11 B2 11 1C 00 00 06 00 00 02 00 02 01 00 00 00 2F E1 E1 F5 04 55
19:44:49.068 * tx 22867 F0 16 00 01 43 04 00 00 19 81 00 00 3D 00 00 00 01 00 00 36 01 55
19:44:49.085 * tx 22884 F0 20 00 01 44 03 C2 2E 00 B2 11 B2 11 1C 00 00 06 00 00 02 00 02 01 00 00 00 2F E2 E2 F8 04 55
19:44:49.110 * tx 22884 F0 16 00 01 44 04 00 00 19 81 00 00 3D 00 00 00 01 00 00 37 01 55
19:44:49.127 * tx 22902 F0 20 00 01 45 03 C2 2E 00 B2 11 B2 11 1C 00 00 06 00 00 02 00 02 01 00 00 00 2F E3 E3 FB 04 55
19:44:49.151 * tx 22902 F0 16 00 01 45 04 00 00 19 81 00 00 3D 00 00 00 01 00 00 38 01 55
19:44:49.169 * tx 22917 F0 20 00 01 46 03 C2 2E 00 B2 11 B2 11 1C 00 00 06 00 00 02 00 02 01 00 00 00 2F E4 E4 FE 04 55
19:44:49.201 * tx 22917 F0 16 00 01 46 04 00 00 19 81 00 00 3D 00 00 00 01 00 00 39 01 55
19:44:49.221 * tx 22934 F0 20 00 01 47 03 C2 2E 00 B2 11 B2 11 1C 00 00 06 00 00 02 00 02 01 00 00 00 2F E5 E5 01 05 55
19:44:49.254 * tx 22934 F0 16 00 01 47 04 00 00 19 81 00 00 3D 00 00 00 01 00 00 3A 01 55
19:44:49.274 * tx 22952 F0 20 00 01 48 03 C2 2E 00 B2 11 B2 11 1C 00 00 06 00 00 02 00 02 01 00 00 00 2F E6 E6 04 05 55
19:44:49.304 * tx 22952 F0 16 00 01 48 04 00 00 19 81 00 00 3D 00 00 00 01 00 00 3B 01 55
19:44:49.324 * tx 22967 F0 20 00 01 49 03 C2 2E 00 B2 11 B2 11 1C 00 00 06 00 00 02 00 02 01 00 00 00 2F E7 E7 07 05 55
19:44:49.353 * tx 22967 F0 16 00 01 49 04 00 00 19 81 00 00 3D 00 00 00 01 00 00 3C 01 55
19:44:49.372 * tx 22984 F0 20 00 01 4A 03 C2 2E 00 B2 11 B2 11 1C 00 00 06 00 00 02 00 02 01 00 00 00 2F E8 E8 0A 05 55
19:44:49.401 * tx 22984 F0 16 00 01 4A 04 00 00 19 81 00 00 3D 00 00 00 01 00 00 3D 01 55
19:44:49.422 * tx 23002 F0 20 00 01 4B 03 C2 2E 00 B2 11 B2 11 1C 00 00 06 00 00 02 00 02 01 00 00 00 2F E9 E9 0D 05 55
19:44:49.458 * tx 23002 F0 16 00 01 4B 04 00 00 19 81 00 00 3D 00 00 00 01 00 00 3E 01 55
19:44:49.478 * tx 23017 F0 20 00 01 4C 03 C2 2E 00 B2 11 B2 11 1C 00 00 06 00 00 02 00 02 01 00 00 00 2F EA EA 10 05 55
19:44:49.510 * tx 23017 F0 16 00 01 4C 04 00 00 19 81 00 00 3D 00 00 00 01 00 00 3F 01 55
19:44:49.527 * tx 23033 F0 20 00 01 4D 03 C2 2E 00 B2 11 B2 11 1C 00 00 06 00 00 02 00 02 01 00 00 00 2F EB EB 13 05 55
19:44:49.558 * tx 23034 F0 16 00 01 4D 04 00 00 19 81 00 00 3D 00 00 00 01 00 00 40 01 55
19:44:49.582 * tx 23052 F0 20 00 01 4E 03 C2 2E 00 B2 11 B2 11 1C 00 00 06 00 00 02 00 02 01 00 00 00 2F EC EC 16 05 55
19:44:49.618 * tx 23052 F0 16 00 01 4E 04 00 00 19 81 00 00 3D 00 00 00 01 00 00 41 01 55
19:44:49.643 * tx 23067 F0 20 00 01 4F 03 C2 2E 00 B2 11 B2 11 1C 00 00 06 00 00 02 00 02 01 00 00 00 2F ED ED 19 05 55
19:44:49.676 * tx 23067 F0 16 00 01 4F 04 00 00 19 81 00 00 3D 00 00 00 01 00 00 42 01 55
19:44:49.695 * tx 23084 F0 20 00 01 50 03 C2 2E 00 B2 11 B2 11 1C 00 00 06 00 00 02 00 02 01 00 00 00 2F EE EE 1C 05 55
19:44:49.729 * tx 23084 F0 16 00 01 50 04 00 00 19 81 00 00 3D 00 00 00 01 00 00 43 01 55
19:44:49.745 * tx 23102 F0 20 00 01 51 03 C2 2E 00 B2 11 B2 11 1C 00 00 06 00 00 02 00 02 01 00 00 00 2F EF EF 1F 05 55
19:44:49.773 * tx 23102 F0 16 00 01 51 04 00 00 19 81 00 00 3D 00 00 00 01 00 00 44 01 55
19:44:49.790 * tx 23117 F0 20 00 01 52 03 C2 2E 00 B2 11 B2 11 1C 00 00 06 00 00 02 00 02 01 00 00 00 2F F0 F0 22 05 55
19:44:49.820 * tx 23117 F0 16 00 01 52 04 00 00 19 81 00 00 3D 00 00 00 01 00 00 45 01 55
19:44:49.844 * tx 23134 F0 20 00 01 53 03 C2 2E 00 B2 11 B2 11 1C 00 00 06 00 00 02 00 02 01 00 00 00 2F F1 F1 25 05 55
19:44:49.872 * tx 23134 F0 16 00 01 53 04 00 00 19 81 00 00 3D 00 00 00 01 00 00 46 01 55
19:44:49.895 * rxflood suppressed=210 in_last_window rx_frames=5204 (DUMP <type> pour voir une trame)
19:44:49.922 * rx 23142 F0 10 00 02 00 02 FF FF 01 00 00 00 00 13 02 55
19:44:49.942 * rx 23142 +0/105#5205 F0 69 00 01 53 05 05 14 05 14 01 00 00 00 02 AA 00 AA 00 54 01 54 01 00 00 00 00 07 80 FF F2 00 F0 00 2E 01 00 00 A0 36 1A 0C 09 05 25 D4 30 08 04 04 00 00 00 00 00 00 00 00 00 00 00 00 00 00
19:44:49.979 * rx 23142 +64/105#5205 00 00 00 00 01 00 10 00 30 07 00 00 00 00 00 00 00 00 00 DD DD 00 00 F3 00 70 00 00 00 00 00 70 00 00 00 00 00 11 B5 0C 55
19:44:50.007 * rx 23142 F0 10 00 02 00 02 FF FF 02 00 00 00 00 14 02 55
19:44:50.037 * rx 23142 F0 30 00 01 53 06 82 00 CE 3F D8 0F 10 EE 3E 51 44 5E 00 01 00 1C 28 28 1B 00 CD 3F 00 00 87 00 45 02 00 00 00 00 00 00 00 00 00 00 00 91 07 55
19:44:50.057 * tx 23152 F0 20 00 01 54 03 C2 2E 00 B2 11 B2 11 1C 00 00 06 00 00 02 00 02 01 00 00 00 2F F2 F2 28 05 55
19:44:50.086 * tx 23152 F0 16 00 01 54 04 00 00 19 81 00 00 3D 00 00 00 01 00 00 47 01 55
19:44:50.108 * rx 23159 F0 10 00 02 00 02 FF FF 01 00 00 00 00 13 02 55
19:44:50.139 * rx 23159 +64/105#5209 00 00 00 00 01 00 10 00 30 07 00 00 00 00 00 00 00 00 00 DD DD 00 00 F3 00 70  02 00 02 FF FF 02 00 00 00 00 14 02 55
19:44:50.167 * rx 23159 F0 30 00 01 54 06 82 00 CE 3F D8 0F 10 EE 3E 51 44 5E 00 01 00 1C 28 28 1B 00 CD 3F 00 00 87 00 45 02 00 00 00 00 00 00 00 00 00 00 00 92 07 55
19:44:50.194 * tx 23167 F0 20 00 01 55 03 C2 2E 00 B2 11 B2 11 1C 00 00 06 00 00 02 00 02 01 00 00 00 2F F3 F3 2B 05 55
19:44:50.220 * tx 23167 F0 16 00 01 55 04 00 00 19 81 00 00 3D 00 00 00 01 00 00 48 01 55
19:44:50.253 * rx 23175 F0 10 00 02 00 02 FF FF 01 00 00 00 00 13 02 55
19:44:50.276 * rx 23175 F0 10 00 02 00 02 FF FF 02 00 00 00 00 14 02 55
19:44:50.311 * rx 23175 +0/105#5214 F0 69 00 01 55 05 05 14 05 14 01 00 00 00 02 AA 00 AA 00 54 01 54 01 00 00 00 00 07 80 FF F2 00 F0 00 2E 01 00 00 A0 36 1A 0C 09 05 25 D4 30 08 04 04 00 00 00 00 00 00 00 00 00 00 00 00 00 00
19:44:50.332 * rx 23175 +64/105#5214 00 00 00 00 01 00 10 00 30 07 00 00 00 00 00 00 00 00 00 DD DD 00 00 F3 00 70 00 00 00 00 00 70 00 00 00 00 00 11 B7 0C 55
19:44:50.365 * rx 23175 F0 30 00 01 55 06 82 00 CE 3F D8 0F 10 EE 3E 51 44 5E 00 01 00 1C 28 28 1B 00 CD 3F 00 00 87 00 45 02 00 00 00 00 00 00 00 00 00 00 00 93 07 55
19:44:50.387 * tx 23183 F0 20 00 01 56 03 C2 2E 00 B2 11 B2 11 1C 00 00 06 00 00 02 00 02 01 00 00 00 2F F4 F4 2E 05 55
19:44:50.423 * tx 23184 F0 16 00 01 56 04 00 00 19 81 00 00 3D 00 00 00 01 00 00 49 01 55
19:44:50.440 * rx 23192 F0 10 00 02 00 02 01 FF 01 01 00 00 00 16 01 55
19:44:50.473 * rx 23192 F0 10 00 02 00 02 FF FF 02 00 00 00 00 14 02 55
19:44:50.498 * rx 23192 +0/105#5218 F0 69 00 01 56 05 05 14 05 14 01 00 00 00 02 AA 00 AA 00 54 01 54 01 00 00 00 00 07 80 FF F2 00 F0 00 2E 01 00 00 A0 36 1A 0C 09 05 D0 F8 F8 FF 00 00 00 00 00 00 00 00 00 00 00 00 00 00 00 00
19:44:50.532 * rx 23192 +64/105#5218 00 00 00 00 01 00 10 00 30 07 00 00 00 00 00 00 00 00 00 DD DD 00 00 F3 00 70 00 00 00 00 00 70 00 00 00 00 00 11 3E 0F 55
19:44:50.561 * rx 23192 F0 30 00 01 56 06 82 00 CE 3F D8 0F 10 EE 3E 51 44 5E 00 01 00 1C 28 28 1B 00 CD 3F 00 00 87 00 45 02 00 00 00 00 00 00 00 00 00 00 00 94 07 55
19:44:50.597 * tx 23202 F0 20 00 01 57 03 C2 2E 00 B2 11 B2 11 1C 00 00 06 00 00 02 00 02 01 00 00 00 2F F5 F5 31 05 55
19:44:50.619 * tx 23202 F0 16 00 01 57 04 00 00 19 81 00 00 3D 00 00 00 01 00 00 4A 01 55
19:44:50.651 * rx 23209 F0 10 00 02 00 02 FF FF 01 00 00 00 00 13 02 55
19:44:50.683 * rx 23209 +0/105#5221 F0 69 00 01 57 05 05 14 05 14 01 00 00 00 02 AA 00 AA 00 54 01 54 01 00 00 00 00 07 80 FF F2 00 F0 00 2E 01 00 00 A0 36 1A 0C 09 05 25 D4 30 08 04 04 00 00 00 00 00 00 00 00 00 00 00 00 00 00
19:44:50.717 * rx 23209 +64/105#5221 00 00 00 00 01 00 10 00 30 07 00 00 00 00 00 00 00 00 00 DD DD 00 00 F3 00 70 00 00 00 00 00 70 00 00 00 00 00 11 B9 0C 55
19:44:50.743 * rx 23209 F0 10 00 02 00 02 FF FF 02 00 00 00 00 14 02 55
19:44:50.768 * rx 23209 F0 30 00 01 57 06 82 00 CE 3F D8 0F 10 EE 3E 51 44 5E 00 01 00 1C 28 28 1B 00 CD 3F 00 00 87 00 45 02 00 00 00 00 00 00 00 00 00 00 00 95 07 55
19:44:50.790 * tx 23217 F0 20 00 01 58 03 C2 2E 00 B2 11 B2 11 1C 00 00 06 00 00 02 00 02 01 00 00 00 2F F6 F6 34 05 55
19:44:50.817 * tx 23217 F0 16 00 01 58 04 00 00 19 81 00 00 3D 00 00 00 01 00 00 4B 01 55
19:44:50.839 * rx 23225 F0 10 00 02 00 02 FF FF 01 00 00 00 00 13 02 55
19:44:50.867 * rx 23225 F0 10 00 02 00 02 FF FF 02 00 00 00 00 14 02 55
19:44:50.890 * rx 23225 +0/105#5226 F0 69 00 01 58 05 05 14 05 14 01 00 00 00 02 AA 00 AA 00 54 01 54 01 00 00 00 00 07 80 FF F2 00 F0 00 2E 01 00 00 A0 36 1A 0C 09 05 D0 F8 F8 FF 00 00 00 00 00 00 00 00 00 00 00 00 00 00 00 00
19:44:50.915 * rx 23225 +64/105#5226 00 00 00 00 01 00 10 00 30 07 00 00 00 00 00 00 00 00 00 DD DD 00 00 F3 00 70 00 00 00 00 00 70 00 00 00 00 00 11 40 0F 55
19:44:50.941 * rx 23225 F0 30 00 01 58 06 82 00 CE 3F D8 0F 10 EE 3E 51 44 5E 00 01 00 1C 28 28 1B 00 CD 3F 00 00 87 00 45 02 00 00 00 00 00 00 00 00 00 00 00 96 07 55
19:44:50.966 * tx 23234 F0 20 00 01 59 03 C2 2E 00 B2 11 B2 11 1C 00 00 06 00 00 02 00 02 01 00 00 00 2F F7 F7 37 05 55
19:44:50.991 * tx 23234 F0 16 00 01 59 04 00 00 19 81 00 00 3D 00 00 00 01 00 00 4C 01 55
19:44:51.017 * rx 23242 F0 10 00 02 00 02 FF FF 01 00 00 00 00 13 02 55
19:44:51.040 * rx 23242 +0/105#5229 F0 69 00 01 59 05 05 14 05 14 01 00 00 00 02 AA 00 AA 00 54 01 54 01 00 00 00 00 07 80 FF F2 00 F0 00 2E 01 00 00 A0 36 1A 0C 09 05 25 D4 30 08 04 04 00 00 00 00 00 00 00 00 00 00 00 00 00 00
19:44:51.064 * rx 23242 +64/105#5229 00 00 00 00 01 00 10 00 30 07 00 00 00 00 00 00 00 00 00 DD DD 00 00 F3 00 70 00 00 00 00 00 70 00 00 00 00 00 11 BB 0C 55
19:44:51.089 * rx 23242 F0 10 00 02 00 02 FF FF 02 00 00 00 00 14 02 55
19:44:51.111 * rx 23242 F0 30 00 01 59 06 82 00 CE 3F D8 0F 10 EE 3E 51 44 5E 00 01 00 1C 28 28 1B 00 CD 3F 00 00 87 00 45 02 00 00 00 00 00 00 00 00 00 00 00 97 07 55
19:44:51.135 * tx 23252 F0 20 00 01 5A 03 C2 2E 00 B2 11 B2 11 1C 00 00 06 00 00 02 00 02 01 00 00 00 2F F8 F8 3A 05 55
19:44:51.163 * tx 23252 F0 16 00 01 5A 04 00 00 19 81 00 00 3D 00 00 00 01 00 00 4D 01 55
19:44:51.190 * rx 23259 F0 10 00 02 00 02 FF FF 01 00 00 00 00 13 02 55
19:44:51.218 * rx 23259 +0/105#5233 F0 69 00 01 5A 05 05 14 05 14 01 00 00 00 02 AA 00 AA 00 54 01 54 01 00 00 00 00 07 80 FF F2 00 F0 00 2E 01 00 00 A0 36 1A 0C 09 05 D0 F8 F8 FF 00 00 00 00 00 00 00 00 00 00 00 00 00 00 00 00
19:44:51.249 * rx 23259 +64/105#5233 00 00 00 00 01 00 10 00 30 07 00 00 00 00 00 00 00 00 00 DD DD 00 00 F3 00 70 00 00 00 00 00 70 00 00 00 00 00 11 42 0F 55
19:44:51.278 * tx 23267 F0 20 00 01 5B 03 C2 2E 00 B2 11 B2 11 1C 00 00 06 00 00 02 00 02 01 00 00 00 2F F9 F9 3D 05 55
19:44:51.307 * tx 23267 F0 16 00 01 5B 04 00 00 19 81 00 00 3D 00 00 00 01 00 00 4E 01 55
19:44:51.335 * tx 23284 F0 20 00 01 5C 03 C2 2E 00 B2 11 B2 11 1C 00 00 06 00 00 02 00 02 01 00 00 00 2F FA FA 40 05 55
19:44:51.367 * tx 23284 F0 16 00 01 5C 04 00 00 19 81 00 00 3D 00 00 00 01 00 00 4F 01 55
19:44:51.403 * tx 23302 F0 20 00 01 5D 03 C2 2E 00 B2 11 B2 11 1C 00 00 06 00 00 02 00 02 01 00 00 00 2F FB FB 43 05 55
19:44:51.426 * tx 23302 F0 16 00 01 5D 04 00 00 19 81 00 00 3D 00 00 00 01 00 00 50 01 55
19:44:51.455 * tx 23317 F0 20 00 01 5E 03 C2 2E 00 B2 11 B2 11 1C 00 00 06 00 00 02 00 02 01 00 00 00 2F FC FC 46 05 55
19:44:51.483 * tx 23317 F0 16 00 01 5E 04 00 00 19 81 00 00 3D 00 00 00 01 00 00 51 01 55
19:44:51.511 * tx 23334 F0 20 00 01 5F 03 C2 2E 00 B2 11 B2 11 1C 00 00 06 00 00 02 00 02 01 00 00 00 2F FD FD 49 05 55
19:44:51.539 * tx 23334 F0 16 00 01 5F 04 00 00 19 81 00 00 3D 00 00 00 01 00 00 52 01 55
19:44:51.569 * tx 23352 F0 20 00 01 60 03 C2 2E 00 B2 11 B2 11 1C 00 00 06 00 00 02 00 02 01 00 00 00 2F FE FE 4C 05 55
19:44:51.593 * tx 23352 F0 16 00 01 60 04 00 00 19 81 00 00 3D 00 00 00 01 00 00 53 01 55
19:44:51.631 * tx 23367 F0 20 00 01 61 03 C2 2E 00 B2 11 B2 11 1C 00 00 06 00 00 02 00 02 01 00 00 00 2F FF FF 4F 05 55
19:44:51.668 * tx 23367 F0 16 00 01 61 04 00 00 19 81 00 00 3D 00 00 00 01 00 00 54 01 55
19:44:51.693 * tx 23384 F0 20 00 01 62 03 C2 2E 00 B2 11 B2 11 1C 00 00 06 00 00 02 00 02 01 00 00 00 2F 00 00 52 03 55
19:44:51.717 * tx 23384 F0 16 00 01 62 04 00 00 19 81 00 00 3D 00 00 00 01 00 00 55 01 55
19:44:51.742 * tx 23402 F0 20 00 01 63 03 C2 2E 00 B2 11 B2 11 1C 00 00 06 00 00 02 00 02 01 00 00 00 2F 01 01 55 03 55
19:44:51.779 * tx 23402 F0 16 00 01 63 04 00 00 19 81 00 00 3D 00 00 00 01 00 00 56 01 55
19:44:51.803 * tx 23417 F0 20 00 01 64 03 C2 2E 00 B2 11 B2 11 1C 00 00 06 00 00 02 00 02 01 00 00 00 2F 02 02 58 03 55
19:44:51.833 * tx 23417 F0 16 00 01 64 04 00 00 19 81 00 00 3D 00 00 00 01 00 00 57 01 55
19:44:51.861 * tx 23434 F0 20 00 01 65 03 C2 2E 00 B2 11 B2 11 1C 00 00 06 00 00 02 00 02 01 00 00 00 2F 03 03 5B 03 55
19:44:51.885 * tx 23434 F0 16 00 01 65 04 00 00 19 81 00 00 3D 00 00 00 01 00 00 58 01 55
19:44:51.918 * tx 23452 F0 20 00 01 66 03 C2 2E 00 B2 11 B2 11 1C 00 00 06 00 00 02 00 02 01 00 00 00 2F 04 04 5E 03 55
19:44:51.945 * tx 23452 F0 16 00 01 66 04 00 00 19 81 00 00 3D 00 00 00 01 00 00 59 01 55
19:44:51.972 * tx 23467 F0 20 00 01 67 03 C2 2E 00 B2 11 B2 11 1C 00 00 06 00 00 02 00 02 01 00 00 00 2F 05 05 61 03 55
19:44:51.999 * tx 23467 F0 16 00 01 67 04 00 00 19 81 00 00 3D 00 00 00 01 00 00 5A 01 55
19:44:52.023 * tx 23484 F0 20 00 01 68 03 C2 2E 00 B2 11 B2 11 1C 00 00 06 00 00 02 00 02 01 00 00 00 2F 06 06 64 03 55
19:44:52.049 * tx 23484 F0 16 00 01 68 04 00 00 19 81 00 00 3D 00 00 00 01 00 00 5B 01 55
19:44:52.074 * tx 23502 F0 20 00 01 69 03 C2 2E 00 B2 11 B2 11 1C 00 00 06 00 00 02 00 02 01 00 00 00 2F 07 07 67 03 55
19:44:52.099 * tx 23502 F0 16 00 01 69 04 00 00 19 81 00 00 3D 00 00 00 01 00 00 5C 01 55
19:44:52.128 * tx 23517 F0 20 00 01 6A 03 C2 2E 00 B2 11 B2 11 1C 00 00 06 00 00 02 00 02 01 00 00 00 2F 08 08 6A 03 55
19:44:52.158 * tx 23667 F0 20 00 01 73 03 C2 2E 00 B2 11 B2 11 1C 00 00 06 00 00 02 00 02 01 00 00 00 2F 11 11 85 03 55
19:44:52.185 * tx 23667 F0 16 00 01 73 04 00 00 19 81 00 00 3D 00 00 00 01 00 00 66 01 55
19:44:52.208 * tx 23883 F0 20 00 01 80 03 C2 2E 00 B2 11 B2 11 1C 00 00 06 00 00 02 00 02 01 00 00 00 2F 1E 1E AC 03 55
19:44:52.236 * tx 23884 F0 16 00 01 80 04 00 00 19 81 00 00 3D 00 00 00 01 00 00 73 01 55
19:44:52.261 * tx 23902 F0 20 00 01 81 03 C2 2E 00 B2 11 B2 11 1C 00 00 06 00 00 02 00 02 01 00 00 00 2F 1F 1F AF 03 55
19:44:52.289 * tx 23934 F0 20 00 01 83 03 C2 2E 00 B2 11 B2 11 1C 00 00 06 00 00 02 00 02 01 00 00 00 2F 21 21 B5 03 55
19:44:52.318 * tx 23934 F0 16 00 01 83 04 00 00 19 81 00 00 3D 00 00 00 01 00 00 76 01 55
19:44:52.344 * tx 23952 F0 20 00 01 84 03 C2 2E 00 B2 11 B2 11 1C 00 00 06 00 00 02 00 02 01 00 00 00 2F 22 22 B8 03 55
19:44:52.373 * tx 23952 F0 16 00 01 84 04 00 00 19 81 00 00 3D 00 00 00 01 00 00 77 01 55
19:44:52.399 * tx 23967 F0 20 00 01 85 03 C2 2E 00 B2 11 B2 11 1C 00 00 06 00 00 02 00 02 01 00 00 00 2F 23 23 BB 03 55
19:44:52.424 * tx 23967 F0 16 00 01 85 04 00 00 19 81 00 00 3D 00 00 00 01 00 00 78 01 55
19:44:52.452 * tx 23984 F0 20 00 01 86 03 C2 2E 00 B2 11 B2 11 1C 00 00 06 00 00 02 00 02 01 00 00 00 2F 24 24 BE 03 55
19:44:52.481 * tx 23984 F0 16 00 01 86 04 00 00 19 81 00 00 3D 00 00 00 01 00 00 79 01 55
19:44:52.511 * tx 24002 F0 20 00 01 87 03 C2 2E 00 B2 11 B2 11 1C 00 00 06 00 00 02 00 02 01 00 00 00 2F 25 25 C1 03 55
19:44:52.545 * tx 24002 F0 16 00 01 87 04 00 00 19 81 00 00 3D 00 00 00 01 00 00 7A 01 55
19:44:52.576 * tx 24016 F0 20 00 01 88 03 C2 2E 00 B2 11 B2 11 1C 00 00 06 00 00 02 00 02 01 00 00 00 2F 26 26 C4 03 55
19:44:52.607 * tx 24016 F0 16 00 01 88 04 00 00 19 81 00 00 3D 00 00 00 01 00 00 7B 01 55
19:44:52.639 * tx 24034 F0 20 00 01 89 03 C2 2E 00 B2 11 B2 11 1C 00 00 06 00 00 02 00 02 01 00 00 00 2F 27 27 C7 03 55
19:44:52.670 * tx 24034 F0 16 00 01 89 04 00 00 19 81 00 00 3D 00 00 00 01 00 00 7C 01 55
19:44:52.700 * tx 24052 F0 20 00 01 8A 03 C2 2E 00 B2 11 B2 11 1C 00 00 06 00 00 02 00 02 01 00 00 00 2F 28 28 CA 03 55
19:44:52.728 * tx 24052 F0 16 00 01 8A 04 00 00 19 81 00 00 3D 00 00 00 01 00 00 7D 01 55
19:44:52.753 * tx 24067 F0 20 00 01 8B 03 C2 2E 00 B2 11 B2 11 1C 00 00 06 00 00 02 00 02 01 00 00 00 2F 29 29 CD 03 55
19:44:52.785 * tx 24067 F0 16 00 01 8B 04 00 00 19 81 00 00 3D 00 00 00 01 00 00 7E 01 55
19:44:52.827 * tx 24084 F0 20 00 01 8C 03 C2 2E 00 B2 11 B2 11 1C 00 00 06 00 00 02 00 02 01 00 00 00 2F 2A 2A D0 03 55
19:44:52.849 * tx 24084 F0 16 00 01 8C 04 00 00 19 81 00 00 3D 00 00 00 01 00 00 7F 01 55
19:44:52.872 * tx 24102 F0 20 00 01 8D 03 C2 2E 00 B2 11 B2 11 1C 00 00 06 00 00 02 00 02 01 00 00 00 2F 2B 2B D3 03 55
19:44:52.901 * tx 24102 F0 16 00 01 8D 04 00 00 19 81 00 00 3D 00 00 00 01 00 00 80 01 55
19:44:52.936 * tx 24117 F0 20 00 01 8E 03 C2 2E 00 B2 11 B2 11 1C 00 00 06 00 00 02 00 02 01 00 00 00 2F 2C 2C D6 03 55
19:44:52.958 * tx 24117 F0 16 00 01 8E 04 00 00 19 81 00 00 3D 00 00 00 01 00 00 81 01 55
19:44:52.981 * tx 24134 F0 20 00 01 8F 03 C2 2E 00 B2 11 B2 11 1C 00 00 06 00 00 02 00 02 01 00 00 00 2F 2D 2D D9 03 55
19:44:53.003 * tx 24134 F0 16 00 01 8F 04 00 00 19 81 00 00 3D 00 00 00 01 00 00 82 01 55
19:44:53.035 * rxflood suppressed=210 in_last_window rx_frames=5444 (DUMP <type> pour voir une trame)
19:44:53.058 * rx 24142 F0 10 00 02 00 02 FF FF 01 00 00 00 00 13 02 55
19:44:53.079 * rx 24142 +0/105#5445 F0 69 00 01 8F 05 05 14 05 14 01 00 00 00 02 AA 00 AA 00 54 01 54 01 00 00 00 00 07 80 FF F2 00 F0 00 2E 01 00 00 A0 36 1A 0C 09 05 25 D4 30 08 04 04 00 00 00 00 00 00 00 00 00 00 00 00 00 00
19:44:53.108 * rx 24142 +64/105#5445 00 00 00 00 01 00 10 00 30 07 00 00 00 00 00 00 00 00 00 DD DD 00 00 F3 00 70 00 00 00 00 00 70 00 00 00 00 00 11 F1 0C 55
19:44:53.139 * rx 24142 F0 10 00 02 00 02 FF FF 02 00 00 00 00 14 02 55
19:44:53.162 * rx 24142 F0 30 00 01 8F 06 82 00 CE 3F D8 0F 10 EE 3E 51 44 5E 00 01 00 1C 28 28 1B 00 CD 3F 00 00 87 00 45 02 00 00 00 00 00 00 00 00 00 00 00 CD 07 55
19:44:53.183 * tx 24152 F0 20 00 01 90 03 C2 2E 00 B2 11 B2 11 1C 00 00 06 00 00 02 00 02 01 00 00 00 2F 2E 2E DC 03 55
19:44:53.206 * tx 24152 F0 16 00 01 90 04 00 00 19 81 00 00 3D 00 00 00 01 00 00 83 01 55
19:44:53.248 * rx 24159 F0 10 00 02 00 02 FF FF 01 00 00 00 00 13 02 55
19:44:53.278 * rx 24159 +0/105#5449 F0 69 00 01 90 05 05 14 05 14 01 00 00 00 02 AA 00 AA 00 54 01 54 01 00 00 00 00 07 80 FF F2 00 F0 00 2E 01 00 00 A0 36 1A 0C 09 05 D0 F8 F8 FF 00 00 00 00 00 00 00 00 00 00 00 00 00 00 00 00
19:44:53.305 * rx 24159 +64/105#5449 00 00 00 00 01 00 10 00 30 07 00 00 00 00 00 00 00 00 00 DD DD 00 00 F3 00 70 00 00 00 00 00 70 00 00 00 00 00 11 78 0F 55
19:44:53.340 * rx 24159 F0 10 00 02 00 02 FF FF 02 00 00 00 00 14 02 55
19:44:53.371 * rx 24159 F0 30 00 01 90 06 82 00 CE 3F D8 0F 10 EE 3E 51 44 5E 00 01 00 1C 28 28 1B 00 CD 3F 00 00 87 00 45 02 00 00 00 00 00 00 00 00 00 00 00 CE 07 55
19:44:53.405 * tx 24167 F0 20 00 01 91 03 C2 2E 00 B2 11 B2 11 1C 00 00 06 00 00 02 00 02 01 00 00 00 2F 2F 2F DF 03 55
19:44:53.427 * tx 24167 F0 16 00 01 91 04 00 00 19 81 00 00 3D 00 00 00 01 00 00 84 01 55
19:44:53.449 * rx 24176 F0 10 00 02 00 02 FF FF 01 00 00 00 00 13 02 55
19:44:53.477 * rx 24176 F0 10 00 02 00 02 FF FF 02 00 00 00 00 14 02 55
19:44:53.502 * rx 24176 +0/105#5454 F0 69 00 01 91 05 05 14 05 14 01 00 00 00 02 AA 00 AA 00 54 01 54 01 00 00 00 00 07 80 FF F2 00 F0 00 2E 01 00 00 A0 36 1A 0C 09 05 25 D4 30 08 04 04 00 00 00 00 00 00 00 00 00 00 00 00 00 00
19:44:53.526 * rx 24176 +64/105#5454 00 00 00 00 01 00 10 00 30 07 00 00 00 00 00 00 00 00 00 DD DD 00 00 F3 00 70 00 00 00 00 00 70 00 00 00 00 00 11 F3 0C 55
19:44:53.559 * rx 24176 F0 30 00 01 91 06 82 00 CE 3F D8 0F 10 EE 3E 51 44 5E 00 01 00 1C 28 28 1B 00 CD 3F 00 00 87 00 45 02 00 00 00 00 00 00 00 00 00 00 00 CF 07 55
19:44:53.591 * tx 24184 F0 20 00 01 92 03 C2 2E 00 B2 11 B2 11 1C 00 00 06 00 00 02 00 02 01 00 00 00 2F 30 30 E2 03 55
19:44:53.615 * tx 24184 F0 16 00 01 92 04 00 00 19 81 00 00 3D 00 00 00 01 00 00 85 01 55
19:44:53.637 * rx 24192 F0 10 00 02 00 02 FF FF 01 00 00 00 00 13 02 55
19:44:53.662 * rx 24192 +0/105#5457 F0 69 00 01 92 05 05 14 05 14 01 00 00 00 02 AA 00 AA 00 54 01 54 01 00 00 00 00 07 80 FF F2 00 F0 00 2E 01 00 00 A0 36 1A 0C 09 05 D0 F8 F8 FF 00 00 00 00 00 00 00 00 00 00 00 00 00 00 00 00
19:44:53.693 * rx 24192 +64/105#5457 00 00 00 00 01 00 10 00 30 07 00 00 00 00 00 00 00 00 00 DD DD 00 00 F3 00 70 00 00 00 00 00 70 00 00 00 00 00 11 7A 0F 55
19:44:53.718 * rx 24192 F0 10 00 02 00 02 FF FF 02 00 00 00 00 14 02 55
19:44:53.741 * rx 24192 F0 30 00 01 92 06 82 00 CE 3F D8 0F 10 EE 3E 51 44 5E 00 01 00 1C 28 28 1B 00 CD 3F 00 00 87 00 45 02 00 00 00 00 00 00 00 00 00 00 00 D0 07 55
19:44:53.771 * tx 24202 F0 20 00 01 93 03 C2 2E 00 B2 11 B2 11 1C 00 00 06 00 00 02 00 02 01 00 00 00 2F 31 31 E5 03 55
19:44:53.793 * tx 24202 F0 16 00 01 93 04 00 00 19 81 00 00 3D 00 00 00 01 00 00 86 01 55
19:44:53.814 * rx 24209 F0 10 00 02 00 02 FF FF 01 00 00 00 00 13 02 55
19:44:53.841 * rx 24209 +0/105#5461 F0 69 00 01 93 05 05 14 05 14 01 00 00 00 02 AA 00 AA 00 54 01 54 01 00 00 00 00 07 80 FF F2 00 F0 00 2E 01 00 00 A0 36 1A 0C 09 05 25 D4 30 08 04 04 00 00 00 00 00 00 00 00 00 00 00 00 00 00
19:44:53.867 * rx 24209 +64/105#5461 00 00 00 00 01 00 10 00 30 07 00 00 00 00 00 00 00 00 00 DD DD 00 00 F3 00 70 00 00 00 00 00 70 00 00 00 00 00 11 F5 0C 55
19:44:53.889 * rx 24209 F0 10 00 02 00 02 FF FF 02 00 00 00 00 14 02 55
19:44:53.917 * rx 24209 F0 30 00 01 93 06 82 00 CE 3F D8 0F 10 EE 3E 51 44 5E 00 01 00 1C 28 28 1B 00 CD 3F 00 00 87 00 45 02 00 00 00 00 00 00 00 00 00 00 00 D1 07 55
19:44:53.939 * tx 24217 F0 20 00 01 94 03 C2 2E 00 B2 11 B2 11 1C 00 00 06 00 00 02 00 02 01 00 00 00 2F 32 32 E8 03 55
19:44:53.962 * tx 24217 F0 16 00 01 94 04 00 00 19 81 00 00 3D 00 00 00 01 00 00 87 01 55
19:44:53.991 * rx 24226 F0 10 00 02 00 02 FF FF 01 00 00 00 00 13 02 55
19:44:54.026 * rx 24226 F0 10 00 02 00 02 FF FF 02 00 00 00 00 14 02 55
19:44:54.052 * rx 24226 +0/105#5466 F0 69 00 01 94 05 05 14 05 14 01 00 00 00 02 AA 00 AA 00 54 01 54 01 00 00 00 00 07 80 FF F2 00 F0 00 2E 01 00 00 A0 36 1A 0C 09 05 D0 F8 F8 FF 00 00 00 00 00 00 00 00 00 00 00 00 00 00 00 00
19:44:54.080 * rx 24226 +64/105#5466 00 00 00 00 01 00 10 00 30 07 00 00 00 00 00 00 00 00 00 DD DD 00 00 F3 00 70 00 00 00 00 00 70 00 00 00 00 00 11 7C 0F 55
19:44:54.112 * rx 24226 F0 30 00 01 94 06 82 00 CE 3F D8 0F 10 EE 3E 51 44 5E 00 01 00 1C 28 28 1B 00 CD 3F 00 00 87 00 45 02 00 00 00 00 00 00 00 00 00 00 00 D2 07 55
19:44:54.146 * tx 24234 F0 20 00 01 95 03 C2 2E 00 B2 11 B2 11 1C 00 00 06 00 00 02 00 02 01 00 00 00 2F 33 33 EB 03 55
19:44:54.168 * tx 24234 F0 16 00 01 95 04 00 00 19 81 00 00 3D 00 00 00 01 00 00 88 01 55
19:44:54.186 * rx 24242 F0 10 00 02 00 02 FF FF 01 00 00 00 00 13 02 55
19:44:54.216 * rx 24242 +0/105#5469 F0 69 00 01 95 05 05 14 05 14 01 00 00 00 02 AA 00 AA 00 54 01 54 01 00 00 00 00 07 80 FF F2 00 F0 00 2E 01 00 00 A0 36 1A 0C 09 05 25 D4 30 08 04 04 00 00 00 00 00 00 00 00 00 00 00 00 00 00
19:44:54.238 * rx 24242 F0 10 00 02 00 02 FF FF 02 00 00 00 00 14 02 55
19:44:54.262 * tx 24402 F0 20 00 01 9F 03 C2 2E 00 B2 11 B2 11 1C 00 00 06 00 00 02 00 02 01 00 00 00 2F 3D 3D 09 04 55
19:44:54.287 * tx 24902 F0 20 00 01 BD 03 C2 2E 00 B2 11 B2 11 1C 00 00 06 00 00 02 00 02 01 00 00 00 2F 5B 5B 63 04 55
19:44:54.316 * tx 25402 F0 20 00 01 DB 03 C2 2E 00 B2 11 B2 11 1C 00 00 06 00 00 02 00 02 01 00 00 00 2F 79 79 BD 04 55
19:44:54.340 * tx 25433 F0 20 00 01 DD 03 C2 2E 00 B2 11 B2 11 1C 00 00 06 00 00 02 00 02 01 00 00 00 2F 7B 7B C3 04 55
19:44:54.364 * tx 25467 F0 20 00 01 DF 03 C2 2E 00 B2 11 B2 11 1C 00 00 06 00 00 02 00 02 01 00 00 00 2F 7D 7D C9 04 55
19:44:54.386 * tx 25467 F0 16 00 01 DF 04 00 00 19 81 00 00 3D 00 00 00 01 00 00 D2 01 55
19:44:54.418 * tx 25484 F0 20 00 01 E0 03 C2 2E 00 B2 11 B2 11 1C 00 00 06 00 00 02 00 02 01 00 00 00 2F 7E 7E CC 04 55
19:44:54.439 * tx 25484 F0 16 00 01 E0 04 00 00 19 81 00 00 3D 00 00 00 01 00 00 D3 01 55
19:44:54.461 * tx 25502 F0 20 00 01 E1 03 C2 2E 00 B2 11 B2 11 1C 00 00 06 00 00 02 00 02 01 00 00 00 2F 7F 7F CF 04 55
19:44:54.493 * tx 25502 F0 16 00 01 E1 04 00 00 19 81 00 00 3D 00 00 00 01 00 00 D4 01 55
19:44:54.525 * tx 25516 F0 20 00 01 E2 03 C2 2E 00 B2 11 B2 11 1C 00 00 06 00 00 02 00 02 01 00 00 00 2F 80 80 D2 04 55
19:44:54.547 * tx 25517 F0 16 00 01 E2 04 00 00 19 81 00 00 3D 00 00 00 01 00 00 D5 01 55
19:44:54.569 * tx 25534 F0 20 00 01 E3 03 C2 2E 00 B2 11 B2 11 1C 00 00 06 00 00 02 00 02 01 00 00 00 2F 81 81 D5 04 55
19:44:54.595 * tx 25534 F0 16 00 01 E3 04 00 00 19 81 00 00 3D 00 00 00 01 00 00 D6 01 55
19:44:54.629 * tx 25552 F0 20 00 01 E4 03 C2 2E 00 B2 11 B2 11 1C 00 00 06 00 00 02 00 02 01 00 00 00 2F 82 82 D8 04 55
19:44:54.655 * tx 25552 F0 16 00 01 E4 04 00 00 19 81 00 00 3D 00 00 00 01 00 00 D7 01 55
19:44:54.679 * tx 25567 F0 20 00 01 E5 03 C2 2E 00 B2 11 B2 11 1C 00 00 06 00 00 02 00 02 01 00 00 00 2F 83 83 DB 04 55
19:44:54.711 * tx 25567 F0 16 00 01 E5 04 00 00 19 81 00 00 3D 00 00 00 01 00 00 D8 01 55
19:44:54.742 * tx 25584 F0 20 00 01 E6 03 C2 2E 00 B2 11 B2 11 1C 00 00 06 00 00 02 00 02 01 00 00 00 2F 84 84 DE 04 55
19:44:54.765 * tx 25584 F0 16 00 01 E6 04 00 00 19 81 00 00 3D 00 00 00 01 00 00 D9 01 55
19:44:54.787 * tx 25602 F0 20 00 01 E7 03 C2 2E 00 B2 11 B2 11 1C 00 00 06 00 00 02 00 02 01 00 00 00 2F 85 85 E1 04 55
19:44:54.808 * tx 25602 F0 16 00 01 E7 04 00 00 19 81 00 00 3D 00 00 00 01 00 00 DA 01 55
19:44:54.837 * tx 25617 F0 20 00 01 E8 03 C2 2E 00 B2 11 B2 11 1C 00 00 06 00 00 02 00 02 01 00 00 00 2F 86 86 E4 04 55
19:44:54.860 * tx 25617 F0 16 00 01 E8 04 00 00 19 81 00 00 3D 00 00 00 01 00 00 DB 01 55
19:44:54.886 * tx 25634 F0 20 00 01 E9 03 C2 2E 00 B2 11 B2 11 1C 00 00 06 00 00 02 00 02 01 00 00 00 2F 87 87 E7 04 55
19:44:54.915 * tx 25634 F0 16 00 01 E9 04 00 00 19 81 00 00 3D 00 00 00 01 00 00 DC 01 55
19:44:54.949 * tx 25652 F0 20 00 01 EA 03 C2 2E 00 B2 11 B2 11 1C 00 00 06 00 00 02 00 02 01 00 00 00 2F 88 88 EA 04 55
19:44:54.970 * tx 25652 F0 16 00 01 EA 04 00 00 19 81 00 00 3D 00 00 00 01 00 00 DD 01 55
19:44:54.992 * tx 25667 F0 20 00 01 EB 03 C2 2E 00 B2 11 B2 11 1C 00 00 06 00 00 02 00 02 01 00 00 00 2F 89 89 ED 04 55
19:44:55.018 * tx 25667 F0 16 00 01 EB 04 00 00 19 81 00 00 3D 00 00 00 01 00 00 DE 01 55
19:44:55.053 * tx 25684 F0 20 00 01 EC 03 C2 2E 00 B2 11 B2 11 1C 00 00 06 00 00 02 00 02 01 00 00 00 2F 8A 8A F0 04 55
19:44:55.079 * tx 25684 F0 16 00 01 EC 04 00 00 19 81 00 00 3D 00 00 00 01 00 00 DF 01 55
19:44:55.102 * tx 25702 F0 20 00 01 ED 03 C2 2E 00 B2 11 B2 11 1C 00 00 06 00 00 02 00 02 01 00 00 00 2F 8B 8B F3 04 55
19:44:55.130 * tx 25702 F0 16 00 01 ED 04 00 00 19 81 00 00 3D 00 00 00 01 00 00 E0 01 55
19:44:55.158 * tx 25717 F0 20 00 01 EE 03 C2 2E 00 B2 11 B2 11 1C 00 00 06 00 00 02 00 02 01 00 00 00 2F 8C 8C F6 04 55
19:44:55.179 * tx 25717 F0 16 00 01 EE 04 00 00 19 81 00 00 3D 00 00 00 01 00 00 E1 01 55
19:44:55.204 * tx 25734 F0 20 00 01 EF 03 C2 2E 00 B2 11 B2 11 1C 00 00 06 00 00 02 00 02 01 00 00 00 2F 8D 8D F9 04 55
19:44:55.232 * tx 25734 F0 16 00 01 EF 04 00 00 19 81 00 00 3D 00 00 00 01 00 00 E2 01 55
19:44:55.266 * tx 25752 F0 20 00 01 00 03 C2 2E 00 B2 11 B2 11 1C 00 00 06 00 00 02 00 02 01 00 00 00 2F 8E 8E 0C 04 55
19:44:55.289 * tx 25752 F0 16 00 01 00 04 00 00 19 81 00 00 3D 00 00 00 01 00 00 F3 00 55
19:44:55.318 * tx 25767 F0 20 00 01 01 03 C2 2E 00 B2 11 B2 11 1C 00 00 06 00 00 02 00 02 01 00 00 00 2F 8F 8F 0F 04 55
19:44:55.357 * tx 25767 F0 16 00 01 01 04 00 00 19 81 00 00 3D 00 00 00 01 00 00 F4 00 55
19:44:55.386 * tx 25784 F0 20 00 01 02 03 C2 2E 00 B2 11 B2 11 1C 00 00 06 00 00 02 00 02 01 00 00 00 2F 90 90 12 04 55
19:44:55.408 * tx 25784 F0 16 00 01 02 04 00 00 19 81 00 00 3D 00 00 00 01 00 00 F5 00 55
19:44:55.433 * tx 25802 F0 20 00 01 03 03 C2 2E 00 B2 11 B2 11 1C 00 00 06 00 00 02 00 02 01 00 00 00 2F 91 91 15 04 55
19:44:55.464 * tx 25802 F0 16 00 01 03 04 00 00 19 81 00 00 3D 00 00 00 01 00 00 F6 00 55
19:44:55.509 * tx 25817 F0 20 00 01 04 03 C2 2E 00 B2 11 B2 11 1C 00 00 06 00 00 02 00 02 01 00 00 00 2F 92 92 18 04 55
19:44:55.535 * tx 25817 F0 16 00 01 04 04 00 00 19 81 00 00 3D 00 00 00 01 00 00 F7 00 55
19:44:55.557 * tx 25834 F0 20 00 01 05 03 C2 2E 00 B2 11 B2 11 1C 00 00 06 00 00 02 00 02 01 00 00 00 2F 93 93 1B 04 55
19:44:55.600 * tx 25834 F0 16 00 01 05 04 00 00 19 81 00 00 3D 00 00 00 01 00 00 F8 00 55
19:44:55.629 * tx 25852 F0 20 00 01 06 03 C2 2E 00 B2 11 B2 11 1C 00 00 06 00 00 02 00 02 01 00 00 00 2F 94 94 1E 04 55
19:44:55.650 * tx 25852 F0 16 00 01 06 04 00 00 19 81 00 00 3D 00 00 00 01 00 00 F9 00 55
19:44:55.670 * tx 25867 F0 20 00 01 07 03 C2 2E 00 B2 11 B2 11 1C 00 00 06 00 00 02 00 02 01 00 00 00 2F 95 95 21 04 55
19:44:55.691 * tx 25867 F0 16 00 01 07 04 00 00 19 81 00 00 3D 00 00 00 01 00 00 FA 00 55
19:44:55.723 * tx 25884 F0 20 00 01 08 03 C2 2E 00 B2 11 B2 11 1C 00 00 06 00 00 02 00 02 01 00 00 00 2F 96 96 24 04 55
19:44:55.750 * tx 25884 F0 16 00 01 08 04 00 00 19 81 00 00 3D 00 00 00 01 00 00 FB 00 55
19:44:55.774 * tx 25902 F0 20 00 01 09 03 C2 2E 00 B2 11 B2 11 1C 00 00 06 00 00 02 00 02 01 00 00 00 2F 97 97 27 04 55
19:44:55.807 * tx 25902 F0 16 00 01 09 04 00 00 19 81 00 00 3D 00 00 00 01 00 00 FC 00 55
19:44:55.835 * tx 25917 F0 20 00 01 0A 03 C2 2E 00 B2 11 B2 11 1C 00 00 06 00 00 02 00 02 01 00 00 00 2F 98 98 2A 04 55
19:44:55.859 * tx 25917 F0 16 00 01 0A 04 00 00 19 81 00 00 3D 00 00 00 01 00 00 FD 00 55
19:44:55.889 * tx 25934 F0 20 00 01 0B 03 C2 2E 00 B2 11 B2 11 1C 00 00 06 00 00 02 00 02 01 00 00 00 2F 99 99 2D 04 55
19:44:55.912 * tx 25934 F0 16 00 01 0B 04 00 00 19 81 00 00 3D 00 00 00 01 00 00 FE 00 55
19:44:55.931 * tx 25952 F0 20 00 01 0C 03 C2 2E 00 B2 11 B2 11 1C 00 00 06 00 00 02 00 02 01 00 00 00 2F 9A 9A 30 04 55
19:44:55.959 * tx 25952 F0 16 00 01 0C 04 00 00 19 81 00 00 3D 00 00 00 01 00 00 FF 00 55
19:44:55.984 * tx 25967 F0 20 00 01 0D 03 C2 2E 00 B2 11 B2 11 1C 00 00 06 00 00 02 00 02 01 00 00 00 2F 9B 9B 33 04 55
19:44:56.008 * tx 25967 F0 16 00 01 0D 04 00 00 19 81 00 00 3D 00 00 00 01 00 00 00 01 55
19:44:56.059 * tx 25984 F0 20 00 01 0E 03 C2 2E 00 B2 11 B2 11 1C 00 00 06 00 00 02 00 02 01 00 00 00 2F 9C 9C 36 04 55
19:44:56.097 * tx 25984 F0 16 00 01 0E 04 00 00 19 81 00 00 3D 00 00 00 01 00 00 01 01 55
19:44:56.125 * tx 26002 F0 20 00 01 0F 03 C2 2E 00 B2 11 B2 11 1C 00 00 06 00 00 02 00 02 01 00 00 00 2F 9D 9D 39 04 55
19:44:56.156 * tx 26002 F0 16 00 01 0F 04 00 00 19 81 00 00 3D 00 00 00 01 00 00 02 01 55
19:44:56.190 * tx 26017 F0 20 00 01 10 03 C2 2E 00 B2 11 B2 11 1C 00 00 06 00 00 02 00 02 01 00 00 00 2F 9E 9E 3C 04 55
19:44:56.229 * tx 26017 F0 16 00 01 10 04 00 00 19 81 00 00 3D 00 00 00 01 00 00 03 01 55
19:44:56.293 * tx 26034 F0 20 00 01 11 03 C2 2E 00 B2 11 B2 11 1C 00 00 06 00 00 02 00 02 01 00 00 00 2F 9F 9F 3F 04 55
19:44:56.341 * tx 26034 F0 16 00 01 11 04 00 00 19 81 00 00 3D 00 00 00 01 00 00 04 01 55
19:44:56.388 * tx 26052 F0 20 00 01 12 03 C2 2E 00 B2 11 B2 11 1C 00 00 06 00 00 02 00 02 01 00 00 00 2F A0 A0 42 04 55
19:44:56.413 * tx 26052 F0 16 00 01 12 04 00 00 19 81 00 00 3D 00 00 00 01 00 00 05 01 55
19:44:56.434 * tx 26067 F0 20 00 01 13 03 C2 2E 00 B2 11 B2 11 1C 00 00 06 00 00 02 00 02 01 00 00 00 2F A1 A1 45 04 55
19:44:56.464 * tx 26067 F0 16 00 01 13 04 00 00 19 81 00 00 3D 00 00 00 01 00 00 06 01 55
19:44:56.503 * tx 26084 F0 20 00 01 14 03 C2 2E 00 B2 11 B2 11 1C 00 00 06 00 00 02 00 02 01 00 00 00 2F A2 A2 48 04 55
19:44:56.528 * tx 26084 F0 16 00 01 14 04 00 00 19 81 00 00 3D 00 00 00 01 00 00 07 01 55
19:44:56.558 * tx 26102 F0 20 00 01 15 03 C2 2E 00 B2 11 B2 11 1C 00 00 06 00 00 02 00 02 01 00 00 00 2F A3 A3 4B 04 55
19:44:56.591 * tx 26102 F0 16 00 01 15 04 00 00 19 81 00 00 3D 00 00 00 01 00 00 08 01 55
19:44:56.637 * tx 26117 F0 20 00 01 16 03 C2 2E 00 B2 11 B2 11 1C 00 00 06 00 00 02 00 02 01 00 00 00 2F A4 A4 4E 04 55
19:44:56.669 * tx 26117 F0 16 00 01 16 04 00 00 19 81 00 00 3D 00 00 00 01 00 00 09 01 55
19:44:56.697 * tx 26134 F0 20 00 01 17 03 C2 2E 00 B2 11 B2 11 1C 00 00 06 00 00 02 00 02 01 00 00 00 2F A5 A5 51 04 55
19:44:56.757 * tx 26134 F0 16 00 01 17 04 00 00 19 81 00 00 3D 00 00 00 01 00 00 0A 01 55
19:44:56.782 * rxflood suppressed=210 in_last_window rx_frames=5924 (DUMP <type> pour voir une trame)
19:44:56.807 * rx 26142 F0 10 00 02 00 02 FF FF 01 00 00 00 00 13 02 55
19:44:56.844 * rx 26142 +64/105#5925 00 00 00 00 01 00 10 00 30 07 00 00 00 00 00 00 00 00 00 DD DD 00 00 F3 00 70 00 00 00 00 00 70 00 00 00 00 00 11 79 0C 55
19:44:56.872 * tx 26434 F0 16 00 01 29 04 00 00 19 81 00 00 3D 00 00 00 01 00 00 1C 01 55
19:44:56.907 * tx 26934 F0 20 00 01 47 03 C2 2E 00 B2 11 B2 11 1C 00 00 06 00 00 02 00 02 01 00 00 00 2F D5 D5 E1 04 55
19:44:56.947 * tx 27434 F0 20 00 01 65 03 C2 2E 00 B2 11 B2 11 1C 00 00 06 00 00 02 00 02 01 00 00 00 2F F3 F3 3B 05 55
19:44:56.989 > LOG OFF
