20:08:24.356 [app] carte : protocole 1.3
20:08:24.383 [app] prêt : FE 24-105mm F4 G OSS — focus par « - »
20:08:29.975 > f18646
20:08:29.980 ok
20:08:32.509 > f+100
20:08:32.511 ok
20:08:35.142 > f+10
20:08:35.145 ok
20:08:36.685 > f-100
20:08:36.688 ok
20:09:02.446 > f-10
20:09:02.450 ok
20:09:03.542 > f-10
20:09:03.546 ok
20:09:05.305 > f-10
20:09:05.308 ok
20:09:06.116 > f-10
20:09:06.118 ok
20:09:07.071 > f-10
20:09:07.074 ok
20:09:08.007 > f-10
20:09:08.009 ok
20:09:09.523 > f-100
20:09:09.526 ok
20:09:12.020 > f-100
20:09:12.024 ok
20:09:13.118 > f-100
20:09:13.121 ok
20:09:14.083 > f-100
20:09:14.086 ok
20:09:15.630 > a7.1
20:09:15.633 er nocap aperture
20:09:15.634 [app] ouverture refusée : er nocap aperture
20:09:18.646 > a1.8
20:09:18.649 er nocap aperture
20:09:18.649 [app] ouverture refusée : er nocap aperture
20:09:26.573 > c
20:09:26.577 ok
20:09:28.020 [app] dernière opération : home:ok
20:09:32.770 > f-100
20:09:32.773 ok
20:09:35.173 > f-100
20:09:35.176 ok
20:09:38.060 > f-100
20:09:38.063 ok
20:09:38.855 > f-100
20:09:38.857 ok
20:09:39.231 > f-100
20:09:39.233 ok
20:09:39.438 > f-100
20:09:39.441 er busy
20:09:39.572 > f-100
20:09:39.575 ok
20:09:44.387 > f16952
20:09:44.391 ok
20:09:47.479 > f16339
20:09:47.483 ok
20:09:58.342 > f16952
20:09:58.349 ok
20:10:02.396 > c
20:10:02.401 ok
20:10:02.797 [app] bornes inconnues à cette focale (?) : Calibrer pour les mesurer
20:10:06.921 > f16952
20:10:06.926 ok
20:10:09.557 > f15531
20:10:09.561 ok
20:10:13.369 > f16952
20:10:13.373 ok
20:10:15.145 > f15531
20:10:15.150 ok
20:10:18.724 > f16030
20:10:18.728 ok
20:10:19.693 > ms
20:10:19.697 er nocap
20:10:22.010 > f16952
20:10:22.017 ok
20:10:22.936 > mg
20:10:22.941 er range nomark
20:10:29.888 > LOG ON
20:10:29.893 ok log=1 all=0
20:10:33.828 > b
20:10:33.833 ok
20:10:33.846 * session 139030 powering
20:10:33.849 * motion 139031 idle
20:10:33.966 * std 139150 step=handshake result=ok lens_cs_up_us=1548
20:10:33.968 * session 139150 identifying
20:10:33.970 * tx 139151 F0 29 00 02 86 01 FF FF FF FF FF FF FF 01 00 00 00 00 00 00 00 00 00 00 00 00 00 00 00 00 00 00 00 00 00 00 00 00 AC 07 55
20:10:33.982 * rx 139152 F0 29 00 02 00 01 FF 9F FF 5D EE 60 18 DE FF 0F F8 01 00 00 00 00 00 00 00 00 00 00 00 00 00 00 00 00 00 00 00 00 71 07 55
20:10:33.984 * tx 139154 F0 0A 00 02 87 07 00 9A 00 55
20:10:33.986 * rx 139154 F0 2B 00 02 00 07 01 07 60 01 00 03 01 17 A0 25 80 00 00 00 00 60 92 86 5E 00 00 00 00 00 00 00 42 0D 03 00 00 00 00 00 25 04 55
20:10:33.988 * tx 139156 F0 0A 00 02 88 3F 00 D3 00 55
20:10:33.990 * rx 139157 +0/74#6 F0 4A 00 02 00 3F 00 46 45 20 32 34 2D 31 30 35 6D 6D 20 46 34 20 47 20 4F 53 53 00 00 00 00 00 00 00 00 00 00 00 00 00 00 00 00 00 00 00 00 00 00 00 00 00 00 00 00 00 00 00 00 00 00 00 00 00
20:10:33.993 * rx 139157 +64/74#6 00 00 00 00 00 00 00 4F 05 55
20:10:33.994 * tx 139158 F0 11 00 02 89 08 00 00 00 00 00 00 00 00 A4 00 55
20:10:33.996 * rx 139161 +0/210#8 F0 D2 00 02 00 08 05 14 00 19 04 00 00 80 00 14 01 01 12 E1 01 82 00 24 01 05 40 00 08 00 19 00 10 31 A8 1D 00 16 00 00 00 00 00 00 00 00 E0 74 00 F0 FF 84 38 00 00 08 32 35 40 2A 00 00 00 00
20:10:33.999 * rx 139161 +64/210#8 00 00 00 74 35 04 32 00 00 00 00 00 00 00 F3 F3 07 FB FB 00 08 01 04 04 24 BD 00 80 01 00 00 00 00 00 00 00 00 01 01 01 09 09 00 00 00 00 00 E6 80 DD 52 00 D0 DD DF F0 00 08 A0 DD E0 00 52 00
20:10:34.001 * rx 139161 +128/210#8 10 10 00 03 00 00 00 00 00 00 00 84 64 27 00 06 10 FF 33 00 00 00 00 00 03 00 00 00 00 00 00 00 00 00 00 00 00 0C 0C 00 00 00 00 00 00 00 05 00 01 00 40 42 00 00 07 07 00 00 07 00 00 00 00 00
20:10:34.002 * rx 139161 +192/210#8 00 00 00 00 00 00 00 00 00 13 00 F6 00 0A 01 F5 1C 55
20:10:34.004 * tx 139165 F0 0B 00 02 8A 0B 60 00 02 01 55
20:10:34.007 * rx 139166 F0 0B 00 02 00 0B 60 00 78 00 55
20:10:34.010 * tx 139167 F0 0D 00 02 8B 09 00 00 00 00 A3 00 55
20:10:34.013 * rx 139168 F0 14 00 02 00 09 10 00 00 00 00 00 00 00 00 00 00 2F 00 55
20:10:34.016 * tx 139168 F0 0A 00 02 8C 0D 00 A5 00 55
20:10:34.018 * rx 139191 F0 0A 00 02 00 0D 01 1A 00 55
20:10:34.021 * tx 139191 F0 0A 00 02 8D 10 1F C8 00 55
20:10:34.425 * rx 139606 F0 0A 00 02 00 10 00 1C 00 55
20:10:34.428 * tx 139607 F0 19 00 02 8E 0A FF 7F 00 00 00 00 00 00 3F 00 00 00 00 00 00 00 70 02 55
20:10:34.431 * rx 139607 F0 19 00 02 00 0A FF 7F 00 00 00 00 00 00 3F 00 00 00 00 00 00 00 E2 01 55
20:10:34.433 * session 139608 ready
20:10:34.804 [app] dernière opération : boot:ok
20:10:39.468 > c
20:10:39.474 ok
20:10:39.485 * session 144670 homing
20:10:39.488 * tx 144670 F0 09 00 01 CF 1C F5 00 55
20:10:39.586 * tx 144770 F0 0A 00 02 D6 10 08 FA 00 55
20:10:39.606 * rx 144784 F0 32 00 01 D6 06 82 00 B3 3C DB 22 10 D3 3B 5B 52 7C 3E 01 00 1C 6B 6B 74 00 B3 3C 00 01 AB 00 FB 05 00 00 00 00 00 00 00 00 00 00 00 1C 00 20 0A 55
20:10:40.001 [app] bornes inconnues à cette focale (?) : Calibrer pour les mesurer
20:10:40.045 * rx 145232 F0 0A 00 02 00 10 00 1C 00 55
20:10:40.345 * session 145534 ready
20:10:41.001 [app] dernière opération : home:ok
20:10:54.166 > LOG ALL
20:10:54.171 ok log=1 all=1
20:10:54.186 * tx 159380 F0 1D 00 01 83 03 C2 2E 00 B2 11 B2 11 1C 00 00 06 00 00 02 00 02 01 00 00 00 41 03 55
20:10:54.189 * tx 159380 F0 16 00 01 83 04 00 00 19 81 00 00 3D 00 00 00 01 00 00 76 01 55
20:10:54.191 * rx 159382 +0/105#25 F0 69 00 01 83 05 05 14 05 14 01 00 00 00 02 AA 00 AA 00 54 01 54 01 00 00 00 00 07 80 FF EE 03 1A 04 27 01 00 00 B0 80 21 22 1F 13 23 F8 FC 08 10 0C 00 00 00 00 00 00 00 00 00 00 00 00 00 00
20:10:54.193 * rx 159382 +64/105#25 00 00 00 00 01 00 10 00 00 07 00 00 00 00 00 00 00 00 00 00 00 00 00 F0 03 70 00 00 00 00 00 70 00 00 00 00 00 11 BE 0B 55
20:10:54.206 * rx 159384 F0 30 00 01 83 06 82 00 C3 3C CF 22 10 E3 3B 5E 52 56 3E 01 00 1C 6B 6B 69 00 C2 3C 00 01 AB 00 F6 05 00 00 00 00 00 00 00 00 00 00 00 9F 09 55
20:10:54.209 * tx 159397 F0 1D 00 01 84 03 C2 2E 00 B2 11 B2 11 1C 00 00 06 00 00 02 00 02 01 00 00 00 42 03 55
20:10:54.213 * tx 159398 F0 16 00 01 84 04 00 00 19 81 00 00 3D 00 00 00 01 00 00 77 01 55
20:10:54.215 * rx 159398 +0/105#29 F0 69 00 01 84 05 05 14 05 14 01 00 00 00 02 AA 00 AA 00 54 01 54 01 00 00 00 00 07 80 FF EE 03 1A 04 27 01 00 00 B0 80 21 22 1F 13 E1 D0 F1 F5 F7 FA 00 00 00 00 00 00 00 00 00 00 00 00 00 00
20:10:54.219 * rx 159398 +64/105#29 00 00 00 00 01 00 10 00 00 07 00 00 00 00 00 00 00 00 00 00 00 00 00 F0 03 70 00 00 00 00 00 70 00 00 00 00 00 11 0C 0F 55
20:10:54.222 * rx 159401 F0 30 00 01 84 06 82 00 C3 3C CF 22 10 E3 3B 5E 52 56 3E 01 00 1C 6B 6B 69 00 C2 3C 00 01 AB 00 F6 05 00 00 00 00 00 00 00 00 00 00 00 A0 09 55
20:10:54.227 * tx 159413 F0 1D 00 01 85 03 C2 2E 00 B2 11 B2 11 1C 00 00 06 00 00 02 00 02 01 00 00 00 43 03 55
20:10:54.231 * tx 159413 F0 16 00 01 85 04 00 00 19 81 00 00 3D 00 00 00 01 00 00 78 01 55
20:10:54.234 * rx 159415 +0/105#33 F0 69 00 01 85 05 05 14 05 14 01 00 00 00 02 AA 00 AA 00 54 01 54 01 00 00 00 00 07 80 FF EE 03 1A 04 27 01 00 00 B0 80 21 22 1F 13 23 F8 FC 08 10 0C 00 00 00 00 00 00 00 00 00 00 00 00 00 00
20:10:54.239 * rx 159415 +64/105#33 00 00 00 00 01 00 10 00 00 07 00 00 00 00 00 00 00 00 00 00 00 00 00 F0 03 70 00 00 00 00 00 70 00 00 00 00 00 11 C0 0B 55
20:10:54.243 * rx 159417 F0 30 00 01 85 06 82 00 C3 3C CF 22 10 E3 3B 5E 52 56 3E 01 00 1C 6B 6B 69 00 C2 3C 00 01 AB 00 F6 05 00 00 00 00 00 00 00 00 00 00 00 A1 09 55
20:10:54.247 * tx 159430 F0 1D 00 01 86 03 C2 2E 00 B2 11 B2 11 1C 00 00 06 00 00 02 00 02 01 00 00 00 44 03 55
20:10:54.250 * tx 159430 F0 16 00 01 86 04 00 00 19 81 00 00 3D 00 00 00 01 00 00 79 01 55
20:10:54.254 * rx 159432 +0/105#37 F0 69 00 01 86 05 05 14 05 14 01 00 00 00 02 AA 00 AA 00 54 01 54 01 00 00 00 00 07 80 FF EE 03 1A 04 27 01 00 00 B0 80 21 22 1F 13 E1 D0 F1 F5 F7 FA 00 00 00 00 00 00 00 00 00 00 00 00 00 00
20:10:54.257 * rx 159432 +64/105#37 00 00 00 00 01 00 10 00 00 07 00 00 00 00 00 00 00 00 00 00 00 00 00 F0 03 70 00 00 00 00 00 70 00 00 00 00 00 11 0E 0F 55
20:10:54.260 * rx 159434 F0 30 00 01 86 06 82 00 C3 3C CF 22 10 E3 3B 5E 52 56 3E 01 00 1C 6B 6B 69 00 C2 3C 00 01 AB 00 F6 05 00 00 00 00 00 00 00 00 00 00 00 A2 09 55
20:10:54.268 * tx 159447 F0 1D 00 01 87 03 C2 2E 00 B2 11 B2 11 1C 00 00 06 00 00 02 00 02 01 00 00 00 45 03 55
20:10:54.273 * tx 159448 F0 16 00 01 87 04 00 00 19 81 00 00 3D 00 00 00 01 00 00 7A 01 55
20:10:54.278 * rx 159448 +0/105#41 F0 69 00 01 87 05 05 14 05 14 01 00 00 00 02 AA 00 AA 00 54 01 54 01 00 00 00 00 07 80 FF EE 03 1A 04 27 01 00 00 B0 80 21 22 1F 13 23 F8 FC 08 10 0C 00 00 00 00 00 00 00 00 00 00 00 00 00 00
20:10:54.285 * rx 159448 +64/105#41 00 00 00 00 01 00 10 00 00 07 00 00 00 00 00 00 00 00 00 00 00 00 00 F0 03 70 00 00 00 00 00 70 00 00 00 00 00 11 C2 0B 55
20:10:54.290 * rx 159451 F0 30 00 01 87 06 82 00 C3 3C CF 22 10 E3 3B 5E 52 56 3E 01 00 1C 6B 6B 69 00 C2 3C 00 01 AB 00 F6 05 00 00 00 00 00 00 00 00 00 00 00 A3 09 55
20:10:54.292 * tx 159463 F0 1D 00 01 88 03 C2 2E 00 B2 11 B2 11 1C 00 00 06 00 00 02 00 02 01 00 00 00 46 03 55
20:10:54.294 * tx 159463 F0 16 00 01 88 04 00 00 19 81 00 00 3D 00 00 00 01 00 00 7B 01 55
20:10:54.297 * rx 159465 +0/105#45 F0 69 00 01 88 05 05 14 05 14 01 00 00 00 02 AA 00 AA 00 54 01 54 01 00 00 00 00 07 80 FF EE 03 1A 04 27 01 00 00 B0 80 21 22 1F 13 E1 D0 F1 F5 F7 FA 00 00 00 00 00 00 00 00 00 00 00 00 00 00
20:10:54.299 * rx 159465 +64/105#45 00 00 00 00 01 00 10 00 00 07 00 00 00 00 00 00 00 00 00 00 00 00 00 F0 03 70 00 00 00 00 00 70 00 00 00 00 00 11 10 0F 55
20:10:54.301 * rx 159467 F0 30 00 01 88 06 82 00 C3 3C CF 22 10 E3 3B 5E 52 56 3E 01 00 1C 6B 6B 69 00 C2 3C 00 01 AB 00 F6 05 00 00 00 00 00 00 00 00 00 00 00 A4 09 55
20:10:55.186 * rxflood 108
20:10:55.190 * tx 160380 F0 1D 00 01 BF 03 C2 2E 00 B2 11 B2 11 1C 00 00 06 00 00 02 00 02 01 00 00 00 7D 03 55
20:10:55.193 * tx 160380 F0 16 00 01 BF 04 00 00 19 81 00 00 3D 00 00 00 01 00 00 B2 01 55
20:10:55.196 * rx 160382 +0/105#265 F0 69 00 01 BF 05 05 14 05 14 01 00 00 00 02 AA 00 AA 00 54 01 54 01 00 00 00 00 07 80 FF EE 03 1A 04 27 01 00 00 B0 80 21 22 1F 13 23 F8 FC 08 10 0C 00 00 00 00 00 00 00 00 00 00 00 00 00 00
20:10:55.200 * rx 160382 +64/105#265 00 00 00 00 01 00 10 00 00 07 00 00 00 00 00 00 00 00 00 00 00 00 00 F0 03 70 00 00 00 00 00 70 00 00 00 00 00 11 FA 0B 55
20:10:55.206 * rx 160384 F0 30 00 01 BF 06 82 00 C3 3C CF 22 10 E3 3B 5E 52 56 3E 01 00 1C 6B 6B 69 00 C2 3C 00 01 AB 00 F6 05 00 00 00 00 00 00 00 00 00 00 00 DB 09 55
20:10:55.211 * tx 160397 F0 1D 00 01 C0 03 C2 2E 00 B2 11 B2 11 1C 00 00 06 00 00 02 00 02 01 00 00 00 7E 03 55
20:10:55.218 * tx 160398 F0 16 00 01 C0 04 00 00 19 81 00 00 3D 00 00 00 01 00 00 B3 01 55
20:10:55.225 * rx 160398 +0/105#269 F0 69 00 01 C0 05 05 14 05 14 01 00 00 00 02 AA 00 AA 00 54 01 54 01 00 00 00 00 07 80 FF EE 03 1A 04 27 01 00 00 B0 80 21 22 1F 13 E1 D0 F1 F5 F7 FA 00 00 00 00 00 00 00 00 00 00 00 00 00 00
20:10:55.230 * rx 160398 +64/105#269 00 00 00 00 01 00 10 00 00 07 00 00 00 00 00 00 00 00 00 00 00 00 00 F0 03 70 00 00 00 00 00 70 00 00 00 00 00 11 48 0F 55
20:10:55.235 * rx 160401 F0 30 00 01 C0 06 82 00 C3 3C CF 22 10 E3 3B 5E 52 56 3E 01 00 1C 6B 6B 69 00 C2 3C 00 01 AB 00 F6 05 00 00 00 00 00 00 00 00 00 00 00 DC 09 55
20:10:55.238 * tx 160413 F0 1D 00 01 C1 03 C2 2E 00 B2 11 B2 11 1C 00 00 06 00 00 02 00 02 01 00 00 00 7F 03 55
20:10:55.242 * tx 160413 F0 16 00 01 C1 04 00 00 19 81 00 00 3D 00 00 00 01 00 00 B4 01 55
20:10:55.246 * rx 160415 +0/105#273 F0 69 00 01 C1 05 05 14 05 14 01 00 00 00 02 AA 00 AA 00 54 01 54 01 00 00 00 00 07 80 FF EE 03 1A 04 27 01 00 00 B0 80 21 22 1F 13 23 F8 FC 08 10 0C 00 00 00 00 00 00 00 00 00 00 00 00 00 00
20:10:55.252 * rx 160415 +64/105#273 00 00 00 00 01 00 10 00 00 07 00 00 00 00 00 00 00 00 00 00 00 00 00 F0 03 70 00 00 00 00 00 70 00 00 00 00 00 11 FC 0B 55
20:10:55.263 * rx 160417 F0 30 00 01 C1 06 82 00 C3 3C CF 22 10 E3 3B 5E 52 56 3E 01 00 1C 6B 6B 69 00 C2 3C 00 01 AB 00 F6 05 00 00 00 00 00 00 00 00 00 00 00 DD 09 55
20:10:55.268 * tx 160430 F0 1D 00 01 C2 03 C2 2E 00 B2 11 B2 11 1C 00 00 06 00 00 02 00 02 01 00 00 00 80 03 55
20:10:55.272 * tx 160430 F0 16 00 01 C2 04 00 00 19 81 00 00 3D 00 00 00 01 00 00 B5 01 55
20:10:55.275 * rx 160431 +0/105#277 F0 69 00 01 C2 05 05 14 05 14 01 00 00 00 02 AA 00 AA 00 54 01 54 01 00 00 00 00 07 80 FF EE 03 1A 04 27 01 00 00 B0 80 21 22 1F 13 E1 D0 F1 F5 F7 FA 00 00 00 00 00 00 00 00 00 00 00 00 00 00
20:10:55.278 * rx 160431 +64/105#277 00 00 00 00 01 00 10 00 00 07 00 00 00 00 00 00 00 00 00 00 00 00 00 F0 03 70 00 00 00 00 00 70 00 00 00 00 00 11 4A 0F 55
20:10:55.282 * rx 160434 F0 30 00 01 C2 06 82 00 C3 3C CF 22 10 E3 3B 5E 52 56 3E 01 00 1C 6B 6B 69 00 C2 3C 00 01 AB 00 F6 05 00 00 00 00 00 00 00 00 00 00 00 DE 09 55
20:10:55.292 * tx 160447 F0 1D 00 01 C3 03 C2 2E 00 B2 11 B2 11 1C 00 00 06 00 00 02 00 02 01 00 00 00 81 03 55
20:10:55.297 * tx 160448 F0 16 00 01 C3 04 00 00 19 81 00 00 3D 00 00 00 01 00 00 B6 01 55
20:10:55.301 * rx 160448 +0/105#281 F0 69 00 01 C3 05 05 14 05 14 01 00 00 00 02 AA 00 AA 00 54 01 54 01 00 00 00 00 07 80 FF EE 03 1A 04 27 01 00 00 B0 80 21 22 1F 13 23 F8 FC 08 10 0C 00 00 00 00 00 00 00 00 00 00 00 00 00 00
20:10:55.305 * rx 160448 +64/105#281 00 00 00 00 01 00 10 00 00 07 00 00 00 00 00 00 00 00 00 00 00 00 00 F0 03 70 00 00 00 00 00 70 00 00 00 00 00 11 FE 0B 55
20:10:55.308 * rx 160451 F0 30 00 01 C3 06 82 00 C3 3C CF 22 10 E3 3B 5E 52 56 3E 01 00 1C 6B 6B 69 00 C2 3C 00 01 AB 00 F6 05 00 00 00 00 00 00 00 00 00 00 00 DF 09 55
20:10:55.311 * tx 160463 F0 1D 00 01 C4 03 C2 2E 00 B2 11 B2 11 1C 00 00 06 00 00 02 00 02 01 00 00 00 82 03 55
20:10:55.321 * tx 160463 F0 16 00 01 C4 04 00 00 19 81 00 00 3D 00 00 00 01 00 00 B7 01 55
20:10:55.326 * rx 160465 +0/105#285 F0 69 00 01 C4 05 05 14 05 14 01 00 00 00 02 AA 00 AA 00 54 01 54 01 00 00 00 00 07 80 FF EE 03 1A 04 27 01 00 00 B0 80 21 22 1F 13 E1 D0 F1 F5 F7 FA 00 00 00 00 00 00 00 00 00 00 00 00 00 00
20:10:55.330 * rx 160465 +64/105#285 00 00 00 00 01 00 10 00 00 07 00 00 00 00 00 00 00 00 00 00 00 00 00 F0 03 70 00 00 00 00 00 70 00 00 00 00 00 11 4C 0F 55
20:10:56.185 * rxflood 109
20:10:56.192 * tx 161380 F0 1D 00 01 0B 03 C2 2E 00 B2 11 B2 11 1C 00 00 06 00 00 02 00 02 01 00 00 00 C9 02 55
20:10:56.200 * tx 161380 F0 16 00 01 0B 04 00 00 19 81 00 00 3D 00 00 00 01 00 00 FE 00 55
20:10:56.205 * rx 161382 +0/105#505 F0 69 00 01 0B 05 05 14 05 14 01 00 00 00 02 AA 00 AA 00 54 01 54 01 00 00 00 00 07 80 FF EE 03 1A 04 27 01 00 00 B0 80 21 22 1F 13 23 F8 FC 08 10 0C 00 00 00 00 00 00 00 00 00 00 00 00 00 00
20:10:56.209 * rx 161382 +64/105#505 00 00 00 00 01 00 10 00 00 07 00 00 00 00 00 00 00 00 00 00 00 00 00 F0 03 70 00 00 00 00 00 70 00 00 00 00 00 11 46 0B 55
20:10:56.215 * rx 161384 F0 30 00 01 0B 06 82 00 C3 3C CF 22 10 E3 3B 5E 52 56 3E 01 00 1C 6B 6B 69 00 C2 3C 00 01 AB 00 F6 05 00 00 00 00 00 00 00 00 00 00 00 27 09 55
20:10:56.218 * tx 161397 F0 1D 00 01 0C 03 C2 2E 00 B2 11 B2 11 1C 00 00 06 00 00 02 00 02 01 00 00 00 CA 02 55
20:10:56.224 * tx 161398 F0 16 00 01 0C 04 00 00 19 81 00 00 3D 00 00 00 01 00 00 FF 00 55
20:10:56.231 * rx 161398 +0/105#509 F0 69 00 01 0C 05 05 14 05 14 01 00 00 00 02 AA 00 AA 00 54 01 54 01 00 00 00 00 07 80 FF EE 03 1A 04 27 01 00 00 B0 80 21 22 1F 13 E1 D0 F1 F5 F7 FA 00 00 00 00 00 00 00 00 00 00 00 00 00 00
20:10:56.235 * rx 161398 +64/105#509 00 00 00 00 01 00 10 00 00 07 00 00 00 00 00 00 00 00 00 00 00 00 00 F0 03 70 00 00 00 00 00 70 00 00 00 00 00 11 94 0E 55
20:10:56.239 * rx 161401 F0 30 00 01 0C 06 82 00 C3 3C CF 22 10 E3 3B 5E 52 56 3E 01 00 1C 6B 6B 69 00 C2 3C 00 01 AB 00 F6 05 00 00 00 00 00 00 00 00 00 00 00 28 09 55
20:10:56.242 * tx 161414 F0 1D 00 01 0D 03 C2 2E 00 B2 11 B2 11 1C 00 00 06 00 00 02 00 02 01 00 00 00 CB 02 55
20:10:56.245 * tx 161415 F0 16 00 01 0D 04 00 00 19 81 00 00 3D 00 00 00 01 00 00 00 01 55
20:10:56.253 * rx 161415 +0/105#513 F0 69 00 01 0D 05 05 14 05 14 01 00 00 00 02 AA 00 AA 00 54 01 54 01 00 00 00 00 07 80 FF EE 03 1A 04 27 01 00 00 B0 80 21 22 1F 13 23 F8 FC 08 10 0C 00 00 00 00 00 00 00 00 00 00 00 00 00 00
20:10:56.260 * rx 161415 +64/105#513 00 00 00 00 01 00 10 00 00 07 00 00 00 00 00 00 00 00 00 00 00 00 00 F0 03 70 00 00 00 00 00 70 00 00 00 00 00 11 48 0B 55
20:10:56.264 * rx 161417 F0 30 00 01 0D 06 82 00 C3 3C CF 22 10 E3 3B 5E 52 56 3E 01 00 1C 6B 6B 69 00 C2 3C 00 01 AB 00 F6 05 00 00 00 00 00 00 00 00 00 00 00 29 09 55
20:10:56.268 * tx 161430 F0 1D 00 01 0E 03 C2 2E 00 B2 11 B2 11 1C 00 00 06 00 00 02 00 02 01 00 00 00 CC 02 55
20:10:56.271 * tx 161430 F0 16 00 01 0E 04 00 00 19 81 00 00 3D 00 00 00 01 00 00 01 01 55
20:10:56.276 * rx 161432 +0/105#517 F0 69 00 01 0E 05 05 14 05 14 01 00 00 00 02 AA 00 AA 00 54 01 54 01 00 00 00 00 07 80 FF EE 03 1A 04 27 01 00 00 B0 80 21 22 1F 13 E1 D0 F1 F5 F7 FA 00 00 00 00 00 00 00 00 00 00 00 00 00 00
20:10:56.284 * rx 161432 +64/105#517 00 00 00 00 01 00 10 00 00 07 00 00 00 00 00 00 00 00 00 00 00 00 00 F0 03 70 00 00 00 00 00 70 00 00 00 00 00 11 96 0E 55
20:10:56.288 * rx 161434 F0 30 00 01 0E 06 82 00 C3 3C CF 22 10 E3 3B 5E 52 56 3E 01 00 1C 6B 6B 69 00 C2 3C 00 01 AB 00 F6 05 00 00 00 00 00 00 00 00 00 00 00 2A 09 55
20:10:56.292 * tx 161447 F0 1D 00 01 0F 03 C2 2E 00 B2 11 B2 11 1C 00 00 06 00 00 02 00 02 01 00 00 00 CD 02 55
20:10:56.295 * tx 161448 F0 16 00 01 0F 04 00 00 19 81 00 00 3D 00 00 00 01 00 00 02 01 55
20:10:56.299 * rx 161448 +0/105#521 F0 69 00 01 0F 05 05 14 05 14 01 00 00 00 02 AA 00 AA 00 54 01 54 01 00 00 00 00 07 80 FF EE 03 1A 04 27 01 00 00 B0 80 21 22 1F 13 23 F8 FC 08 10 0C 00 00 00 00 00 00 00 00 00 00 00 00 00 00
20:10:56.308 * rx 161448 +64/105#521 00 00 00 00 01 00 10 00 00 07 00 00 00 00 00 00 00 00 00 00 00 00 00 F0 03 70 00 00 00 00 00 70 00 00 00 00 00 11 4A 0B 55
20:10:56.313 * rx 161451 F0 30 00 01 0F 06 82 00 C3 3C CF 22 10 E3 3B 5E 52 56 3E 01 00 1C 6B 6B 69 00 C2 3C 00 01 AB 00 F6 05 00 00 00 00 00 00 00 00 00 00 00 2B 09 55
20:10:56.317 * tx 161464 F0 1D 00 01 10 03 C2 2E 00 B2 11 B2 11 1C 00 00 06 00 00 02 00 02 01 00 00 00 CE 02 55
20:10:56.320 * tx 161465 F0 16 00 01 10 04 00 00 19 81 00 00 3D 00 00 00 01 00 00 03 01 55
20:10:56.324 * rx 161465 +0/105#525 F0 69 00 01 10 05 05 14 05 14 01 00 00 00 02 AA 00 AA 00 54 01 54 01 00 00 00 00 07 80 FF EE 03 1A 04 27 01 00 00 B0 80 21 22 1F 13 E1 D0 F1 F5 F7 FA 00 00 00 00 00 00 00 00 00 00 00 00 00 00
20:10:56.333 * rx 161465 +64/105#525 00 00 00 00 01 00 10 00 00 07 00 00 00 00 00 00 00 00 00 00 00 00 00 F0 03 70 00 00 00 00 00 70 00 00 00 00 00 11 98 0E 55
20:10:57.186 * rxflood 109
20:10:57.194 * tx 162380 F0 1D 00 01 47 03 C2 2E 00 B2 11 B2 11 1C 00 00 06 00 00 02 00 02 01 00 00 00 05 03 55
20:10:57.201 * tx 162380 F0 16 00 01 47 04 00 00 19 81 00 00 3D 00 00 00 01 00 00 3A 01 55
20:10:57.207 * rx 162382 +0/105#745 F0 69 00 01 47 05 05 14 05 14 01 00 00 00 02 AA 00 AA 00 54 01 54 01 00 00 00 00 07 80 FF EE 03 1A 04 27 01 00 00 B0 80 21 22 1F 13 23 F8 FC 08 10 0C 00 00 00 00 00 00 00 00 00 00 00 00 00 00
20:10:57.218 * rx 162382 +64/105#745 00 00 00 00 01 00 10 00 00 07 00 00 00 00 00 00 00 00 00 00 00 00 00 F0 03 70 00 00 00 00 00 70 00 00 00 00 00 11 82 0B 55
20:10:57.223 * rx 162384 F0 30 00 01 47 06 82 00 C3 3C CF 22 10 E3 3B 5E 52 56 3E 01 00 1C 6B 6B 69 00 C2 3C 00 01 AB 00 F6 05 00 00 00 00 00 00 00 00 00 00 00 63 09 55
20:10:57.228 * tx 162397 F0 1D 00 01 48 03 C2 2E 00 B2 11 B2 11 1C 00 00 06 00 00 02 00 02 01 00 00 00 06 03 55
20:10:57.233 * tx 162398 F0 16 00 01 48 04 00 00 19 81 00 00 3D 00 00 00 01 00 00 3B 01 55
20:10:57.238 * rx 162398 +0/105#749 F0 69 00 01 48 05 05 14 05 14 01 00 00 00 02 AA 00 AA 00 54 01 54 01 00 00 00 00 07 80 FF EE 03 1A 04 27 01 00 00 B0 80 21 22 1F 13 E1 D0 F1 F5 F7 FA 00 00 00 00 00 00 00 00 00 00 00 00 00 00
20:10:57.251 * rx 162398 +64/105#749 00 00 00 00 01 00 10 00 00 07 00 00 00 00 00 00 00 00 00 00 00 00 00 F0 03 70 00 00 00 00 00 70 00 00 00 00 00 11 D0 0E 55
20:10:57.258 * rx 162401 F0 30 00 01 48 06 82 00 C3 3C CF 22 10 E3 3B 5E 52 56 3E 01 00 1C 6B 6B 69 00 C2 3C 00 01 AB 00 F6 05 00 00 00 00 00 00 00 00 00 00 00 64 09 55
20:10:57.264 * tx 162414 F0 1D 00 01 49 03 C2 2E 00 B2 11 B2 11 1C 00 00 06 00 00 02 00 02 01 00 00 00 07 03 55
20:10:57.269 * tx 162415 F0 16 00 01 49 04 00 00 19 81 00 00 3D 00 00 00 01 00 00 3C 01 55
20:10:57.277 * rx 162415 +0/105#753 F0 69 00 01 49 05 05 14 05 14 01 00 00 00 02 AA 00 AA 00 54 01 54 01 00 00 00 00 07 80 FF EE 03 1A 04 27 01 00 00 B0 80 21 22 1F 13 23 F8 FC 08 10 0C 00 00 00 00 00 00 00 00 00 00 00 00 00 00
20:10:57.285 * rx 162415 +64/105#753 00 00 00 00 01 00 10 00 00 07 00 00 00 00 00 00 00 00 00 00 00 00 00 F0 03 70 00 00 00 00 00 70 00 00 00 00 00 11 84 0B 55
20:10:57.290 * rx 162417 F0 30 00 01 49 06 82 00 C3 3C CF 22 10 E3 3B 5E 52 56 3E 01 00 1C 6B 6B 69 00 C2 3C 00 01 AB 00 F6 05 00 00 00 00 00 00 00 00 00 00 00 65 09 55
20:10:57.294 * tx 162430 F0 1D 00 01 4A 03 C2 2E 00 B2 11 B2 11 1C 00 00 06 00 00 02 00 02 01 00 00 00 08 03 55
20:10:57.303 * tx 162430 F0 16 00 01 4A 04 00 00 19 81 00 00 3D 00 00 00 01 00 00 3D 01 55
20:10:57.312 * rx 162432 +0/105#757 F0 69 00 01 4A 05 05 14 05 14 01 00 00 00 02 AA 00 AA 00 54 01 54 01 00 00 00 00 07 80 FF EE 03 1A 04 27 01 00 00 B0 80 21 22 1F 13 E1 D0 F1 F5 F7 FA 00 00 00 00 00 00 00 00 00 00 00 00 00 00
20:10:57.317 * rx 162432 +64/105#757 00 00 00 00 01 00 10 00 00 07 00 00 00 00 00 00 00 00 00 00 00 00 00 F0 03 70 00 00 00 00 00 70 00 00 00 00 00 11 D2 0E 55
20:10:57.322 * rx 162434 F0 30 00 01 4A 06 82 00 C3 3C CF 22 10 E3 3B 5E 52 56 3E 01 00 1C 6B 6B 69 00 C2 3C 00 01 AB 00 F6 05 00 00 00 00 00 00 00 00 00 00 00 66 09 55
20:10:57.330 * tx 162447 F0 1D 00 01 4B 03 C2 2E 00 B2 11 B2 11 1C 00 00 06 00 00 02 00 02 01 00 00 00 09 03 55
20:10:57.339 * tx 162448 F0 16 00 01 4B 04 00 00 19 81 00 00 3D 00 00 00 01 00 00 3E 01 55
20:10:57.345 * rx 162448 +0/105#761 F0 69 00 01 4B 05 05 14 05 14 01 00 00 00 02 AA 00 AA 00 54 01 54 01 00 00 00 00 07 80 FF EE 03 1A 04 27 01 00 00 B0 80 21 22 1F 13 23 F8 FC 08 10 0C 00 00 00 00 00 00 00 00 00 00 00 00 00 00
20:10:57.351 * rx 162448 +64/105#761 00 00 00 00 01 00 10 00 00 07 00 00 00 00 00 00 00 00 00 00 00 00 00 F0 03 70 00 00 00 00 00 70 00 00 00 00 00 11 86 0B 55
20:10:57.361 * rx 162451 F0 30 00 01 4B 06 82 00 C3 3C CF 22 10 E3 3B 5E 52 56 3E 01 00 1C 6B 6B 69 00 C2 3C 00 01 AB 00 F6 05 00 00 00 00 00 00 00 00 00 00 00 67 09 55
20:10:57.371 * tx 162464 F0 1D 00 01 4C 03 C2 2E 00 B2 11 B2 11 1C 00 00 06 00 00 02 00 02 01 00 00 00 0A 03 55
20:10:57.376 * tx 162465 F0 16 00 01 4C 04 00 00 19 81 00 00 3D 00 00 00 01 00 00 3F 01 55
20:10:57.381 * rx 162465 +0/105#765 F0 69 00 01 4C 05 05 14 05 14 01 00 00 00 02 AA 00 AA 00 54 01 54 01 00 00 00 00 07 80 FF EE 03 1A 04 27 01 00 00 B0 80 21 22 1F 13 E1 D0 F1 F5 F7 FA 00 00 00 00 00 00 00 00 00 00 00 00 00 00
20:10:57.390 * rx 162465 +64/105#765 00 00 00 00 01 00 10 00 00 07 00 00 00 00 00 00 00 00 00 00 00 00 00 F0 03 70 00 00 00 00 00 70 00 00 00 00 00 11 D4 0E 55
20:10:58.186 * rxflood 109
20:10:58.193 * tx 163380 F0 1D 00 01 83 03 C2 2E 00 B2 11 B2 11 1C 00 00 06 00 00 02 00 02 01 00 00 00 41 03 55
20:10:58.198 * tx 163380 F0 16 00 01 83 04 00 00 19 81 00 00 3D 00 00 00 01 00 00 76 01 55
20:10:58.210 * rx 163382 +0/105#985 F0 69 00 01 83 05 05 14 05 14 01 00 00 00 02 AA 00 AA 00 54 01 54 01 00 00 00 00 07 80 FF EE 03 1A 04 27 01 00 00 B0 80 21 22 1F 13 23 F8 FC 08 10 0C 00 00 00 00 00 00 00 00 00 00 00 00 00 00
20:10:58.216 * rx 163382 +64/105#985 00 00 00 00 01 00 10 00 00 07 00 00 00 00 00 00 00 00 00 00 00 00 00 F0 03 70 00 00 00 00 00 70 00 00 00 00 00 11 BE 0B 55
20:10:58.220 * rx 163384 F0 30 00 01 83 06 82 00 C3 3C CF 22 10 E3 3B 5E 52 56 3E 01 00 1C 6B 6B 69 00 C2 3C 00 01 AB 00 F6 05 00 00 00 00 00 00 00 00 00 00 00 9F 09 55
20:10:58.227 * tx 163397 F0 1D 00 01 84 03 C2 2E 00 B2 11 B2 11 1C 00 00 06 00 00 02 00 02 01 00 00 00 42 03 55
20:10:58.239 * tx 163398 F0 16 00 01 84 04 00 00 19 81 00 00 3D 00 00 00 01 00 00 77 01 55
20:10:58.247 * rx 163398 +0/105#989 F0 69 00 01 84 05 05 14 05 14 01 00 00 00 02 AA 00 AA 00 54 01 54 01 00 00 00 00 07 80 FF EE 03 1A 04 27 01 00 00 B0 80 21 22 1F 13 E1 D0 F1 F5 F7 FA 00 00 00 00 00 00 00 00 00 00 00 00 00 00
20:10:58.252 * rx 163398 +64/105#989 00 00 00 00 01 00 10 00 00 07 00 00 00 00 00 00 00 00 00 00 00 00 00 F0 03 70 00 00 00 00 00 70 00 00 00 00 00 11 0C 0F 55
20:10:58.258 * rx 163401 F0 30 00 01 84 06 82 00 C3 3C CF 22 10 E3 3B 5E 52 56 3E 01 00 1C 6B 6B 69 00 C2 3C 00 01 AB 00 F6 05 00 00 00 00 00 00 00 00 00 00 00 A0 09 55
20:10:58.267 * tx 163414 F0 1D 00 01 85 03 C2 2E 00 B2 11 B2 11 1C 00 00 06 00 00 02 00 02 01 00 00 00 43 03 55
20:10:58.275 * tx 163415 F0 16 00 01 85 04 00 00 19 81 00 00 3D 00 00 00 01 00 00 78 01 55
20:10:58.281 * rx 163415 +0/105#993 F0 69 00 01 85 05 05 14 05 14 01 00 00 00 02 AA 00 AA 00 54 01 54 01 00 00 00 00 07 80 FF EE 03 1A 04 27 01 00 00 B0 80 21 22 1F 13 23 F8 FC 08 10 0C 00 00 00 00 00 00 00 00 00 00 00 00 00 00
20:10:58.287 * rx 163415 +64/105#993 00 00 00 00 01 00 10 00 00 07 00 00 00 00 00 00 00 00 00 00 00 00 00 F0 03 70 00 00 00 00 00 70 00 00 00 00 00 11 C0 0B 55
20:10:58.299 * rx 163417 F0 30 00 01 85 06 82 00 C3 3C CF 22 10 E3 3B 5E 52 56 3E 01 00 1C 6B 6B 69 00 C2 3C 00 01 AB 00 F6 05 00 00 00 00 00 00 00 00 00 00 00 A1 09 55
20:10:58.305 * tx 163430 F0 1D 00 01 86 03 C2 2E 00 B2 11 B2 11 1C 00 00 06 00 00 02 00 02 01 00 00 00 44 03 55
20:10:58.310 * tx 163430 F0 16 00 01 86 04 00 00 19 81 00 00 3D 00 00 00 01 00 00 79 01 55
20:10:58.314 * rx 163432 +0/105#997 F0 69 00 01 86 05 05 14 05 14 01 00 00 00 02 AA 00 AA 00 54 01 54 01 00 00 00 00 07 80 FF EE 03 1A 04 27 01 00 00 B0 80 21 22 1F 13 E1 D0 F1 F5 F7 FA 00 00 00 00 00 00 00 00 00 00 00 00 00 00
20:10:58.328 * rx 163432 +64/105#997 00 00 00 00 01 00 10 00 00 07 00 00 00 00 00 00 00 00 00 00 00 00 00 F0 03 70 00 00 00 00 00 70 00 00 00 00 00 11 0E 0F 55
20:10:58.336 * rx 163434 F0 30 00 01 86 06 82 00 C3 3C CF 22 10 E3 3B 5E 52 56 3E 01 00 1C 6B 6B 69 00 C2 3C 00 01 AB 00 F6 05 00 00 00 00 00 00 00 00 00 00 00 A2 09 55
20:10:58.341 * tx 163447 F0 1D 00 01 87 03 C2 2E 00 B2 11 B2 11 1C 00 00 06 00 00 02 00 02 01 00 00 00 45 03 55
20:10:58.346 * tx 163448 F0 16 00 01 87 04 00 00 19 81 00 00 3D 00 00 00 01 00 00 7A 01 55
20:10:58.359 * rx 163448 +0/105#1001 F0 69 00 01 87 05 05 14 05 14 01 00 00 00 02 AA 00 AA 00 54 01 54 01 00 00 00 00 07 80 FF EE 03 1A 04 27 01 00 00 B0 80 21 22 1F 13 23 F8 FC 08 10 0C 00 00 00 00 00 00 00 00 00 00 00 00 00 00
20:10:58.366 * rx 163448 +64/105#1001 00 00 00 00 01 00 10 00 00 07 00 00 00 00 00 00 00 00 00 00 00 00 00 F0 03 70 00 00 00 00 00 70 00 00 00 00 00 11 C2 0B 55
20:10:58.373 * rx 163451 F0 30 00 01 87 06 82 00 C3 3C CF 22 10 E3 3B 5E 52 56 3E 01 00 1C 6B 6B 69 00 C2 3C 00 01 AB 00 F6 05 00 00 00 00 00 00 00 00 00 00 00 A3 09 55
20:10:58.381 * tx 163464 F0 1D 00 01 88 03 C2 2E 00 B2 11 B2 11 1C 00 00 06 00 00 02 00 02 01 00 00 00 46 03 55
20:10:58.394 * tx 163465 F0 16 00 01 88 04 00 00 19 81 00 00 3D 00 00 00 01 00 00 7B 01 55
20:10:58.403 * rx 163465 +0/105#1005 F0 69 00 01 88 05 05 14 05 14 01 00 00 00 02 AA 00 AA 00 54 01 54 01 00 00 00 00 07 80 FF EE 03 1A 04 27 01 00 00 B0 80 21 22 1F 13 E1 D0 F1 F5 F7 FA 00 00 00 00 00 00 00 00 00 00 00 00 00 00
20:10:58.409 * rx 163465 +64/105#1005 00 00 00 00 01 00 10 00 00 07 00 00 00 00 00 00 00 00 00 00 00 00 00 F0 03 70 00 00 00 00 00 70 00 00 00 00 00 11 10 0F 55
20:10:59.185 * rxflood 109
20:10:59.192 * tx 164380 F0 1D 00 01 BF 03 C2 2E 00 B2 11 B2 11 1C 00 00 06 00 00 02 00 02 01 00 00 00 7D 03 55
20:10:59.199 * tx 164380 F0 16 00 01 BF 04 00 00 19 81 00 00 3D 00 00 00 01 00 00 B2 01 55
20:10:59.206 * rx 164382 +0/105#1225 F0 69 00 01 BF 05 05 14 05 14 01 00 00 00 02 AA 00 AA 00 54 01 54 01 00 00 00 00 07 80 FF EE 03 1A 04 27 01 00 00 B0 80 21 22 1F 13 23 F8 FC 08 10 0C 00 00 00 00 00 00 00 00 00 00 00 00 00 00
20:10:59.217 * rx 164382 +64/105#1225 00 00 00 00 01 00 10 00 00 07 00 00 00 00 00 00 00 00 00 00 00 00 00 F0 03 70 00 00 00 00 00 70 00 00 00 00 00 11 FA 0B 55
20:10:59.228 * rx 164384 F0 30 00 01 BF 06 82 00 C3 3C CF 22 10 E3 3B 5E 52 56 3E 01 00 1C 6B 6B 69 00 C2 3C 00 01 AB 00 F6 05 00 00 00 00 00 00 00 00 00 00 00 DB 09 55
20:10:59.239 * tx 164397 F0 1D 00 01 C0 03 C2 2E 00 B2 11 B2 11 1C 00 00 06 00 00 02 00 02 01 00 00 00 7E 03 55
20:10:59.247 * tx 164398 F0 16 00 01 C0 04 00 00 19 81 00 00 3D 00 00 00 01 00 00 B3 01 55
20:10:59.259 * rx 164398 +0/105#1229 F0 69 00 01 C0 05 05 14 05 14 01 00 00 00 02 AA 00 AA 00 54 01 54 01 00 00 00 00 07 80 FF EE 03 1A 04 27 01 00 00 B0 80 21 22 1F 13 E1 D0 F1 F5 F7 FA 00 00 00 00 00 00 00 00 00 00 00 00 00 00
20:10:59.267 * rx 164398 +64/105#1229 00 00 00 00 01 00 10 00 00 07 00 00 00 00 00 00 00 00 00 00 00 00 00 F0 03 70 00 00 00 00 00 70 00 00 00 00 00 11 48 0F 55
20:10:59.275 * rx 164401 F0 30 00 01 C0 06 82 00 C3 3C CF 22 10 E3 3B 5E 52 56 3E 01 00 1C 6B 6B 69 00 C2 3C 00 01 AB 00 F6 05 00 00 00 00 00 00 00 00 00 00 00 DC 09 55
20:10:59.284 * tx 164414 F0 1D 00 01 C1 03 C2 2E 00 B2 11 B2 11 1C 00 00 06 00 00 02 00 02 01 00 00 00 7F 03 55
20:10:59.294 * tx 164415 F0 16 00 01 C1 04 00 00 19 81 00 00 3D 00 00 00 01 00 00 B4 01 55
20:10:59.302 * rx 164415 +0/105#1233 F0 69 00 01 C1 05 05 14 05 14 01 00 00 00 02 AA 00 AA 00 54 01 54 01 00 00 00 00 07 80 FF EE 03 1A 04 27 01 00 00 B0 80 21 22 1F 13 23 F8 FC 08 10 0C 00 00 00 00 00 00 00 00 00 00 00 00 00 00
20:10:59.308 * rx 164415 +64/105#1233 00 00 00 00 01 00 10 00 00 07 00 00 00 00 00 00 00 00 00 00 00 00 00 F0 03 70 00 00 00 00 00 70 00 00 00 00 00 11 FC 0B 55
20:10:59.319 * rx 164417 F0 30 00 01 C1 06 82 00 C3 3C CF 22 10 E3 3B 5E 52 56 3E 01 00 1C 6B 6B 69 00 C2 3C 00 01 AB 00 F6 05 00 00 00 00 00 00 00 00 00 00 00 DD 09 55
20:10:59.330 * tx 164430 F0 1D 00 01 C2 03 C2 2E 00 B2 11 B2 11 1C 00 00 06 00 00 02 00 02 01 00 00 00 80 03 55
20:10:59.336 * tx 164430 F0 16 00 01 C2 04 00 00 19 81 00 00 3D 00 00 00 01 00 00 B5 01 55
20:10:59.343 * rx 164432 +0/105#1237 F0 69 00 01 C2 05 05 14 05 14 01 00 00 00 02 AA 00 AA 00 54 01 54 01 00 00 00 00 07 80 FF EE 03 1A 04 27 01 00 00 B0 80 21 22 1F 13 E1 D0 F1 F5 F7 FA 00 00 00 00 00 00 00 00 00 00 00 00 00 00
20:10:59.352 * rx 164432 +64/105#1237 00 00 00 00 01 00 10 00 00 07 00 00 00 00 00 00 00 00 00 00 00 00 00 F0 03 70 00 00 00 00 00 70 00 00 00 00 00 11 4A 0F 55
20:10:59.361 * rx 164434 F0 30 00 01 C2 06 82 00 C3 3C CF 22 10 E3 3B 5E 52 56 3E 01 00 1C 6B 6B 69 00 C2 3C 00 01 AB 00 F6 05 00 00 00 00 00 00 00 00 00 00 00 DE 09 55
20:10:59.369 * tx 164447 F0 1D 00 01 C3 03 C2 2E 00 B2 11 B2 11 1C 00 00 06 00 00 02 00 02 01 00 00 00 81 03 55
20:10:59.376 * tx 164448 F0 16 00 01 C3 04 00 00 19 81 00 00 3D 00 00 00 01 00 00 B6 01 55
20:10:59.387 * rx 164448 +0/105#1241 F0 69 00 01 C3 05 05 14 05 14 01 00 00 00 02 AA 00 AA 00 54 01 54 01 00 00 00 00 07 80 FF EE 03 1A 04 27 01 00 00 B0 80 21 22 1F 13 23 F8 FC 08 10 0C 00 00 00 00 00 00 00 00 00 00 00 00 00 00
20:10:59.393 * rx 164448 +64/105#1241 00 00 00 00 01 00 10 00 00 07 00 00 00 00 00 00 00 00 00 00 00 00 00 F0 03 70 00 00 00 00 00 70 00 00 00 00 00 11 FE 0B 55
20:10:59.400 * rx 164451 F0 30 00 01 C3 06 82 00 C3 3C CF 22 10 E3 3B 5E 52 56 3E 01 00 1C 6B 6B 69 00 C2 3C 00 01 AB 00 F6 05 00 00 00 00 00 00 00 00 00 00 00 DF 09 55
20:10:59.412 * tx 164464 F0 1D 00 01 C4 03 C2 2E 00 B2 11 B2 11 1C 00 00 06 00 00 02 00 02 01 00 00 00 82 03 55
20:10:59.419 * tx 164465 F0 16 00 01 C4 04 00 00 19 81 00 00 3D 00 00 00 01 00 00 B7 01 55
20:10:59.426 * rx 164465 +0/105#1245 F0 69 00 01 C4 05 05 14 05 14 01 00 00 00 02 AA 00 AA 00 54 01 54 01 00 00 00 00 07 80 FF EE 03 1A 04 27 01 00 00 B0 80 21 22 1F 13 E1 D0 F1 F5 F7 FA 00 00 00 00 00 00 00 00 00 00 00 00 00 00
20:10:59.436 * rx 164465 +64/105#1245 00 00 00 00 01 00 10 00 00 07 00 00 00 00 00 00 00 00 00 00 00 00 00 F0 03 70 00 00 00 00 00 70 00 00 00 00 00 11 4C 0F 55
20:11:00.185 * rxflood 109
20:11:00.192 * tx 165380 F0 1D 00 01 0B 03 C2 2E 00 B2 11 B2 11 1C 00 00 06 00 00 02 00 02 01 00 00 00 C9 02 55
20:11:00.202 * tx 165380 F0 16 00 01 0B 04 00 00 19 81 00 00 3D 00 00 00 01 00 00 FE 00 55
20:11:00.209 * rx 165382 +0/105#1465 F0 69 00 01 0B 05 05 14 05 14 01 00 00 00 02 AA 00 AA 00 54 01 54 01 00 00 00 00 07 80 FF EE 03 1A 04 27 01 00 00 B0 80 21 22 1F 13 23 F8 FC 08 10 0C 00 00 00 00 00 00 00 00 00 00 00 00 00 00
20:11:00.214 * rx 165382 +64/105#1465 00 00 00 00 01 00 10 00 00 07 00 00 00 00 00 00 00 00 00 00 00 00 00 F0 03 70 00 00 00 00 00 70 00 00 00 00 00 11 46 0B 55
20:11:00.224 * rx 165384 F0 30 00 01 0B 06 82 00 C3 3C CF 22 10 E3 3B 5E 52 56 3E 01 00 1C 6B 6B 69 00 C2 3C 00 01 AB 00 F6 05 00 00 00 00 00 00 00 00 00 00 00 27 09 55
20:11:00.230 * tx 165397 F0 1D 00 01 0C 03 C2 2E 00 B2 11 B2 11 1C 00 00 06 00 00 02 00 02 01 00 00 00 CA 02 55
20:11:00.235 * tx 165398 F0 16 00 01 0C 04 00 00 19 81 00 00 3D 00 00 00 01 00 00 FF 00 55
20:11:00.246 * rx 165398 +0/105#1469 F0 69 00 01 0C 05 05 14 05 14 01 00 00 00 02 AA 00 AA 00 54 01 54 01 00 00 00 00 07 80 FF EE 03 1A 04 27 01 00 00 B0 80 21 22 1F 13 E1 D0 F1 F5 F7 FA 00 00 00 00 00 00 00 00 00 00 00 00 00 00
20:11:00.253 * rx 165398 +64/105#1469 00 00 00 00 01 00 10 00 00 07 00 00 00 00 00 00 00 00 00 00 00 00 00 F0 03 70 00 00 00 00 00 70 00 00 00 00 00 11 94 0E 55
20:11:00.259 * rx 165401 F0 30 00 01 0C 06 82 00 C3 3C CF 22 10 E3 3B 5E 52 56 3E 01 00 1C 6B 6B 69 00 C2 3C 00 01 AB 00 F6 05 00 00 00 00 00 00 00 00 00 00 00 28 09 55
20:11:00.271 * tx 165414 F0 1D 00 01 0D 03 C2 2E 00 B2 11 B2 11 1C 00 00 06 00 00 02 00 02 01 00 00 00 CB 02 55
20:11:00.278 * tx 165415 F0 16 00 01 0D 04 00 00 19 81 00 00 3D 00 00 00 01 00 00 00 01 55
20:11:00.284 * rx 165415 +0/105#1473 F0 69 00 01 0D 05 05 14 05 14 01 00 00 00 02 AA 00 AA 00 54 01 54 01 00 00 00 00 07 80 FF EE 03 1A 04 27 01 00 00 B0 80 21 22 1F 13 23 F8 FC 08 10 0C 00 00 00 00 00 00 00 00 00 00 00 00 00 00
20:11:00.296 * rx 165415 +64/105#1473 00 00 00 00 01 00 10 00 00 07 00 00 00 00 00 00 00 00 00 00 00 00 00 F0 03 70 00 00 00 00 00 70 00 00 00 00 00 11 48 0B 55
20:11:00.304 * rx 165417 F0 30 00 01 0D 06 82 00 C3 3C CF 22 10 E3 3B 5E 52 56 3E 01 00 1C 6B 6B 69 00 C2 3C 00 01 AB 00 F6 05 00 00 00 00 00 00 00 00 00 00 00 29 09 55
20:11:00.311 * tx 165430 F0 1D 00 01 0E 03 C2 2E 00 B2 11 B2 11 1C 00 00 06 00 00 02 00 02 01 00 00 00 CC 02 55
20:11:00.323 * tx 165430 F0 16 00 01 0E 04 00 00 19 81 00 00 3D 00 00 00 01 00 00 01 01 55
20:11:00.331 * rx 165432 +0/105#1477 F0 69 00 01 0E 05 05 14 05 14 01 00 00 00 02 AA 00 AA 00 54 01 54 01 00 00 00 00 07 80 FF EE 03 1A 04 27 01 00 00 B0 80 21 22 1F 13 E1 D0 F1 F5 F7 FA 00 00 00 00 00 00 00 00 00 00 00 00 00 00
20:11:00.338 * rx 165432 +64/105#1477 00 00 00 00 01 00 10 00 00 07 00 00 00 00 00 00 00 00 00 00 00 00 00 F0 03 70 00 00 00 00 00 70 00 00 00 00 00 11 96 0E 55
20:11:00.353 * rx 165434 F0 30 00 01 0E 06 82 00 C3 3C CF 22 10 E3 3B 5E 52 56 3E 01 00 1C 6B 6B 69 00 C2 3C 00 01 AB 00 F6 05 00 00 00 00 00 00 00 00 00 00 00 2A 09 55
20:11:00.360 * tx 165447 F0 1D 00 01 0F 03 C2 2E 00 B2 11 B2 11 1C 00 00 06 00 00 02 00 02 01 00 00 00 CD 02 55
20:11:00.368 * tx 165448 F0 16 00 01 0F 04 00 00 19 81 00 00 3D 00 00 00 01 00 00 02 01 55
20:11:00.382 * rx 165448 +0/105#1481 F0 69 00 01 0F 05 05 14 05 14 01 00 00 00 02 AA 00 AA 00 54 01 54 01 00 00 00 00 07 80 FF EE 03 1A 04 27 01 00 00 B0 80 21 22 1F 13 23 F8 FC 08 10 0C 00 00 00 00 00 00 00 00 00 00 00 00 00 00
20:11:00.389 * rx 165448 +64/105#1481 00 00 00 00 01 00 10 00 00 07 00 00 00 00 00 00 00 00 00 00 00 00 00 F0 03 70 00 00 00 00 00 70 00 00 00 00 00 11 4A 0B 55
20:11:00.395 * rx 165451 F0 30 00 01 0F 06 82 00 C3 3C CF 22 10 E3 3B 5E 52 56 3E 01 00 1C 6B 6B 69 00 C2 3C 00 01 AB 00 F6 05 00 00 00 00 00 00 00 00 00 00 00 2B 09 55
20:11:00.410 * tx 165464 F0 1D 00 01 10 03 C2 2E 00 B2 11 B2 11 1C 00 00 06 00 00 02 00 02 01 00 00 00 CE 02 55
20:11:00.420 * tx 165465 F0 16 00 01 10 04 00 00 19 81 00 00 3D 00 00 00 01 00 00 03 01 55
20:11:00.430 * rx 165465 +0/105#1485 F0 69 00 01 10 05 05 14 05 14 01 00 00 00 02 AA 00 AA 00 54 01 54 01 00 00 00 00 07 80 FF EE 03 1A 04 27 01 00 00 B0 80 21 22 1F 13 E1 D0 F1 F5 F7 FA 00 00 00 00 00 00 00 00 00 00 00 00 00 00
20:11:00.445 * rx 165465 +64/105#1485 00 00 00 00 01 00 10 00 00 07 00 00 00 00 00 00 00 00 00 00 00 00 00 F0 03 70 00 00 00 00 00 70 00 00 00 00 00 11 98 0E 55
20:11:01.185 * rxflood 109
20:11:01.195 * tx 166380 F0 1D 00 01 47 03 C2 2E 00 B2 11 B2 11 1C 00 00 06 00 00 02 00 02 01 00 00 00 05 03 55
20:11:01.211 * tx 166380 F0 16 00 01 47 04 00 00 19 81 00 00 3D 00 00 00 01 00 00 3A 01 55
20:11:01.219 * rx 166382 +0/105#1705 F0 69 00 01 47 05 05 14 05 14 01 00 00 00 02 AA 00 AA 00 54 01 54 01 00 00 00 00 07 80 FF EE 03 1A 04 27 01 00 00 B0 80 21 22 1F 13 23 F8 FC 08 10 0C 00 00 00 00 00 00 00 00 00 00 00 00 00 00
20:11:01.227 * rx 166382 +64/105#1705 00 00 00 00 01 00 10 00 00 07 00 00 00 00 00 00 00 00 00 00 00 00 00 F0 03 70 00 00 00 00 00 70 00 00 00 00 00 11 82 0B 55
20:11:01.239 * rx 166384 F0 30 00 01 47 06 82 00 C3 3C CF 22 10 E3 3B 5E 52 56 3E 01 00 1C 6B 6B 69 00 C2 3C 00 01 AB 00 F6 05 00 00 00 00 00 00 00 00 00 00 00 63 09 55
20:11:01.249 * tx 166397 F0 1D 00 01 48 03 C2 2E 00 B2 11 B2 11 1C 00 00 06 00 00 02 00 02 01 00 00 00 06 03 55
20:11:01.256 * tx 166398 F0 16 00 01 48 04 00 00 19 81 00 00 3D 00 00 00 01 00 00 3B 01 55
20:11:01.272 * rx 166398 +0/105#1709 F0 69 00 01 48 05 05 14 05 14 01 00 00 00 02 AA 00 AA 00 54 01 54 01 00 00 00 00 07 80 FF EE 03 1A 04 27 01 00 00 B0 80 21 22 1F 13 E1 D0 F1 F5 F7 FA 00 00 00 00 00 00 00 00 00 00 00 00 00 00
20:11:01.282 * rx 166398 +64/105#1709 00 00 00 00 01 00 10 00 00 07 00 00 00 00 00 00 00 00 00 00 00 00 00 F0 03 70 00 00 00 00 00 70 00 00 00 00 00 11 D0 0E 55
20:11:01.290 * rx 166401 F0 30 00 01 48 06 82 00 C3 3C CF 22 10 E3 3B 5E 52 56 3E 01 00 1C 6B 6B 69 00 C2 3C 00 01 AB 00 F6 05 00 00 00 00 00 00 00 00 00 00 00 64 09 55
20:11:01.303 * tx 166414 F0 1D 00 01 49 03 C2 2E 00 B2 11 B2 11 1C 00 00 06 00 00 02 00 02 01 00 00 00 07 03 55
20:11:01.310 * tx 166415 F0 16 00 01 49 04 00 00 19 81 00 00 3D 00 00 00 01 00 00 3C 01 55
20:11:01.316 * rx 166415 +0/105#1713 F0 69 00 01 49 05 05 14 05 14 01 00 00 00 02 AA 00 AA 00 54 01 54 01 00 00 00 00 07 80 FF EE 03 1A 04 27 01 00 00 B0 80 21 22 1F 13 23 F8 FC 08 10 0C 00 00 00 00 00 00 00 00 00 00 00 00 00 00
20:11:01.332 * rx 166415 +64/105#1713 00 00 00 00 01 00 10 00 00 07 00 00 00 00 00 00 00 00 00 00 00 00 00 F0 03 70 00 00 00 00 00 70 00 00 00 00 00 11 84 0B 55
20:11:01.343 * rx 166417 F0 30 00 01 49 06 82 00 C3 3C CF 22 10 E3 3B 5E 52 56 3E 01 00 1C 6B 6B 69 00 C2 3C 00 01 AB 00 F6 05 00 00 00 00 00 00 00 00 00 00 00 65 09 55
20:11:01.351 * tx 166430 F0 1D 00 01 4A 03 C2 2E 00 B2 11 B2 11 1C 00 00 06 00 00 02 00 02 01 00 00 00 08 03 55
20:11:01.368 * tx 166430 F0 16 00 01 4A 04 00 00 19 81 00 00 3D 00 00 00 01 00 00 3D 01 55
20:11:01.379 * rx 166432 +0/105#1717 F0 69 00 01 4A 05 05 14 05 14 01 00 00 00 02 AA 00 AA 00 54 01 54 01 00 00 00 00 07 80 FF EE 03 1A 04 27 01 00 00 B0 80 21 22 1F 13 E1 D0 F1 F5 F7 FA 00 00 00 00 00 00 00 00 00 00 00 00 00 00
20:11:01.388 * rx 166432 +64/105#1717 00 00 00 00 01 00 10 00 00 07 00 00 00 00 00 00 00 00 00 00 00 00 00 F0 03 70 00 00 00 00 00 70 00 00 00 00 00 11 D2 0E 55
20:11:01.406 * rx 166434 F0 30 00 01 4A 06 82 00 C3 3C CF 22 10 E3 3B 5E 52 56 3E 01 00 1C 6B 6B 69 00 C2 3C 00 01 AB 00 F6 05 00 00 00 00 00 00 00 00 00 00 00 66 09 55
20:11:01.413 * tx 166447 F0 1D 00 01 4B 03 C2 2E 00 B2 11 B2 11 1C 00 00 06 00 00 02 00 02 01 00 00 00 09 03 55
20:11:01.420 * tx 166448 F0 16 00 01 4B 04 00 00 19 81 00 00 3D 00 00 00 01 00 00 3E 01 55
20:11:01.438 * rx 166448 +0/105#1721 F0 69 00 01 4B 05 05 14 05 14 01 00 00 00 02 AA 00 AA 00 54 01 54 01 00 00 00 00 07 80 FF EE 03 1A 04 27 01 00 00 B0 80 21 22 1F 13 23 F8 FC 08 10 0C 00 00 00 00 00 00 00 00 00 00 00 00 00 00
20:11:01.448 * rx 166448 +64/105#1721 00 00 00 00 01 00 10 00 00 07 00 00 00 00 00 00 00 00 00 00 00 00 00 F0 03 70 00 00 00 00 00 70 00 00 00 00 00 11 86 0B 55
20:11:01.459 * rx 166451 F0 30 00 01 4B 06 82 00 C3 3C CF 22 10 E3 3B 5E 52 56 3E 01 00 1C 6B 6B 69 00 C2 3C 00 01 AB 00 F6 05 00 00 00 00 00 00 00 00 00 00 00 67 09 55
20:11:01.478 * tx 166464 F0 1D 00 01 4C 03 C2 2E 00 B2 11 B2 11 1C 00 00 06 00 00 02 00 02 01 00 00 00 0A 03 55
20:11:01.487 * tx 166465 F0 16 00 01 4C 04 00 00 19 81 00 00 3D 00 00 00 01 00 00 3F 01 55
20:11:01.495 * rx 166465 +0/105#1725 F0 69 00 01 4C 05 05 14 05 14 01 00 00 00 02 AA 00 AA 00 54 01 54 01 00 00 00 00 07 80 FF EE 03 1A 04 27 01 00 00 B0 80 21 22 1F 13 E1 D0 F1 F5 F7 FA 00 00 00 00 00 00 00 00 00 00 00 00 00 00
20:11:01.511 * rx 166465 +64/105#1725 00 00 00 00 01 00 10 00 00 07 00 00 00 00 00 00 00 00 00 00 00 00 00 F0 03 70 00 00 00 00 00 70 00 00 00 00 00 11 D4 0E 55
20:11:02.186 * rxflood 109
20:11:02.203 * tx 167380 F0 1D 00 01 83 03 C2 2E 00 B2 11 B2 11 1C 00 00 06 00 00 02 00 02 01 00 00 00 41 03 55
20:11:02.222 * tx 167380 F0 16 00 01 83 04 00 00 19 81 00 00 3D 00 00 00 01 00 00 76 01 55
20:11:02.233 * rx 167382 +0/105#1945 F0 69 00 01 83 05 05 14 05 14 01 00 00 00 02 AA 00 AA 00 54 01 54 01 00 00 00 00 07 80 FF EE 03 1A 04 27 01 00 00 B0 80 21 22 1F 13 23 F8 FC 08 10 0C 00 00 00 00 00 00 00 00 00 00 00 00 00 00
20:11:02.242 * rx 167382 +64/105#1945 00 00 00 00 01 00 10 00 00 07 00 00 00 00 00 00 00 00 00 00 00 00 00 F0 03 70 00 00 00 00 00 70 00 00 00 00 00 11 BE 0B 55
20:11:02.260 * rx 167384 F0 30 00 01 83 06 82 00 C3 3C CF 22 10 E3 3B 5E 52 56 3E 01 00 1C 6B 6B 69 00 C2 3C 00 01 AB 00 F6 05 00 00 00 00 00 00 00 00 00 00 00 9F 09 55
20:11:02.269 * tx 167397 F0 1D 00 01 84 03 C2 2E 00 B2 11 B2 11 1C 00 00 06 00 00 02 00 02 01 00 00 00 42 03 55
20:11:02.276 * tx 167398 F0 16 00 01 84 04 00 00 19 81 00 00 3D 00 00 00 01 00 00 77 01 55
20:11:02.290 * rx 167398 +0/105#1949 F0 69 00 01 84 05 05 14 05 14 01 00 00 00 02 AA 00 AA 00 54 01 54 01 00 00 00 00 07 80 FF EE 03 1A 04 27 01 00 00 B0 80 21 22 1F 13 E1 D0 F1 F5 F7 FA 00 00 00 00 00 00 00 00 00 00 00 00 00 00
20:11:02.302 * rx 167398 +64/105#1949 00 00 00 00 01 00 10 00 00 07 00 00 00 00 00 00 00 00 00 00 00 00 00 F0 03 70 00 00 00 00 00 70 00 00 00 00 00 11 0C 0F 55
20:11:02.312 * rx 167401 F0 30 00 01 84 06 82 00 C3 3C CF 22 10 E3 3B 5E 52 56 3E 01 00 1C 6B 6B 69 00 C2 3C 00 01 AB 00 F6 05 00 00 00 00 00 00 00 00 00 00 00 A0 09 55
20:11:02.329 * tx 167414 F0 1D 00 01 85 03 C2 2E 00 B2 11 B2 11 1C 00 00 06 00 00 02 00 02 01 00 00 00 43 03 55
20:11:02.339 * tx 167415 F0 16 00 01 85 04 00 00 19 81 00 00 3D 00 00 00 01 00 00 78 01 55
20:11:02.351 * rx 167415 +0/105#1953 F0 69 00 01 85 05 05 14 05 14 01 00 00 00 02 AA 00 AA 00 54 01 54 01 00 00 00 00 07 80 FF EE 03 1A 04 27 01 00 00 B0 80 21 22 1F 13 23 F8 FC 08 10 0C 00 00 00 00 00 00 00 00 00 00 00 00 00 00
20:11:02.372 * rx 167415 +64/105#1953 00 00 00 00 01 00 10 00 00 07 00 00 00 00 00 00 00 00 00 00 00 00 00 F0 03 70 00 00 00 00 00 70 00 00 00 00 00 11 C0 0B 55
20:11:02.383 * rx 167417 F0 30 00 01 85 06 82 00 C3 3C CF 22 10 E3 3B 5E 52 56 3E 01 00 1C 6B 6B 69 00 C2 3C 00 01 AB 00 F6 05 00 00 00 00 00 00 00 00 00 00 00 A1 09 55
20:11:02.394 * tx 167430 F0 1D 00 01 86 03 C2 2E 00 B2 11 B2 11 1C 00 00 06 00 00 02 00 02 01 00 00 00 44 03 55
20:11:02.417 * tx 167430 F0 16 00 01 86 04 00 00 19 81 00 00 3D 00 00 00 01 00 00 79 01 55
20:11:02.428 * rx 167432 +0/105#1957 F0 69 00 01 86 05 05 14 05 14 01 00 00 00 02 AA 00 AA 00 54 01 54 01 00 00 00 00 07 80 FF EE 03 1A 04 27 01 00 00 B0 80 21 22 1F 13 E1 D0 F1 F5 F7 FA 00 00 00 00 00 00 00 00 00 00 00 00 00 00
20:11:02.441 * rx 167432 +64/105#1957 00 00 00 00 01 00 10 00 00 07 00 00 00 00 00 00 00 00 00 00 00 00 00 F0 03 70 00 00 00 00 00 70 00 00 00 00 00 11 0E 0F 55
20:11:02.458 * rx 167434 F0 30 00 01 86 06 82 00 C3 3C CF 22 10 E3 3B 5E 52 56 3E 01 00 1C 6B 6B 69 00 C2 3C 00 01 AB 00 F6 05 00 00 00 00 00 00 00 00 00 00 00 A2 09 55
20:11:02.471 * tx 167447 F0 1D 00 01 87 03 C2 2E 00 B2 11 B2 11 1C 00 00 06 00 00 02 00 02 01 00 00 00 45 03 55
20:11:02.481 * tx 167448 F0 16 00 01 87 04 00 00 19 81 00 00 3D 00 00 00 01 00 00 7A 01 55
20:11:02.501 * rx 167448 +0/105#1961 F0 69 00 01 87 05 05 14 05 14 01 00 00 00 02 AA 00 AA 00 54 01 54 01 00 00 00 00 07 80 FF EE 03 1A 04 27 01 00 00 B0 80 21 22 1F 13 23 F8 FC 08 10 0C 00 00 00 00 00 00 00 00 00 00 00 00 00 00
20:11:02.511 * rx 167448 +64/105#1961 00 00 00 00 01 00 10 00 00 07 00 00 00 00 00 00 00 00 00 00 00 00 00 F0 03 70 00 00 00 00 00 70 00 00 00 00 00 11 C2 0B 55
20:11:02.526 * rx 167451 F0 30 00 01 87 06 82 00 C3 3C CF 22 10 E3 3B 5E 52 56 3E 01 00 1C 6B 6B 69 00 C2 3C 00 01 AB 00 F6 05 00 00 00 00 00 00 00 00 00 00 00 A3 09 55
20:11:02.546 * tx 167464 F0 1D 00 01 88 03 C2 2E 00 B2 11 B2 11 1C 00 00 06 00 00 02 00 02 01 00 00 00 46 03 55
20:11:02.558 * tx 167465 F0 16 00 01 88 04 00 00 19 81 00 00 3D 00 00 00 01 00 00 7B 01 55
20:11:02.569 * rx 167465 +0/105#1965 F0 69 00 01 88 05 05 14 05 14 01 00 00 00 02 AA 00 AA 00 54 01 54 01 00 00 00 00 07 80 FF EE 03 1A 04 27 01 00 00 B0 80 21 22 1F 13 E1 D0 F1 F5 F7 FA 00 00 00 00 00 00 00 00 00 00 00 00 00 00
20:11:02.584 * rx 167465 +64/105#1965 00 00 00 00 01 00 10 00 00 07 00 00 00 00 00 00 00 00 00 00 00 00 00 F0 03 70 00 00 00 00 00 70 00 00 00 00 00 11 10 0F 55
20:11:03.185 > f0
20:11:03.205 * rxflood 109
20:11:03.216 * tx 168380 F0 1D 00 01 BF 03 C2 2E 00 B2 11 B2 11 1C 00 00 06 00 00 02 00 02 01 00 00 00 7D 03 55
20:11:03.230 * tx 168380 F0 16 00 01 BF 04 00 00 19 81 00 00 3D 00 00 00 01 00 00 B2 01 55
20:11:03.247 * rx 168382 +0/105#2185 F0 69 00 01 BF 05 05 14 05 14 01 00 00 00 02 AA 00 AA 00 54 01 54 01 00 00 00 00 07 80 FF EE 03 1A 04 27 01 00 00 B0 80 21 22 1F 13 23 F8 FC 08 10 0C 00 00 00 00 00 00 00 00 00 00 00 00 00 00
20:11:03.257 * rx 168382 +64/105#2185 00 00 00 00 01 00 10 00 00 07 00 00 00 00 00 00 00 00 00 00 00 00 00 F0 03 70 00 00 00 00 00 70 00 00 00 00 00 11 FA 0B 55
20:11:03.269 ok
20:11:03.282 * rx 168384 F0 30 00 01 BF 06 82 00 C3 3C CF 22 10 E3 3B 5E 52 56 3E 01 00 1C 6B 6B 69 00 C2 3C 00 01 AB 00 F6 05 00 00 00 00 00 00 00 00 00 00 00 DB 09 55
20:11:03.291 * tx 168397 F0 1D 00 01 C0 03 C2 2E 00 B2 11 B2 11 1C 00 00 06 00 00 02 00 02 01 00 00 00 7E 03 55
20:11:03.304 * tx 168398 F0 16 00 01 C0 04 00 00 19 81 00 00 3D 00 00 00 01 00 00 B3 01 55
20:11:03.317 * rx 168398 +0/105#2189 F0 69 00 01 C0 05 05 14 05 14 01 00 00 00 02 AA 00 AA 00 54 01 54 01 00 00 00 00 07 80 FF EE 03 1A 04 27 01 00 00 B0 80 21 22 1F 13 E1 D0 F1 F5 F7 FA 00 00 00 00 00 00 00 00 00 00 00 00 00 00
20:11:03.326 * rx 168398 +64/105#2189 00 00 00 00 01 00 10 00 00 07 00 00 00 00 00 00 00 00 00 00 00 00 00 F0 03 70 00 00 00 00 00 70 00 00 00 00 00 11 48 0F 55
20:11:03.338 * motion 168399 commanded
20:11:03.352 * rx 168401 F0 30 00 01 C0 06 82 00 C3 3C CF 22 10 E3 3B 5E 52 56 3E 01 00 1C 6B 6B 69 00 C2 3C 00 01 AB 00 F6 05 00 00 00 00 00 00 00 00 00 00 00 DC 09 55
20:11:03.361 * tx 168414 F0 1D 00 01 C1 03 C2 2E 00 B2 11 B2 11 1C 00 00 06 00 10 02 00 02 01 00 00 00 8F 03 55
20:11:03.375 * tx 168415 F0 1B 00 01 C1 04 00 00 19 81 00 00 3D 00 00 00 01 00 00 1D 00 00 00 00 D6 01 55
20:11:03.390 * rx 168415 +0/105#2193 F0 69 00 01 C1 05 05 14 05 14 01 00 00 00 02 AA 00 AA 00 54 01 54 01 00 00 00 00 07 80 FF EE 03 1A 04 27 01 00 00 B0 80 21 22 1F 13 23 F8 FC 08 10 0C 00 00 00 00 00 00 00 00 00 00 00 00 00 00
20:11:03.399 * rx 168415 +64/105#2193 00 00 00 00 01 00 10 00 00 07 00 00 00 00 00 00 00 00 00 00 00 00 00 F0 03 70 00 00 00 00 00 70 00 00 00 00 00 11 FC 0B 55
20:11:03.411 * rx 168417 F0 30 00 01 C1 06 82 00 C3 3C CF 22 10 E3 3B 5E 52 56 3E 01 00 1C 6B 6B 69 00 C2 3C 00 01 AB 00 F6 05 00 00 00 00 00 00 00 00 00 00 00 DD 09 55
20:11:03.421 * tx 168430 F0 1D 00 01 C2 03 C2 2E 00 B2 11 B2 11 1C 00 00 06 00 10 02 00 02 01 00 00 00 90 03 55
20:11:03.434 * tx 168430 F0 16 00 01 C2 04 00 00 19 81 00 00 3D 00 00 00 01 00 00 B5 01 55
20:11:03.445 * rx 168432 +0/105#2197 F0 69 00 01 C2 05 05 14 05 14 01 00 00 00 02 AA 00 AA 00 54 01 54 01 00 00 00 00 07 C0 FF EE 03 1A 04 27 01 00 00 B0 80 21 22 1F 13 E1 D0 F1 F5 F7 FA 00 00 00 00 00 00 00 00 00 00 00 00 00 00
20:11:03.456 * rx 168432 +64/105#2197 00 00 00 00 01 00 10 00 00 07 00 00 00 00 00 00 00 00 00 00 00 00 00 F0 03 70 00 00 00 00 00 70 00 00 00 00 00 11 8A 0F 55
20:11:03.472 * rx 168434 F0 32 00 01 C2 06 92 04 E3 3B CF 22 10 E3 3B 5E 52 56 3E 01 00 1C 6B 6B 69 00 C2 3C 00 01 AB 00 F6 05 00 00 00 00 00 00 00 00 00 00 00 1D 00 30 0A 55
20:11:03.482 * motion 168434 moving
20:11:03.494 * motion 168434 settling
20:11:03.508 * tx 168447 F0 1D 00 01 C3 03 C2 2E 00 B2 11 B2 11 1C 00 00 06 00 10 02 00 02 01 00 00 00 91 03 55
20:11:03.518 * tx 168448 F0 16 00 01 C3 04 00 00 19 81 00 00 3D 00 00 00 01 00 00 B6 01 55
20:11:03.532 * rx 168448 +0/105#2201 F0 69 00 01 C3 05 05 14 05 14 01 00 00 00 02 AA 00 AA 00 54 01 54 01 00 00 00 00 07 80 FF EE 03 1A 04 27 01 00 00 B0 80 21 22 1F 13 23 F8 FC 08 10 0C 00 00 00 00 00 00 00 00 00 00 00 00 00 00
20:11:03.542 * rx 168448 +64/105#2201 00 00 00 00 01 00 10 00 00 07 00 00 00 00 00 00 00 00 00 00 00 00 00 F0 03 70 00 00 00 00 00 70 00 00 00 00 00 11 FE 0B 55
20:11:03.557 * rx 168451 F0 30 00 01 C3 06 92 00 E3 3B CF 22 10 E3 3B 5E 52 56 3E 01 00 1C 6B 6B 69 00 C2 3C 00 01 AB 00 F6 05 00 00 00 00 00 00 00 00 00 00 00 0E 0A 55
20:11:03.566 * tx 168464 F0 1D 00 01 C4 03 C2 2E 00 B2 11 B2 11 1C 00 00 06 00 10 02 00 02 01 00 00 00 92 03 55
20:11:04.185 * rxflood 110
20:11:04.201 * tx 169380 F0 1D 00 01 0B 03 C2 2E 00 B2 11 B2 11 1C 00 00 06 00 00 02 00 02 01 00 00 00 C9 02 55
20:11:04.215 * tx 169380 F0 16 00 01 0B 04 00 00 19 81 00 00 3D 00 00 00 01 00 00 FE 00 55
20:11:04.234 * rx 169382 +0/105#2425 F0 69 00 01 0B 05 05 14 05 14 01 00 00 00 02 AA 00 AA 00 54 01 54 01 00 00 00 00 07 80 FF EE 03 1A 04 27 01 00 00 B0 80 21 22 1F 13 23 F8 FC 08 10 0C 00 00 00 00 00 00 00 00 00 00 00 00 00 00
20:11:04.246 * rx 169382 +64/105#2425 00 00 00 00 01 00 10 00 00 07 00 00 00 00 00 00 00 00 00 00 00 00 00 F0 03 70 00 00 00 00 00 70 00 00 00 00 00 11 46 0B 55
20:11:04.263 * rx 169384 F0 30 00 01 0B 06 92 00 E3 3B CF 22 10 E3 3B 5E 52 56 3E 01 00 1C 6B 6B 69 00 E2 3B 00 01 AB 00 F6 05 00 00 00 00 00 00 00 00 00 00 00 75 09 55
20:11:04.274 * tx 169397 F0 1D 00 01 0C 03 C2 2E 00 B2 11 B2 11 1C 00 00 06 00 00 02 00 02 01 00 00 00 CA 02 55
20:11:04.287 * tx 169397 F0 16 00 01 0C 04 00 00 19 81 00 00 3D 00 00 00 01 00 00 FF 00 55
20:11:04.305 * rx 169398 +0/105#2429 F0 69 00 01 0C 05 05 14 05 14 01 00 00 00 02 AA 00 AA 00 54 01 54 01 00 00 00 00 07 80 FF EE 03 1A 04 27 01 00 00 B0 80 21 22 1F 13 E1 D0 F1 F5 F7 FA 00 00 00 00 00 00 00 00 00 00 00 00 00 00
20:11:04.317 * rx 169398 +64/105#2429 00 00 00 00 01 00 10 00 00 07 00 00 00 00 00 00 00 00 00 00 00 00 00 F0 03 70 00 00 00 00 00 70 00 00 00 00 00 11 94 0E 55
20:11:04.336 * rx 169401 F0 30 00 01 0C 06 92 00 E3 3B CF 22 10 E3 3B 5E 52 56 3E 01 00 1C 6B 6B 69 00 E2 3B 00 01 AB 00 F6 05 00 00 00 00 00 00 00 00 00 00 00 76 09 55
20:11:04.348 * tx 169414 F0 1D 00 01 0D 03 C2 2E 00 B2 11 B2 11 1C 00 00 06 00 00 02 00 02 01 00 00 00 CB 02 55
20:11:04.364 * tx 169415 F0 16 00 01 0D 04 00 00 19 81 00 00 3D 00 00 00 01 00 00 00 01 55
20:11:04.377 * rx 169415 +0/105#2433 F0 69 00 01 0D 05 05 14 05 14 01 00 00 00 02 AA 00 AA 00 54 01 54 01 00 00 00 00 07 80 FF EE 03 1A 04 27 01 00 00 B0 80 21 22 1F 13 23 F8 FC 08 10 0C 00 00 00 00 00 00 00 00 00 00 00 00 00 00
20:11:04.394 * rx 169415 +64/105#2433 00 00 00 00 01 00 10 00 00 07 00 00 00 00 00 00 00 00 00 00 00 00 00 F0 03 70 00 00 00 00 00 70 00 00 00 00 00 11 48 0B 55
20:11:04.408 * rx 169417 F0 30 00 01 0D 06 92 00 E3 3B CF 22 10 E3 3B 5E 52 56 3E 01 00 1C 6B 6B 69 00 E2 3B 00 01 AB 00 F6 05 00 00 00 00 00 00 00 00 00 00 00 77 09 55
20:11:04.422 * tx 169430 F0 1D 00 01 0E 03 C2 2E 00 B2 11 B2 11 1C 00 00 06 00 00 02 00 02 01 00 00 00 CC 02 55
20:11:04.433 * tx 169430 F0 16 00 01 0E 04 00 00 19 81 00 00 3D 00 00 00 01 00 00 01 01 55
20:11:04.446 * rx 169432 +0/105#2437 F0 69 00 01 0E 05 05 14 05 14 01 00 00 00 02 AA 00 AA 00 54 01 54 01 00 00 00 00 07 80 FF EE 03 1A 04 27 01 00 00 B0 80 21 22 1F 13 E1 D0 F1 F5 F7 FA 00 00 00 00 00 00 00 00 00 00 00 00 00 00
20:11:04.458 * rx 169432 +64/105#2437 00 00 00 00 01 00 10 00 00 07 00 00 00 00 00 00 00 00 00 00 00 00 00 F0 03 70 00 00 00 00 00 70 00 00 00 00 00 11 96 0E 55
20:11:04.476 * rx 169434 F0 30 00 01 0E 06 92 00 E3 3B CF 22 10 E3 3B 5E 52 56 3E 01 00 1C 6B 6B 69 00 E2 3B 00 01 AB 00 F6 05 00 00 00 00 00 00 00 00 00 00 00 78 09 55
20:11:04.486 * tx 169447 F0 1D 00 01 0F 03 C2 2E 00 B2 11 B2 11 1C 00 00 06 00 00 02 00 02 01 00 00 00 CD 02 55
20:11:04.502 * tx 169448 F0 16 00 01 0F 04 00 00 19 81 00 00 3D 00 00 00 01 00 00 02 01 55
20:11:04.512 * rx 169448 +0/105#2441 F0 69 00 01 0F 05 05 14 05 14 01 00 00 00 02 AA 00 AA 00 54 01 54 01 00 00 00 00 07 80 FF EE 03 1A 04 27 01 00 00 B0 80 21 22 1F 13 23 F8 FC 08 10 0C 00 00 00 00 00 00 00 00 00 00 00 00 00 00
20:11:04.534 * rx 169448 +64/105#2441 00 00 00 00 01 00 10 00 00 07 00 00 00 00 00 00 00 00 00 00 00 00 00 F0 03 70 00 00 00 00 00 70 00 00 00 00 00 11 4A 0B 55
20:11:04.545 * rx 169451 F0 30 00 01 0F 06 92 00 E3 3B CF 22 10 E3 3B 5E 52 56 3E 01 00 1C 6B 6B 69 00 E2 3B 00 01 AB 00 F6 05 00 00 00 00 00 00 00 00 00 00 00 79 09 55
20:11:04.561 * tx 169464 F0 1D 00 01 10 03 C2 2E 00 B2 11 B2 11 1C 00 00 06 00 00 02 00 02 01 00 00 00 CE 02 55
20:11:04.574 * tx 169465 F0 16 00 01 10 04 00 00 19 81 00 00 3D 00 00 00 01 00 00 03 01 55
20:11:04.592 * rx 169465 +0/105#2445 F0 69 00 01 10 05 05 14 05 14 01 00 00 00 02 AA 00 AA 00 54 01 54 01 00 00 00 00 07 80 FF EE 03 1A 04 27 01 00 00 B0 80 21 22 1F 13 E1 D0 F1 F5 F7 FA 00 00 00 00 00 00 00 00 00 00 00 00 00 00
20:11:04.602 * rx 169465 +64/105#2445 00 00 00 00 01 00 10 00 00 07 00 00 00 00 00 00 00 00 00 00 00 00 00 F0 03 70 00 00 00 00 00 70 00 00 00 00 00 11 98 0E 55
20:11:05.186 * rxflood 109
20:11:05.198 * tx 170380 F0 1D 00 01 47 03 C2 2E 00 B2 11 B2 11 1C 00 00 06 00 00 02 00 02 01 00 00 00 05 03 55
20:11:05.214 * tx 170380 F0 16 00 01 47 04 00 00 19 81 00 00 3D 00 00 00 01 00 00 3A 01 55
20:11:05.231 * rx 170382 +0/105#2665 F0 69 00 01 47 05 05 14 05 14 01 00 00 00 02 AA 00 AA 00 54 01 54 01 00 00 00 00 07 80 FF EE 03 1A 04 27 01 00 00 B0 80 21 22 1F 13 23 F8 FC 08 10 0C 00 00 00 00 00 00 00 00 00 00 00 00 00 00
20:11:05.251 * rx 170382 +64/105#2665 00 00 00 00 01 00 10 00 00 07 00 00 00 00 00 00 00 00 00 00 00 00 00 F0 03 70 00 00 00 00 00 70 00 00 00 00 00 11 82 0B 55
20:11:05.263 * rx 170384 F0 30 00 01 47 06 92 00 E3 3B CF 22 10 E3 3B 5E 52 56 3E 01 00 1C 6B 6B 69 00 E2 3B 00 01 AB 00 F6 05 00 00 00 00 00 00 00 00 00 00 00 B1 09 55
20:11:05.280 * tx 170397 F0 1D 00 01 48 03 C2 2E 00 B2 11 B2 11 1C 00 00 06 00 00 02 00 02 01 00 00 00 06 03 55
20:11:05.292 * tx 170398 F0 16 00 01 48 04 00 00 19 81 00 00 3D 00 00 00 01 00 00 3B 01 55
20:11:05.310 * rx 170398 +0/105#2669 F0 69 00 01 48 05 05 14 05 14 01 00 00 00 02 AA 00 AA 00 54 01 54 01 00 00 00 00 07 80 FF EE 03 1A 04 27 01 00 00 B0 80 21 22 1F 13 E1 D0 F1 F5 F7 FA 00 00 00 00 00 00 00 00 00 00 00 00 00 00
20:11:05.323 * rx 170398 +64/105#2669 00 00 00 00 01 00 10 00 00 07 00 00 00 00 00 00 00 00 00 00 00 00 00 F0 03 70 00 00 00 00 00 70 00 00 00 00 00 11 D0 0E 55
20:11:05.339 * rx 170401 F0 30 00 01 48 06 92 00 E3 3B CF 22 10 E3 3B 5E 52 56 3E 01 00 1C 6B 6B 69 00 E2 3B 00 01 AB 00 F6 05 00 00 00 00 00 00 00 00 00 00 00 B2 09 55
20:11:05.350 * tx 170414 F0 1D 00 01 49 03 C2 2E 00 B2 11 B2 11 1C 00 00 06 00 00 02 00 02 01 00 00 00 07 03 55
20:11:05.367 * tx 170415 F0 16 00 01 49 04 00 00 19 81 00 00 3D 00 00 00 01 00 00 3C 01 55
20:11:05.378 * rx 170415 +0/105#2673 F0 69 00 01 49 05 05 14 05 14 01 00 00 00 02 AA 00 AA 00 54 01 54 01 00 00 00 00 07 80 FF EE 03 1A 04 27 01 00 00 B0 80 21 22 1F 13 23 F8 FC 08 10 0C 00 00 00 00 00 00 00 00 00 00 00 00 00 00
20:11:05.396 * rx 170415 +64/105#2673 00 00 00 00 01 00 10 00 00 07 00 00 00 00 00 00 00 00 00 00 00 00 00 F0 03 70 00 00 00 00 00 70 00 00 00 00 00 11 84 0B 55
20:11:05.406 * rx 170417 F0 30 00 01 49 06 92 00 E3 3B CF 22 10 E3 3B 5E 52 56 3E 01 00 1C 6B 6B 69 00 E2 3B 00 01 AB 00 F6 05 00 00 00 00 00 00 00 00 00 00 00 B3 09 55
20:11:05.423 * tx 170430 F0 1D 00 01 4A 03 C2 2E 00 B2 11 B2 11 1C 00 00 06 00 00 02 00 02 01 00 00 00 08 03 55
20:11:05.434 * tx 170430 F0 16 00 01 4A 04 00 00 19 81 00 00 3D 00 00 00 01 00 00 3D 01 55
20:11:05.451 * rx 170432 +0/105#2677 F0 69 00 01 4A 05 05 14 05 14 01 00 00 00 02 AA 00 AA 00 54 01 54 01 00 00 00 00 07 80 FF EE 03 1A 04 27 01 00 00 B0 80 21 22 1F 13 E1 D0 F1 F5 F7 FA 00 00 00 00 00 00 00 00 00 00 00 00 00 00
20:11:05.463 * rx 170432 +64/105#2677 00 00 00 00 01 00 10 00 00 07 00 00 00 00 00 00 00 00 00 00 00 00 00 F0 03 70 00 00 00 00 00 70 00 00 00 00 00 11 D2 0E 55
20:11:05.483 * rx 170434 F0 30 00 01 4A 06 92 00 E3 3B CF 22 10 E3 3B 5E 52 56 3E 01 00 1C 6B 6B 69 00 E2 3B 00 01 AB 00 F6 05 00 00 00 00 00 00 00 00 00 00 00 B4 09 55
20:11:05.496 * tx 170447 F0 1D 00 01 4B 03 C2 2E 00 B2 11 B2 11 1C 00 00 06 00 00 02 00 02 01 00 00 00 09 03 55
20:11:05.515 * tx 170448 F0 16 00 01 4B 04 00 00 19 81 00 00 3D 00 00 00 01 00 00 3E 01 55
20:11:05.528 * rx 170448 +0/105#2681 F0 69 00 01 4B 05 05 14 05 14 01 00 00 00 02 AA 00 AA 00 54 01 54 01 00 00 00 00 07 80 FF EE 03 1A 04 27 01 00 00 B0 80 21 22 1F 13 23 F8 FC 08 10 0C 00 00 00 00 00 00 00 00 00 00 00 00 00 00
20:11:05.550 * rx 170448 +64/105#2681 00 00 00 00 01 00 10 00 00 07 00 00 00 00 00 00 00 00 00 00 00 00 00 F0 03 70 00 00 00 00 00 70 00 00 00 00 00 11 86 0B 55
20:11:05.564 * rx 170451 F0 30 00 01 4B 06 92 00 E3 3B CF 22 10 E3 3B 5E 52 56 3E 01 00 1C 6B 6B 69 00 E2 3B 00 01 AB 00 F6 05 00 00 00 00 00 00 00 00 00 00 00 B5 09 55
20:11:05.582 * tx 170464 F0 1D 00 01 4C 03 C2 2E 00 B2 11 B2 11 1C 00 00 06 00 00 02 00 02 01 00 00 00 0A 03 55
20:11:05.593 * tx 170465 F0 16 00 01 4C 04 00 00 19 81 00 00 3D 00 00 00 01 00 00 3F 01 55
20:11:05.610 * rx 170465 +0/105#2685 F0 69 00 01 4C 05 05 14 05 14 01 00 00 00 02 AA 00 AA 00 54 01 54 01 00 00 00 00 07 80 FF EE 03 1A 04 27 01 00 00 B0 80 21 22 1F 13 E1 D0 F1 F5 F7 FA 00 00 00 00 00 00 00 00 00 00 00 00 00 00
20:11:05.622 * rx 170465 +64/105#2685 00 00 00 00 01 00 10 00 00 07 00 00 00 00 00 00 00 00 00 00 00 00 00 F0 03 70 00 00 00 00 00 70 00 00 00 00 00 11 D4 0E 55
20:11:06.185 * rxflood 109
20:11:06.199 * tx 171380 F0 1D 00 01 83 03 C2 2E 00 B2 11 B2 11 1C 00 00 06 00 00 02 00 02 01 00 00 00 41 03 55
20:11:06.217 * tx 171380 F0 16 00 01 83 04 00 00 19 81 00 00 3D 00 00 00 01 00 00 76 01 55
20:11:06.231 * rx 171382 +0/105#2905 F0 69 00 01 83 05 05 14 05 14 01 00 00 00 02 AA 00 AA 00 54 01 54 01 00 00 00 00 07 80 FF EE 03 1A 04 27 01 00 00 B0 80 21 22 1F 13 23 F8 FC 08 10 0C 00 00 00 00 00 00 00 00 00 00 00 00 00 00
20:11:06.249 * rx 171382 +64/105#2905 00 00 00 00 01 00 10 00 00 07 00 00 00 00 00 00 00 00 00 00 00 00 00 F0 03 70 00 00 00 00 00 70 00 00 00 00 00 11 BE 0B 55
20:11:06.263 * rx 171384 F0 30 00 01 83 06 92 00 E3 3B CF 22 10 E3 3B 5E 52 56 3E 01 00 1C 6B 6B 69 00 E2 3B 00 01 AB 00 F6 05 00 00 00 00 00 00 00 00 00 00 00 ED 09 55
20:11:06.280 * tx 171397 F0 1D 00 01 84 03 C2 2E 00 B2 11 B2 11 1C 00 00 06 00 00 02 00 02 01 00 00 00 42 03 55
20:11:06.292 * tx 171398 F0 16 00 01 84 04 00 00 19 81 00 00 3D 00 00 00 01 00 00 77 01 55
20:11:06.312 * rx 171398 +0/105#2909 F0 69 00 01 84 05 05 14 05 14 01 00 00 00 02 AA 00 AA 00 54 01 54 01 00 00 00 00 07 80 FF EE 03 1A 04 27 01 00 00 B0 80 21 22 1F 13 E1 D0 F1 F5 F7 FA 00 00 00 00 00 00 00 00 00 00 00 00 00 00
20:11:06.326 * rx 171398 +64/105#2909 00 00 00 00 01 00 10 00 00 07 00 00 00 00 00 00 00 00 00 00 00 00 00 F0 03 70 00 00 00 00 00 70 00 00 00 00 00 11 0C 0F 55
20:11:06.346 * rx 171401 F0 30 00 01 84 06 92 00 E3 3B CF 22 10 E3 3B 5E 52 56 3E 01 00 1C 6B 6B 69 00 E2 3B 00 01 AB 00 F6 05 00 00 00 00 00 00 00 00 00 00 00 EE 09 55
20:11:06.357 * tx 171414 F0 1D 00 01 85 03 C2 2E 00 B2 11 B2 11 1C 00 00 06 00 00 02 00 02 01 00 00 00 43 03 55
20:11:06.374 * tx 171415 F0 16 00 01 85 04 00 00 19 81 00 00 3D 00 00 00 01 00 00 78 01 55
20:11:06.389 * rx 171415 +0/105#2913 F0 69 00 01 85 05 05 14 05 14 01 00 00 00 02 AA 00 AA 00 54 01 54 01 00 00 00 00 07 80 FF EE 03 1A 04 27 01 00 00 B0 80 21 22 1F 13 23 F8 FC 08 10 0C 00 00 00 00 00 00 00 00 00 00 00 00 00 00
20:11:06.410 * rx 171415 +64/105#2913 00 00 00 00 01 00 10 00 00 07 00 00 00 00 00 00 00 00 00 00 00 00 00 F0 03 70 00 00 00 00 00 70 00 00 00 00 00 11 C0 0B 55
20:11:06.426 * rx 171417 F0 30 00 01 85 06 92 00 E3 3B CF 22 10 E3 3B 5E 52 56 3E 01 00 1C 6B 6B 69 00 E2 3B 00 01 AB 00 F6 05 00 00 00 00 00 00 00 00 00 00 00 EF 09 55
20:11:06.446 * tx 171430 F0 1D 00 01 86 03 C2 2E 00 B2 11 B2 11 1C 00 00 06 00 00 02 00 02 01 00 00 00 44 03 55
20:11:06.458 * tx 171430 F0 16 00 01 86 04 00 00 19 81 00 00 3D 00 00 00 01 00 00 79 01 55
20:11:06.477 * rx 171432 +0/105#2917 F0 69 00 01 86 05 05 14 05 14 01 00 00 00 02 AA 00 AA 00 54 01 54 01 00 00 00 00 07 80 FF EE 03 1A 04 27 01 00 00 B0 80 21 22 1F 13 E1 D0 F1 F5 F7 FA 00 00 00 00 00 00 00 00 00 00 00 00 00 00
20:11:06.491 * rx 171432 +64/105#2917 00 00 00 00 01 00 10 00 00 07 00 00 00 00 00 00 00 00 00 00 00 00 00 F0 03 70 00 00 00 00 00 70 00 00 00 00 00 11 0E 0F 55
20:11:06.512 * rx 171434 F0 30 00 01 86 06 92 00 E3 3B CF 22 10 E3 3B 5E 52 56 3E 01 00 1C 6B 6B 69 00 E2 3B 00 01 AB 00 F6 05 00 00 00 00 00 00 00 00 00 00 00 F0 09 55
20:11:06.525 * tx 171447 F0 1D 00 01 87 03 C2 2E 00 B2 11 B2 11 1C 00 00 06 00 00 02 00 02 01 00 00 00 45 03 55
20:11:06.545 * tx 171448 F0 16 00 01 87 04 00 00 19 81 00 00 3D 00 00 00 01 00 00 7A 01 55
20:11:06.557 * rx 171448 +0/105#2921 F0 69 00 01 87 05 05 14 05 14 01 00 00 00 02 AA 00 AA 00 54 01 54 01 00 00 00 00 07 80 FF EE 03 1A 04 27 01 00 00 B0 80 21 22 1F 13 23 F8 FC 08 10 0C 00 00 00 00 00 00 00 00 00 00 00 00 00 00
20:11:06.578 * rx 171448 +64/105#2921 00 00 00 00 01 00 10 00 00 07 00 00 00 00 00 00 00 00 00 00 00 00 00 F0 03 70 00 00 00 00 00 70 00 00 00 00 00 11 C2 0B 55
20:11:06.590 * rx 171451 F0 30 00 01 87 06 92 00 E3 3B CF 22 10 E3 3B 5E 52 56 3E 01 00 1C 6B 6B 69 00 E2 3B 00 01 AB 00 F6 05 00 00 00 00 00 00 00 00 00 00 00 F1 09 55
20:11:06.608 * tx 171464 F0 1D 00 01 88 03 C2 2E 00 B2 11 B2 11 1C 00 00 06 00 00 02 00 02 01 00 00 00 46 03 55
20:11:06.620 * tx 171465 F0 16 00 01 88 04 00 00 19 81 00 00 3D 00 00 00 01 00 00 7B 01 55
20:11:06.638 * rx 171465 +0/105#2925 F0 69 00 01 88 05 05 14 05 14 01 00 00 00 02 AA 00 AA 00 54 01 54 01 00 00 00 00 07 80 FF EE 03 1A 04 27 01 00 00 B0 80 21 22 1F 13 E1 D0 F1 F5 F7 FA 00 00 00 00 00 00 00 00 00 00 00 00 00 00
20:11:06.649 * rx 171465 +64/105#2925 00 00 00 00 01 00 10 00 00 07 00 00 00 00 00 00 00 00 00 00 00 00 00 F0 03 70 00 00 00 00 00 70 00 00 00 00 00 11 10 0F 55
20:11:06.937 > a2.8
20:11:06.956 er nocap aperture
20:11:06.973 [app] ouverture refusée : er nocap aperture
20:11:07.185 * rxflood 109
20:11:07.208 * tx 172380 F0 1D 00 01 BF 03 C2 2E 00 B2 11 B2 11 1C 00 00 06 00 00 02 00 02 01 00 00 00 7D 03 55
20:11:07.224 * tx 172380 F0 16 00 01 BF 04 00 00 19 81 00 00 3D 00 00 00 01 00 00 B2 01 55
20:11:07.245 * rx 172382 +0/105#3145 F0 69 00 01 BF 05 05 14 05 14 01 00 00 00 02 AA 00 AA 00 54 01 54 01 00 00 00 00 07 80 FF EE 03 1A 04 27 01 00 00 B0 80 21 22 1F 13 23 F8 FC 08 10 0C 00 00 00 00 00 00 00 00 00 00 00 00 00 00
20:11:07.260 * rx 172382 +64/105#3145 00 00 00 00 01 00 10 00 00 07 00 00 00 00 00 00 00 00 00 00 00 00 00 F0 03 70 00 00 00 00 00 70 00 00 00 00 00 11 FA 0B 55
20:11:07.284 * rx 172384 F0 30 00 01 BF 06 92 00 E3 3B CF 22 10 E3 3B 5E 52 56 3E 01 00 1C 6B 6B 69 00 E2 3B 00 01 AB 00 F6 05 00 00 00 00 00 00 00 00 00 00 00 29 0A 55
20:11:07.299 * tx 172397 F0 1D 00 01 C0 03 C2 2E 00 B2 11 B2 11 1C 00 00 06 00 00 02 00 02 01 00 00 00 7E 03 55
20:11:07.317 * tx 172398 F0 16 00 01 C0 04 00 00 19 81 00 00 3D 00 00 00 01 00 00 B3 01 55
20:11:07.329 * rx 172398 +0/105#3149 F0 69 00 01 C0 05 05 14 05 14 01 00 00 00 02 AA 00 AA 00 54 01 54 01 00 00 00 00 07 80 FF EE 03 1A 04 27 01 00 00 B0 80 21 22 1F 13 E1 D0 F1 F5 F7 FA 00 00 00 00 00 00 00 00 00 00 00 00 00 00
20:11:07.347 * rx 172398 +64/105#3149 00 00 00 00 01 00 10 00 00 07 00 00 00 00 00 00 00 00 00 00 00 00 00 F0 03 70 00 00 00 00 00 70 00 00 00 00 00 11 48 0F 55
20:11:07.359 * rx 172401 F0 30 00 01 C0 06 92 00 E3 3B CF 22 10 E3 3B 5E 52 56 3E 01 00 1C 6B 6B 69 00 E2 3B 00 01 AB 00 F6 05 00 00 00 00 00 00 00 00 00 00 00 2A 0A 55
20:11:07.377 * tx 172414 F0 1D 00 01 C1 03 C2 2E 00 B2 11 B2 11 1C 00 00 06 00 00 02 00 02 01 00 00 00 7F 03 55
20:11:07.389 * tx 172415 F0 16 00 01 C1 04 00 00 19 81 00 00 3D 00 00 00 01 00 00 B4 01 55
20:11:07.407 * rx 172415 +0/105#3153 F0 69 00 01 C1 05 05 14 05 14 01 00 00 00 02 AA 00 AA 00 54 01 54 01 00 00 00 00 07 80 FF EE 03 1A 04 27 01 00 00 B0 80 21 22 1F 13 23 F8 FC 08 10 0C 00 00 00 00 00 00 00 00 00 00 00 00 00 00
20:11:07.419 * rx 172415 +64/105#3153 00 00 00 00 01 00 10 00 00 07 00 00 00 00 00 00 00 00 00 00 00 00 00 F0 03 70 00 00 00 00 00 70 00 00 00 00 00 11 FC 0B 55
20:11:07.439 * rx 172417 F0 30 00 01 C1 06 92 00 E3 3B CF 22 10 E3 3B 5E 52 56 3E 01 00 1C 6B 6B 69 00 E2 3B 00 01 AB 00 F6 05 00 00 00 00 00 00 00 00 00 00 00 2B 0A 55
20:11:07.455 * tx 172430 F0 1D 00 01 C2 03 C2 2E 00 B2 11 B2 11 1C 00 00 06 00 00 02 00 02 01 00 00 00 80 03 55
20:11:07.478 * tx 172430 F0 16 00 01 C2 04 00 00 19 81 00 00 3D 00 00 00 01 00 00 B5 01 55
20:11:07.497 * rx 172432 +0/105#3157 F0 69 00 01 C2 05 05 14 05 14 01 00 00 00 02 AA 00 AA 00 54 01 54 01 00 00 00 00 07 80 FF EE 03 1A 04 27 01 00 00 B0 80 21 22 1F 13 E1 D0 F1 F5 F7 FA 00 00 00 00 00 00 00 00 00 00 00 00 00 00
20:11:07.521 * rx 172432 +64/105#3157 00 00 00 00 01 00 10 00 00 07 00 00 00 00 00 00 00 00 00 00 00 00 00 F0 03 70 00 00 00 00 00 70 00 00 00 00 00 11 4A 0F 55
20:11:07.534 * rx 172434 F0 30 00 01 C2 06 92 00 E3 3B CF 22 10 E3 3B 5E 52 56 3E 01 00 1C 6B 6B 69 00 E2 3B 00 01 AB 00 F6 05 00 00 00 00 00 00 00 00 00 00 00 2C 0A 55
20:11:07.553 * tx 172447 F0 1D 00 01 C3 03 C2 2E 00 B2 11 B2 11 1C 00 00 06 00 00 02 00 02 01 00 00 00 81 03 55
20:11:07.567 * tx 172448 F0 16 00 01 C3 04 00 00 19 81 00 00 3D 00 00 00 01 00 00 B6 01 55
20:11:07.587 * rx 172448 +0/105#3161 F0 69 00 01 C3 05 05 14 05 14 01 00 00 00 02 AA 00 AA 00 54 01 54 01 00 00 00 00 07 80 FF EE 03 1A 04 27 01 00 00 B0 80 21 22 1F 13 23 F8 FC 08 10 0C 00 00 00 00 00 00 00 00 00 00 00 00 00 00
20:11:07.600 * rx 172448 +64/105#3161 00 00 00 00 01 00 10 00 00 07 00 00 00 00 00 00 00 00 00 00 00 00 00 F0 03 70 00 00 00 00 00 70 00 00 00 00 00 11 FE 0B 55
20:11:07.621 * rx 172451 F0 30 00 01 C3 06 92 00 E3 3B CF 22 10 E3 3B 5E 52 56 3E 01 00 1C 6B 6B 69 00 E2 3B 00 01 AB 00 F6 05 00 00 00 00 00 00 00 00 00 00 00 2D 0A 55
20:11:07.634 * tx 172464 F0 1D 00 01 C4 03 C2 2E 00 B2 11 B2 11 1C 00 00 06 00 00 02 00 02 01 00 00 00 82 03 55
20:11:07.653 * tx 172465 F0 16 00 01 C4 04 00 00 19 81 00 00 3D 00 00 00 01 00 00 B7 01 55
20:11:07.667 * rx 172465 +0/105#3165 F0 69 00 01 C4 05 05 14 05 14 01 00 00 00 02 AA 00 AA 00 54 01 54 01 00 00 00 00 07 80 FF EE 03 1A 04 27 01 00 00 B0 80 21 22 1F 13 E1 D0 F1 F5 F7 FA 00 00 00 00 00 00 00 00 00 00 00 00 00 00
20:11:07.686 * rx 172465 +64/105#3165 00 00 00 00 01 00 10 00 00 07 00 00 00 00 00 00 00 00 00 00 00 00 00 F0 03 70 00 00 00 00 00 70 00 00 00 00 00 11 4C 0F 55
20:11:08.185 * rxflood 109
20:11:08.212 * tx 173380 F0 1D 00 01 0B 03 C2 2E 00 B2 11 B2 11 1C 00 00 06 00 00 02 00 02 01 00 00 00 C9 02 55
20:11:08.226 * tx 173380 F0 16 00 01 0B 04 00 00 19 81 00 00 3D 00 00 00 01 00 00 FE 00 55
20:11:08.247 * rx 173382 +0/105#3385 F0 69 00 01 0B 05 05 14 05 14 01 00 00 00 02 AA 00 AA 00 54 01 54 01 00 00 00 00 07 80 FF EE 03 1A 04 27 01 00 00 B0 80 21 22 1F 13 23 F8 FC 08 10 0C 00 00 00 00 00 00 00 00 00 00 00 00 00 00
20:11:08.263 * rx 173382 +64/105#3385 00 00 00 00 01 00 10 00 00 07 00 00 00 00 00 00 00 00 00 00 00 00 00 F0 03 70 00 00 00 00 00 70 00 00 00 00 00 11 46 0B 55
20:11:08.286 * rx 173384 F0 30 00 01 0B 06 92 00 E3 3B CF 22 10 E3 3B 5E 52 56 3E 01 00 1C 6B 6B 69 00 E2 3B 00 01 AB 00 F6 05 00 00 00 00 00 00 00 00 00 00 00 75 09 55
20:11:08.300 * tx 173397 F0 1D 00 01 0C 03 C2 2E 00 B2 11 B2 11 1C 00 00 06 00 00 02 00 02 01 00 00 00 CA 02 55
20:11:08.325 * tx 173398 F0 16 00 01 0C 04 00 00 19 81 00 00 3D 00 00 00 01 00 00 FF 00 55
20:11:08.341 * rx 173398 +0/105#3389 F0 69 00 01 0C 05 05 14 05 14 01 00 00 00 02 AA 00 AA 00 54 01 54 01 00 00 00 00 07 80 FF EE 03 1A 04 27 01 00 00 B0 80 21 22 1F 13 E1 D0 F1 F5 F7 FA 00 00 00 00 00 00 00 00 00 00 00 00 00 00
20:11:08.361 * rx 173398 +64/105#3389 00 00 00 00 01 00 10 00 00 07 00 00 00 00 00 00 00 00 00 00 00 00 00 F0 03 70 00 00 00 00 00 70 00 00 00 00 00 11 94 0E 55
20:11:08.377 * rx 173401 F0 30 00 01 0C 06 92 00 E3 3B CF 22 10 E3 3B 5E 52 56 3E 01 00 1C 6B 6B 69 00 E2 3B 00 01 AB 00 F6 05 00 00 00 00 00 00 00 00 00 00 00 76 09 55
20:11:08.400 * tx 173414 F0 1D 00 01 0D 03 C2 2E 00 B2 11 B2 11 1C 00 00 06 00 00 02 00 02 01 00 00 00 CB 02 55
20:11:08.415 * tx 173415 F0 16 00 01 0D 04 00 00 19 81 00 00 3D 00 00 00 01 00 00 00 01 55
20:11:08.442 * rx 173415 +0/105#3393 F0 69 00 01 0D 05 05 14 05 14 01 00 00 00 02 AA 00 AA 00 54 01 54 01 00 00 00 00 07 80 FF EE 03 1A 04 27 01 00 00 B0 80 21 22 1F 13 23 F8 FC 08 10 0C 00 00 00 00 00 00 00 00 00 00 00 00 00 00
20:11:08.459 * rx 173415 +64/105#3393 00 00 00 00 01 00 10 00 00 07 00 00 00 00 00 00 00 00 00 00 00 00 00 F0 03 70 00 00 00 00 00 70 00 00 00 00 00 11 48 0B 55
20:11:08.480 * rx 173417 F0 30 00 01 0D 06 92 00 E3 3B CF 22 10 E3 3B 5E 52 56 3E 01 00 1C 6B 6B 69 00 E2 3B 00 01 AB 00 F6 05 00 00 00 00 00 00 00 00 00 00 00 77 09 55
20:11:08.500 * tx 173430 F0 1D 00 01 0E 03 C2 2E 00 B2 11 B2 11 1C 00 00 06 00 00 02 00 02 01 00 00 00 CC 02 55
20:11:08.529 * tx 173430 F0 16 00 01 0E 04 00 00 19 81 00 00 3D 00 00 00 01 00 00 01 01 55
20:11:08.547 * rx 173432 +0/105#3397 F0 69 00 01 0E 05 05 14 05 14 01 00 00 00 02 AA 00 AA 00 54 01 54 01 00 00 00 00 07 80 FF EE 03 1A 04 27 01 00 00 B0 80 21 22 1F 13 E1 D0 F1 F5 F7 FA 00 00 00 00 00 00 00 00 00 00 00 00 00 00
20:11:08.568 * rx 173432 +64/105#3397 00 00 00 00 01 00 10 00 00 07 00 00 00 00 00 00 00 00 00 00 00 00 00 F0 03 70 00 00 00 00 00 70 00 00 00 00 00 11 96 0E 55
20:11:08.584 * rx 173434 F0 30 00 01 0E 06 92 00 E3 3B CF 22 10 E3 3B 5E 52 56 3E 01 00 1C 6B 6B 69 00 E2 3B 00 01 AB 00 F6 05 00 00 00 00 00 00 00 00 00 00 00 78 09 55
20:11:08.609 * tx 173447 F0 1D 00 01 0F 03 C2 2E 00 B2 11 B2 11 1C 00 00 06 00 00 02 00 02 01 00 00 00 CD 02 55
20:11:08.623 * tx 173447 F0 16 00 01 0F 04 00 00 19 81 00 00 3D 00 00 00 01 00 00 02 01 55
20:11:08.645 * rx 173448 +0/105#3401 F0 69 00 01 0F 05 05 14 05 14 01 00 00 00 02 AA 00 AA 00 54 01 54 01 00 00 00 00 07 80 FF EE 03 1A 04 27 01 00 00 B0 80 21 22 1F 13 23 F8 FC 08 10 0C 00 00 00 00 00 00 00 00 00 00 00 00 00 00
20:11:08.661 * rx 173448 +64/105#3401 00 00 00 00 01 00 10 00 00 07 00 00 00 00 00 00 00 00 00 00 00 00 00 F0 03 70 00 00 00 00 00 70 00 00 00 00 00 11 4A 0B 55
20:11:08.686 * rx 173451 F0 30 00 01 0F 06 92 00 E3 3B CF 22 10 E3 3B 5E 52 56 3E 01 00 1C 6B 6B 69 00 E2 3B 00 01 AB 00 F6 05 00 00 00 00 00 00 00 00 00 00 00 79 09 55
20:11:08.702 * tx 173464 F0 1D 00 01 10 03 C2 2E 00 B2 11 B2 11 1C 00 00 06 00 00 02 00 02 01 00 00 00 CE 02 55
20:11:08.726 * tx 173465 F0 16 00 01 10 04 00 00 19 81 00 00 3D 00 00 00 01 00 00 03 01 55
20:11:08.742 * rx 173465 +0/105#3405 F0 69 00 01 10 05 05 14 05 14 01 00 00 00 02 AA 00 AA 00 54 01 54 01 00 00 00 00 07 80 FF EE 03 1A 04 27 01 00 00 B0 80 21 22 1F 13 E1 D0 F1 F5 F7 FA 00 00 00 00 00 00 00 00 00 00 00 00 00 00
20:11:08.765 * rx 173465 +64/105#3405 00 00 00 00 01 00 10 00 00 07 00 00 00 00 00 00 00 00 00 00 00 00 00 F0 03 70 00 00 00 00 00 70 00 00 00 00 00 11 98 0E 55
20:11:08.846 > f65535
20:11:08.873 ok
20:11:09.186 * rxflood 109
20:11:09.206 * tx 174380 F0 1D 00 01 47 03 C2 2E 00 B2 11 B2 11 1C 00 00 06 00 10 02 00 02 01 00 00 00 15 03 55
20:11:09.228 * tx 174380 F0 16 00 01 47 04 00 00 19 81 00 00 3D 00 00 00 01 00 00 3A 01 55
20:11:09.251 * rx 174382 +0/105#3625 F0 69 00 01 47 05 05 14 05 14 01 00 00 00 02 AA 00 AA 00 54 01 54 01 00 00 00 27 01 C0 6C EE 03 1A 04 27 01 00 00 B0 82 23 22 20 17 24 40 00 00 00 FC 00 00 00 00 00 00 00 00 00 00 F9 FF 00 00
20:11:09.280 * rx 174382 +64/105#3625 00 00 00 00 01 00 10 00 00 07 00 00 00 00 00 00 00 00 00 00 00 00 00 76 04 70 00 00 00 00 00 70 00 00 00 00 00 11 FD 0B 55
20:11:09.295 * rx 174384 F0 32 00 01 47 06 8A 02 5E 52 CF 22 10 E3 3B 5E 52 56 3E 01 00 1C 5D 5D A9 00 B0 50 00 41 AB 00 2F 05 00 00 00 00 D8 D9 D9 D7 D8 DB D7 1D 00 C7 0E 55
20:11:09.308 * motion 174385 settling
20:11:09.318 * tx 174397 F0 1D 00 01 48 03 C2 2E 00 B2 11 B2 11 1C 00 00 06 00 10 02 00 02 01 00 00 00 16 03 55
20:11:09.339 * tx 174398 F0 16 00 01 48 04 00 00 19 81 00 00 3D 00 00 00 01 00 00 3B 01 55
20:11:09.363 * rx 174398 +0/105#3629 F0 69 00 01 48 05 05 14 05 14 01 00 00 00 02 AA 00 AA 00 54 01 54 01 00 00 00 27 01 80 6C EE 03 1A 04 27 01 00 00 B0 82 23 22 20 17 E1 BB F2 F4 F6 F7 00 00 00 00 00 00 00 00 00 00 F9 FF 00 00
20:11:09.393 * rx 174398 +64/105#3629 00 00 00 00 01 00 10 00 00 07 00 00 00 00 00 00 00 00 00 00 00 00 00 76 04 70 00 00 00 00 00 70 00 00 00 00 00 11 CD 0F 55
20:11:09.410 * rx 174401 F0 30 00 01 48 06 8A 00 5E 52 CF 22 10 E3 3B 5E 52 56 3E 01 00 1C 5D 5D A9 00 EA 51 00 41 AB 00 2F 05 00 00 00 00 D9 D6 D9 DA D7 D9 DA E3 0E 55
20:11:09.423 * tx 174414 F0 1D 00 01 49 03 C2 2E 00 B2 11 B2 11 1C 00 00 06 00 10 02 00 02 01 00 00 00 17 03 55
20:11:09.440 * tx 174415 F0 16 00 01 49 04 00 00 19 81 00 00 3D 00 00 00 01 00 00 3C 01 55
20:11:09.474 * rx 174415 +0/105#3633 F0 69 00 01 49 05 05 14 05 14 01 00 00 00 02 AA 00 AA 00 54 01 54 01 00 00 00 27 01 80 6C EE 03 1A 04 27 01 00 00 B0 82 23 22 20 17 24 40 00 00 00 FC 00 00 00 00 00 00 00 00 00 00 F9 FF 00 00
20:11:09.493 * rx 174415 +64/105#3633 00 00 00 00 01 00 10 00 00 07 00 00 00 00 00 00 00 00 00 00 00 00 00 76 04 70 00 00 00 00 00 70 00 00 00 00 00 11 BF 0B 55
20:11:09.509 * rx 174417 F0 30 00 01 49 06 8A 00 5E 52 CF 22 10 E3 3B 5E 52 56 3E 01 00 1C 5D 5D A9 00 54 52 00 41 AB 00 2F 05 00 00 00 00 F0 02 F3 F9 F8 F7 F8 28 0E 55
20:11:09.527 * tx 174430 F0 1D 00 01 4A 03 C2 2E 00 B2 11 B2 11 1C 00 00 06 00 10 02 00 02 01 00 00 00 18 03 55
20:11:09.555 * tx 174430 F0 16 00 01 4A 04 00 00 19 81 00 00 3D 00 00 00 01 00 00 3D 01 55
20:11:09.573 * rx 174432 +0/105#3637 F0 69 00 01 4A 05 05 14 05 14 01 00 00 00 02 AA 00 AA 00 54 01 54 01 00 00 00 27 01 80 6C EE 03 1A 04 27 01 00 00 B0 82 23 22 20 17 E1 BB F2 F4 F6 F7 00 00 00 00 00 00 00 00 00 00 F9 FF 00 00
20:11:09.587 * rx 174432 +64/105#3637 00 00 00 00 01 00 10 00 00 07 00 00 00 00 00 00 00 00 00 00 00 00 00 76 04 70 00 00 00 00 00 70 00 00 00 00 00 11 CF 0F 55
20:11:09.603 * rx 174434 F0 30 00 01 4A 06 8A 00 5E 52 CF 22 10 E3 3B 5E 52 56 3E 01 00 1C 5D 5D A9 00 5A 52 00 41 AB 00 2F 05 00 00 00 00 00 FF 00 00 00 00 00 69 09 55
20:11:09.626 * tx 174447 F0 1D 00 01 4B 03 C2 2E 00 B2 11 B2 11 1C 00 00 06 00 10 02 00 02 01 00 00 00 19 03 55
20:11:09.640 * tx 174448 F0 16 00 01 4B 04 00 00 19 81 00 00 3D 00 00 00 01 00 00 3E 01 55
20:11:09.653 * rx 174448 +0/105#3641 F0 69 00 01 4B 05 05 14 05 14 01 00 00 00 02 AA 00 AA 00 54 01 54 01 00 00 00 27 01 80 6C EE 03 1A 04 27 01 00 00 B0 82 23 22 20 17 24 40 00 00 00 FC 00 00 00 00 00 00 00 00 00 00 F9 FF 00 00
20:11:09.669 * rx 174448 +64/105#3641 00 00 00 00 01 00 10 00 00 07 00 00 00 00 00 00 00 00 00 00 00 00 00 76 04 70 00 00 00 00 00 70 00 00 00 00 00 11 C1 0B 55
20:11:09.690 * rx 174451 F0 30 00 01 4B 06 8A 00 5E 52 CF 22 10 E3 3B 5E 52 56 3E 01 00 1C 5D 5D A9 00 5C 52 00 41 AB 00 2F 05 00 00 00 00 00 00 00 00 FF 00 00 6C 09 55
20:11:09.706 * tx 174464 F0 1D 00 01 4C 03 C2 2E 00 B2 11 B2 11 1C 00 00 06 00 10 02 00 02 01 00 00 00 1A 03 55
20:11:09.722 * tx 174465 F0 16 00 01 4C 04 00 00 19 81 00 00 3D 00 00 00 01 00 00 3F 01 55
20:11:09.737 * rx 174467 F0 30 00 01 4C 06 8A 00 5E 52 CF 22 10 E3 3B 5E 52 56 3E 01 00 1C 5D 5D A9 00 5D 52 00 41 AB 00 2F 05 00 00 00 00 00 FF 00 00 00 00 00 6E 09 55
20:11:10.185 * rxflood 109
20:11:10.199 * tx 175380 F0 1D 00 01 83 03 C2 2E 00 B2 11 B2 11 1C 00 00 06 00 00 02 00 02 01 00 00 00 41 03 55
20:11:10.209 * tx 175380 F0 16 00 01 83 04 00 00 19 81 00 00 3D 00 00 00 01 00 00 76 01 55
20:11:10.220 * rx 175382 +0/105#3865 F0 69 00 01 83 05 05 14 05 14 01 00 00 00 02 AA 00 AA 00 54 01 54 01 00 00 00 27 01 80 6C EE 03 1A 04 27 01 00 00 B0 82 23 22 20 17 24 40 00 00 00 FC 00 00 00 00 00 00 00 00 00 00 F9 FF 00 00
20:11:10.238 * rx 175382 +64/105#3865 00 00 00 00 01 00 10 00 00 07 00 00 00 00 00 00 00 00 00 00 00 00 00 76 04 70 00 00 00 00 00 70 00 00 00 00 00 11 F9 0B 55
20:11:10.251 * rx 175384 F0 30 00 01 83 06 8A 00 5E 52 CF 22 10 E3 3B 5E 52 56 3E 01 00 1C 5D 5D A9 00 5D 52 00 41 AB 00 2F 05 00 00 00 00 00 00 00 00 00 00 00 A6 08 55
20:11:10.269 * tx 175397 F0 1D 00 01 84 03 C2 2E 00 B2 11 B2 11 1C 00 00 06 00 00 02 00 02 01 00 00 00 42 03 55
20:11:10.289 * tx 175398 F0 16 00 01 84 04 00 00 19 81 00 00 3D 00 00 00 01 00 00 77 01 55
20:11:10.311 * rx 175398 +0/105#3869 F0 69 00 01 84 05 05 14 05 14 01 00 00 00 02 AA 00 AA 00 54 01 54 01 00 00 00 27 01 80 6C EE 03 1A 04 27 01 00 00 B0 82 23 22 20 17 E1 BB F2 F4 F6 F7 00 00 00 00 00 00 00 00 00 00 F9 FF 00 00
20:11:10.326 * rx 175398 +64/105#3869 00 00 00 00 01 00 10 00 00 07 00 00 00 00 00 00 00 00 00 00 00 00 00 76 04 70 00 00 00 00 00 70 00 00 00 00 00 11 09 10 55
20:11:10.339 * rx 175401 F0 30 00 01 84 06 8A 00 5E 52 CF 22 10 E3 3B 5E 52 56 3E 01 00 1C 5D 5D A9 00 5D 52 00 41 AB 00 2F 05 00 00 00 00 00 00 00 00 00 00 00 A7 08 55
20:11:10.352 * tx 175414 F0 1D 00 01 85 03 C2 2E 00 B2 11 B2 11 1C 00 00 06 00 00 02 00 02 01 00 00 00 43 03 55
20:11:10.372 * tx 175415 F0 16 00 01 85 04 00 00 19 81 00 00 3D 00 00 00 01 00 00 78 01 55
20:11:10.388 * rx 175415 +0/105#3873 F0 69 00 01 85 05 05 14 05 14 01 00 00 00 02 AA 00 AA 00 54 01 54 01 00 00 00 27 01 80 6C EE 03 1A 04 27 01 00 00 B0 82 23 22 20 17 24 40 00 00 00 FC 00 00 00 00 00 00 00 00 00 00 F9 FF 00 00
20:11:10.402 * rx 175415 +64/105#3873 00 00 00 00 01 00 10 00 00 07 00 00 00 00 00 00 00 00 00 00 00 00 00 76 04 70 00 00 00 00 00 70 00 00 00 00 00 11 FB 0B 55
20:11:10.417 * rx 175417 F0 30 00 01 85 06 8A 00 5E 52 CF 22 10 E3 3B 5E 52 56 3E 01 00 1C 5D 5D A9 00 5D 52 00 41 AB 00 2F 05 00 00 00 00 00 00 00 00 00 00 00 A8 08 55
20:11:10.440 * tx 175430 F0 1D 00 01 86 03 C2 2E 00 B2 11 B2 11 1C 00 00 06 00 00 02 00 02 01 00 00 00 44 03 55
20:11:10.457 * tx 175430 F0 16 00 01 86 04 00 00 19 81 00 00 3D 00 00 00 01 00 00 79 01 55
20:11:10.472 * rx 175432 +0/105#3877 F0 69 00 01 86 05 05 14 05 14 01 00 00 00 02 AA 00 AA 00 54 01 54 01 00 00 00 27 01 80 6C EE 03 1A 04 27 01 00 00 B0 82 23 22 20 17 E1 BB F2 F4 F6 F7 00 00 00 00 00 00 00 00 00 00 F9 FF 00 00
20:11:10.491 * rx 175432 +64/105#3877 00 00 00 00 01 00 10 00 00 07 00 00 00 00 00 00 00 00 00 00 00 00 00 76 04 70 00 00 00 00 00 70 00 00 00 00 00 11 0B 10 55
20:11:10.520 * rx 175434 F0 30 00 01 86 06 8A 00 5E 52 CF 22 10 E3 3B 5E 52 56 3E 01 00 1C 5D 5D A9 00 5E 52 00 41 AB 00 2F 05 00 00 00 00 00 FF 00 00 00 00 00 A9 09 55
20:11:10.540 * tx 175447 F0 1D 00 01 87 03 C2 2E 00 B2 11 B2 11 1C 00 00 06 00 00 02 00 02 01 00 00 00 45 03 55
20:11:10.560 * tx 175448 F0 16 00 01 87 04 00 00 19 81 00 00 3D 00 00 00 01 00 00 7A 01 55
20:11:10.581 * rx 175448 +0/105#3881 F0 69 00 01 87 05 05 14 05 14 01 00 00 00 02 AA 00 AA 00 54 01 54 01 00 00 00 27 01 80 6C EE 03 1A 04 27 01 00 00 B0 82 23 22 20 17 24 40 00 00 00 FC 00 00 00 00 00 00 00 00 00 00 F9 FF 00 00
20:11:10.608 * rx 175448 +64/105#3881 00 00 00 00 01 00 10 00 00 07 00 00 00 00 00 00 00 00 00 00 00 00 00 76 04 70 00 00 00 00 00 70 00 00 00 00 00 11 FD 0B 55
20:11:10.624 * rx 175451 F0 30 00 01 87 06 8A 00 5E 52 CF 22 10 E3 3B 5E 52 56 3E 01 00 1C 5D 5D A9 00 5E 52 00 41 AB 00 2F 05 00 00 00 00 00 00 01 FF 00 00 00 AB 09 55
20:11:10.644 * tx 175464 F0 1D 00 01 88 03 C2 2E 00 B2 11 B2 11 1C 00 00 06 00 00 02 00 02 01 00 00 00 46 03 55
20:11:10.660 * tx 175465 F0 16 00 01 88 04 00 00 19 81 00 00 3D 00 00 00 01 00 00 7B 01 55
20:11:10.686 * rx 175465 +0/105#3885 F0 69 00 01 88 05 05 14 05 14 01 00 00 00 02 AA 00 AA 00 54 01 54 01 00 00 00 27 01 80 6C EE 03 1A 04 27 01 00 00 B0 82 23 22 20 17 E1 BB F2 F4 F6 F7 00 00 00 00 00 00 00 00 00 00 F9 FF 00 00
20:11:10.702 * rx 175465 +64/105#3885 00 00 00 00 01 00 10 00 00 07 00 00 00 00 00 00 00 00 00 00 00 00 00 76 04 70 00 00 00 00 00 70 00 00 00 00 00 11 0D 10 55
20:11:11.185 * rxflood 109
20:11:11.210 * tx 176380 F0 1D 00 01 BF 03 C2 2E 00 B2 11 B2 11 1C 00 00 06 00 00 02 00 02 01 00 00 00 7D 03 55
20:11:11.242 * tx 176380 F0 16 00 01 BF 04 00 00 19 81 00 00 3D 00 00 00 01 00 00 B2 01 55
20:11:11.265 * rx 176382 +0/105#4105 F0 69 00 01 BF 05 05 14 05 14 01 00 00 00 02 AA 00 AA 00 54 01 54 01 00 00 00 27 01 80 6C EE 03 1A 04 27 01 00 00 B0 82 23 22 20 17 24 40 00 00 00 FC 00 00 00 00 00 00 00 00 00 00 F9 FF 00 00
20:11:11.287 * rx 176382 +64/105#4105 00 00 00 00 01 00 10 00 00 07 00 00 00 00 00 00 00 00 00 00 00 00 00 76 04 70 00 00 00 00 00 70 00 00 00 00 00 11 35 0C 55
20:11:11.305 * rx 176384 F0 30 00 01 BF 06 8A 00 5E 52 CF 22 10 E3 3B 5E 52 56 3E 01 00 1C 5D 5D A9 00 5E 52 00 41 AB 00 2F 05 00 00 00 00 00 00 00 00 00 00 00 E3 08 55
20:11:11.334 * tx 176397 F0 1D 00 01 C0 03 C2 2E 00 B2 11 B2 11 1C 00 00 06 00 00 02 00 02 01 00 00 00 7E 03 55
20:11:11.354 * tx 176398 F0 16 00 01 C0 04 00 00 19 81 00 00 3D 00 00 00 01 00 00 B3 01 55
20:11:11.380 * rx 176398 +0/105#4109 F0 69 00 01 C0 05 05 14 05 14 01 00 00 00 02 AA 00 AA 00 54 01 54 01 00 00 00 27 01 80 6C EE 03 1A 04 27 01 00 00 B0 82 23 22 20 17 E1 BB F2 F4 F6 F7 00 00 00 00 00 00 00 00 00 00 F9 FF 00 00
20:11:11.400 * rx 176398 +64/105#4109 00 00 00 00 01 00 10 00 00 07 00 00 00 00 00 00 00 00 00 00 00 00 00 76 04 70 00 00 00 00 00 70 00 00 00 00 00 11 45 10 55
20:11:11.432 * rx 176401 F0 30 00 01 C0 06 8A 00 5E 52 CF 22 10 E3 3B 5E 52 56 3E 01 00 1C 5D 5D A9 00 5E 52 00 41 AB 00 2F 05 00 00 00 00 00 00 00 00 00 00 00 E4 08 55
20:11:11.449 * tx 176414 F0 1D 00 01 C1 03 C2 2E 00 B2 11 B2 11 1C 00 00 06 00 00 02 00 02 01 00 00 00 7F 03 55
20:11:11.465 * tx 176415 F0 16 00 01 C1 04 00 00 19 81 00 00 3D 00 00 00 01 00 00 B4 01 55
20:11:11.480 * rx 176415 +0/105#4113 F0 69 00 01 C1 05 05 14 05 14 01 00 00 00 02 AA 00 AA 00 54 01 54 01 00 00 00 27 01 80 6C EE 03 1A 04 27 01 00 00 B0 82 23 22 20 17 24 40 00 00 00 FC 00 00 00 00 00 00 00 00 00 00 F9 FF 00 00
20:11:11.507 * rx 176415 +64/105#4113 00 00 00 00 01 00 10 00 00 07 00 00 00 00 00 00 00 00 00 00 00 00 00 76 04 70 00 00 00 00 00 70 00 00 00 00 00 11 37 0C 55
20:11:11.525 * rx 176417 F0 30 00 01 C1 06 8A 00 5E 52 CF 22 10 E3 3B 5E 52 56 3E 01 00 1C 5D 5D A9 00 5E 52 00 41 AB 00 2F 05 00 00 00 00 00 FF 00 00 01 FF 00 E4 0A 55
20:11:11.540 * tx 176430 F0 1D 00 01 C2 03 C2 2E 00 B2 11 B2 11 1C 00 00 06 00 00 02 00 02 01 00 00 00 80 03 55
20:11:11.556 * tx 176430 F0 16 00 01 C2 04 00 00 19 81 00 00 3D 00 00 00 01 00 00 B5 01 55
20:11:11.584 * rx 176432 +0/105#4117 F0 69 00 01 C2 05 05 14 05 14 01 00 00 00 02 AA 00 AA 00 54 01 54 01 00 00 00 27 01 80 6C EE 03 1A 04 27 01 00 00 B0 82 23 22 20 17 E1 BB F2 F4 F6 F7 00 00 00 00 00 00 00 00 00 00 F9 FF 00 00
20:11:11.600 * rx 176432 +64/105#4117 00 00 00 00 01 00 10 00 00 07 00 00 00 00 00 00 00 00 00 00 00 00 00 76 04 70 00 00 00 00 00 70 00 00 00 00 00 11 47 10 55
20:11:11.616 * rx 176434 F0 30 00 01 C2 06 8A 00 5E 52 CF 22 10 E3 3B 5E 52 56 3E 01 00 1C 5D 5D A9 00 5E 52 00 41 AB 00 2F 05 00 00 00 00 FF 00 01 FF 00 00 00 E5 0A 55
20:11:11.631 * tx 176447 F0 1D 00 01 C3 03 C2 2E 00 B2 11 B2 11 1C 00 00 06 00 00 02 00 02 01 00 00 00 81 03 55
20:11:11.657 * tx 176448 F0 16 00 01 C3 04 00 00 19 81 00 00 3D 00 00 00 01 00 00 B6 01 55
20:11:11.673 * rx 176448 +0/105#4121 F0 69 00 01 C3 05 05 14 05 14 01 00 00 00 02 AA 00 AA 00 54 01 54 01 00 00 00 27 01 80 6C EE 03 1A 04 27 01 00 00 B0 82 23 22 20 17 24 40 00 00 00 FC 00 00 00 00 00 00 00 00 00 00 F9 FF 00 00
20:11:11.690 * rx 176448 +64/105#4121 00 00 00 00 01 00 10 00 00 07 00 00 00 00 00 00 00 00 00 00 00 00 00 76 04 70 00 00 00 00 00 70 00 00 00 00 00 11 39 0C 55
20:11:11.707 * rx 176451 F0 30 00 01 C3 06 8A 00 5E 52 CF 22 10 E3 3B 5E 52 56 3E 01 00 1C 5D 5D A9 00 5E 52 00 41 AB 00 2F 05 00 00 00 00 FF 00 00 00 00 00 00 E6 09 55
20:11:11.734 * tx 176464 F0 1D 00 01 C4 03 C2 2E 00 B2 11 B2 11 1C 00 00 06 00 00 02 00 02 01 00 00 00 82 03 55
20:11:11.751 * tx 176465 F0 16 00 01 C4 04 00 00 19 81 00 00 3D 00 00 00 01 00 00 B7 01 55
20:11:11.765 * rx 176465 +0/105#4125 F0 69 00 01 C4 05 05 14 05 14 01 00 00 00 02 AA 00 AA 00 54 01 54 01 00 00 00 27 01 80 6C EE 03 1A 04 27 01 00 00 B0 82 23 22 20 17 E1 BB F2 F4 F6 F7 00 00 00 00 00 00 00 00 00 00 F9 FF 00 00
20:11:11.785 * rx 176465 +64/105#4125 00 00 00 00 01 00 10 00 00 07 00 00 00 00 00 00 00 00 00 00 00 00 00 76 04 70 00 00 00 00 00 70 00 00 00 00 00 11 49 10 55
20:11:12.185 * rxflood 109
20:11:12.205 * tx 177380 F0 1D 00 01 0B 03 C2 2E 00 B2 11 B2 11 1C 00 00 06 00 00 02 00 02 01 00 00 00 C9 02 55
20:11:12.221 * tx 177380 F0 16 00 01 0B 04 00 00 19 81 00 00 3D 00 00 00 01 00 00 FE 00 55
20:11:12.235 * rx 177382 +0/105#4345 F0 69 00 01 0B 05 05 14 05 14 01 00 00 00 02 AA 00 AA 00 54 01 54 01 00 00 00 27 01 80 6C EE 03 1A 04 27 01 00 00 B0 82 23 22 20 17 24 40 00 00 00 FC 00 00 00 00 00 00 00 00 00 00 F9 FF 00 00
20:11:12.257 * rx 177382 +64/105#4345 00 00 00 00 01 00 10 00 00 07 00 00 00 00 00 00 00 00 00 00 00 00 00 76 04 70 00 00 00 00 00 70 00 00 00 00 00 11 81 0B 55
20:11:12.271 * rx 177384 F0 30 00 01 0B 06 8A 00 5E 52 CF 22 10 E3 3B 5E 52 56 3E 01 00 1C 5D 5D A9 00 5E 52 00 41 AB 00 2F 05 00 00 00 00 00 00 00 00 00 00 00 2F 08 55
20:11:12.288 * tx 177397 F0 1D 00 01 0C 03 C2 2E 00 B2 11 B2 11 1C 00 00 06 00 00 02 00 02 01 00 00 00 CA 02 55
20:11:12.307 * tx 177397 F0 16 00 01 0C 04 00 00 19 81 00 00 3D 00 00 00 01 00 00 FF 00 55
20:11:12.342 * rx 177398 +0/105#4349 F0 69 00 01 0C 05 05 14 05 14 01 00 00 00 02 AA 00 AA 00 54 01 54 01 00 00 00 27 01 80 6C EE 03 1A 04 27 01 00 00 B0 82 23 22 20 17 E1 BB F2 F4 F6 F7 00 00 00 00 00 00 00 00 00 00 F9 FF 00 00
20:11:12.362 * rx 177398 +64/105#4349 00 00 00 00 01 00 10 00 00 07 00 00 00 00 00 00 00 00 00 00 00 00 00 76 04 70 00 00 00 00 00 70 00 00 00 00 00 11 91 0F 55
20:11:12.384 * rx 177401 F0 30 00 01 0C 06 8A 00 5E 52 CF 22 10 E3 3B 5E 52 56 3E 01 00 1C 5D 5D A9 00 5E 52 00 41 AB 00 2F 05 00 00 00 00 FF 00 00 00 00 00 00 2F 09 55
20:11:12.403 * tx 177414 F0 1D 00 01 0D 03 C2 2E 00 B2 11 B2 11 1C 00 00 06 00 00 02 00 02 01 00 00 00 CB 02 55
20:11:12.430 * tx 177415 F0 16 00 01 0D 04 00 00 19 81 00 00 3D 00 00 00 01 00 00 00 01 55
20:11:12.452 * rx 177415 +0/105#4353 F0 69 00 01 0D 05 05 14 05 14 01 00 00 00 02 AA 00 AA 00 54 01 54 01 00 00 00 27 01 80 6C EE 03 1A 04 27 01 00 00 B0 82 23 22 20 17 24 40 00 00 00 FC 00 00 00 00 00 00 00 00 00 00 F9 FF 00 00
20:11:12.470 * rx 177415 +64/105#4353 00 00 00 00 01 00 10 00 00 07 00 00 00 00 00 00 00 00 00 00 00 00 00 76 04 70 00 00 00 00 00 70 00 00 00 00 00 11 83 0B 55
20:11:12.486 * rx 177417 F0 30 00 01 0D 06 8A 00 5E 52 CF 22 10 E3 3B 5E 52 56 3E 01 00 1C 5D 5D A9 00 5E 52 00 41 AB 00 2F 05 00 00 00 00 01 FF 00 00 00 00 00 31 09 55
20:11:12.513 * tx 177430 F0 1D 00 01 0E 03 C2 2E 00 B2 11 B2 11 1C 00 00 06 00 00 02 00 02 01 00 00 00 CC 02 55
20:11:12.529 * tx 177430 F0 16 00 01 0E 04 00 00 19 81 00 00 3D 00 00 00 01 00 00 01 01 55
20:11:12.546 * rx 177432 +0/105#4357 F0 69 00 01 0E 05 05 14 05 14 01 00 00 00 02 AA 00 AA 00 54 01 54 01 00 00 00 27 01 80 6C EE 03 1A 04 27 01 00 00 B0 82 23 22 20 17 E1 BB F2 F4 F6 F7 00 00 00 00 00 00 00 00 00 00 F9 FF 00 00
20:11:12.570 * rx 177432 +64/105#4357 00 00 00 00 01 00 10 00 00 07 00 00 00 00 00 00 00 00 00 00 00 00 00 76 04 70 00 00 00 00 00 70 00 00 00 00 00 11 93 0F 55
20:11:12.595 * rx 177434 F0 30 00 01 0E 06 8A 00 5E 52 CF 22 10 E3 3B 5E 52 56 3E 01 00 1C 5D 5D A9 00 5E 52 00 41 AB 00 2F 05 00 00 00 00 01 FF 01 FF 01 00 FF 32 0B 55
20:11:12.615 * tx 177447 F0 1D 00 01 0F 03 C2 2E 00 B2 11 B2 11 1C 00 00 06 00 00 02 00 02 01 00 00 00 CD 02 55
20:11:12.632 * tx 177448 F0 16 00 01 0F 04 00 00 19 81 00 00 3D 00 00 00 01 00 00 02 01 55
20:11:12.652 * rx 177448 +0/105#4361 F0 69 00 01 0F 05 05 14 05 14 01 00 00 00 02 AA 00 AA 00 54 01 54 01 00 00 00 27 01 80 6C EE 03 1A 04 27 01 00 00 B0 82 23 22 20 17 24 40 00 00 00 FC 00 00 00 00 00 00 00 00 00 00 F9 FF 00 00
20:11:12.684 * rx 177448 +64/105#4361 00 00 00 00 01 00 10 00 00 07 00 00 00 00 00 00 00 00 00 00 00 00 00 76 04 70 00 00 00 00 00 70 00 00 00 00 00 11 85 0B 55
20:11:12.704 * rx 177451 F0 30 00 01 0F 06 8A 00 5E 52 CF 22 10 E3 3B 5E 52 56 3E 01 00 1C 5D 5D A9 00 5D 52 00 41 AB 00 2F 05 00 00 00 00 00 00 00 00 FF 01 00 32 09 55
20:11:12.727 * tx 177464 F0 1D 00 01 10 03 C2 2E 00 B2 11 B2 11 1C 00 00 06 00 00 02 00 02 01 00 00 00 CE 02 55
20:11:12.750 * tx 177465 F0 16 00 01 10 04 00 00 19 81 00 00 3D 00 00 00 01 00 00 03 01 55
20:11:12.785 * rx 177465 +0/105#4365 F0 69 00 01 10 05 05 14 05 14 01 00 00 00 02 AA 00 AA 00 54 01 54 01 00 00 00 27 01 80 6C EE 03 1A 04 27 01 00 00 B0 82 23 22 20 17 E1 BB F2 F4 F6 F7 00 00 00 00 00 00 00 00 00 00 F9 FF 00 00
20:11:12.806 * rx 177465 +64/105#4365 00 00 00 00 01 00 10 00 00 07 00 00 00 00 00 00 00 00 00 00 00 00 00 76 04 70 00 00 00 00 00 70 00 00 00 00 00 11 95 0F 55
20:11:14.031 > c
20:11:14.065 * rxflood 109
20:11:14.102 * tx 178380 F0 1D 00 01 47 03 C2 2E 00 B2 11 B2 11 1C 00 00 06 00 00 02 00 02 01 00 00 00 05 03 55
20:11:14.120 * tx 178380 F0 16 00 01 47 04 00 00 19 81 00 00 3D 00 00 00 01 00 00 3A 01 55
20:11:14.138 * rx 178382 +0/105#4585 F0 69 00 01 47 05 05 14 05 14 01 00 00 00 02 AA 00 AA 00 54 01 54 01 00 00 00 27 01 80 6C EE 03 1A 04 27 01 00 00 B0 82 23 22 20 17 24 40 00 00 00 FC 00 00 00 00 00 00 00 00 00 00 F9 FF 00 00
20:11:14.164 * rx 178382 +64/105#4585 00 00 00 00 01 00 10 00 00 07 00 00 00 00 00 00 00 00 00 00 00 00 00 76 04 70 00 00 00 00 00 70 00 00 00 00 00 11 BD 0B 55
20:11:14.205 * rx 178384 F0 30 00 01 47 06 8A 00 5E 52 CF 22 10 E3 3B 5E 52 56 3E 01 00 1C 5D 5D A9 00 5E 52 00 41 AB 00 2F 05 00 00 00 00 00 00 00 00 00 FF 00 6A 09 55
20:11:14.232 * tx 178397 F0 1D 00 01 48 03 C2 2E 00 B2 11 B2 11 1C 00 00 06 00 00 02 00 02 01 00 00 00 06 03 55
20:11:14.251 * tx 178397 F0 16 00 01 48 04 00 00 19 81 00 00 3D 00 00 00 01 00 00 3B 01 55
20:11:14.272 * rx 178398 +0/105#4589 F0 69 00 01 48 05 05 14 05 14 01 00 00 00 02 AA 00 AA 00 54 01 54 01 00 00 00 27 01 80 6C EE 03 1A 04 27 01 00 00 B0 82 23 22 20 17 E1 BB F2 F4 F6 F7 00 00 00 00 00 00 00 00 00 00 F9 FF 00 00
20:11:14.308 * rx 178398 +64/105#4589 00 00 00 00 01 00 10 00 00 07 00 00 00 00 00 00 00 00 00 00 00 00 00 76 04 70 00 00 00 00 00 70 00 00 00 00 00 11 CD 0F 55
20:11:14.328 * rx 178401 F0 30 00 01 48 06 8A 00 5E 52 CF 22 10 E3 3B 5E 52 56 3E 01 00 1C 5D 5D A9 00 5E 52 00 41 AB 00 2F 05 00 00 00 00 00 00 FF 00 01 00 FF 6B 0A 55
20:11:14.346 * tx 178414 F0 1D 00 01 49 03 C2 2E 00 B2 11 B2 11 1C 00 00 06 00 00 02 00 02 01 00 00 00 07 03 55
20:11:14.361 * tx 178415 F0 16 00 01 49 04 00 00 19 81 00 00 3D 00 00 00 01 00 00 3C 01 55
20:11:14.391 * rx 178415 +0/105#4593 F0 69 00 01 49 05 05 14 05 14 01 00 00 00 02 AA 00 AA 00 54 01 54 01 00 00 00 27 01 80 6C EE 03 1A 04 27 01 00 00 B0 82 23 22 20 17 24 40 00 00 00 FC 00 00 00 00 00 00 00 00 00 00 F9 FF 00 00
20:11:14.411 * rx 178415 +64/105#4593 00 00 00 00 01 00 10 00 00 07 00 00 00 00 00 00 00 00 00 00 00 00 00 76 04 70 00 00 00 00 00 70 00 00 00 00 00 11 BF 0B 55
20:11:14.428 * rx 178417 F0 30 00 01 49 06 8A 00 5E 52 CF 22 10 E3 3B 5E 52 56 3E 01 00 1C 5D 5D A9 00 5D 52 00 41 AB 00 2F 05 00 00 00 00 00 FF 01 FF 01 00 00 6C 0A 55
20:11:14.443 * tx 178430 F0 1D 00 01 4A 03 C2 2E 00 B2 11 B2 11 1C 00 00 06 00 00 02 00 02 01 00 00 00 08 03 55
20:11:14.472 * tx 178430 F0 16 00 01 4A 04 00 00 19 81 00 00 3D 00 00 00 01 00 00 3D 01 55
20:11:14.520 * rx 178432 +0/105#4597 F0 69 00 01 4A 05 05 14 05 14 01 00 00 00 02 AA 00 AA 00 54 01 54 01 00 00 00 27 01 80 6C EE 03 1A 04 27 01 00 00 B0 82 23 22 20 17 E1 BB F2 F4 F6 F7 00 00 00 00 00 00 00 00 00 00 F9 FF 00 00
20:11:14.542 * rx 178432 +64/105#4597 00 00 00 00 01 00 10 00 00 07 00 00 00 00 00 00 00 00 00 00 00 00 00 76 04 70 00 00 00 00 00 70 00 00 00 00 00 11 CF 0F 55
20:11:14.565 * rx 178434 F0 30 00 01 4A 06 8A 00 5E 52 CF 22 10 E3 3B 5E 52 56 3E 01 00 1C 5D 5D A9 00 5D 52 00 41 AB 00 2F 05 00 00 00 00 00 00 00 00 00 00 00 6D 08 55
20:11:14.597 * tx 178447 F0 1D 00 01 4B 03 C2 2E 00 B2 11 B2 11 1C 00 00 06 00 00 02 00 02 01 00 00 00 09 03 55
20:11:14.617 * tx 178448 F0 16 00 01 4B 04 00 00 19 81 00 00 3D 00 00 00 01 00 00 3E 01 55
20:11:14.637 * rx 178448 +0/105#4601 F0 69 00 01 4B 05 05 14 05 14 01 00 00 00 02 AA 00 AA 00 54 01 54 01 00 00 00 27 01 80 6C EE 03 1A 04 27 01 00 00 B0 82 23 22 20 17 24 40 00 00 00 FC 00 00 00 00 00 00 00 00 00 00 F9 FF 00 00
20:11:14.656 * rx 178448 +64/105#4601 00 00 00 00 01 00 10 00 00 07 00 00 00 00 00 00 00 00 00 00 00 00 00 76 04 70 00 00 00 00 00 70 00 00 00 00 00 11 C1 0B 55
20:11:14.688 * rx 178451 F0 30 00 01 4B 06 8A 00 5E 52 CF 22 10 E3 3B 5E 52 56 3E 01 00 1C 5D 5D A9 00 5D 52 00 41 AB 00 2F 05 00 00 00 00 00 00 00 00 00 00 00 6E 08 55
20:11:14.707 * tx 178464 F0 1D 00 01 4C 03 C2 2E 00 B2 11 B2 11 1C 00 00 06 00 00 02 00 02 01 00 00 00 0A 03 55
20:11:14.725 * tx 178465 F0 16 00 01 4C 04 00 00 19 81 00 00 3D 00 00 00 01 00 00 3F 01 55
20:11:14.744 * rx 178465 +0/105#4605 F0 69 00 01 4C 05 05 14 05 14 01 00 00 00 02 AA 00 AA 00 54 01 54 01 00 00 00 27 01 80 6C EE 03 1A 04 27 01 00 00 B0 82 23 22 20 17 E1 BB F2 F4 F6 F7 00 00 00 00 00 00 00 00 00 00 F9 FF 00 00
20:11:14.778 * rx 178465 +64/105#4605 00 00 00 00 01 00 10 00 00 07 00 00 00 00 00 00 00 00 00 00 00 00 00 76 04 70 00 00 00 00 00 70 00 00 00 00 00 11 D1 0F 55
20:11:14.799 ok
20:11:14.819 * rxflood 109
20:11:14.840 * tx 179380 F0 1D 00 01 85 03 C2 2E 00 B2 11 B2 11 1C 00 00 06 00 00 02 00 02 01 00 00 00 43 03 55
20:11:14.865 * tx 179380 F0 16 00 01 85 04 00 00 19 81 00 00 3D 00 00 00 01 00 00 78 01 55
20:11:14.882 * rx 179381 +0/105#4827 F0 69 00 01 85 05 48 1A 83 15 F7 00 00 00 02 AA 00 AA 00 54 01 54 01 00 00 00 27 01 00 6C EE 03 1A 04 27 01 00 00 B0 82 23 22 20 17 24 40 00 00 00 FC 00 00 00 00 00 00 00 00 00 00 F9 FF 00 00
20:11:14.898 * rx 179381 +64/105#4827 00 00 00 00 01 00 10 00 00 07 00 00 00 00 00 00 00 00 00 00 00 00 00 76 04 70 00 00 00 00 00 70 00 00 00 00 00 11 39 0D 55
20:11:14.915 * rx 179384 F0 30 00 01 85 06 8A 00 5E 52 CF 22 10 E3 3B 5E 52 56 3E 01 00 1C 5D 5D A9 00 5D 52 00 01 AB 00 2F 05 00 00 00 00 00 00 00 FF 00 00 01 68 09 55
20:11:14.940 * tx 179397 F0 1D 00 01 86 03 C2 2E 00 B2 11 B2 11 1C 00 00 06 00 00 02 00 02 01 00 00 00 44 03 55
20:11:14.957 * tx 179398 F0 16 00 01 86 04 00 00 19 81 00 00 3D 00 00 00 01 00 00 79 01 55
20:11:14.975 * rx 179398 +0/105#4831 F0 69 00 01 86 05 05 14 E6 15 F6 00 00 00 02 AA 00 AA 00 54 01 54 01 00 00 00 2B 01 40 6E EE 03 1A 04 27 01 00 00 B0 75 23 21 1A 12 F3 50 E8 EC ED F2 00 00 00 00 00 00 00 00 00 00 F9 FF 00 00
20:11:14.992 * rx 179398 +64/105#4831 00 00 00 00 01 00 10 00 00 07 00 00 00 00 00 00 00 00 00 00 00 00 00 76 04 70 00 00 00 00 00 70 00 00 00 00 00 11 16 11 55
20:11:15.023 * rx 179401 F0 30 00 01 86 06 0A 04 2C 50 CF 22 10 E3 3B 5E 52 56 3E 01 00 1C 5E 5E C4 00 5E 52 00 01 AB 00 3B 05 00 00 00 00 FF 01 FF 00 01 00 FF E2 0A 55
20:11:15.045 * tx 179414 F0 1D 00 01 87 03 C2 2E 00 B2 11 B2 11 1C 00 00 06 00 00 02 00 02 01 00 00 00 45 03 55
20:11:15.061 * tx 179415 F0 16 00 01 87 04 00 00 19 81 00 00 3D 00 00 00 01 00 00 7A 01 55
20:11:15.080 * rx 179415 +0/105#4835 F0 69 00 01 87 05 39 14 4F 16 F5 00 00 00 02 AA 00 AA 00 54 01 54 01 00 00 00 34 01 40 71 EE 03 1A 04 27 01 00 00 B0 63 24 1E 11 0D 24 14 00 00 04 FC 00 00 00 00 00 00 00 00 00 00 F9 FF 00 00
20:11:15.115 * rx 179415 +64/105#4835 00 00 00 00 01 00 10 00 00 07 00 00 00 00 00 00 00 00 00 00 00 00 00 6F 04 70 00 00 00 00 00 70 00 00 00 00 00 11 D9 0C 55
20:11:15.140 * rx 179417 F0 30 00 01 87 06 0A 04 FD 4D CF 22 10 E3 3B 5E 52 56 3E 01 00 1C 5F 5F F6 00 5B 52 00 01 AB 00 51 05 00 00 00 00 00 00 00 FF 01 00 02 FB 09 55
20:11:15.162 * tx 179430 F0 1D 00 01 88 03 C2 2E 00 B2 11 B2 11 1C 00 00 06 00 00 02 00 02 01 00 00 00 46 03 55
20:11:15.183 * tx 179430 F0 16 00 01 88 04 00 00 19 81 00 00 3D 00 00 00 01 00 00 7B 01 55
20:11:15.220 * rx 179432 +0/105#4839 F0 69 00 01 88 05 84 14 B1 16 F4 00 00 00 02 AA 00 AA 00 54 01 54 01 00 00 00 3F 01 40 73 EE 03 1A 04 27 01 00 00 C0 9B 46 32 13 0C F2 E5 F3 F4 F5 F8 00 00 00 00 00 00 00 00 00 00 F9 FF 00 00
20:11:15.248 * rx 179432 +64/105#4839 00 00 00 00 01 00 10 00 00 07 00 00 00 00 00 00 00 00 00 00 00 00 00 62 04 70 00 00 00 00 00 70 00 00 00 00 00 11 78 12 55
20:11:15.270 * rx 179434 F0 30 00 01 88 06 0A 04 CE 4B CF 22 10 E3 3B 5E 52 56 3E 01 00 1C 61 61 25 00 DD 50 00 01 AB 00 66 05 00 00 00 00 18 29 33 3B 41 43 44 08 0A 55
20:11:15.289 * tx 179447 F0 1D 00 01 89 03 C2 2E 00 B2 11 B2 11 1C 00 00 06 00 00 02 00 02 01 00 00 00 47 03 55
20:11:15.325 * tx 179447 F0 16 00 01 89 04 00 00 19 81 00 00 3D 00 00 00 01 00 00 7C 01 55
20:11:15.351 * rx 179448 +0/105#4843 F0 69 00 01 89 05 D6 14 0F 17 F3 00 00 00 02 AA 00 AA 00 54 01 54 01 00 00 00 4C 01 40 76 EE 03 1A 04 27 01 00 00 C0 80 38 25 13 0C 37 B0 00 08 08 00 00 00 00 00 00 00 00 00 00 00 FB FF 00 00
20:11:15.374 * rx 179448 +64/105#4843 00 00 00 00 01 00 10 00 00 07 00 00 00 00 00 00 00 00 00 00 00 00 00 55 04 70 00 00 00 00 00 70 00 00 00 00 00 11 44 0D 55
20:11:15.395 * rx 179451 F0 30 00 01 89 06 0A 04 9F 49 CF 22 10 E3 3B 5E 52 56 3E 01 00 1C 62 62 54 00 B6 4E 00 01 AB 00 7B 05 00 00 00 00 45 44 45 45 46 45 44 60 0A 55
20:11:15.424 * tx 179464 F0 1D 00 01 8A 03 C2 2E 00 B2 11 B2 11 1C 00 00 06 00 00 02 00 02 01 00 00 00 48 03 55
20:11:15.444 * tx 179465 F0 16 00 01 8A 04 00 00 19 81 00 00 3D 00 00 00 01 00 00 7D 01 55
20:11:15.462 * rx 179465 +0/105#4847 F0 69 00 01 8A 05 2B 15 71 17 F2 00 00 00 02 AA 00 AA 00 54 01 54 01 00 00 00 5B 01 40 7A EE 03 1A 04 27 01 00 00 C0 6A 2B 1C 13 0C 84 D0 FB FB FC FE 00 00 00 00 00 00 00 00 00 00 FB FF 00 00
20:11:15.481 * rx 179465 +64/105#4847 00 00 00 00 01 00 10 00 00 07 00 00 00 00 00 00 00 00 00 00 00 00 00 47 04 70 00 00 00 00 00 70 00 00 00 00 00 11 22 11 55
20:11:15.512 * rxflood 110
20:11:15.529 * tx 180380 F0 1D 00 01 C1 03 C2 2E 00 B2 11 B2 11 1C 00 00 06 00 00 02 00 02 01 00 00 00 7F 03 55
20:11:15.548 * tx 180380 F0 16 00 01 C1 04 00 00 19 81 00 00 3D 00 00 00 01 00 00 B4 01 55
20:11:15.567 * rx 180382 +0/105#5068 F0 69 00 01 C1 05 05 14 05 14 01 00 00 00 02 AA 00 AA 00 54 01 54 01 00 00 00 00 07 80 FF EE 03 1A 04 27 01 00 00 B0 80 21 22 1F 13 23 F8 FC 08 10 0C 00 00 00 00 00 00 00 00 00 00 00 00 00 00
20:11:15.602 * rx 180382 +64/105#5068 00 00 00 00 01 00 10 00 00 07 00 00 00 00 00 00 00 00 00 00 00 00 00 F0 03 70 00 00 00 00 00 70 00 00 00 00 00 11 FC 0B 55
20:11:15.671 * rx 180384 F0 30 00 01 C1 06 82 00 C3 3C CF 22 10 E3 3B 5E 52 56 3E 01 00 1C 6B 6B 69 00 C3 3C 00 01 AB 00 F6 05 00 00 00 00 00 00 00 00 00 00 00 DE 09 55
20:11:15.692 * tx 180397 F0 1D 00 01 C2 03 C2 2E 00 B2 11 B2 11 1C 00 00 06 00 00 02 00 02 01 00 00 00 80 03 55
20:11:15.716 * tx 180397 F0 16 00 01 C2 04 00 00 19 81 00 00 3D 00 00 00 01 00 00 B5 01 55
20:11:15.754 * rx 180398 +0/105#5072 F0 69 00 01 C2 05 05 14 05 14 01 00 00 00 02 AA 00 AA 00 54 01 54 01 00 00 00 00 07 80 FF EE 03 1A 04 27 01 00 00 B0 80 21 22 1F 13 E1 D0 F1 F5 F7 FA 00 00 00 00 00 00 00 00 00 00 00 00 00 00
20:11:15.775 * rx 180398 +64/105#5072 00 00 00 00 01 00 10 00 00 07 00 00 00 00 00 00 00 00 00 00 00 00 00 F0 03 70 00 00 00 00 00 70 00 00 00 00 00 11 4A 0F 55
20:11:15.793 * rx 180401 F0 30 00 01 C2 06 82 00 C3 3C CF 22 10 E3 3B 5E 52 56 3E 01 00 1C 6B 6B 69 00 C3 3C 00 01 AB 00 F6 05 00 00 00 00 00 00 00 00 00 00 00 DF 09 55
20:11:15.819 * tx 180414 F0 1D 00 01 C3 03 C2 2E 00 B2 11 B2 11 1C 00 00 06 00 00 02 00 02 01 00 00 00 81 03 55
20:11:15.867 * tx 180415 F0 16 00 01 C3 04 00 00 19 81 00 00 3D 00 00 00 01 00 00 B6 01 55
20:11:15.892 * rx 180415 +0/105#5076 F0 69 00 01 C3 05 05 14 05 14 01 00 00 00 02 AA 00 AA 00 54 01 54 01 00 00 00 00 07 80 FF EE 03 1A 04 27 01 00 00 B0 80 21 22 1F 13 23 F8 FC 08 10 0C 00 00 00 00 00 00 00 00 00 00 00 00 00 00
20:11:15.912 * rx 180415 +64/105#5076 00 00 00 00 01 00 10 00 00 07 00 00 00 00 00 00 00 00 00 00 00 00 00 F0 03 70 00 00 00 00 00 70 00 00 00 00 00 11 FE 0B 55
20:11:15.932 * rx 180417 F0 30 00 01 C3 06 82 00 C3 3C CF 22 10 E3 3B 5E 52 56 3E 01 00 1C 6B 6B 69 00 C3 3C 00 01 AB 00 F6 05 00 00 00 00 00 00 00 00 00 00 00 E0 09 55
20:11:15.967 * tx 180430 F0 1D 00 01 C4 03 C2 2E 00 B2 11 B2 11 1C 00 00 06 00 00 02 00 02 01 00 00 00 82 03 55
20:11:15.990 * tx 180430 F0 16 00 01 C4 04 00 00 19 81 00 00 3D 00 00 00 01 00 00 B7 01 55
20:11:16.009 * rx 180432 +0/105#5080 F0 69 00 01 C4 05 05 14 05 14 01 00 00 00 02 AA 00 AA 00 54 01 54 01 00 00 00 00 07 80 FF EE 03 1A 04 27 01 00 00 B0 80 21 22 1F 13 E1 D0 F1 F5 F7 FA 00 00 00 00 00 00 00 00 00 00 00 00 00 00
20:11:16.034 * rx 180432 +64/105#5080 00 00 00 00 01 00 10 00 00 07 00 00 00 00 00 00 00 00 00 00 00 00 00 F0 03 70 00 00 00 00 00 70 00 00 00 00 00 11 4C 0F 55
20:11:16.071 * rx 180434 F0 30 00 01 C4 06 82 00 C3 3C CF 22 10 E3 3B 5E 52 56 3E 01 00 1C 6B 6B 69 00 C3 3C 00 01 AB 00 F6 05 00 00 00 00 00 00 00 00 00 00 00 E1 09 55
20:11:16.096 * tx 180447 F0 1D 00 01 C5 03 C2 2E 00 B2 11 B2 11 1C 00 00 06 00 00 02 00 02 01 00 00 00 83 03 55
20:11:16.119 * tx 180447 F0 16 00 01 C5 04 00 00 19 81 00 00 3D 00 00 00 01 00 00 B8 01 55
20:11:16.148 * rx 180448 +0/105#5084 F0 69 00 01 C5 05 05 14 05 14 01 00 00 00 02 AA 00 AA 00 54 01 54 01 00 00 00 00 07 80 FF EE 03 1A 04 27 01 00 00 B0 80 21 22 1F 13 23 F8 FC 08 10 0C 00 00 00 00 00 00 00 00 00 00 00 00 00 00
20:11:16.182 * rx 180448 +64/105#5084 00 00 00 00 01 00 10 00 00 07 00 00 00 00 00 00 00 00 00 00 00 00 00 F0 03 70 00 00 00 00 00 70 00 00 00 00 00 11 00 0C 55
20:11:16.199 * rx 180451 F0 30 00 01 C5 06 82 00 C3 3C CF 22 10 E3 3B 5E 52 56 3E 01 00 1C 6B 6B 69 00 C3 3C 00 01 AB 00 F6 05 00 00 00 00 00 00 00 00 00 00 00 E2 09 55
20:11:16.213 * tx 180464 F0 1D 00 01 C6 03 C2 2E 00 B2 11 B2 11 1C 00 00 06 00 00 02 00 02 01 00 00 00 84 03 55
20:11:16.227 * tx 180465 F0 16 00 01 C6 04 00 00 19 81 00 00 3D 00 00 00 01 00 00 B9 01 55
20:11:16.266 * rx 180465 +0/105#5088 F0 69 00 01 C6 05 05 14 05 14 01 00 00 00 02 AA 00 AA 00 54 01 54 01 00 00 00 00 07 80 FF EE 03 1A 04 27 01 00 00 B0 80 21 22 1F 13 E1 D0 F1 F5 F7 FA 00 00 00 00 00 00 00 00 00 00 00 00 00 00
20:11:16.291 * rx 180465 +64/105#5088 00 00 00 00 01 00 10 00 00 07 00 00 00 00 00 00 00 00 00 00 00 00 00 F0 03 70 00 00 00 00 00 70 00 00 00 00 00 11 4E 0F 55
20:11:16.315 * rxflood 109
20:11:16.348 * tx 181380 F0 1D 00 01 0D 03 C2 2E 00 B2 11 B2 11 1C 00 00 06 00 00 02 00 02 01 00 00 00 CB 02 55
20:11:16.378 * tx 181380 F0 16 00 01 0D 04 00 00 19 81 00 00 3D 00 00 00 01 00 00 00 01 55
20:11:16.400 * rx 181382 +0/105#5308 F0 69 00 01 0D 05 05 14 05 14 01 00 00 00 02 AA 00 AA 00 54 01 54 01 00 00 00 00 07 80 FF EE 03 1A 04 27 01 00 00 B0 80 21 22 1F 13 23 F8 FC 08 10 0C 00 00 00 00 00 00 00 00 00 00 00 00 00 00
20:11:16.421 * rx 181382 +64/105#5308 00 00 00 00 01 00 10 00 00 07 00 00 00 00 00 00 00 00 00 00 00 00 00 F0 03 70 00 00 00 00 00 70 00 00 00 00 00 11 48 0B 55
20:11:16.440 * rx 181384 F0 30 00 01 0D 06 82 00 C3 3C CF 22 10 E3 3B 5E 52 56 3E 01 00 1C 6B 6B 69 00 C3 3C 00 01 AB 00 F6 05 00 00 00 00 00 00 00 00 00 00 00 2A 09 55
20:11:16.475 * tx 181397 F0 1D 00 01 0E 03 C2 2E 00 B2 11 B2 11 1C 00 00 06 00 00 02 00 02 01 00 00 00 CC 02 55
20:11:16.495 * tx 181397 F0 16 00 01 0E 04 00 00 19 81 00 00 3D 00 00 00 01 00 00 01 01 55
20:11:16.515 * rx 181398 +0/105#5312 F0 69 00 01 0E 05 05 14 05 14 01 00 00 00 02 AA 00 AA 00 54 01 54 01 00 00 00 00 07 80 FF EE 03 1A 04 27 01 00 00 B0 80 21 22 1F 13 E1 D0 F1 F5 F7 FA 00 00 00 00 00 00 00 00 00 00 00 00 00 00
20:11:16.534 * rx 181398 +64/105#5312 00 00 00 00 01 00 10 00 00 07 00 00 00 00 00 00 00 00 00 00 00 00 00 F0 03 70 00 00 00 00 00 70 00 00 00 00 00 11 96 0E 55
20:11:16.565 * rx 181401 F0 30 00 01 0E 06 82 00 C3 3C CF 22 10 E3 3B 5E 52 56 3E 01 00 1C 6B 6B 69 00 C3 3C 00 01 AB 00 F6 05 00 00 00 00 00 00 00 00 00 00 00 2B 09 55
20:11:16.590 * tx 181414 F0 1D 00 01 0F 03 C2 2E 00 B2 11 B2 11 1C 00 00 06 00 00 02 00 02 01 00 00 00 CD 02 55
20:11:16.612 * tx 181415 F0 16 00 01 0F 04 00 00 19 81 00 00 3D 00 00 00 01 00 00 02 01 55
20:11:16.635 * rx 181415 +0/105#5316 F0 69 00 01 0F 05 05 14 05 14 01 00 00 00 02 AA 00 AA 00 54 01 54 01 00 00 00 00 07 80 FF EE 03 1A 04 27 01 00 00 B0 80 21 22 1F 13 23 F8 FC 08 10 0C 00 00 00 00 00 00 00 00 00 00 00 00 00 00
20:11:16.667 * rx 181415 +64/105#5316 00 00 00 00 01 00 10 00 00 07 00 00 00 00 00 00 00 00 00 00 00 00 00 F0 03 70 00 00 00 00 00 70 00 00 00 00 00 11 4A 0B 55
20:11:16.689 * rx 181417 F0 30 00 01 0F 06 82 00 C3 3C CF 22 10 E3 3B 5E 52 56 3E 01 00 1C 6B 6B 69 00 C3 3C 00 01 AB 00 F6 05 00 00 00 00 00 00 00 00 00 00 00 2C 09 55
20:11:16.714 * tx 181430 F0 1D 00 01 10 03 C2 2E 00 B2 11 B2 11 1C 00 00 06 00 00 02 00 02 01 00 00 00 CE 02 55
20:11:16.739 * tx 181430 F0 16 00 01 10 04 00 00 19 81 00 00 3D 00 00 00 01 00 00 03 01 55
20:11:16.772 * rx 181432 +0/105#5320 F0 69 00 01 10 05 05 14 05 14 01 00 00 00 02 AA 00 AA 00 54 01 54 01 00 00 00 00 07 80 FF EE 03 1A 04 27 01 00 00 B0 80 21 22 1F 13 E1 D0 F1 F5 F7 FA 00 00 00 00 00 00 00 00 00 00 00 00 00 00
20:11:16.794 * rx 181432 +64/105#5320 00 00 00 00 01 00 10 00 00 07 00 00 00 00 00 00 00 00 00 00 00 00 00 F0 03 70 00 00 00 00 00 70 00 00 00 00 00 11 98 0E 55
20:11:16.816 * rx 181434 F0 30 00 01 10 06 82 00 C3 3C CF 22 10 E3 3B 5E 52 56 3E 01 00 1C 6B 6B 69 00 C3 3C 00 01 AB 00 F6 05 00 00 00 00 00 00 00 00 00 00 00 2D 09 55
20:11:16.840 * tx 181447 F0 1D 00 01 11 03 C2 2E 00 B2 11 B2 11 1C 00 00 06 00 00 02 00 02 01 00 00 00 CF 02 55
20:11:16.896 * tx 181447 F0 16 00 01 11 04 00 00 19 81 00 00 3D 00 00 00 01 00 00 04 01 55
20:11:16.927 * rx 181448 +0/105#5324 F0 69 00 01 11 05 05 14 05 14 01 00 00 00 02 AA 00 AA 00 54 01 54 01 00 00 00 00 07 80 FF EE 03 1A 04 27 01 00 00 B0 80 21 22 1F 13 23 F8 FC 08 10 0C 00 00 00 00 00 00 00 00 00 00 00 00 00 00
20:11:16.952 * rx 181448 +64/105#5324 00 00 00 00 01 00 10 00 00 07 00 00 00 00 00 00 00 00 00 00 00 00 00 F0 03 70 00 00 00 00 00 70 00 00 00 00 00 11 4C 0B 55
20:11:16.987 * rx 181451 F0 30 00 01 11 06 82 00 C3 3C CF 22 10 E3 3B 5E 52 56 3E 01 00 1C 6B 6B 69 00 C3 3C 00 01 AB 00 F6 05 00 00 00 00 00 00 00 00 00 00 00 2E 09 55
20:11:17.021 * tx 181464 F0 1D 00 01 12 03 C2 2E 00 B2 11 B2 11 1C 00 00 06 00 00 02 00 02 01 00 00 00 D0 02 55
20:11:17.040 * tx 181465 F0 16 00 01 12 04 00 00 19 81 00 00 3D 00 00 00 01 00 00 05 01 55
20:11:17.059 * rx 181465 +0/105#5328 F0 69 00 01 12 05 05 14 05 14 01 00 00 00 02 AA 00 AA 00 54 01 54 01 00 00 00 00 07 80 FF EE 03 1A 04 27 01 00 00 B0 80 21 22 1F 13 E1 D0 F1 F5 F7 FA 00 00 00 00 00 00 00 00 00 00 00 00 00 00
20:11:17.080 * rx 181465 +64/105#5328 00 00 00 00 01 00 10 00 00 07 00 00 00 00 00 00 00 00 00 00 00 00 00 F0 03 70 00 00 00 00 00 70 00 00 00 00 00 11 9A 0E 55
20:11:17.185 * rxflood 109
20:11:17.204 * tx 182380 F0 1D 00 01 49 03 C2 2E 00 B2 11 B2 11 1C 00 00 06 00 00 02 00 02 01 00 00 00 07 03 55
20:11:17.223 * tx 182380 F0 16 00 01 49 04 00 00 19 81 00 00 3D 00 00 00 01 00 00 3C 01 55
20:11:17.241 * rx 182382 +0/105#5548 F0 69 00 01 49 05 05 14 05 14 01 00 00 00 02 AA 00 AA 00 54 01 54 01 00 00 00 00 07 80 FF EE 03 1A 04 27 01 00 00 B0 80 21 22 1F 13 23 F8 FC 08 10 0C 00 00 00 00 00 00 00 00 00 00 00 00 00 00
20:11:17.272 * rx 182382 +64/105#5548 00 00 00 00 01 00 10 00 00 07 00 00 00 00 00 00 00 00 00 00 00 00 00 F0 03 70 00 00 00 00 00 70 00 00 00 00 00 11 84 0B 55
20:11:17.293 * rx 182384 F0 30 00 01 49 06 82 00 C3 3C CF 22 10 E3 3B 5E 52 56 3E 01 00 1C 6B 6B 69 00 C3 3C 00 01 AB 00 F6 05 00 00 00 00 00 00 00 00 00 00 00 66 09 55
20:11:17.317 * tx 182397 F0 1D 00 01 4A 03 C2 2E 00 B2 11 B2 11 1C 00 00 06 00 00 02 00 02 01 00 00 00 08 03 55
20:11:17.340 * tx 182397 F0 16 00 01 4A 04 00 00 19 81 00 00 3D 00 00 00 01 00 00 3D 01 55
20:11:17.375 * rx 182398 +0/105#5552 F0 69 00 01 4A 05 05 14 05 14 01 00 00 00 02 AA 00 AA 00 54 01 54 01 00 00 00 00 07 80 FF EE 03 1A 04 27 01 00 00 B0 80 21 22 1F 13 E1 D0 F1 F5 F7 FA 00 00 00 00 00 00 00 00 00 00 00 00 00 00
20:11:17.402 * rx 182398 +64/105#5552 00 00 00 00 01 00 10 00 00 07 00 00 00 00 00 00 00 00 00 00 00 00 00 F0 03 70 00 00 00 00 00 70 00 00 00 00 00 11 D2 0E 55
20:11:17.421 * rx 182401 F0 30 00 01 4A 06 82 00 C3 3C CF 22 10 E3 3B 5E 52 56 3E 01 00 1C 6B 6B 69 00 C3 3C 00 01 AB 00 F6 05 00 00 00 00 00 00 00 00 00 00 00 67 09 55
20:11:17.442 * tx 182414 F0 1D 00 01 4B 03 C2 2E 00 B2 11 B2 11 1C 00 00 06 00 00 02 00 02 01 00 00 00 09 03 55
20:11:17.473 * tx 182415 F0 16 00 01 4B 04 00 00 19 81 00 00 3D 00 00 00 01 00 00 3E 01 55
20:11:17.498 * rx 182415 +0/105#5556 F0 69 00 01 4B 05 05 14 05 14 01 00 00 00 02 AA 00 AA 00 54 01 54 01 00 00 00 00 07 80 FF EE 03 1A 04 27 01 00 00 B0 80 21 22 1F 13 23 F8 FC 08 10 0C 00 00 00 00 00 00 00 00 00 00 00 00 00 00
20:11:17.516 * rx 182415 +64/105#5556 00 00 00 00 01 00 10 00 00 07 00 00 00 00 00 00 00 00 00 00 00 00 00 F0 03 70 00 00 00 00 00 70 00 00 00 00 00 11 86 0B 55
20:11:17.542 * rx 182417 F0 30 00 01 4B 06 82 00 C3 3C CF 22 10 E3 3B 5E 52 56 3E 01 00 1C 6B 6B 69 00 C3 3C 00 01 AB 00 F6 05 00 00 00 00 00 00 00 00 00 00 00 68 09 55
20:11:17.581 * tx 182430 F0 1D 00 01 4C 03 C2 2E 00 B2 11 B2 11 1C 00 00 06 00 00 02 00 02 01 00 00 00 0A 03 55
20:11:17.602 * tx 182430 F0 16 00 01 4C 04 00 00 19 81 00 00 3D 00 00 00 01 00 00 3F 01 55
20:11:17.627 * rx 182432 +0/105#5560 F0 69 00 01 4C 05 05 14 05 14 01 00 00 00 02 AA 00 AA 00 54 01 54 01 00 00 00 00 07 80 FF EE 03 1A 04 27 01 00 00 B0 80 21 22 1F 13 E1 D0 F1 F5 F7 FA 00 00 00 00 00 00 00 00 00 00 00 00 00 00
20:11:17.651 * rx 182432 +64/105#5560 00 00 00 00 01 00 10 00 00 07 00 00 00 00 00 00 00 00 00 00 00 00 00 F0 03 70 00 00 00 00 00 70 00 00 00 00 00 11 D4 0E 55
20:11:17.689 * rx 182434 F0 30 00 01 4C 06 82 00 C3 3C CF 22 10 E3 3B 5E 52 56 3E 01 00 1C 6B 6B 69 00 C3 3C 00 01 AB 00 F6 05 00 00 00 00 00 00 00 00 00 00 00 69 09 55
20:11:17.719 * tx 182447 F0 1D 00 01 4D 03 C2 2E 00 B2 11 B2 11 1C 00 00 06 00 00 02 00 02 01 00 00 00 0B 03 55
20:11:17.744 * tx 182448 F0 16 00 01 4D 04 00 00 19 81 00 00 3D 00 00 00 01 00 00 40 01 55
20:11:17.774 * rx 182448 +0/105#5564 F0 69 00 01 4D 05 05 14 05 14 01 00 00 00 02 AA 00 AA 00 54 01 54 01 00 00 00 00 07 80 FF EE 03 1A 04 27 01 00 00 B0 80 21 22 1F 13 23 F8 FC 08 10 0C 00 00 00 00 00 00 00 00 00 00 00 00 00 00
20:11:17.822 * rx 182448 +64/105#5564 00 00 00 00 01 00 10 00 00 07 00 00 00 00 00 00 00 00 00 00 00 00 00 F0 03 70 00 00 00 00 00 70 00 00 00 00 00 11 88 0B 55
20:11:17.853 * rx 182451 F0 30 00 01 4D 06 82 00 C3 3C CF 22 10 E3 3B 5E 52 56 3E 01 00 1C 6B 6B 69 00 C3 3C 00 01 AB 00 F6 05 00 00 00 00 00 00 00 00 00 00 00 6A 09 55
20:11:17.882 * tx 182464 F0 1D 00 01 4E 03 C2 2E 00 B2 11 B2 11 1C 00 00 06 00 00 02 00 02 01 00 00 00 0C 03 55
20:11:17.908 * tx 182465 F0 16 00 01 4E 04 00 00 19 81 00 00 3D 00 00 00 01 00 00 41 01 55
20:11:17.947 * rx 182465 +0/105#5568 F0 69 00 01 4E 05 05 14 05 14 01 00 00 00 02 AA 00 AA 00 54 01 54 01 00 00 00 00 07 80 FF EE 03 1A 04 27 01 00 00 B0 80 21 22 1F 13 E1 D0 F1 F5 F7 FA 00 00 00 00 00 00 00 00 00 00 00 00 00 00
20:11:17.981 * rx 182465 +64/105#5568 00 00 00 00 01 00 10 00 00 07 00 00 00 00 00 00 00 00 00 00 00 00 00 F0 03 70 00 00 00 00 00 70 00 00 00 00 00 11 D6 0E 55
20:11:18.185 * rxflood 109
20:11:18.209 * tx 183380 F0 1D 00 01 85 03 C2 2E 00 B2 11 B2 11 1C 00 00 06 00 00 02 00 02 01 00 00 00 43 03 55
20:11:18.238 * tx 183380 F0 16 00 01 85 04 00 00 19 81 00 00 3D 00 00 00 01 00 00 78 01 55
20:11:18.265 * rx 183382 +0/105#5788 F0 69 00 01 85 05 05 14 05 14 01 00 00 00 02 AA 00 AA 00 54 01 54 01 00 00 00 00 07 80 FF EE 03 1A 04 27 01 00 00 B0 80 21 22 1F 13 23 F8 FC 08 10 0C 00 00 00 00 00 00 00 00 00 00 00 00 00 00
20:11:18.294 * rx 183382 +64/105#5788 00 00 00 00 01 00 10 00 00 07 00 00 00 00 00 00 00 00 00 00 00 00 00 F0 03 70 00 00 00 00 00 70 00 00 00 00 00 11 C0 0B 55
20:11:18.322 * rx 183384 F0 30 00 01 85 06 82 00 C3 3C CF 22 10 E3 3B 5E 52 56 3E 01 00 1C 6B 6B 69 00 C3 3C 00 01 AB 00 F6 05 00 00 00 00 00 00 00 00 00 00 00 A2 09 55
20:11:18.364 * tx 183397 F0 1D 00 01 86 03 C2 2E 00 B2 11 B2 11 1C 00 00 06 00 00 02 00 02 01 00 00 00 44 03 55
20:11:18.391 * tx 183397 F0 16 00 01 86 04 00 00 19 81 00 00 3D 00 00 00 01 00 00 79 01 55
20:11:18.415 * rx 183398 +0/105#5792 F0 69 00 01 86 05 05 14 05 14 01 00 00 00 02 AA 00 AA 00 54 01 54 01 00 00 00 00 07 80 FF EE 03 1A 04 27 01 00 00 B0 80 21 22 1F 13 E1 D0 F1 F5 F7 FA 00 00 00 00 00 00 00 00 00 00 00 00 00 00
20:11:18.443 * rx 183398 +64/105#5792 00 00 00 00 01 00 10 00 00 07 00 00 00 00 00 00 00 00 00 00 00 00 00 F0 03 70 00 00 00 00 00 70 00 00 00 00 00 11 0E 0F 55
20:11:18.481 * rx 183401 F0 30 00 01 86 06 82 00 C3 3C CF 22 10 E3 3B 5E 52 56 3E 01 00 1C 6B 6B 69 00 C3 3C 00 01 AB 00 F6 05 00 00 00 00 00 00 00 00 00 00 00 A3 09 55
20:11:18.509 * tx 183414 F0 1D 00 01 87 03 C2 2E 00 B2 11 B2 11 1C 00 00 06 00 00 02 00 02 01 00 00 00 45 03 55
20:11:18.537 * tx 183415 F0 16 00 01 87 04 00 00 19 81 00 00 3D 00 00 00 01 00 00 7A 01 55
20:11:18.562 * rx 183415 +0/105#5796 F0 69 00 01 87 05 05 14 05 14 01 00 00 00 02 AA 00 AA 00 54 01 54 01 00 00 00 00 07 80 FF EE 03 1A 04 27 01 00 00 B0 80 21 22 1F 13 23 F8 FC 08 10 0C 00 00 00 00 00 00 00 00 00 00 00 00 00 00
20:11:18.612 * rx 183415 +64/105#5796 00 00 00 00 01 00 10 00 00 07 00 00 00 00 00 00 00 00 00 00 00 00 00 F0 03 70 00 00 00 00 00 70 00 00 00 00 00 11 C2 0B 55
20:11:18.646 * rx 183417 F0 30 00 01 87 06 82 00 C3 3C CF 22 10 E3 3B 5E 52 56 3E 01 00 1C 6B 6B 69 00 C3 3C 00 01 AB 00 F6 05 00 00 00 00 00 00 00 00 00 00 00 A4 09 55
20:11:18.669 * tx 183430 F0 1D 00 01 88 03 C2 2E 00 B2 11 B2 11 1C 00 00 06 00 00 02 00 02 01 00 00 00 46 03 55
20:11:18.696 * tx 183430 F0 16 00 01 88 04 00 00 19 81 00 00 3D 00 00 00 01 00 00 7B 01 55
20:11:18.733 * rx 183432 +0/105#5800 F0 69 00 01 88 05 05 14 05 14 01 00 00 00 02 AA 00 AA 00 54 01 54 01 00 00 00 00 07 80 FF EE 03 1A 04 27 01 00 00 B0 80 21 22 1F 13 E1 D0 F1 F5 F7 FA 00 00 00 00 00 00 00 00 00 00 00 00 00 00
20:11:18.759 * rx 183432 +64/105#5800 00 00 00 00 01 00 10 00 00 07 00 00 00 00 00 00 00 00 00 00 00 00 00 F0 03 70 00 00 00 00 00 70 00 00 00 00 00 11 10 0F 55
20:11:18.781 * rx 183434 F0 30 00 01 88 06 82 00 C3 3C CF 22 10 E3 3B 5E 52 56 3E 01 00 1C 6B 6B 69 00 C3 3C 00 01 AB 00 F6 05 00 00 00 00 00 00 00 00 00 00 00 A5 09 55
20:11:18.804 * tx 183447 F0 1D 00 01 89 03 C2 2E 00 B2 11 B2 11 1C 00 00 06 00 00 02 00 02 01 00 00 00 47 03 55
20:11:18.838 * tx 183447 F0 16 00 01 89 04 00 00 19 81 00 00 3D 00 00 00 01 00 00 7C 01 55
20:11:18.861 * rx 183448 +0/105#5804 F0 69 00 01 89 05 05 14 05 14 01 00 00 00 02 AA 00 AA 00 54 01 54 01 00 00 00 00 07 80 FF EE 03 1A 04 27 01 00 00 B0 80 21 22 1F 13 23 F8 FC 08 10 0C 00 00 00 00 00 00 00 00 00 00 00 00 00 00
20:11:18.885 * rx 183448 +64/105#5804 00 00 00 00 01 00 10 00 00 07 00 00 00 00 00 00 00 00 00 00 00 00 00 F0 03 70 00 00 00 00 00 70 00 00 00 00 00 11 C4 0B 55
20:11:18.905 * rx 183451 F0 30 00 01 89 06 82 00 C3 3C CF 22 10 E3 3B 5E 52 56 3E 01 00 1C 6B 6B 69 00 C3 3C 00 01 AB 00 F6 05 00 00 00 00 00 00 00 00 00 00 00 A6 09 55
20:11:18.936 * tx 183464 F0 1D 00 01 8A 03 C2 2E 00 B2 11 B2 11 1C 00 00 06 00 00 02 00 02 01 00 00 00 48 03 55
20:11:18.959 * tx 183465 F0 16 00 01 8A 04 00 00 19 81 00 00 3D 00 00 00 01 00 00 7D 01 55
20:11:18.983 * rx 183465 +0/105#5808 F0 69 00 01 8A 05 05 14 05 14 01 00 00 00 02 AA 00 AA 00 54 01 54 01 00 00 00 00 07 80 FF EE 03 1A 04 27 01 00 00 B0 80 21 22 1F 13 E1 D0 F1 F5 F7 FA 00 00 00 00 00 00 00 00 00 00 00 00 00 00
20:11:19.008 * rx 183465 +64/105#5808 00 00 00 00 01 00 10 00 00 07 00 00 00 00 00 00 00 00 00 00 00 00 00 F0 03 70 00 00 00 00 00 70 00 00 00 00 00 11 12 0F 55
20:11:19.185 * rxflood 109
20:11:19.215 * tx 184380 F0 1D 00 01 C1 03 C2 2E 00 B2 11 B2 11 1C 00 00 06 00 00 02 00 02 01 00 00 00 7F 03 55
20:11:19.246 * tx 184380 F0 16 00 01 C1 04 00 00 19 81 00 00 3D 00 00 00 01 00 00 B4 01 55
20:11:19.275 * rx 184382 +0/105#6028 F0 69 00 01 C1 05 05 14 05 14 01 00 00 00 02 AA 00 AA 00 54 01 54 01 00 00 00 00 07 80 FF EE 03 1A 04 27 01 00 00 B0 80 21 22 1F 13 23 F8 FC 08 10 0C 00 00 00 00 00 00 00 00 00 00 00 00 00 00
20:11:19.314 * rx 184382 +64/105#6028 00 00 00 00 01 00 10 00 00 07 00 00 00 00 00 00 00 00 00 00 00 00 00 F0 03 70 00 00 00 00 00 70 00 00 00 00 00 11 FC 0B 55
20:11:19.338 * rx 184384 F0 30 00 01 C1 06 82 00 C3 3C CF 22 10 E3 3B 5E 52 56 3E 01 00 1C 6B 6B 69 00 C3 3C 00 01 AB 00 F6 05 00 00 00 00 00 00 00 00 00 00 00 DE 09 55
20:11:19.363 * tx 184397 F0 1D 00 01 C2 03 C2 2E 00 B2 11 B2 11 1C 00 00 06 00 00 02 00 02 01 00 00 00 80 03 55
20:11:19.389 * tx 184397 F0 16 00 01 C2 04 00 00 19 81 00 00 3D 00 00 00 01 00 00 B5 01 55
20:11:19.431 * rx 184398 +0/105#6032 F0 69 00 01 C2 05 05 14 05 14 01 00 00 00 02 AA 00 AA 00 54 01 54 01 00 00 00 00 07 80 FF EE 03 1A 04 27 01 00 00 B0 80 21 22 1F 13 E1 D0 F1 F5 F7 FA 00 00 00 00 00 00 00 00 00 00 00 00 00 00
20:11:19.464 * rx 184398 +64/105#6032 00 00 00 00 01 00 10 00 00 07 00 00 00 00 00 00 00 00 00 00 00 00 00 F0 03 70 00 00 00 00 00 70 00 00 00 00 00 11 4A 0F 55
20:11:19.489 * rx 184401 F0 30 00 01 C2 06 82 00 C3 3C CF 22 10 E3 3B 5E 52 56 3E 01 00 1C 6B 6B 69 00 C3 3C 00 01 AB 00 F6 05 00 00 00 00 00 00 00 00 00 00 00 DF 09 55
20:11:19.520 * tx 184414 F0 1D 00 01 C3 03 C2 2E 00 B2 11 B2 11 1C 00 00 06 00 00 02 00 02 01 00 00 00 81 03 55
20:11:19.566 * tx 184415 F0 16 00 01 C3 04 00 00 19 81 00 00 3D 00 00 00 01 00 00 B6 01 55
20:11:19.592 * rx 184415 +0/105#6036 F0 69 00 01 C3 05 05 14 05 14 01 00 00 00 02 AA 00 AA 00 54 01 54 01 00 00 00 00 07 80 FF EE 03 1A 04 27 01 00 00 B0 80 21 22 1F 13 23 F8 FC 08 10 0C 00 00 00 00 00 00 00 00 00 00 00 00 00 00
20:11:19.617 * rx 184415 +64/105#6036 00 00 00 00 01 00 10 00 00 07 00 00 00 00 00 00 00 00 00 00 00 00 00 F0 03 70 00 00 00 00 00 70 00 00 00 00 00 11 FE 0B 55
20:11:19.646 * rx 184417 F0 30 00 01 C3 06 82 00 C3 3C CF 22 10 E3 3B 5E 52 56 3E 01 00 1C 6B 6B 69 00 C3 3C 00 01 AB 00 F6 05 00 00 00 00 00 00 00 00 00 00 00 E0 09 55
20:11:19.688 * tx 184430 F0 1D 00 01 C4 03 C2 2E 00 B2 11 B2 11 1C 00 00 06 00 00 02 00 02 01 00 00 00 82 03 55
20:11:19.717 * tx 184430 F0 16 00 01 C4 04 00 00 19 81 00 00 3D 00 00 00 01 00 00 B7 01 55
20:11:19.743 * rx 184432 +0/105#6040 F0 69 00 01 C4 05 05 14 05 14 01 00 00 00 02 AA 00 AA 00 54 01 54 01 00 00 00 00 07 80 FF EE 03 1A 04 27 01 00 00 B0 80 21 22 1F 13 E1 D0 F1 F5 F7 FA 00 00 00 00 00 00 00 00 00 00 00 00 00 00
20:11:19.771 * rx 184432 +64/105#6040 00 00 00 00 01 00 10 00 00 07 00 00 00 00 00 00 00 00 00 00 00 00 00 F0 03 70 00 00 00 00 00 70 00 00 00 00 00 11 4C 0F 55
20:11:19.850 * rx 184434 F0 30 00 01 C4 06 82 00 C3 3C CF 22 10 E3 3B 5E 52 56 3E 01 00 1C 6B 6B 69 00 C3 3C 00 01 AB 00 F6 05 00 00 00 00 00 00 00 00 00 00 00 E1 09 55
20:11:19.882 * tx 184447 F0 1D 00 01 C5 03 C2 2E 00 B2 11 B2 11 1C 00 00 06 00 00 02 00 02 01 00 00 00 83 03 55
20:11:19.913 * tx 184447 F0 16 00 01 C5 04 00 00 19 81 00 00 3D 00 00 00 01 00 00 B8 01 55
20:11:19.937 * rx 184448 +0/105#6044 F0 69 00 01 C5 05 05 14 05 14 01 00 00 00 02 AA 00 AA 00 54 01 54 01 00 00 00 00 07 80 FF EE 03 1A 04 27 01 00 00 B0 80 21 22 1F 13 23 F8 FC 08 10 0C 00 00 00 00 00 00 00 00 00 00 00 00 00 00
20:11:19.974 * rx 184448 +64/105#6044 00 00 00 00 01 00 10 00 00 07 00 00 00 00 00 00 00 00 00 00 00 00 00 F0 03 70 00 00 00 00 00 70 00 00 00 00 00 11 00 0C 55
20:11:19.000 * rx 184451 F0 30 00 01 C5 06 82 00 C3 3C CF 22 10 E3 3B 5E 52 56 3E 01 00 1C 6B 6B 69 00 C3 3C 00 01 AB 00 F6 05 00 00 00 00 00 00 00 00 00 00 00 E2 09 55
20:11:20.025 * tx 184464 F0 1D 00 01 C6 03 C2 2E 00 B2 11 B2 11 1C 00 00 06 00 00 02 00 02 01 00 00 00 84 03 55
20:11:20.051 * tx 184465 F0 16 00 01 C6 04 00 00 19 81 00 00 3D 00 00 00 01 00 00 B9 01 55
20:11:20.088 * rx 184465 +0/105#6048 F0 69 00 01 C6 05 05 14 05 14 01 00 00 00 02 AA 00 AA 00 54 01 54 01 00 00 00 00 07 80 FF EE 03 1A 04 27 01 00 00 B0 80 21 22 1F 13 E1 D0 F1 F5 F7 FA 00 00 00 00 00 00 00 00 00 00 00 00 00 00
20:11:20.112 * rx 184465 +64/105#6048 00 00 00 00 01 00 10 00 00 07 00 00 00 00 00 00 00 00 00 00 00 00 00 F0 03 70 00 00 00 00 00 70 00 00 00 00 00 11 4E 0F 55
20:11:20.185 * rxflood 109
20:11:20.205 * tx 185380 F0 1D 00 01 0D 03 C2 2E 00 B2 11 B2 11 1C 00 00 06 00 00 02 00 02 01 00 00 00 CB 02 55
20:11:20.232 * tx 185380 F0 16 00 01 0D 04 00 00 19 81 00 00 3D 00 00 00 01 00 00 00 01 55
20:11:20.254 * rx 185382 +0/105#6268 F0 69 00 01 0D 05 05 14 05 14 01 00 00 00 02 AA 00 AA 00 54 01 54 01 00 00 00 00 07 80 FF EE 03 1A 04 27 01 00 00 B0 80 21 22 1F 13 23 F8 FC 08 10 0C 00 00 00 00 00 00 00 00 00 00 00 00 00 00
20:11:20.276 * rx 185382 +64/105#6268 00 00 00 00 01 00 10 00 00 07 00 00 00 00 00 00 00 00 00 00 00 00 00 F0 03 70 00 00 00 00 00 70 00 00 00 00 00 11 48 0B 55
20:11:20.302 * rx 185384 F0 30 00 01 0D 06 82 00 C3 3C CF 22 10 E3 3B 5E 52 56 3E 01 00 1C 6B 6B 69 00 C3 3C 00 01 AB 00 F6 05 00 00 00 00 00 00 00 00 00 00 00 2A 09 55
20:11:20.336 * tx 185397 F0 1D 00 01 0E 03 C2 2E 00 B2 11 B2 11 1C 00 00 06 00 00 02 00 02 01 00 00 00 CC 02 55
20:11:20.358 * tx 185397 F0 16 00 01 0E 04 00 00 19 81 00 00 3D 00 00 00 01 00 00 01 01 55
20:11:20.378 * rx 185398 +0/105#6272 F0 69 00 01 0E 05 05 14 05 14 01 00 00 00 02 AA 00 AA 00 54 01 54 01 00 00 00 00 07 80 FF EE 03 1A 04 27 01 00 00 B0 80 21 22 1F 13 E1 D0 F1 F5 F7 FA 00 00 00 00 00 00 00 00 00 00 00 00 00 00
20:11:20.397 * rx 185398 +64/105#6272 00 00 00 00 01 00 10 00 00 07 00 00 00 00 00 00 00 00 00 00 00 00 00 F0 03 70 00 00 00 00 00 70 00 00 00 00 00 11 96 0E 55
20:11:20.435 * rx 185401 F0 30 00 01 0E 06 82 00 C3 3C CF 22 10 E3 3B 5E 52 56 3E 01 00 1C 6B 6B 69 00 C3 3C 00 01 AB 00 F6 05 00 00 00 00 00 00 00 00 00 00 00 2B 09 55
20:11:20.457 * tx 185414 F0 1D 00 01 0F 03 C2 2E 00 B2 11 B2 11 1C 00 00 06 00 00 02 00 02 01 00 00 00 CD 02 55
20:11:20.482 * tx 185415 F0 16 00 01 0F 04 00 00 19 81 00 00 3D 00 00 00 01 00 00 02 01 55
20:11:20.511 * rx 185415 +0/105#6276 F0 69 00 01 0F 05 05 14 05 14 01 00 00 00 02 AA 00 AA 00 54 01 54 01 00 00 00 00 07 80 FF EE 03 1A 04 27 01 00 00 B0 80 21 22 1F 13 23 F8 FC 08 10 0C 00 00 00 00 00 00 00 00 00 00 00 00 00 00
20:11:20.557 * rx 185415 +64/105#6276 00 00 00 00 01 00 10 00 00 07 00 00 00 00 00 00 00 00 00 00 00 00 00 F0 03 70 00 00 00 00 00 70 00 00 00 00 00 11 4A 0B 55
20:11:20.616 * rx 185418 F0 30 00 01 0F 06 82 00 C3 3C CF 22 10 E3 3B 5E 52 56 3E 01 00 1C 6B 6B 69 00 C3 3C 00 01 AB 00 F6 05 00 00 00 00 00 00 00 00 00 00 00 2C 09 55
20:11:20.644 * tx 185430 F0 1D 00 01 10 03 C2 2E 00 B2 11 B2 11 1C 00 00 06 00 00 02 00 02 01 00 00 00 CE 02 55
20:11:20.669 * tx 185430 F0 16 00 01 10 04 00 00 19 81 00 00 3D 00 00 00 01 00 00 03 01 55
20:11:20.717 * rx 185432 +0/105#6280 F0 69 00 01 10 05 05 14 05 14 01 00 00 00 02 AA 00 AA 00 54 01 54 01 00 00 00 00 07 80 FF EE 03 1A 04 27 01 00 00 B0 80 21 22 1F 13 E1 D0 F1 F5 F7 FA 00 00 00 00 00 00 00 00 00 00 00 00 00 00
20:11:20.742 * rx 185432 +64/105#6280 00 00 00 00 01 00 10 00 00 07 00 00 00 00 00 00 00 00 00 00 00 00 00 F0 03 70 00 00 00 00 00 70 00 00 00 00 00 11 98 0E 55
20:11:20.764 * rx 185434 F0 30 00 01 10 06 82 00 C3 3C CF 22 10 E3 3B 5E 52 56 3E 01 00 1C 6B 6B 69 00 C3 3C 00 01 AB 00 F6 05 00 00 00 00 00 00 00 00 00 00 00 2D 09 55
20:11:20.787 * tx 185447 F0 1D 00 01 11 03 C2 2E 00 B2 11 B2 11 1C 00 00 06 00 00 02 00 02 01 00 00 00 CF 02 55
20:11:20.827 * tx 185447 F0 16 00 01 11 04 00 00 19 81 00 00 3D 00 00 00 01 00 00 04 01 55
20:11:20.851 * rx 185448 +0/105#6284 F0 69 00 01 11 05 05 14 05 14 01 00 00 00 02 AA 00 AA 00 54 01 54 01 00 00 00 00 07 80 FF EE 03 1A 04 27 01 00 00 B0 80 21 22 1F 13 23 F8 FC 08 10 0C 00 00 00 00 00 00 00 00 00 00 00 00 00 00
20:11:20.874 * rx 185448 +64/105#6284 00 00 00 00 01 00 10 00 00 07 00 00 00 00 00 00 00 00 00 00 00 00 00 F0 03 70 00 00 00 00 00 70 00 00 00 00 00 11 4C 0B 55
20:11:20.898 * rx 185451 F0 30 00 01 11 06 82 00 C3 3C CF 22 10 E3 3B 5E 52 56 3E 01 00 1C 6B 6B 69 00 C3 3C 00 01 AB 00 F6 05 00 00 00 00 00 00 00 00 00 00 00 2E 09 55
20:11:20.947 * tx 185464 F0 1D 00 01 12 03 C2 2E 00 B2 11 B2 11 1C 00 00 06 00 00 02 00 02 01 00 00 00 D0 02 55
20:11:20.973 * tx 185465 F0 16 00 01 12 04 00 00 19 81 00 00 3D 00 00 00 01 00 00 05 01 55
20:11:21.002 * rx 185465 +0/105#6288 F0 69 00 01 12 05 05 14 05 14 01 00 00 00 02 AA 00 AA 00 54 01 54 01 00 00 00 00 07 80 FF EE 03 1A 04 27 01 00 00 B0 80 21 22 1F 13 E1 D0 F1 F5 F7 FA 00 00 00 00 00 00 00 00 00 00 00 00 00 00
20:11:21.034 * rx 185465 +64/105#6288 00 00 00 00 01 00 10 00 00 07 00 00 00 00 00 00 00 00 00 00 00 00 00 F0 03 70 00 00 00 00 00 70 00 00 00 00 00 11 9A 0E 55
20:11:21.187 * rxflood 109
20:11:21.223 * tx 186380 F0 1D 00 01 49 03 C2 2E 00 B2 11 B2 11 1C 00 00 06 00 00 02 00 02 01 00 00 00 07 03 55
20:11:21.249 * tx 186380 F0 16 00 01 49 04 00 00 19 81 00 00 3D 00 00 00 01 00 00 3C 01 55
20:11:21.276 * rx 186382 +0/105#6508 F0 69 00 01 49 05 05 14 05 14 01 00 00 00 02 AA 00 AA 00 54 01 54 01 00 00 00 00 07 80 FF EE 03 1A 04 27 01 00 00 B0 80 21 22 1F 13 23 F8 FC 08 10 0C 00 00 00 00 00 00 00 00 00 00 00 00 00 00
20:11:21.298 * rx 186382 +64/105#6508 00 00 00 00 01 00 10 00 00 07 00 00 00 00 00 00 00 00 00 00 00 00 00 F0 03 70 00 00 00 00 00 70 00 00 00 00 00 11 84 0B 55
20:11:21.325 * rx 186384 F0 30 00 01 49 06 82 00 C3 3C CF 22 10 E3 3B 5E 52 56 3E 01 00 1C 6B 6B 69 00 C3 3C 00 01 AB 00 F6 05 00 00 00 00 00 00 00 00 00 00 00 66 09 55
20:11:21.351 * tx 186397 F0 1D 00 01 4A 03 C2 2E 00 B2 11 B2 11 1C 00 00 06 00 00 02 00 02 01 00 00 00 08 03 55
20:11:21.423 * tx 186397 F0 16 00 01 4A 04 00 00 19 81 00 00 3D 00 00 00 01 00 00 3D 01 55
20:11:21.447 * rx 186398 +0/105#6512 F0 69 00 01 4A 05 05 14 05 14 01 00 00 00 02 AA 00 AA 00 54 01 54 01 00 00 00 00 07 80 FF EE 03 1A 04 27 01 00 00 B0 80 21 22 1F 13 E1 D0 F1 F5 F7 FA 00 00 00 00 00 00 00 00 00 00 00 00 00 00
20:11:21.470 * rx 186398 +64/105#6512 00 00 00 00 01 00 10 00 00 07 00 00 00 00 00 00 00 00 00 00 00 00 00 F0 03 70 00 00 00 00 00 70 00 00 00 00 00 11 D2 0E 55
20:11:21.497 * rx 186401 F0 30 00 01 4A 06 82 00 C3 3C CF 22 10 E3 3B 5E 52 56 3E 01 00 1C 6B 6B 69 00 C3 3C 00 01 AB 00 F6 05 00 00 00 00 00 00 00 00 00 00 00 67 09 55
20:11:21.521 * tx 186414 F0 1D 00 01 4B 03 C2 2E 00 B2 11 B2 11 1C 00 00 06 00 00 02 00 02 01 00 00 00 09 03 55
20:11:21.548 * tx 186415 F0 16 00 01 4B 04 00 00 19 81 00 00 3D 00 00 00 01 00 00 3E 01 55
20:11:21.609 * rx 186415 +0/105#6516 F0 69 00 01 4B 05 05 14 05 14 01 00 00 00 02 AA 00 AA 00 54 01 54 01 00 00 00 00 07 80 FF EE 03 1A 04 27 01 00 00 B0 80 21 22 1F 13 23 F8 FC 08 10 0C 00 00 00 00 00 00 00 00 00 00 00 00 00 00
20:11:21.661 * rx 186415 +64/105#6516 00 00 00 00 01 00 10 00 00 07 00 00 00 00 00 00 00 00 00 00 00 00 00 F0 03 70 00 00 00 00 00 70 00 00 00 00 00 11 86 0B 55
20:11:21.688 * rx 186418 F0 30 00 01 4B 06 82 00 C3 3C CF 22 10 E3 3B 5E 52 56 3E 01 00 1C 6B 6B 69 00 C3 3C 00 01 AB 00 F6 05 00 00 00 00 00 00 00 00 00 00 00 68 09 55
20:11:21.710 * tx 186430 F0 1D 00 01 4C 03 C2 2E 00 B2 11 B2 11 1C 00 00 06 00 00 02 00 02 01 00 00 00 0A 03 55
20:11:21.740 * tx 186430 F0 16 00 01 4C 04 00 00 19 81 00 00 3D 00 00 00 01 00 00 3F 01 55
20:11:21.777 * rx 186432 +0/105#6520 F0 69 00 01 4C 05 05 14 05 14 01 00 00 00 02 AA 00 AA 00 54 01 54 01 00 00 00 00 07 80 FF EE 03 1A 04 27 01 00 00 B0 80 21 22 1F 13 E1 D0 F1 F5 F7 FA 00 00 00 00 00 00 00 00 00 00 00 00 00 00
20:11:21.808 * rx 186432 +64/105#6520 00 00 00 00 01 00 10 00 00 07 00 00 00 00 00 00 00 00 00 00 00 00 00 F0 03 70 00 00 00 00 00 70 00 00 00 00 00 11 D4 0E 55
20:11:21.844 * rx 186434 F0 30 00 01 4C 06 82 00 C3 3C CF 22 10 E3 3B 5E 52 56 3E 01 00 1C 6B 6B 69 00 C3 3C 00 01 AB 00 F6 05 00 00 00 00 00 00 00 00 00 00 00 69 09 55
20:11:21.931 * tx 186447 F0 1D 00 01 4D 03 C2 2E 00 B2 11 B2 11 1C 00 00 06 00 00 02 00 02 01 00 00 00 0B 03 55
20:11:21.968 * tx 186447 F0 16 00 01 4D 04 00 00 19 81 00 00 3D 00 00 00 01 00 00 40 01 55
20:11:22.004 * rx 186448 +0/105#6524 F0 69 00 01 4D 05 05 14 05 14 01 00 00 00 02 AA 00 AA 00 54 01 54 01 00 00 00 00 07 80 FF EE 03 1A 04 27 01 00 00 B0 80 21 22 1F 13 23 F8 FC 08 10 0C 00 00 00 00 00 00 00 00 00 00 00 00 00 00
20:11:22.039 * rx 186448 +64/105#6524 00 00 00 00 01 00 10 00 00 07 00 00 00 00 00 00 00 00 00 00 00 00 00 F0 03 70 00 00 00 00 00 70 00 00 00 00 00 11 88 0B 55
20:11:22.074 * rx 186451 F0 30 00 01 4D 06 82 00 C3 3C CF 22 10 E3 3B 5E 52 56 3E 01 00 1C 6B 6B 69 00 C3 3C 00 01 AB 00 F6 05 00 00 00 00 00 00 00 00 00 00 00 6A 09 55
20:11:22.105 * tx 186464 F0 1D 00 01 4E 03 C2 2E 00 B2 11 B2 11 1C 00 00 06 00 00 02 00 02 01 00 00 00 0C 03 55
20:11:22.134 * tx 186465 F0 16 00 01 4E 04 00 00 19 81 00 00 3D 00 00 00 01 00 00 41 01 55
20:11:22.176 * rx 186465 +0/105#6528 F0 69 00 01 4E 05 05 14 05 14 01 00 00 00 02 AA 00 AA 00 54 01 54 01 00 00 00 00 07 80 FF EE 03 1A 04 27 01 00 00 B0 80 21 22 1F 13 E1 D0 F1 F5 F7 FA 00 00 00 00 00 00 00 00 00 00 00 00 00 00
20:11:22.208 * rx 186465 +64/105#6528 00 00 00 00 01 00 10 00 00 07 00 00 00 00 00 00 00 00 00 00 00 00 00 F0 03 70 00 00 00 00 00 70 00 00 00 00 00 11 D6 0E 55
20:11:22.244 * rxflood 109
20:11:22.268 * tx 187380 F0 1D 00 01 85 03 C2 2E 00 B2 11 B2 11 1C 00 00 06 00 00 02 00 02 01 00 00 00 43 03 55
20:11:22.292 * tx 187380 F0 16 00 01 85 04 00 00 19 81 00 00 3D 00 00 00 01 00 00 78 01 55
20:11:22.321 * rx 187382 +0/105#6748 F0 69 00 01 85 05 05 14 05 14 01 00 00 00 02 AA 00 AA 00 54 01 54 01 00 00 00 00 07 80 FF EE 03 1A 04 27 01 00 00 B0 80 21 22 1F 13 23 F8 FC 08 10 0C 00 00 00 00 00 00 00 00 00 00 00 00 00 00
20:11:22.353 * rx 187382 +64/105#6748 00 00 00 00 01 00 10 00 00 07 00 00 00 00 00 00 00 00 00 00 00 00 00 F0 03 70 00 00 00 00 00 70 00 00 00 00 00 11 C0 0B 55
20:11:22.396 * rx 187384 F0 30 00 01 85 06 82 00 C3 3C CF 22 10 E3 3B 5E 52 56 3E 01 00 1C 6B 6B 69 00 C3 3C 00 01 AB 00 F6 05 00 00 00 00 00 00 00 00 00 00 00 A2 09 55
20:11:22.432 * tx 187397 F0 1D 00 01 86 03 C2 2E 00 B2 11 B2 11 1C 00 00 06 00 00 02 00 02 01 00 00 00 44 03 55
20:11:22.464 * tx 187397 F0 16 00 01 86 04 00 00 19 81 00 00 3D 00 00 00 01 00 00 79 01 55
20:11:22.491 * rx 187398 +0/105#6752 F0 69 00 01 86 05 05 14 05 14 01 00 00 00 02 AA 00 AA 00 54 01 54 01 00 00 00 00 07 80 FF EE 03 1A 04 27 01 00 00 B0 80 21 22 1F 13 E1 D0 F1 F5 F7 FA 00 00 00 00 00 00 00 00 00 00 00 00 00 00
20:11:22.516 * rx 187398 +64/105#6752 00 00 00 00 01 00 10 00 00 07 00 00 00 00 00 00 00 00 00 00 00 00 00 F0 03 70 00 00 00 00 00 70 00 00 00 00 00 11 0E 0F 55
20:11:22.538 * rx 187401 F0 30 00 01 86 06 82 00 C3 3C CF 22 10 E3 3B 5E 52 56 3E 01 00 1C 6B 6B 69 00 C3 3C 00 01 AB 00 F6 05 00 00 00 00 00 00 00 00 00 00 00 A3 09 55
20:11:22.560 * tx 187414 F0 1D 00 01 87 03 C2 2E 00 B2 11 B2 11 1C 00 00 06 00 00 02 00 02 01 00 00 00 45 03 55
20:11:22.612 * tx 187415 F0 16 00 01 87 04 00 00 19 81 00 00 3D 00 00 00 01 00 00 7A 01 55
20:11:22.644 * rx 187415 +0/105#6756 F0 69 00 01 87 05 05 14 05 14 01 00 00 00 02 AA 00 AA 00 54 01 54 01 00 00 00 00 07 80 FF EE 03 1A 04 27 01 00 00 B0 80 21 22 1F 13 23 F8 FC 08 10 0C 00 00 00 00 00 00 00 00 00 00 00 00 00 00
20:11:22.671 * rx 187415 +64/105#6756 00 00 00 00 01 00 10 00 00 07 00 00 00 00 00 00 00 00 00 00 00 00 00 F0 03 70 00 00 00 00 00 70 00 00 00 00 00 11 C2 0B 55
20:11:22.700 * rx 187418 F0 30 00 01 87 06 82 00 C3 3C CF 22 10 E3 3B 5E 52 56 3E 01 00 1C 6B 6B 69 00 C3 3C 00 01 AB 00 F6 05 00 00 00 00 00 00 00 00 00 00 00 A4 09 55
20:11:22.735 * tx 187430 F0 1D 00 01 88 03 C2 2E 00 B2 11 B2 11 1C 00 00 06 00 00 02 00 02 01 00 00 00 46 03 55
20:11:22.767 * tx 187430 F0 16 00 01 88 04 00 00 19 81 00 00 3D 00 00 00 01 00 00 7B 01 55
20:11:22.799 * rx 187432 +0/105#6760 F0 69 00 01 88 05 05 14 05 14 01 00 00 00 02 AA 00 AA 00 54 01 54 01 00 00 00 00 07 80 FF EE 03 1A 04 27 01 00 00 B0 80 21 22 1F 13 E1 D0 F1 F5 F7 FA 00 00 00 00 00 00 00 00 00 00 00 00 00 00
20:11:22.852 * rx 187432 +64/105#6760 00 00 00 00 01 00 10 00 00 07 00 00 00 00 00 00 00 00 00 00 00 00 00 F0 03 70 00 00 00 00 00 70 00 00 00 00 00 11 10 0F 55
20:11:22.883 * rx 187434 F0 30 00 01 88 06 82 00 C3 3C CF 22 10 E3 3B 5E 52 56 3E 01 00 1C 6B 6B 69 00 C3 3C 00 01 AB 00 F6 05 00 00 00 00 00 00 00 00 00 00 00 A5 09 55
20:11:22.914 * tx 187447 F0 1D 00 01 89 03 C2 2E 00 B2 11 B2 11 1C 00 00 06 00 00 02 00 02 01 00 00 00 47 03 55
20:11:22.951 * tx 187447 F0 16 00 01 89 04 00 00 19 81 00 00 3D 00 00 00 01 00 00 7C 01 55
20:11:22.982 * rx 187448 +0/105#6764 F0 69 00 01 89 05 05 14 05 14 01 00 00 00 02 AA 00 AA 00 54 01 54 01 00 00 00 00 07 80 FF EE 03 1A 04 27 01 00 00 B0 80 21 22 1F 13 23 F8 FC 08 10 0C 00 00 00 00 00 00 00 00 00 00 00 00 00 00
20:11:23.009 * rx 187448 +64/105#6764 00 00 00 00 01 00 10 00 00 07 00 00 00 00 00 00 00 00 00 00 00 00 00 F0 03 70 00 00 00 00 00 70 00 00 00 00 00 11 C4 0B 55
20:11:23.038 * rx 187451 F0 30 00 01 89 06 82 00 C3 3C CF 22 10 E3 3B 5E 52 56 3E 01 00 1C 6B 6B 69 00 C3 3C 00 01 AB 00 F6 05 00 00 00 00 00 00 00 00 00 00 00 A6 09 55
20:11:23.122 * tx 187464 F0 1D 00 01 8A 03 C2 2E 00 B2 11 B2 11 1C 00 00 06 00 00 02 00 02 01 00 00 00 48 03 55
20:11:23.157 * tx 187465 F0 16 00 01 8A 04 00 00 19 81 00 00 3D 00 00 00 01 00 00 7D 01 55
20:11:23.195 * rx 187465 +0/105#6768 F0 69 00 01 8A 05 05 14 05 14 01 00 00 00 02 AA 00 AA 00 54 01 54 01 00 00 00 00 07 80 FF EE 03 1A 04 27 01 00 00 B0 80 21 22 1F 13 E1 D0 F1 F5 F7 FA 00 00 00 00 00 00 00 00 00 00 00 00 00 00
20:11:23.228 * rx 187465 +64/105#6768 00 00 00 00 01 00 10 00 00 07 00 00 00 00 00 00 00 00 00 00 00 00 00 F0 03 70 00 00 00 00 00 70 00 00 00 00 00 11 12 0F 55
20:11:23.258 * rxflood 109
20:11:23.290 * tx 188380 F0 1D 00 01 C1 03 C2 2E 00 B2 11 B2 11 1C 00 00 06 00 00 02 00 02 01 00 00 00 7F 03 55
20:11:23.324 * tx 188380 F0 16 00 01 C1 04 00 00 19 81 00 00 3D 00 00 00 01 00 00 B4 01 55
20:11:23.376 * rx 188382 +0/105#6988 F0 69 00 01 C1 05 05 14 05 14 01 00 00 00 02 AA 00 AA 00 54 01 54 01 00 00 00 00 07 80 FF EE 03 1A 04 27 01 00 00 B0 80 21 22 1F 13 23 F8 FC 08 10 0C 00 00 00 00 00 00 00 00 00 00 00 00 00 00
20:11:23.411 * rx 188382 +64/105#6988 00 00 00 00 01 00 10 00 00 07 00 00 00 00 00 00 00 00 00 00 00 00 00 F0 03 70 00 00 00 00 00 70 00 00 00 00 00 11 FC 0B 55
20:11:23.437 * rx 188384 F0 30 00 01 C1 06 82 00 C3 3C CF 22 10 E3 3B 5E 52 56 3E 01 00 1C 6B 6B 69 00 C3 3C 00 01 AB 00 F6 05 00 00 00 00 00 00 00 00 00 00 00 DE 09 55
20:11:23.471 * tx 188397 F0 1D 00 01 C2 03 C2 2E 00 B2 11 B2 11 1C 00 00 06 00 00 02 00 02 01 00 00 00 80 03 55
20:11:23.503 * tx 188397 F0 16 00 01 C2 04 00 00 19 81 00 00 3D 00 00 00 01 00 00 B5 01 55
20:11:23.537 * rx 188398 +0/105#6992 F0 69 00 01 C2 05 05 14 05 14 01 00 00 00 02 AA 00 AA 00 54 01 54 01 00 00 00 00 07 80 FF EE 03 1A 04 27 01 00 00 B0 80 21 22 1F 13 E1 D0 F1 F5 F7 FA 00 00 00 00 00 00 00 00 00 00 00 00 00 00
20:11:23.573 * rx 188398 +64/105#6992 00 00 00 00 01 00 10 00 00 07 00 00 00 00 00 00 00 00 00 00 00 00 00 F0 03 70 00 00 00 00 00 70 00 00 00 00 00 11 4A 0F 55
20:11:23.623 * rx 188401 F0 30 00 01 C2 06 82 00 C3 3C CF 22 10 E3 3B 5E 52 56 3E 01 00 1C 6B 6B 69 00 C3 3C 00 01 AB 00 F6 05 00 00 00 00 00 00 00 00 00 00 00 DF 09 55
20:11:23.652 * tx 188414 F0 1D 00 01 C3 03 C2 2E 00 B2 11 B2 11 1C 00 00 06 00 00 02 00 02 01 00 00 00 81 03 55
20:11:23.693 * tx 188415 F0 16 00 01 C3 04 00 00 19 81 00 00 3D 00 00 00 01 00 00 B6 01 55
20:11:23.731 * rx 188415 +0/105#6996 F0 69 00 01 C3 05 05 14 05 14 01 00 00 00 02 AA 00 AA 00 54 01 54 01 00 00 00 00 07 80 FF EE 03 1A 04 27 01 00 00 B0 80 21 22 1F 13 23 F8 FC 08 10 0C 00 00 00 00 00 00 00 00 00 00 00 00 00 00
20:11:23.767 * rx 188415 +64/105#6996 00 00 00 00 01 00 10 00 00 07 00 00 00 00 00 00 00 00 00 00 00 00 00 F0 03 70 00 00 00 00 00 70 00 00 00 00 00 11 FE 0B 55
20:11:23.801 * rx 188417 F0 30 00 01 C3 06 82 00 C3 3C CF 22 10 E3 3B 5E 52 56 3E 01 00 1C 6B 6B 69 00 C3 3C 00 01 AB 00 F6 05 00 00 00 00 00 00 00 00 00 00 00 E0 09 55
20:11:23.836 * tx 188430 F0 1D 00 01 C4 03 C2 2E 00 B2 11 B2 11 1C 00 00 06 00 00 02 00 02 01 00 00 00 82 03 55
20:11:23.889 * tx 188430 F0 16 00 01 C4 04 00 00 19 81 00 00 3D 00 00 00 01 00 00 B7 01 55
20:11:23.927 * rx 188432 +0/105#7000 F0 69 00 01 C4 05 05 14 05 14 01 00 00 00 02 AA 00 AA 00 54 01 54 01 00 00 00 00 07 80 FF EE 03 1A 04 27 01 00 00 B0 80 21 22 1F 13 E1 D0 F1 F5 F7 FA 00 00 00 00 00 00 00 00 00 00 00 00 00 00
20:11:23.962 * rx 188432 +64/105#7000 00 00 00 00 01 00 10 00 00 07 00 00 00 00 00 00 00 00 00 00 00 00 00 F0 03 70 00 00 00 00 00 70 00 00 00 00 00 11 4C 0F 55
20:11:23.999 * rx 188434 F0 30 00 01 C4 06 82 00 C3 3C CF 22 10 E3 3B 5E 52 56 3E 01 00 1C 6B 6B 69 00 C3 3C 00 01 AB 00 F6 05 00 00 00 00 00 00 00 00 00 00 00 E1 09 55
20:11:24.038 * tx 188447 F0 1D 00 01 C5 03 C2 2E 00 B2 11 B2 11 1C 00 00 06 00 00 02 00 02 01 00 00 00 83 03 55
20:11:24.071 * tx 188447 F0 16 00 01 C5 04 00 00 19 81 00 00 3D 00 00 00 01 00 00 B8 01 55
20:11:24.124 * rx 188448 +0/105#7004 F0 69 00 01 C5 05 05 14 05 14 01 00 00 00 02 AA 00 AA 00 54 01 54 01 00 00 00 00 07 80 FF EE 03 1A 04 27 01 00 00 B0 80 21 22 1F 13 23 F8 FC 08 10 0C 00 00 00 00 00 00 00 00 00 00 00 00 00 00
20:11:24.160 * rx 188448 +64/105#7004 00 00 00 00 01 00 10 00 00 07 00 00 00 00 00 00 00 00 00 00 00 00 00 F0 03 70 00 00 00 00 00 70 00 00 00 00 00 11 00 0C 55
20:11:24.196 * rx 188451 F0 30 00 01 C5 06 82 00 C3 3C CF 22 10 E3 3B 5E 52 56 3E 01 00 1C 6B 6B 69 00 C3 3C 00 01 AB 00 F6 05 00 00 00 00 00 00 00 00 00 00 00 E2 09 55
20:11:24.233 * tx 188464 F0 1D 00 01 C6 03 C2 2E 00 B2 11 B2 11 1C 00 00 06 00 00 02 00 02 01 00 00 00 84 03 55
20:11:24.283 * tx 188465 F0 16 00 01 C6 04 00 00 19 81 00 00 3D 00 00 00 01 00 00 B9 01 55
20:11:24.317 * rx 188465 +0/105#7008 F0 69 00 01 C6 05 05 14 05 14 01 00 00 00 02 AA 00 AA 00 54 01 54 01 00 00 00 00 07 80 FF EE 03 1A 04 27 01 00 00 B0 80 21 22 1F 13 E1 D0 F1 F5 F7 FA 00 00 00 00 00 00 00 00 00 00 00 00 00 00
20:11:24.351 * rx 188465 +64/105#7008 00 00 00 00 01 00 10 00 00 07 00 00 00 00 00 00 00 00 00 00 00 00 00 F0 03 70 00 00 00 00 00 70 00 00 00 00 00 11 4E 0F 55
20:11:24.378 * rxflood 109
20:11:24.425 * tx 189380 F0 1D 00 01 0D 03 C2 2E 00 B2 11 B2 11 1C 00 00 06 00 00 02 00 02 01 00 00 00 CB 02 55
20:11:24.462 * tx 189380 F0 16 00 01 0D 04 00 00 19 81 00 00 3D 00 00 00 01 00 00 00 01 55
20:11:24.498 * rx 189382 +0/105#7228 F0 69 00 01 0D 05 05 14 05 14 01 00 00 00 02 AA 00 AA 00 54 01 54 01 00 00 00 00 07 80 FF EE 03 1A 04 27 01 00 00 B0 80 21 22 1F 13 23 F8 FC 08 10 0C 00 00 00 00 00 00 00 00 00 00 00 00 00 00
20:11:24.535 * rx 189382 +64/105#7228 00 00 00 00 01 00 10 00 00 07 00 00 00 00 00 00 00 00 00 00 00 00 00 F0 03 70 00 00 00 00 00 70 00 00 00 00 00 11 48 0B 55
20:11:24.576 * rx 189384 F0 30 00 01 0D 06 82 00 C3 3C CF 22 10 E3 3B 5E 52 56 3E 01 00 1C 6B 6B 69 00 C3 3C 00 01 AB 00 F6 05 00 00 00 00 00 00 00 00 00 00 00 2A 09 55
20:11:24.606 * tx 189397 F0 1D 00 01 0E 03 C2 2E 00 B2 11 B2 11 1C 00 00 06 00 00 02 00 02 01 00 00 00 CC 02 55
20:11:24.631 * tx 189397 F0 16 00 01 0E 04 00 00 19 81 00 00 3D 00 00 00 01 00 00 01 01 55
20:11:24.655 * rx 189398 +0/105#7232 F0 69 00 01 0E 05 05 14 05 14 01 00 00 00 02 AA 00 AA 00 54 01 54 01 00 00 00 00 07 80 FF EE 03 1A 04 27 01 00 00 B0 80 21 22 1F 13 E1 D0 F1 F5 F7 FA 00 00 00 00 00 00 00 00 00 00 00 00 00 00
20:11:24.694 * rx 189398 +64/105#7232 00 00 00 00 01 00 10 00 00 07 00 00 00 00 00 00 00 00 00 00 00 00 00 F0 03 70 00 00 00 00 00 70 00 00 00 00 00 11 96 0E 55
20:11:24.720 * rx 189401 F0 30 00 01 0E 06 82 00 C3 3C CF 22 10 E3 3B 5E 52 56 3E 01 00 1C 6B 6B 69 00 C3 3C 00 01 AB 00 F6 05 00 00 00 00 00 00 00 00 00 00 00 2B 09 55
20:11:24.745 * tx 189414 F0 1D 00 01 0F 03 C2 2E 00 B2 11 B2 11 1C 00 00 06 00 00 02 00 02 01 00 00 00 CD 02 55
20:11:24.774 * tx 189415 F0 16 00 01 0F 04 00 00 19 81 00 00 3D 00 00 00 01 00 00 02 01 55
20:11:24.825 * rx 189415 +0/105#7236 F0 69 00 01 0F 05 05 14 05 14 01 00 00 00 02 AA 00 AA 00 54 01 54 01 00 00 00 00 07 80 FF EE 03 1A 04 27 01 00 00 B0 80 21 22 1F 13 23 F8 FC 08 10 0C 00 00 00 00 00 00 00 00 00 00 00 00 00 00
20:11:24.855 * rx 189415 +64/105#7236 00 00 00 00 01 00 10 00 00 07 00 00 00 00 00 00 00 00 00 00 00 00 00 F0 03 70 00 00 00 00 00 70 00 00 00 00 00 11 4A 0B 55
20:11:24.882 * rx 189418 F0 30 00 01 0F 06 82 00 C3 3C CF 22 10 E3 3B 5E 52 56 3E 01 00 1C 6B 6B 69 00 C3 3C 00 01 AB 00 F6 05 00 00 00 00 00 00 00 00 00 00 00 2C 09 55
20:11:24.910 * tx 189430 F0 1D 00 01 10 03 C2 2E 00 B2 11 B2 11 1C 00 00 06 00 00 02 00 02 01 00 00 00 CE 02 55
20:11:24.950 * tx 189430 F0 16 00 01 10 04 00 00 19 81 00 00 3D 00 00 00 01 00 00 03 01 55
20:11:24.979 * rx 189432 +0/105#7240 F0 69 00 01 10 05 05 14 05 14 01 00 00 00 02 AA 00 AA 00 54 01 54 01 00 00 00 00 07 80 FF EE 03 1A 04 27 01 00 00 B0 80 21 22 1F 13 E1 D0 F1 F5 F7 FA 00 00 00 00 00 00 00 00 00 00 00 00 00 00
20:11:25.007 * rx 189432 +64/105#7240 00 00 00 00 01 00 10 00 00 07 00 00 00 00 00 00 00 00 00 00 00 00 00 F0 03 70 00 00 00 00 00 70 00 00 00 00 00 11 98 0E 55
20:11:25.038 * rx 189434 F0 30 00 01 10 06 82 00 C3 3C CF 22 10 E3 3B 5E 52 56 3E 01 00 1C 6B 6B 69 00 C3 3C 00 01 AB 00 F6 05 00 00 00 00 00 00 00 00 01 FF 00 2D 0A 55
20:11:25.075 * tx 189447 F0 1D 00 01 11 03 C2 2E 00 B2 11 B2 11 1C 00 00 06 00 00 02 00 02 01 00 00 00 CF 02 55
20:11:25.107 * tx 189447 F0 16 00 01 11 04 00 00 19 81 00 00 3D 00 00 00 01 00 00 04 01 55
20:11:25.129 * rx 189448 +0/105#7244 F0 69 00 01 11 05 05 14 05 14 01 00 00 00 02 AA 00 AA 00 54 01 54 01 00 00 00 00 07 80 FF EE 03 1A 04 27 01 00 00 B0 80 21 22 1F 13 23 F8 FC 08 10 0C 00 00 00 00 00 00 00 00 00 00 00 00 00 00
20:11:25.184 * rx 189448 +64/105#7244 00 00 00 00 01 00 10 00 00 07 00 00 00 00 00 00 00 00 00 00 00 00 00 F0 03 70 00 00 00 00 00 70 00 00 00 00 00 11 4C 0B 55
20:11:25.230 * rx 189451 F0 30 00 01 11 06 82 00 C3 3C CF 22 10 E3 3B 5E 52 56 3E 01 00 1C 6B 6B 69 00 C3 3C 00 01 AB 00 F6 05 00 00 00 00 00 00 00 00 00 00 00 2E 09 55
20:11:25.265 * tx 189464 F0 1D 00 01 12 03 C2 2E 00 B2 11 B2 11 1C 00 00 06 00 00 02 00 02 01 00 00 00 D0 02 55
20:11:25.300 * tx 189465 F0 16 00 01 12 04 00 00 19 81 00 00 3D 00 00 00 01 00 00 05 01 55
20:11:25.336 * rx 189465 +0/105#7248 F0 69 00 01 12 05 05 14 05 14 01 00 00 00 02 AA 00 AA 00 54 01 54 01 00 00 00 00 07 80 FF EE 03 1A 04 27 01 00 00 B0 80 21 22 1F 13 E1 D0 F1 F5 F7 FA 00 00 00 00 00 00 00 00 00 00 00 00 00 00
20:11:25.387 * rx 189465 +64/105#7248 00 00 00 00 01 00 10 00 00 07 00 00 00 00 00 00 00 00 00 00 00 00 00 F0 03 70 00 00 00 00 00 70 00 00 00 00 00 11 9A 0E 55
20:11:25.425 * rxflood 109
20:11:25.461 * tx 190380 F0 1D 00 01 49 03 C2 2E 00 B2 11 B2 11 1C 00 00 06 00 00 02 00 02 01 00 00 00 07 03 55
20:11:25.497 * tx 190380 F0 16 00 01 49 04 00 00 19 81 00 00 3D 00 00 00 01 00 00 3C 01 55
20:11:25.552 * rx 190382 +0/105#7468 F0 69 00 01 49 05 05 14 05 14 01 00 00 00 02 AA 00 AA 00 54 01 54 01 00 00 00 00 07 80 FF EE 03 1A 04 27 01 00 00 B0 80 21 22 1F 13 23 F8 FC 08 10 0C 00 00 00 00 00 00 00 00 00 00 00 00 00 00
20:11:25.590 * rx 190382 +64/105#7468 00 00 00 00 01 00 10 00 00 07 00 00 00 00 00 00 00 00 00 00 00 00 00 F0 03 70 00 00 00 00 00 70 00 00 00 00 00 11 84 0B 55
20:11:25.623 * rx 190384 F0 30 00 01 49 06 82 00 C3 3C CF 22 10 E3 3B 5E 52 56 3E 01 00 1C 6B 6B 69 00 C3 3C 00 01 AB 00 F6 05 00 00 00 00 00 00 00 00 00 00 00 66 09 55
20:11:25.655 * tx 190397 F0 1D 00 01 4A 03 C2 2E 00 B2 11 B2 11 1C 00 00 06 00 00 02 00 02 01 00 00 00 08 03 55
20:11:25.703 * tx 190397 F0 16 00 01 4A 04 00 00 19 81 00 00 3D 00 00 00 01 00 00 3D 01 55
20:11:25.735 * rx 190398 +0/105#7472 F0 69 00 01 4A 05 05 14 05 14 01 00 00 00 02 AA 00 AA 00 54 01 54 01 00 00 00 00 07 80 FF EE 03 1A 04 27 01 00 00 B0 80 21 22 1F 13 E1 D0 F1 F5 F7 FA 00 00 00 00 00 00 00 00 00 00 00 00 00 00
20:11:25.766 * rx 190398 +64/105#7472 00 00 00 00 01 00 10 00 00 07 00 00 00 00 00 00 00 00 00 00 00 00 00 F0 03 70 00 00 00 00 00 70 00 00 00 00 00 11 D2 0E 55
20:11:25.793 * rx 190401 F0 30 00 01 4A 06 82 00 C3 3C CF 22 10 E3 3B 5E 52 56 3E 01 00 1C 6B 6B 69 00 C3 3C 00 01 AB 00 F6 05 00 00 00 00 00 00 00 00 00 00 00 67 09 55
20:11:25.851 * tx 190414 F0 1D 00 01 4B 03 C2 2E 00 B2 11 B2 11 1C 00 00 06 00 00 02 00 02 01 00 00 00 09 03 55
20:11:25.897 * tx 190415 F0 16 00 01 4B 04 00 00 19 81 00 00 3D 00 00 00 01 00 00 3E 01 55
20:11:25.928 * rx 190415 +0/105#7476 F0 69 00 01 4B 05 05 14 05 14 01 00 00 00 02 AA 00 AA 00 54 01 54 01 00 00 00 00 07 80 FF EE 03 1A 04 27 01 00 00 B0 80 21 22 1F 13 23 F8 FC 08 10 0C 00 00 00 00 00 00 00 00 00 00 00 00 00 00
20:11:25.966 * rx 190415 +64/105#7476 00 00 00 00 01 00 10 00 00 07 00 00 00 00 00 00 00 00 00 00 00 00 00 F0 03 70 00 00 00 00 00 70 00 00 00 00 00 11 86 0B 55
20:11:26.018 * rx 190418 F0 30 00 01 4B 06 82 00 C3 3C CF 22 10 E3 3B 5E 52 56 3E 01 00 1C 6B 6B 69 00 C3 3C 00 01 AB 00 F6 05 00 00 00 00 00 00 00 00 00 00 00 68 09 55
20:11:26.052 * tx 190430 F0 1D 00 01 4C 03 C2 2E 00 B2 11 B2 11 1C 00 00 06 00 00 02 00 02 01 00 00 00 0A 03 55
20:11:26.090 * tx 190430 F0 16 00 01 4C 04 00 00 19 81 00 00 3D 00 00 00 01 00 00 3F 01 55
20:11:26.127 * rx 190432 +0/105#7480 F0 69 00 01 4C 05 05 14 05 14 01 00 00 00 02 AA 00 AA 00 54 01 54 01 00 00 00 00 07 80 FF EE 03 1A 04 27 01 00 00 B0 80 21 22 1F 13 E1 D0 F1 F5 F7 FA 00 00 00 00 00 00 00 00 00 00 00 00 00 00
20:11:26.185 * rx 190432 +64/105#7480 00 00 00 00 01 00 10 00 00 07 00 00 00 00 00 00 00 00 00 00 00 00 00 F0 03 70 00 00 00 00 00 70 00 00 00 00 00 11 D4 0E 55
20:11:26.226 * rx 190434 F0 30 00 01 4C 06 82 00 C3 3C CF 22 10 E3 3B 5E 52 56 3E 01 00 1C 6B 6B 69 00 C3 3C 00 01 AB 00 F6 05 00 00 00 00 00 00 00 00 00 00 00 69 09 55
20:11:26.261 * tx 190447 F0 1D 00 01 4D 03 C2 2E 00 B2 11 B2 11 1C 00 00 06 00 00 02 00 02 01 00 00 00 0B 03 55
20:11:26.295 * tx 190447 F0 16 00 01 4D 04 00 00 19 81 00 00 3D 00 00 00 01 00 00 40 01 55
20:11:26.348 * rx 190448 +0/105#7484 F0 69 00 01 4D 05 05 14 05 14 01 00 00 00 02 AA 00 AA 00 54 01 54 01 00 00 00 00 07 80 FF EE 03 1A 04 27 01 00 00 B0 80 21 22 1F 13 23 F8 FC 08 10 0C 00 00 00 00 00 00 00 00 00 00 00 00 00 00
20:11:26.394 * rx 190448 +64/105#7484 00 00 00 00 01 00 10 00 00 07 00 00 00 00 00 00 00 00 00 00 00 00 00 F0 03 70 00 00 00 00 00 70 00 00 00 00 00 11 88 0B 55
20:11:26.432 * rx 190451 F0 30 00 01 4D 06 82 00 C3 3C CF 22 10 E3 3B 5E 52 56 3E 01 00 1C 6B 6B 69 00 C3 3C 00 01 AB 00 F6 05 00 00 00 00 00 00 00 00 00 00 00 6A 09 55
20:11:26.468 * tx 190464 F0 1D 00 01 4E 03 C2 2E 00 B2 11 B2 11 1C 00 00 06 00 00 02 00 02 01 00 00 00 0C 03 55
20:11:26.520 * tx 190465 F0 16 00 01 4E 04 00 00 19 81 00 00 3D 00 00 00 01 00 00 41 01 55
20:11:26.551 * rx 190465 +0/105#7488 F0 69 00 01 4E 05 05 14 05 14 01 00 00 00 02 AA 00 AA 00 54 01 54 01 00 00 00 00 07 80 FF EE 03 1A 04 27 01 00 00 B0 80 21 22 1F 13 E1 D0 F1 F5 F7 FA 00 00 00 00 00 00 00 00 00 00 00 00 00 00
20:11:26.584 * rx 190465 +64/105#7488 00 00 00 00 01 00 10 00 00 07 00 00 00 00 00 00 00 00 00 00 00 00 00 F0 03 70 00 00 00 00 00 70 00 00 00 00 00 11 D6 0E 55
20:11:26.614 * rxflood 109
20:11:26.653 * tx 191380 F0 1D 00 01 85 03 C2 2E 00 B2 11 B2 11 1C 00 00 06 00 00 02 00 02 01 00 00 00 43 03 55
20:11:26.689 * tx 191380 F0 16 00 01 85 04 00 00 19 81 00 00 3D 00 00 00 01 00 00 78 01 55
20:11:26.722 * rx 191382 +0/105#7708 F0 69 00 01 85 05 05 14 05 14 01 00 00 00 02 AA 00 AA 00 54 01 54 01 00 00 00 00 07 80 FF EE 03 1A 04 27 01 00 00 B0 80 21 22 1F 13 23 F8 FC 08 10 0C 00 00 00 00 00 00 00 00 00 00 00 00 00 00
20:11:26.748 * rx 191382 +64/105#7708 00 00 00 00 01 00 10 00 00 07 00 00 00 00 00 00 00 00 00 00 00 00 00 F0 03 70 00 00 00 00 00 70 00 00 00 00 00 11 C0 0B 55
20:11:26.800 * rx 191384 F0 30 00 01 85 06 82 00 C3 3C CF 22 10 E3 3B 5E 52 56 3E 01 00 1C 6B 6B 69 00 C3 3C 00 01 AB 00 F6 05 00 00 00 00 00 00 00 00 00 00 00 A2 09 55
20:11:26.841 * tx 191397 F0 1D 00 01 86 03 C2 2E 00 B2 11 B2 11 1C 00 00 06 00 00 02 00 02 01 00 00 00 44 03 55
20:11:26.883 * tx 191397 F0 16 00 01 86 04 00 00 19 81 00 00 3D 00 00 00 01 00 00 79 01 55
20:11:26.924 * rx 191398 +0/105#7712 F0 69 00 01 86 05 05 14 05 14 01 00 00 00 02 AA 00 AA 00 54 01 54 01 00 00 00 00 07 80 FF EE 03 1A 04 27 01 00 00 B0 80 21 22 1F 13 E1 D0 F1 F5 F7 FA 00 00 00 00 00 00 00 00 00 00 00 00 00 00
20:11:26.976 * rx 191398 +64/105#7712 00 00 00 00 01 00 10 00 00 07 00 00 00 00 00 00 00 00 00 00 00 00 00 F0 03 70 00 00 00 00 00 70 00 00 00 00 00 11 0E 0F 55
20:11:27.009 * rx 191401 F0 30 00 01 86 06 82 00 C3 3C CF 22 10 E3 3B 5E 52 56 3E 01 00 1C 6B 6B 69 00 C2 3C 00 01 AB 00 F6 05 00 00 00 00 00 01 FF 00 00 00 01 A3 0A 55
20:11:27.046 * tx 191414 F0 1D 00 01 87 03 C2 2E 00 B2 11 B2 11 1C 00 00 06 00 00 02 00 02 01 00 00 00 45 03 55
20:11:27.081 * tx 191415 F0 16 00 01 87 04 00 00 19 81 00 00 3D 00 00 00 01 00 00 7A 01 55
20:11:27.135 * rx 191415 +0/105#7716 F0 69 00 01 87 05 05 14 05 14 01 00 00 00 02 AA 00 AA 00 54 01 54 01 00 00 00 00 07 80 FF EE 03 1A 04 27 01 00 00 B0 80 21 22 1F 13 23 F8 FC 08 10 0C 00 00 00 00 00 00 00 00 00 00 00 00 00 00
20:11:27.165 * rx 191415 +64/105#7716 00 00 00 00 01 00 10 00 00 07 00 00 00 00 00 00 00 00 00 00 00 00 00 F0 03 70 00 00 00 00 00 70 00 00 00 00 00 11 C2 0B 55
20:11:27.195 * rx 191418 F0 30 00 01 87 06 82 00 C3 3C CF 22 10 E3 3B 5E 52 56 3E 01 00 1C 6B 6B 69 00 C3 3C 00 01 AB 00 F6 05 00 00 00 00 00 00 00 00 00 00 00 A4 09 55
20:11:27.229 * tx 191430 F0 1D 00 01 88 03 C2 2E 00 B2 11 B2 11 1C 00 00 06 00 00 02 00 02 01 00 00 00 46 03 55
20:11:27.286 * tx 191430 F0 16 00 01 88 04 00 00 19 81 00 00 3D 00 00 00 01 00 00 7B 01 55
20:11:27.326 * rx 191432 +0/105#7720 F0 69 00 01 88 05 05 14 05 14 01 00 00 00 02 AA 00 AA 00 54 01 54 01 00 00 00 00 07 80 FF EE 03 1A 04 27 01 00 00 B0 80 21 22 1F 13 E1 D0 F1 F5 F7 FA 00 00 00 00 00 00 00 00 00 00 00 00 00 00
20:11:27.362 * rx 191432 +64/105#7720 00 00 00 00 01 00 10 00 00 07 00 00 00 00 00 00 00 00 00 00 00 00 00 F0 03 70 00 00 00 00 00 70 00 00 00 00 00 11 10 0F 55
20:11:27.398 * rx 191434 F0 30 00 01 88 06 82 00 C3 3C CF 22 10 E3 3B 5E 52 56 3E 01 00 1C 6B 6B 69 00 C3 3C 00 01 AB 00 F6 05 00 00 00 00 00 00 00 00 00 00 00 A5 09 55
20:11:27.461 * tx 191447 F0 1D 00 01 89 03 C2 2E 00 B2 11 B2 11 1C 00 00 06 00 00 02 00 02 01 00 00 00 47 03 55
20:11:27.497 * tx 191447 F0 16 00 01 89 04 00 00 19 81 00 00 3D 00 00 00 01 00 00 7C 01 55
20:11:27.533 * rx 191448 +0/105#7724 F0 69 00 01 89 05 05 14 05 14 01 00 00 00 02 AA 00 AA 00 54 01 54 01 00 00 00 00 07 80 FF EE 03 1A 04 27 01 00 00 B0 80 21 22 1F 13 23 F8 FC 08 10 0C 00 00 00 00 00 00 00 00 00 00 00 00 00 00
20:11:27.565 * rx 191448 +64/105#7724 00 00 00 00 01 00 10 00 00 07 00 00 00 00 00 00 00 00 00 00 00 00 00 F0 03 70 00 00 00 00 00 70 00 00 00 00 00 11 C4 0B 55
20:11:27.609 * rx 191451 F0 30 00 01 89 06 82 00 C3 3C CF 22 10 E3 3B 5E 52 56 3E 01 00 1C 6B 6B 69 00 C3 3C 00 01 AB 00 F6 05 00 00 00 00 00 00 00 00 00 00 00 A6 09 55
20:11:27.644 * tx 191464 F0 1D 00 01 8A 03 C2 2E 00 B2 11 B2 11 1C 00 00 06 00 00 02 00 02 01 00 00 00 48 03 55
20:11:27.672 * tx 191465 F0 16 00 01 8A 04 00 00 19 81 00 00 3D 00 00 00 01 00 00 7D 01 55
20:11:27.707 * rx 191465 +0/105#7728 F0 69 00 01 8A 05 05 14 05 14 01 00 00 00 02 AA 00 AA 00 54 01 54 01 00 00 00 00 07 80 FF EE 03 1A 04 27 01 00 00 B0 80 21 22 1F 13 E1 D0 F1 F5 F7 FA 00 00 00 00 00 00 00 00 00 00 00 00 00 00
20:11:27.762 * rx 191465 +64/105#7728 00 00 00 00 01 00 10 00 00 07 00 00 00 00 00 00 00 00 00 00 00 00 00 F0 03 70 00 00 00 00 00 70 00 00 00 00 00 11 12 0F 55
20:11:27.806 * rxflood 109
20:11:27.837 * tx 192380 F0 1D 00 01 C1 03 C2 2E 00 B2 11 B2 11 1C 00 00 06 00 00 02 00 02 01 00 00 00 7F 03 55
20:11:27.876 * tx 192380 F0 16 00 01 C1 04 00 00 19 81 00 00 3D 00 00 00 01 00 00 B4 01 55
20:11:27.929 * rx 192382 +0/105#7948 F0 69 00 01 C1 05 05 14 05 14 01 00 00 00 02 AA 00 AA 00 54 01 54 01 00 00 00 00 07 80 FF EE 03 1A 04 27 01 00 00 B0 80 21 22 1F 13 23 F8 FC 08 10 0C 00 00 00 00 00 00 00 00 00 00 00 00 00 00
20:11:27.976 * rx 192382 +64/105#7948 00 00 00 00 01 00 10 00 00 07 00 00 00 00 00 00 00 00 00 00 00 00 00 F0 03 70 00 00 00 00 00 70 00 00 00 00 00 11 FC 0B 55
20:11:28.012 * rx 192384 F0 30 00 01 C1 06 82 00 C3 3C CF 22 10 E3 3B 5E 52 56 3E 01 00 1C 6B 6B 69 00 C3 3C 00 01 AB 00 F6 05 00 00 00 00 00 00 00 00 00 01 FF DE 0A 55
20:11:28.046 * tx 192397 F0 1D 00 01 C2 03 C2 2E 00 B2 11 B2 11 1C 00 00 06 00 00 02 00 02 01 00 00 00 80 03 55
20:11:28.089 * tx 192397 F0 16 00 01 C2 04 00 00 19 81 00 00 3D 00 00 00 01 00 00 B5 01 55
20:11:28.127 * rx 192398 +0/105#7952 F0 69 00 01 C2 05 05 14 05 14 01 00 00 00 02 AA 00 AA 00 54 01 54 01 00 00 00 00 07 80 FF EE 03 1A 04 27 01 00 00 B0 80 21 22 1F 13 E1 D0 F1 F5 F7 FA 00 00 00 00 00 00 00 00 00 00 00 00 00 00
20:11:28.165 * rx 192398 +64/105#7952 00 00 00 00 01 00 10 00 00 07 00 00 00 00 00 00 00 00 00 00 00 00 00 F0 03 70 00 00 00 00 00 70 00 00 00 00 00 11 4A 0F 55
20:11:28.204 * rx 192401 F0 30 00 01 C2 06 82 00 C3 3C CF 22 10 E3 3B 5E 52 56 3E 01 00 1C 6B 6B 69 00 C3 3C 00 01 AB 00 F6 05 00 00 00 00 00 00 00 00 00 00 00 DF 09 55
20:11:28.254 * tx 192414 F0 1D 00 01 C3 03 C2 2E 00 B2 11 B2 11 1C 00 00 06 00 00 02 00 02 01 00 00 00 81 03 55
20:11:28.291 * tx 192415 F0 16 00 01 C3 04 00 00 19 81 00 00 3D 00 00 00 01 00 00 B6 01 55
20:11:28.327 * rx 192415 +0/105#7956 F0 69 00 01 C3 05 05 14 05 14 01 00 00 00 02 AA 00 AA 00 54 01 54 01 00 00 00 00 07 80 FF EE 03 1A 04 27 01 00 00 B0 80 21 22 1F 13 23 F8 FC 08 10 0C 00 00 00 00 00 00 00 00 00 00 00 00 00 00
20:11:28.369 * rx 192415 +64/105#7956 00 00 00 00 01 00 10 00 00 07 00 00 00 00 00 00 00 00 00 00 00 00 00 F0 03 70 00 00 00 00 00 70 00 00 00 00 00 11 FE 0B 55
20:11:28.417 * rx 192418 F0 30 00 01 C3 06 82 00 C3 3C CF 22 10 E3 3B 5E 52 56 3E 01 00 1C 6B 6B 69 00 C2 3C 00 01 AB 00 F6 05 00 00 00 00 00 00 00 00 00 01 00 E0 09 55
20:11:28.449 * tx 192430 F0 1D 00 01 C4 03 C2 2E 00 B2 11 B2 11 1C 00 00 06 00 00 02 00 02 01 00 00 00 82 03 55
20:11:28.479 * tx 192430 F0 16 00 01 C4 04 00 00 19 81 00 00 3D 00 00 00 01 00 00 B7 01 55
20:11:28.518 * rx 192432 +0/105#7960 F0 69 00 01 C4 05 05 14 05 14 01 00 00 00 02 AA 00 AA 00 54 01 54 01 00 00 00 00 07 80 FF EE 03 1A 04 27 01 00 00 B0 80 21 22 1F 13 E1 D0 F1 F5 F7 FA 00 00 00 00 00 00 00 00 00 00 00 00 00 00
20:11:28.581 * rx 192432 +64/105#7960 00 00 00 00 01 00 10 00 00 07 00 00 00 00 00 00 00 00 00 00 00 00 00 F0 03 70 00 00 00 00 00 70 00 00 00 00 00 11 4C 0F 55
20:11:28.618 * rx 192434 F0 30 00 01 C4 06 82 00 C3 3C CF 22 10 E3 3B 5E 52 56 3E 01 00 1C 6B 6B 69 00 C3 3C 00 01 AB 00 F6 05 00 00 00 00 00 00 00 00 00 00 00 E1 09 55
20:11:28.651 * tx 192447 F0 1D 00 01 C5 03 C2 2E 00 B2 11 B2 11 1C 00 00 06 00 00 02 00 02 01 00 00 00 83 03 55
20:11:28.688 * tx 192447 F0 16 00 01 C5 04 00 00 19 81 00 00 3D 00 00 00 01 00 00 B8 01 55
20:11:28.753 * rx 192448 +0/105#7964 F0 69 00 01 C5 05 05 14 05 14 01 00 00 00 02 AA 00 AA 00 54 01 54 01 00 00 00 00 07 80 FF EE 03 1A 04 27 01 00 00 B0 80 21 22 1F 13 23 F8 FC 08 10 0C 00 00 00 00 00 00 00 00 00 00 00 00 00 00
20:11:28.795 * rx 192448 +64/105#7964 00 00 00 00 01 00 10 00 00 07 00 00 00 00 00 00 00 00 00 00 00 00 00 F0 03 70 00 00 00 00 00 70 00 00 00 00 00 11 00 0C 55
20:11:28.834 * rx 192451 F0 30 00 01 C5 06 82 00 C3 3C CF 22 10 E3 3B 5E 52 56 3E 01 00 1C 6B 6B 69 00 C3 3C 00 01 AB 00 F6 05 00 00 00 00 00 00 00 00 00 00 00 E2 09 55
20:11:28.878 * tx 192464 F0 1D 00 01 C6 03 C2 2E 00 B2 11 B2 11 1C 00 00 06 00 00 02 00 02 01 00 00 00 84 03 55
20:11:28.939 * tx 192465 F0 16 00 01 C6 04 00 00 19 81 00 00 3D 00 00 00 01 00 00 B9 01 55
20:11:28.984 * rx 192465 +0/105#7968 F0 69 00 01 C6 05 05 14 05 14 01 00 00 00 02 AA 00 AA 00 54 01 54 01 00 00 00 00 07 80 FF EE 03 1A 04 27 01 00 00 B0 80 21 22 1F 13 E1 D0 F1 F5 F7 FA 00 00 00 00 00 00 00 00 00 00 00 00 00 00
20:11:29.021 * rx 192465 +64/105#7968 00 00 00 00 01 00 10 00 00 07 00 00 00 00 00 00 00 00 00 00 00 00 00 F0 03 70 00 00 00 00 00 70 00 00 00 00 00 11 4E 0F 55
20:11:29.061 * rxflood 109
20:11:29.103 * tx 193380 F0 1D 00 01 0D 03 C2 2E 00 B2 11 B2 11 1C 00 00 06 00 00 02 00 02 01 00 00 00 CB 02 55
20:11:29.140 * tx 193380 F0 16 00 01 0D 04 00 00 19 81 00 00 3D 00 00 00 01 00 00 00 01 55
20:11:29.174 * rx 193382 +0/105#8188 F0 69 00 01 0D 05 05 14 05 14 01 00 00 00 02 AA 00 AA 00 54 01 54 01 00 00 00 00 07 80 FF EE 03 1A 04 27 01 00 00 B0 80 21 22 1F 13 23 F8 FC 08 10 0C 00 00 00 00 00 00 00 00 00 00 00 00 00 00
20:11:29.205 * rx 193382 +64/105#8188 00 00 00 00 01 00 10 00 00 07 00 00 00 00 00 00 00 00 00 00 00 00 00 F0 03 70 00 00 00 00 00 70 00 00 00 00 00 11 48 0B 55
20:11:29.258 * rx 193384 F0 30 00 01 0D 06 82 00 C3 3C CF 22 10 E3 3B 5E 52 56 3E 01 00 1C 6B 6B 69 00 C3 3C 00 01 AB 00 F6 05 00 00 00 00 00 00 00 00 00 00 00 2A 09 55
20:11:29.296 * tx 193397 F0 1D 00 01 0E 03 C2 2E 00 B2 11 B2 11 1C 00 00 06 00 00 02 00 02 01 00 00 00 CC 02 55
20:11:29.340 * tx 193397 F0 16 00 01 0E 04 00 00 19 81 00 00 3D 00 00 00 01 00 00 01 01 55
20:11:29.381 * rx 193398 +0/105#8192 F0 69 00 01 0E 05 05 14 05 14 01 00 00 00 02 AA 00 AA 00 54 01 54 01 00 00 00 00 07 80 FF EE 03 1A 04 27 01 00 00 B0 80 21 22 1F 13 E1 D0 F1 F5 F7 FA 00 00 00 00 00 00 00 00 00 00 00 00 00 00
20:11:29.436 * rx 193398 +64/105#8192 00 00 00 00 01 00 10 00 00 07 00 00 00 00 00 00 00 00 00 00 00 00 00 F0 03 70 00 00 00 00 00 70 00 00 00 00 00 11 96 0E 55
20:11:29.477 * rx 193401 F0 30 00 01 0E 06 82 00 C3 3C CF 22 10 E3 3B 5E 52 56 3E 01 00 1C 6B 6B 69 00 C3 3C 00 01 AB 00 F6 05 00 00 00 00 00 00 00 01 FF 00 00 2B 0A 55
20:11:29.522 * tx 193414 F0 1D 00 01 0F 03 C2 2E 00 B2 11 B2 11 1C 00 00 06 00 00 02 00 02 01 00 00 00 CD 02 55
20:11:29.561 * tx 193415 F0 16 00 01 0F 04 00 00 19 81 00 00 3D 00 00 00 01 00 00 02 01 55
20:11:29.617 * rx 193415 +0/105#8196 F0 69 00 01 0F 05 05 14 05 14 01 00 00 00 02 AA 00 AA 00 54 01 54 01 00 00 00 00 07 80 FF EE 03 1A 04 27 01 00 00 B0 80 21 22 1F 13 23 F8 FC 08 10 0C 00 00 00 00 00 00 00 00 00 00 00 00 00 00
20:11:29.651 * rx 193415 +64/105#8196 00 00 00 00 01 00 10 00 00 07 00 00 00 00 00 00 00 00 00 00 00 00 00 F0 03 70 00 00 00 00 00 70 00 00 00 00 00 11 4A 0B 55
20:11:29.686 * rx 193417 F0 30 00 01 0F 06 82 00 C3 3C CF 22 10 E3 3B 5E 52 56 3E 01 00 1C 6B 6B 69 00 C3 3C 00 01 AB 00 F6 05 00 00 00 00 00 00 00 00 00 00 00 2C 09 55
20:11:29.727 * tx 193430 F0 1D 00 01 10 03 C2 2E 00 B2 11 B2 11 1C 00 00 06 00 00 02 00 02 01 00 00 00 CE 02 55
20:11:29.800 * tx 193430 F0 16 00 01 10 04 00 00 19 81 00 00 3D 00 00 00 01 00 00 03 01 55
20:11:29.844 * rx 193432 +0/105#8200 F0 69 00 01 10 05 05 14 05 14 01 00 00 00 02 AA 00 AA 00 54 01 54 01 00 00 00 00 07 80 FF EE 03 1A 04 27 01 00 00 B0 80 21 22 1F 13 E1 D0 F1 F5 F7 FA 00 00 00 00 00 00 00 00 00 00 00 00 00 00
20:11:29.884 * rx 193432 +64/105#8200 00 00 00 00 01 00 10 00 00 07 00 00 00 00 00 00 00 00 00 00 00 00 00 F0 03 70 00 00 00 00 00 70 00 00 00 00 00 11 98 0E 55
20:11:29.914 * rx 193434 F0 30 00 01 10 06 82 00 C3 3C CF 22 10 E3 3B 5E 52 56 3E 01 00 1C 6B 6B 69 00 C3 3C 00 01 AB 00 F6 05 00 00 00 00 00 00 00 00 00 00 00 2D 09 55
20:11:29.967 * tx 193447 F0 1D 00 01 11 03 C2 2E 00 B2 11 B2 11 1C 00 00 06 00 00 02 00 02 01 00 00 00 CF 02 55
20:11:30.001 * tx 193447 F0 16 00 01 11 04 00 00 19 81 00 00 3D 00 00 00 01 00 00 04 01 55
20:11:30.035 * rx 193448 +0/105#8204 F0 69 00 01 11 05 05 14 05 14 01 00 00 00 02 AA 00 AA 00 54 01 54 01 00 00 00 00 07 80 FF EE 03 1A 04 27 01 00 00 B0 80 21 22 1F 13 23 F8 FC 08 10 0C 00 00 00 00 00 00 00 00 00 00 00 00 00 00
20:11:30.065 * rx 193448 +64/105#8204 00 00 00 00 01 00 10 00 00 07 00 00 00 00 00 00 00 00 00 00 00 00 00 F0 03 70 00 00 00 00 00 70 00 00 00 00 00 11 4C 0B 55
20:11:30.105 * rx 193451 F0 30 00 01 11 06 82 00 C3 3C CF 22 10 E3 3B 5E 52 56 3E 01 00 1C 6B 6B 69 00 C3 3C 00 01 AB 00 F6 05 00 00 00 00 00 00 00 00 00 00 00 2E 09 55
20:11:30.133 * tx 193464 F0 1D 00 01 12 03 C2 2E 00 B2 11 B2 11 1C 00 00 06 00 00 02 00 02 01 00 00 00 D0 02 55
20:11:30.161 * tx 193465 F0 16 00 01 12 04 00 00 19 81 00 00 3D 00 00 00 01 00 00 05 01 55
20:11:30.198 * rx 193465 +0/105#8208 F0 69 00 01 12 05 05 14 05 14 01 00 00 00 02 AA 00 AA 00 54 01 54 01 00 00 00 00 07 80 FF EE 03 1A 04 27 01 00 00 B0 80 21 22 1F 13 E1 D0 F1 F5 F7 FA 00 00 00 00 00 00 00 00 00 00 00 00 00 00
20:11:30.241 * rx 193465 +64/105#8208 00 00 00 00 01 00 10 00 00 07 00 00 00 00 00 00 00 00 00 00 00 00 00 F0 03 70 00 00 00 00 00 70 00 00 00 00 00 11 9A 0E 55
20:11:30.268 * rxflood 109
20:11:30.294 * tx 194380 F0 1D 00 01 49 03 C2 2E 00 B2 11 B2 11 1C 00 00 06 00 00 02 00 02 01 00 00 00 07 03 55
20:11:30.326 * tx 194380 F0 16 00 01 49 04 00 00 19 81 00 00 3D 00 00 00 01 00 00 3C 01 55
20:11:30.371 * rx 194382 +0/105#8428 F0 69 00 01 49 05 05 14 05 14 01 00 00 00 02 AA 00 AA 00 54 01 54 01 00 00 00 00 07 80 FF EE 03 1A 04 27 01 00 00 B0 80 21 22 1F 13 23 F8 FC 08 10 0C 00 00 00 00 00 00 00 00 00 00 00 00 00 00
20:11:30.407 * rx 194382 +64/105#8428 00 00 00 00 01 00 10 00 00 07 00 00 00 00 00 00 00 00 00 00 00 00 00 F0 03 70 00 00 00 00 00 70 00 00 00 00 00 11 84 0B 55
20:11:30.439 * rx 194384 F0 30 00 01 49 06 82 00 C3 3C CF 22 10 E3 3B 5E 52 56 3E 01 00 1C 6B 6B 69 00 C3 3C 00 01 AB 00 F6 05 00 00 00 00 00 01 FF 00 00 00 00 66 0A 55
20:11:30.472 * tx 194397 F0 1D 00 01 4A 03 C2 2E 00 B2 11 B2 11 1C 00 00 06 00 00 02 00 02 01 00 00 00 08 03 55
20:11:30.529 * tx 194397 F0 16 00 01 4A 04 00 00 19 81 00 00 3D 00 00 00 01 00 00 3D 01 55
20:11:30.565 * rx 194398 +0/105#8432 F0 69 00 01 4A 05 05 14 05 14 01 00 00 00 02 AA 00 AA 00 54 01 54 01 00 00 00 00 07 80 FF EE 03 1A 04 27 01 00 00 B0 80 21 22 1F 13 E1 D0 F1 F5 F7 FA 00 00 00 00 00 00 00 00 00 00 00 00 00 00
20:11:30.599 * rx 194398 +64/105#8432 00 00 00 00 01 00 10 00 00 07 00 00 00 00 00 00 00 00 00 00 00 00 00 F0 03 70 00 00 00 00 00 70 00 00 00 00 00 11 D2 0E 55
20:11:30.632 * rx 194401 F0 30 00 01 4A 06 82 00 C3 3C CF 22 10 E3 3B 5E 52 56 3E 01 00 1C 6B 6B 69 00 C3 3C 00 01 AB 00 F6 05 00 00 00 00 00 00 00 00 00 00 00 67 09 55
20:11:30.680 * tx 194414 F0 1D 00 01 4B 03 C2 2E 00 B2 11 B2 11 1C 00 00 06 00 00 02 00 02 01 00 00 00 09 03 55
20:11:30.714 * tx 194415 F0 16 00 01 4B 04 00 00 19 81 00 00 3D 00 00 00 01 00 00 3E 01 55
20:11:30.749 * rx 194415 +0/105#8436 F0 69 00 01 4B 05 05 14 05 14 01 00 00 00 02 AA 00 AA 00 54 01 54 01 00 00 00 00 07 80 FF EE 03 1A 04 27 01 00 00 B0 80 21 22 1F 13 23 F8 FC 08 10 0C 00 00 00 00 00 00 00 00 00 00 00 00 00 00
20:11:30.784 * rx 194415 +64/105#8436 00 00 00 00 01 00 10 00 00 07 00 00 00 00 00 00 00 00 00 00 00 00 00 F0 03 70 00 00 00 00 00 70 00 00 00 00 00 11 86 0B 55
20:11:30.834 * rx 194418 F0 30 00 01 4B 06 82 00 C3 3C CF 22 10 E3 3B 5E 52 56 3E 01 00 1C 6B 6B 69 00 C3 3C 00 01 AB 00 F6 05 00 00 00 00 00 00 00 00 00 00 00 68 09 55
20:11:30.872 * tx 194430 F0 1D 00 01 4C 03 C2 2E 00 B2 11 B2 11 1C 00 00 06 00 00 02 00 02 01 00 00 00 0A 03 55
20:11:30.907 * tx 194430 F0 16 00 01 4C 04 00 00 19 81 00 00 3D 00 00 00 01 00 00 3F 01 55
20:11:30.946 * rx 194432 +0/105#8440 F0 69 00 01 4C 05 05 14 05 14 01 00 00 00 02 AA 00 AA 00 54 01 54 01 00 00 00 00 07 80 FF EE 03 1A 04 27 01 00 00 B0 80 21 22 1F 13 E1 D0 F1 F5 F7 FA 00 00 00 00 00 00 00 00 00 00 00 00 00 00
20:11:31.003 * rx 194432 +64/105#8440 00 00 00 00 01 00 10 00 00 07 00 00 00 00 00 00 00 00 00 00 00 00 00 F0 03 70 00 00 00 00 00 70 00 00 00 00 00 11 D4 0E 55
20:11:31.036 * rx 194434 F0 30 00 01 4C 06 82 00 C3 3C CF 22 10 E3 3B 5E 52 56 3E 01 00 1C 6B 6B 69 00 C3 3C 00 01 AB 00 F6 05 00 00 00 00 00 00 00 00 00 00 00 69 09 55
20:11:31.070 * tx 194447 F0 1D 00 01 4D 03 C2 2E 00 B2 11 B2 11 1C 00 00 06 00 00 02 00 02 01 00 00 00 0B 03 55
20:11:31.104 * tx 194447 F0 16 00 01 4D 04 00 00 19 81 00 00 3D 00 00 00 01 00 00 40 01 55
20:11:31.154 * rx 194448 +0/105#8444 F0 69 00 01 4D 05 05 14 05 14 01 00 00 00 02 AA 00 AA 00 54 01 54 01 00 00 00 00 07 80 FF EE 03 1A 04 27 01 00 00 B0 80 21 22 1F 13 23 F8 FC 08 10 0C 00 00 00 00 00 00 00 00 00 00 00 00 00 00
20:11:31.201 * rx 194448 +64/105#8444 00 00 00 00 01 00 10 00 00 07 00 00 00 00 00 00 00 00 00 00 00 00 00 F0 03 70 00 00 00 00 00 70 00 00 00 00 00 11 88 0B 55
20:11:31.250 * rx 194451 F0 30 00 01 4D 06 82 00 C3 3C CF 22 10 E3 3B 5E 52 56 3E 01 00 1C 6B 6B 69 00 C3 3C 00 01 AB 00 F6 05 00 00 00 00 00 00 00 01 00 FF 00 6A 0A 55
20:11:31.284 * tx 194464 F0 1D 00 01 4E 03 C2 2E 00 B2 11 B2 11 1C 00 00 06 00 00 02 00 02 01 00 00 00 0C 03 55
20:11:31.345 * tx 194465 F0 16 00 01 4E 04 00 00 19 81 00 00 3D 00 00 00 01 00 00 41 01 55
20:11:31.384 * rx 194465 +0/105#8448 F0 69 00 01 4E 05 05 14 05 14 01 00 00 00 02 AA 00 AA 00 54 01 54 01 00 00 00 00 07 80 FF EE 03 1A 04 27 01 00 00 B0 80 21 22 1F 13 E1 D0 F1 F5 F7 FA 00 00 00 00 00 00 00 00 00 00 00 00 00 00
20:11:31.415 * rx 194465 +64/105#8448 00 00 00 00 01 00 10 00 00 07 00 00 00 00 00 00 00 00 00 00 00 00 00 F0 03 70 00 00 00 00 00 70 00 00 00 00 00 11 D6 0E 55
20:11:31.449 * rxflood 109
20:11:31.503 * tx 195380 F0 1D 00 01 85 03 C2 2E 00 B2 11 B2 11 1C 00 00 06 00 00 02 00 02 01 00 00 00 43 03 55
20:11:31.538 * tx 195380 F0 16 00 01 85 04 00 00 19 81 00 00 3D 00 00 00 01 00 00 78 01 55
20:11:31.570 * rx 195382 +0/105#8668 F0 69 00 01 85 05 05 14 05 14 01 00 00 00 02 AA 00 AA 00 54 01 54 01 00 00 00 00 07 80 FF EE 03 1A 04 27 01 00 00 B0 80 21 22 1F 13 23 F8 FC 08 10 0C 00 00 00 00 00 00 00 00 00 00 00 00 00 00
20:11:31.603 * rx 195382 +64/105#8668 00 00 00 00 01 00 10 00 00 07 00 00 00 00 00 00 00 00 00 00 00 00 00 F0 03 70 00 00 00 00 00 70 00 00 00 00 00 11 C0 0B 55
20:11:31.659 * rx 195384 F0 30 00 01 85 06 82 00 C3 3C CF 22 10 E3 3B 5E 52 56 3E 01 00 1C 6B 6B 69 00 C3 3C 00 01 AB 00 F6 05 00 00 00 00 00 00 00 00 01 FF 00 A2 0A 55
20:11:31.696 * tx 195397 F0 1D 00 01 86 03 C2 2E 00 B2 11 B2 11 1C 00 00 06 00 00 02 00 02 01 00 00 00 44 03 55
20:11:31.736 * tx 195397 F0 16 00 01 86 04 00 00 19 81 00 00 3D 00 00 00 01 00 00 79 01 55
20:11:31.782 * rx 195398 +0/105#8672 F0 69 00 01 86 05 05 14 05 14 01 00 00 00 02 AA 00 AA 00 54 01 54 01 00 00 00 00 07 80 FF EE 03 1A 04 27 01 00 00 B0 80 21 22 1F 13 E1 D0 F1 F5 F7 FA 00 00 00 00 00 00 00 00 00 00 00 00 00 00
20:11:31.831 * rx 195398 +64/105#8672 00 00 00 00 01 00 10 00 00 07 00 00 00 00 00 00 00 00 00 00 00 00 00 F0 03 70 00 00 00 00 00 70 00 00 00 00 00 11 0E 0F 55
20:11:31.872 * rx 195401 F0 30 00 01 86 06 82 00 C3 3C CF 22 10 E3 3B 5E 52 56 3E 01 00 1C 6B 6B 69 00 C3 3C 00 01 AB 00 F6 05 00 00 00 00 00 01 FF 00 00 00 00 A3 0A 55
20:11:31.908 * tx 195414 F0 1D 00 01 87 03 C2 2E 00 B2 11 B2 11 1C 00 00 06 00 00 02 00 02 01 00 00 00 45 03 55
20:11:31.956 * tx 195415 F0 16 00 01 87 04 00 00 19 81 00 00 3D 00 00 00 01 00 00 7A 01 55
20:11:32.018 * rx 195415 +0/105#8676 F0 69 00 01 87 05 05 14 05 14 01 00 00 00 02 AA 00 AA 00 54 01 54 01 00 00 00 00 07 80 FF EE 03 1A 04 27 01 00 00 B0 80 21 22 1F 13 23 F8 FC 08 10 0C 00 00 00 00 00 00 00 00 00 00 00 00 00 00
20:11:32.056 * rx 195415 +64/105#8676 00 00 00 00 01 00 10 00 00 07 00 00 00 00 00 00 00 00 00 00 00 00 00 F0 03 70 00 00 00 00 00 70 00 00 00 00 00 11 C2 0B 55
20:11:32.095 * rx 195418 F0 30 00 01 87 06 82 00 C3 3C CF 22 10 E3 3B 5E 52 56 3E 01 00 1C 6B 6B 69 00 C3 3C 00 01 AB 00 F6 05 00 00 00 00 FF 00 01 FF 00 01 FF A3 0C 55
20:11:32.132 * tx 195430 F0 1D 00 01 88 03 C2 2E 00 B2 11 B2 11 1C 00 00 06 00 00 02 00 02 01 00 00 00 46 03 55
20:11:32.194 * tx 195430 F0 16 00 01 88 04 00 00 19 81 00 00 3D 00 00 00 01 00 00 7B 01 55
20:11:32.235 * rx 195432 +0/105#8680 F0 69 00 01 88 05 05 14 05 14 01 00 00 00 02 AA 00 AA 00 54 01 54 01 00 00 00 00 07 80 FF EE 03 1A 04 27 01 00 00 B0 80 21 22 1F 13 E1 D0 F1 F5 F7 FA 00 00 00 00 00 00 00 00 00 00 00 00 00 00
20:11:32.275 * rx 195432 +64/105#8680 00 00 00 00 01 00 10 00 00 07 00 00 00 00 00 00 00 00 00 00 00 00 00 F0 03 70 00 00 00 00 00 70 00 00 00 00 00 11 10 0F 55
20:11:32.306 * rx 195434 F0 30 00 01 88 06 82 00 C3 3C CF 22 10 E3 3B 5E 52 56 3E 01 00 1C 6B 6B 69 00 C3 3C 00 01 AB 00 F6 05 00 00 00 00 00 00 00 00 01 FF 00 A5 0A 55
20:11:32.350 * tx 195447 F0 1D 00 01 89 03 C2 2E 00 B2 11 B2 11 1C 00 00 06 00 00 02 00 02 01 00 00 00 47 03 55
20:11:32.391 * tx 195447 F0 16 00 01 89 04 00 00 19 81 00 00 3D 00 00 00 01 00 00 7C 01 55
20:11:32.435 * rx 195448 +0/105#8684 F0 69 00 01 89 05 05 14 05 14 01 00 00 00 02 AA 00 AA 00 54 01 54 01 00 00 00 00 07 80 FF EE 03 1A 04 27 01 00 00 B0 80 21 22 1F 13 23 F8 FC 08 10 0C 00 00 00 00 00 00 00 00 00 00 00 00 00 00
20:11:32.475 * rx 195448 +64/105#8684 00 00 00 00 01 00 10 00 00 07 00 00 00 00 00 00 00 00 00 00 00 00 00 F0 03 70 00 00 00 00 00 70 00 00 00 00 00 11 C4 0B 55
20:11:32.536 * rx 195451 F0 30 00 01 89 06 82 00 C3 3C CF 22 10 E3 3B 5E 52 56 3E 01 00 1C 6B 6B 69 00 C3 3C 00 01 AB 00 F6 05 00 00 00 00 00 00 00 00 01 FF 00 A6 0A 55
20:11:32.572 * tx 195464 F0 1D 00 01 8A 03 C2 2E 00 B2 11 B2 11 1C 00 00 06 00 00 02 00 02 01 00 00 00 48 03 55
20:11:32.604 * tx 195465 F0 16 00 01 8A 04 00 00 19 81 00 00 3D 00 00 00 01 00 00 7D 01 55
20:11:32.644 * rx 195465 +0/105#8688 F0 69 00 01 8A 05 05 14 05 14 01 00 00 00 02 AA 00 AA 00 54 01 54 01 00 00 00 00 07 80 FF EE 03 1A 04 27 01 00 00 B0 80 21 22 1F 13 E1 D0 F1 F5 F7 FA 00 00 00 00 00 00 00 00 00 00 00 00 00 00
20:11:32.705 * rx 195465 +64/105#8688 00 00 00 00 01 00 10 00 00 07 00 00 00 00 00 00 00 00 00 00 00 00 00 F0 03 70 00 00 00 00 00 70 00 00 00 00 00 11 12 0F 55
20:11:32.748 * rxflood 109
20:11:32.780 * tx 196380 F0 1D 00 01 C1 03 C2 2E 00 B2 11 B2 11 1C 00 00 06 00 00 02 00 02 01 00 00 00 7F 03 55
20:11:32.821 * tx 196380 F0 16 00 01 C1 04 00 00 19 81 00 00 3D 00 00 00 01 00 00 B4 01 55
20:11:32.887 * rx 196382 +0/105#8908 F0 69 00 01 C1 05 05 14 05 14 01 00 00 00 02 AA 00 AA 00 54 01 54 01 00 00 00 00 07 80 FF EE 03 1A 04 27 01 00 00 B0 80 21 22 1F 13 23 F8 FC 08 10 0C 00 00 00 00 00 00 00 00 00 00 00 00 00 00
20:11:32.935 * rx 196382 +64/105#8908 00 00 00 00 01 00 10 00 00 07 00 00 00 00 00 00 00 00 00 00 00 00 00 F0 03 70 00 00 00 00 00 70 00 00 00 00 00 11 FC 0B 55
20:11:32.979 * rx 196384 F0 30 00 01 C1 06 82 00 C3 3C CF 22 10 E3 3B 5E 52 56 3E 01 00 1C 6B 6B 69 00 C3 3C 00 01 AB 00 F6 05 00 00 00 00 00 00 00 00 00 00 00 DE 09 55
20:11:33.029 * tx 196397 F0 1D 00 01 C2 03 C2 2E 00 B2 11 B2 11 1C 00 00 06 00 00 02 00 02 01 00 00 00 80 03 55
20:11:33.089 * tx 196397 F0 16 00 01 C2 04 00 00 19 81 00 00 3D 00 00 00 01 00 00 B5 01 55
20:11:33.137 * rx 196398 +0/105#8912 F0 69 00 01 C2 05 05 14 05 14 01 00 00 00 02 AA 00 AA 00 54 01 54 01 00 00 00 00 07 80 FF EE 03 1A 04 27 01 00 00 B0 80 21 22 1F 13 E1 D0 F1 F5 F7 FA 00 00 00 00 00 00 00 00 00 00 00 00 00 00
20:11:33.182 * rx 196398 +64/105#8912 00 00 00 00 01 00 10 00 00 07 00 00 00 00 00 00 00 00 00 00 00 00 00 F0 03 70 00 00 00 00 00 70 00 00 00 00 00 11 4A 0F 55
20:11:33.223 * rx 196401 F0 30 00 01 C2 06 82 00 C3 3C CF 22 10 E3 3B 5E 52 56 3E 01 00 1C 6B 6B 69 00 C3 3C 00 01 AB 00 F6 05 00 00 00 00 00 00 00 01 FF 00 00 DF 0A 55
20:11:33.289 * tx 196414 F0 1D 00 01 C3 03 C2 2E 00 B2 11 B2 11 1C 00 00 06 00 00 02 00 02 01 00 00 00 81 03 55
20:11:33.335 * tx 196415 F0 16 00 01 C3 04 00 00 19 81 00 00 3D 00 00 00 01 00 00 B6 01 55
20:11:33.369 * rx 196415 +0/105#8916 F0 69 00 01 C3 05 05 14 05 14 01 00 00 00 02 AA 00 AA 00 54 01 54 01 00 00 00 00 07 80 FF EE 03 1A 04 27 01 00 00 B0 80 21 22 1F 13 23 F8 FC 08 10 0C 00 00 00 00 00 00 00 00 00 00 00 00 00 00
20:11:33.411 * rx 196415 +64/105#8916 00 00 00 00 01 00 10 00 00 07 00 00 00 00 00 00 00 00 00 00 00 00 00 F0 03 70 00 00 00 00 00 70 00 00 00 00 00 11 FE 0B 55
20:11:33.460 * rx 196418 F0 30 00 01 C3 06 82 00 C3 3C CF 22 10 E3 3B 5E 52 56 3E 01 00 1C 6B 6B 69 00 C3 3C 00 01 AB 00 F6 05 00 00 00 00 00 00 00 00 00 00 00 E0 09 55
20:11:33.499 * tx 196430 F0 1D 00 01 C4 03 C2 2E 00 B2 11 B2 11 1C 00 00 06 00 00 02 00 02 01 00 00 00 82 03 55
20:11:33.532 * tx 196430 F0 16 00 01 C4 04 00 00 19 81 00 00 3D 00 00 00 01 00 00 B7 01 55
20:11:33.568 * rx 196432 +0/105#8920 F0 69 00 01 C4 05 05 14 05 14 01 00 00 00 02 AA 00 AA 00 54 01 54 01 00 00 00 00 07 80 FF EE 03 1A 04 27 01 00 00 B0 80 21 22 1F 13 E1 D0 F1 F5 F7 FA 00 00 00 00 00 00 00 00 00 00 00 00 00 00
20:11:33.636 * rx 196432 +64/105#8920 00 00 00 00 01 00 10 00 00 07 00 00 00 00 00 00 00 00 00 00 00 00 00 F0 03 70 00 00 00 00 00 70 00 00 00 00 00 11 4C 0F 55
20:11:33.678 * rx 196434 F0 30 00 01 C4 06 82 00 C3 3C CF 22 10 E3 3B 5E 52 56 3E 01 00 1C 6B 6B 69 00 C3 3C 00 01 AB 00 F6 05 00 00 00 00 00 00 00 00 01 FF 00 E1 0A 55
20:11:33.719 * tx 196447 F0 1D 00 01 C5 03 C2 2E 00 B2 11 B2 11 1C 00 00 06 00 00 02 00 02 01 00 00 00 83 03 55
20:11:33.761 * tx 196447 F0 16 00 01 C5 04 00 00 19 81 00 00 3D 00 00 00 01 00 00 B8 01 55
20:11:33.825 * rx 196448 +0/105#8924 F0 69 00 01 C5 05 05 14 05 14 01 00 00 00 02 AA 00 AA 00 54 01 54 01 00 00 00 00 07 80 FF EE 03 1A 04 27 01 00 00 B0 80 21 22 1F 13 23 F8 FC 08 10 0C 00 00 00 00 00 00 00 00 00 00 00 00 00 00
20:11:33.863 * rx 196448 +64/105#8924 00 00 00 00 01 00 10 00 00 07 00 00 00 00 00 00 00 00 00 00 00 00 00 F0 03 70 00 00 00 00 00 70 00 00 00 00 00 11 00 0C 55
20:11:33.900 * rx 196451 F0 30 00 01 C5 06 82 00 C3 3C CF 22 10 E3 3B 5E 52 56 3E 01 00 1C 6B 6B 69 00 C3 3C 00 01 AB 00 F6 05 00 00 00 00 00 00 00 00 00 01 FF E2 0A 55
20:11:33.941 * tx 196464 F0 1D 00 01 C6 03 C2 2E 00 B2 11 B2 11 1C 00 00 06 00 00 02 00 02 01 00 00 00 84 03 55
20:11:33.991 * tx 196465 F0 16 00 01 C6 04 00 00 19 81 00 00 3D 00 00 00 01 00 00 B9 01 55
20:11:34.024 * rx 196465 +0/105#8928 F0 69 00 01 C6 05 05 14 05 14 01 00 00 00 02 AA 00 AA 00 54 01 54 01 00 00 00 00 07 80 FF EE 03 1A 04 27 01 00 00 B0 80 21 22 1F 13 E1 D0 F1 F5 F7 FA 00 00 00 00 00 00 00 00 00 00 00 00 00 00
20:11:34.054 * rx 196465 +64/105#8928 00 00 00 00 01 00 10 00 00 07 00 00 00 00 00 00 00 00 00 00 00 00 00 F0 03 70 00 00 00 00 00 70 00 00 00 00 00 11 4E 0F 55
20:11:34.087 * rxflood 109
20:11:34.136 * tx 197380 F0 1D 00 01 0D 03 C2 2E 00 B2 11 B2 11 1C 00 00 06 00 00 02 00 02 01 00 00 00 CB 02 55
20:11:34.169 * tx 197380 F0 16 00 01 0D 04 00 00 19 81 00 00 3D 00 00 00 01 00 00 00 01 55
20:11:34.202 * rx 197382 +0/105#9148 F0 69 00 01 0D 05 05 14 05 14 01 00 00 00 02 AA 00 AA 00 54 01 54 01 00 00 00 00 07 80 FF EE 03 1A 04 27 01 00 00 B0 80 21 22 1F 13 23 F8 FC 08 10 0C 00 00 00 00 00 00 00 00 00 00 00 00 00 00
20:11:34.236 * rx 197382 +64/105#9148 00 00 00 00 01 00 10 00 00 07 00 00 00 00 00 00 00 00 00 00 00 00 00 F0 03 70 00 00 00 00 00 70 00 00 00 00 00 11 48 0B 55
20:11:34.283 * rx 197384 F0 30 00 01 0D 06 82 00 C3 3C CF 22 10 E3 3B 5E 52 56 3E 01 00 1C 6B 6B 69 00 C2 3C 00 01 AB 00 F6 05 00 00 00 00 00 01 00 00 00 FF 01 2A 0A 55
20:11:34.316 * tx 197397 F0 1D 00 01 0E 03 C2 2E 00 B2 11 B2 11 1C 00 00 06 00 00 02 00 02 01 00 00 00 CC 02 55
20:11:34.349 * tx 197397 F0 16 00 01 0E 04 00 00 19 81 00 00 3D 00 00 00 01 00 00 01 01 55
20:11:34.384 * rx 197398 +0/105#9152 F0 69 00 01 0E 05 05 14 05 14 01 00 00 00 02 AA 00 AA 00 54 01 54 01 00 00 00 00 07 80 FF EE 03 1A 04 27 01 00 00 B0 80 21 22 1F 13 E1 D0 F1 F5 F7 FA 00 00 00 00 00 00 00 00 00 00 00 00 00 00
20:11:34.434 * rx 197398 +64/105#9152 00 00 00 00 01 00 10 00 00 07 00 00 00 00 00 00 00 00 00 00 00 00 00 F0 03 70 00 00 00 00 00 70 00 00 00 00 00 11 96 0E 55
20:11:34.471 * rx 197401 F0 30 00 01 0E 06 82 00 C3 3C CF 22 10 E3 3B 5E 52 56 3E 01 00 1C 6B 6B 69 00 C2 3C 00 01 AB 00 F6 05 00 00 00 00 01 FF 00 00 00 00 01 2B 0A 55
20:11:34.505 * tx 197414 F0 1D 00 01 0F 03 C2 2E 00 B2 11 B2 11 1C 00 00 06 00 00 02 00 02 01 00 00 00 CD 02 55
20:11:34.540 * tx 197415 F0 16 00 01 0F 04 00 00 19 81 00 00 3D 00 00 00 01 00 00 02 01 55
20:11:34.589 * rx 197415 +0/105#9156 F0 69 00 01 0F 05 05 14 05 14 01 00 00 00 02 AA 00 AA 00 54 01 54 01 00 00 00 00 07 80 FF EE 03 1A 04 27 01 00 00 B0 80 21 22 1F 13 23 F8 FC 08 10 0C 00 00 00 00 00 00 00 00 00 00 00 00 00 00
20:11:34.633 * rx 197415 +64/105#9156 00 00 00 00 01 00 10 00 00 07 00 00 00 00 00 00 00 00 00 00 00 00 00 F0 03 70 00 00 00 00 00 70 00 00 00 00 00 11 4A 0B 55
20:11:34.667 * rx 197418 F0 30 00 01 0F 06 82 00 C3 3C CF 22 10 E3 3B 5E 52 56 3E 01 00 1C 6B 6B 69 00 C3 3C 00 01 AB 00 F6 05 00 00 00 00 01 FF 00 00 00 01 FF 2C 0B 55
20:11:34.701 * tx 197430 F0 1D 00 01 10 03 C2 2E 00 B2 11 B2 11 1C 00 00 06 00 00 02 00 02 01 00 00 00 CE 02 55
20:11:34.753 * tx 197430 F0 16 00 01 10 04 00 00 19 81 00 00 3D 00 00 00 01 00 00 03 01 55
20:11:34.791 * rx 197432 +0/105#9160 F0 69 00 01 10 05 05 14 05 14 01 00 00 00 02 AA 00 AA 00 54 01 54 01 00 00 00 00 07 80 FF EE 03 1A 04 27 01 00 00 B0 80 21 22 1F 13 E1 D0 F1 F5 F7 FA 00 00 00 00 00 00 00 00 00 00 00 00 00 00
20:11:34.824 * rx 197432 +64/105#9160 00 00 00 00 01 00 10 00 00 07 00 00 00 00 00 00 00 00 00 00 00 00 00 F0 03 70 00 00 00 00 00 70 00 00 00 00 00 11 98 0E 55
20:11:34.859 * rx 197434 F0 30 00 01 10 06 82 00 C3 3C CF 22 10 E3 3B 5E 52 56 3E 01 00 1C 6B 6B 69 00 C2 3C 00 01 AB 00 F6 05 00 00 00 00 00 01 FF 01 FF 01 00 2D 0B 55
20:11:34.906 * tx 197447 F0 1D 00 01 11 03 C2 2E 00 B2 11 B2 11 1C 00 00 06 00 00 02 00 02 01 00 00 00 CF 02 55
20:11:34.937 * tx 197447 F0 16 00 01 11 04 00 00 19 81 00 00 3D 00 00 00 01 00 00 04 01 55
20:11:34.968 * rx 197448 +0/105#9164 F0 69 00 01 11 05 05 14 05 14 01 00 00 00 02 AA 00 AA 00 54 01 54 01 00 00 00 00 07 80 FF EE 03 1A 04 27 01 00 00 B0 80 21 22 1F 13 23 F8 FC 08 10 0C 00 00 00 00 00 00 00 00 00 00 00 00 00 00
20:11:35.005 * rx 197448 +64/105#9164 00 00 00 00 01 00 10 00 00 07 00 00 00 00 00 00 00 00 00 00 00 00 00 F0 03 70 00 00 00 00 00 70 00 00 00 00 00 11 4C 0B 55
20:11:35.062 * rx 197451 F0 30 00 01 11 06 82 00 C3 3C CF 22 10 E3 3B 5E 52 56 3E 01 00 1C 6B 6B 69 00 C3 3C 00 01 AB 00 F6 05 00 00 00 00 00 00 00 00 00 00 00 2E 09 55
20:11:35.098 * tx 197464 F0 1D 00 01 12 03 C2 2E 00 B2 11 B2 11 1C 00 00 06 00 00 02 00 02 01 00 00 00 D0 02 55
20:11:35.140 * tx 197465 F0 16 00 01 12 04 00 00 19 81 00 00 3D 00 00 00 01 00 00 05 01 55
20:11:35.183 * rx 197465 +0/105#9168 F0 69 00 01 12 05 05 14 05 14 01 00 00 00 02 AA 00 AA 00 54 01 54 01 00 00 00 00 07 80 FF EE 03 1A 04 27 01 00 00 B0 80 21 22 1F 13 E1 D0 F1 F5 F7 FA 00 00 00 00 00 00 00 00 00 00 00 00 00 00
20:11:35.239 * rx 197465 +64/105#9168 00 00 00 00 01 00 10 00 00 07 00 00 00 00 00 00 00 00 00 00 00 00 00 F0 03 70 00 00 00 00 00 70 00 00 00 00 00 11 9A 0E 55
20:11:35.282 * rxflood 109
20:11:35.323 * tx 198380 F0 1D 00 01 49 03 C2 2E 00 B2 11 B2 11 1C 00 00 06 00 00 02 00 02 01 00 00 00 07 03 55
20:11:35.365 * tx 198380 F0 16 00 01 49 04 00 00 19 81 00 00 3D 00 00 00 01 00 00 3C 01 55
20:11:35.428 * rx 198382 +0/105#9388 F0 69 00 01 49 05 05 14 05 14 01 00 00 00 02 AA 00 AA 00 54 01 54 01 00 00 00 00 07 80 FF EE 03 1A 04 27 01 00 00 B0 80 21 22 1F 13 23 F8 FC 08 10 0C 00 00 00 00 00 00 00 00 00 00 00 00 00 00
20:11:35.464 * rx 198382 +64/105#9388 00 00 00 00 01 00 10 00 00 07 00 00 00 00 00 00 00 00 00 00 00 00 00 F0 03 70 00 00 00 00 00 70 00 00 00 00 00 11 84 0B 55
20:11:35.503 * rx 198384 F0 30 00 01 49 06 82 00 C3 3C CF 22 10 E3 3B 5E 52 56 3E 01 00 1C 6B 6B 69 00 C3 3C 00 01 AB 00 F6 05 00 00 00 00 01 FF 00 00 00 00 00 66 0A 55
20:11:35.547 * tx 198397 F0 1D 00 01 4A 03 C2 2E 00 B2 11 B2 11 1C 00 00 06 00 00 02 00 02 01 00 00 00 08 03 55
20:11:35.612 * tx 198397 F0 16 00 01 4A 04 00 00 19 81 00 00 3D 00 00 00 01 00 00 3D 01 55
20:11:35.657 * rx 198398 +0/105#9392 F0 69 00 01 4A 05 05 14 05 14 01 00 00 00 02 AA 00 AA 00 54 01 54 01 00 00 00 00 07 80 FF EE 03 1A 04 27 01 00 00 B0 80 21 22 1F 13 E1 D0 F1 F5 F7 FA 00 00 00 00 00 00 00 00 00 00 00 00 00 00
20:11:35.704 * rx 198398 +64/105#9392 00 00 00 00 01 00 10 00 00 07 00 00 00 00 00 00 00 00 00 00 00 00 00 F0 03 70 00 00 00 00 00 70 00 00 00 00 00 11 D2 0E 55
20:11:35.756 * rx 198401 F0 30 00 01 4A 06 82 00 C3 3C CF 22 10 E3 3B 5E 52 56 3E 01 00 1C 6B 6B 69 00 C3 3C 00 01 AB 00 F6 05 00 00 00 00 00 00 01 FF 00 00 00 67 0A 55
20:11:35.823 * tx 198414 F0 1D 00 01 4B 03 C2 2E 00 B2 11 B2 11 1C 00 00 06 00 00 02 00 02 01 00 00 00 09 03 55
20:11:35.876 * tx 198415 F0 16 00 01 4B 04 00 00 19 81 00 00 3D 00 00 00 01 00 00 3E 01 55
20:11:35.918 * rx 198415 +0/105#9396 F0 69 00 01 4B 05 05 14 05 14 01 00 00 00 02 AA 00 AA 00 54 01 54 01 00 00 00 00 07 80 FF EE 03 1A 04 27 01 00 00 B0 80 21 22 1F 13 23 F8 FC 08 10 0C 00 00 00 00 00 00 00 00 00 00 00 00 00 00
20:11:35.955 * rx 198415 +64/105#9396 00 00 00 00 01 00 10 00 00 07 00 00 00 00 00 00 00 00 00 00 00 00 00 F0 03 70 00 00 00 00 00 70 00 00 00 00 00 11 86 0B 55
20:11:36.021 * rx 198418 F0 30 00 01 4B 06 82 00 C3 3C CF 22 10 E3 3B 5E 52 56 3E 01 00 1C 6B 6B 69 00 C3 3C 00 01 AB 00 F6 05 00 00 00 00 00 00 00 01 FF 00 00 68 0A 55
20:11:36.058 * tx 198430 F0 1D 00 01 4C 03 C2 2E 00 B2 11 B2 11 1C 00 00 06 00 00 02 00 02 01 00 00 00 0A 03 55
20:11:36.093 * tx 198430 F0 16 00 01 4C 04 00 00 19 81 00 00 3D 00 00 00 01 00 00 3F 01 55
20:11:36.131 * rx 198432 +0/105#9400 F0 69 00 01 4C 05 05 14 05 14 01 00 00 00 02 AA 00 AA 00 54 01 54 01 00 00 00 00 07 80 FF EE 03 1A 04 27 01 00 00 B0 80 21 22 1F 13 E1 D0 F1 F5 F7 FA 00 00 00 00 00 00 00 00 00 00 00 00 00 00
20:11:36.190 * rx 198432 +64/105#9400 00 00 00 00 01 00 10 00 00 07 00 00 00 00 00 00 00 00 00 00 00 00 00 F0 03 70 00 00 00 00 00 70 00 00 00 00 00 11 D4 0E 55
20:11:36.232 * rx 198434 F0 30 00 01 4C 06 82 00 C3 3C CF 22 10 E3 3B 5E 52 56 3E 01 00 1C 6B 6B 69 00 C3 3C 00 01 AB 00 F6 05 00 00 00 00 00 00 00 00 00 00 00 69 09 55
20:11:36.271 * tx 198447 F0 1D 00 01 4D 03 C2 2E 00 B2 11 B2 11 1C 00 00 06 00 00 02 00 02 01 00 00 00 0B 03 55
20:11:36.310 * tx 198447 F0 16 00 01 4D 04 00 00 19 81 00 00 3D 00 00 00 01 00 00 40 01 55
20:11:36.362 * rx 198448 +0/105#9404 F0 69 00 01 4D 05 05 14 05 14 01 00 00 00 02 AA 00 AA 00 54 01 54 01 00 00 00 00 07 80 FF EE 03 1A 04 27 01 00 00 B0 80 21 22 1F 13 23 F8 FC 08 10 0C 00 00 00 00 00 00 00 00 00 00 00 00 00 00
20:11:36.399 * rx 198448 +64/105#9404 00 00 00 00 01 00 10 00 00 07 00 00 00 00 00 00 00 00 00 00 00 00 00 F0 03 70 00 00 00 00 00 70 00 00 00 00 00 11 88 0B 55
20:11:36.433 * rx 198451 F0 30 00 01 4D 06 82 00 C3 3C CF 22 10 E3 3B 5E 52 56 3E 01 00 1C 6B 6B 69 00 C2 3C 00 01 AB 00 F6 05 00 00 00 00 01 FF 00 00 00 00 01 6A 0A 55
20:11:36.470 * tx 198464 F0 1D 00 01 4E 03 C2 2E 00 B2 11 B2 11 1C 00 00 06 00 00 02 00 02 01 00 00 00 0C 03 55
20:11:36.522 * tx 198465 F0 16 00 01 4E 04 00 00 19 81 00 00 3D 00 00 00 01 00 00 41 01 55
20:11:36.560 * rx 198465 +0/105#9408 F0 69 00 01 4E 05 05 14 05 14 01 00 00 00 02 AA 00 AA 00 54 01 54 01 00 00 00 00 07 80 FF EE 03 1A 04 27 01 00 00 B0 80 21 22 1F 13 E1 D0 F1 F5 F7 FA 00 00 00 00 00 00 00 00 00 00 00 00 00 00
20:11:36.597 * rx 198465 +64/105#9408 00 00 00 00 01 00 10 00 00 07 00 00 00 00 00 00 00 00 00 00 00 00 00 F0 03 70 00 00 00 00 00 70 00 00 00 00 00 11 D6 0E 55
20:11:36.632 * rxflood 109
20:11:36.695 * tx 199380 F0 1D 00 01 85 03 C2 2E 00 B2 11 B2 11 1C 00 00 06 00 00 02 00 02 01 00 00 00 43 03 55
20:11:36.734 * tx 199380 F0 16 00 01 85 04 00 00 19 81 00 00 3D 00 00 00 01 00 00 78 01 55
20:11:36.767 * rx 199382 +0/105#9628 F0 69 00 01 85 05 05 14 05 14 01 00 00 00 02 AA 00 AA 00 54 01 54 01 00 00 00 00 07 80 FF EE 03 1A 04 27 01 00 00 B0 80 21 22 1F 13 23 F8 FC 08 10 0C 00 00 00 00 00 00 00 00 00 00 00 00 00 00
20:11:36.806 * rx 199382 +64/105#9628 00 00 00 00 01 00 10 00 00 07 00 00 00 00 00 00 00 00 00 00 00 00 00 F0 03 70 00 00 00 00 00 70 00 00 00 00 00 11 C0 0B 55
20:11:36.878 * rx 199384 F0 30 00 01 85 06 82 00 C3 3C CF 22 10 E3 3B 5E 52 56 3E 01 00 1C 6B 6B 69 00 C3 3C 00 01 AB 00 F6 05 00 00 00 00 00 00 00 00 00 00 00 A2 09 55
20:11:36.917 * tx 199397 F0 1D 00 01 86 03 C2 2E 00 B2 11 B2 11 1C 00 00 06 00 00 02 00 02 01 00 00 00 44 03 55
20:11:36.956 * tx 199397 F0 16 00 01 86 04 00 00 19 81 00 00 3D 00 00 00 01 00 00 79 01 55
20:11:37.006 * rx 199398 +0/105#9632 F0 69 00 01 86 05 05 14 05 14 01 00 00 00 02 AA 00 AA 00 54 01 54 01 00 00 00 00 07 80 FF EE 03 1A 04 27 01 00 00 B0 80 21 22 1F 13 E1 D0 F1 F5 F7 FA 00 00 00 00 00 00 00 00 00 00 00 00 00 00
20:11:37.078 * rx 199398 +64/105#9632 00 00 00 00 01 00 10 00 00 07 00 00 00 00 00 00 00 00 00 00 00 00 00 F0 03 70 00 00 00 00 00 70 00 00 00 00 00 11 0E 0F 55
20:11:37.126 * rx 199401 F0 30 00 01 86 06 82 00 C3 3C CF 22 10 E3 3B 5E 52 56 3E 01 00 1C 6B 6B 69 00 C3 3C 00 01 AB 00 F6 05 00 00 00 00 00 01 00 FF 00 00 00 A3 0A 55
20:11:37.166 * tx 199414 F0 1D 00 01 87 03 C2 2E 00 B2 11 B2 11 1C 00 00 06 00 00 02 00 02 01 00 00 00 45 03 55
20:11:37.203 * tx 199415 F0 16 00 01 87 04 00 00 19 81 00 00 3D 00 00 00 01 00 00 7A 01 55
20:11:37.276 * rx 199415 +0/105#9636 F0 69 00 01 87 05 05 14 05 14 01 00 00 00 02 AA 00 AA 00 54 01 54 01 00 00 00 00 07 80 FF EE 03 1A 04 27 01 00 00 B0 80 21 22 1F 13 23 F8 FC 08 10 0C 00 00 00 00 00 00 00 00 00 00 00 00 00 00
20:11:37.318 * rx 199415 +64/105#9636 00 00 00 00 01 00 10 00 00 07 00 00 00 00 00 00 00 00 00 00 00 00 00 F0 03 70 00 00 00 00 00 70 00 00 00 00 00 11 C2 0B 55
20:11:37.353 * rx 199418 F0 30 00 01 87 06 82 00 C3 3C CF 22 10 E3 3B 5E 52 56 3E 01 00 1C 6B 6B 69 00 C3 3C 00 01 AB 00 F6 05 00 00 00 00 00 00 00 00 00 00 00 A4 09 55
20:11:37.396 * tx 199430 F0 1D 00 01 88 03 C2 2E 00 B2 11 B2 11 1C 00 00 06 00 00 02 00 02 01 00 00 00 46 03 55
20:11:37.451 * tx 199430 F0 16 00 01 88 04 00 00 19 81 00 00 3D 00 00 00 01 00 00 7B 01 55
20:11:37.494 * rx 199432 +0/105#9640 F0 69 00 01 88 05 05 14 05 14 01 00 00 00 02 AA 00 AA 00 54 01 54 01 00 00 00 00 07 80 FF EE 03 1A 04 27 01 00 00 B0 80 21 22 1F 13 E1 D0 F1 F5 F7 FA 00 00 00 00 00 00 00 00 00 00 00 00 00 00
20:11:37.534 * rx 199432 +64/105#9640 00 00 00 00 01 00 10 00 00 07 00 00 00 00 00 00 00 00 00 00 00 00 00 F0 03 70 00 00 00 00 00 70 00 00 00 00 00 11 10 0F 55
20:11:37.578 * rx 199434 F0 30 00 01 88 06 82 00 C3 3C CF 22 10 E3 3B 5E 52 56 3E 01 00 1C 6B 6B 69 00 C3 3C 00 01 AB 00 F6 05 00 00 00 00 00 00 00 00 00 00 00 A5 09 55
20:11:37.634 * tx 199447 F0 1D 00 01 89 03 C2 2E 00 B2 11 B2 11 1C 00 00 06 00 00 02 00 02 01 00 00 00 47 03 55
20:11:37.685 * tx 199447 F0 16 00 01 89 04 00 00 19 81 00 00 3D 00 00 00 01 00 00 7C 01 55
20:11:37.727 * rx 199448 +0/105#9644 F0 69 00 01 89 05 05 14 05 14 01 00 00 00 02 AA 00 AA 00 54 01 54 01 00 00 00 00 07 80 FF EE 03 1A 04 27 01 00 00 B0 80 21 22 1F 13 23 F8 FC 08 10 0C 00 00 00 00 00 00 00 00 00 00 00 00 00 00
20:11:37.774 * rx 199448 +64/105#9644 00 00 00 00 01 00 10 00 00 07 00 00 00 00 00 00 00 00 00 00 00 00 00 F0 03 70 00 00 00 00 00 70 00 00 00 00 00 11 C4 0B 55
20:11:37.847 * rx 199451 F0 30 00 01 89 06 82 00 C3 3C CF 22 10 E3 3B 5E 52 56 3E 01 00 1C 6B 6B 69 00 C3 3C 00 01 AB 00 F6 05 00 00 00 00 00 00 00 01 FF 00 00 A6 0A 55
20:11:37.892 * tx 199464 F0 1D 00 01 8A 03 C2 2E 00 B2 11 B2 11 1C 00 00 06 00 00 02 00 02 01 00 00 00 48 03 55
20:11:37.936 * tx 199465 F0 16 00 01 8A 04 00 00 19 81 00 00 3D 00 00 00 01 00 00 7D 01 55
20:11:37.978 * rx 199465 +0/105#9648 F0 69 00 01 8A 05 05 14 05 14 01 00 00 00 02 AA 00 AA 00 54 01 54 01 00 00 00 00 07 80 FF EE 03 1A 04 27 01 00 00 B0 80 21 22 1F 13 E1 D0 F1 F5 F7 FA 00 00 00 00 00 00 00 00 00 00 00 00 00 00
20:11:38.041 * rx 199465 +64/105#9648 00 00 00 00 01 00 10 00 00 07 00 00 00 00 00 00 00 00 00 00 00 00 00 F0 03 70 00 00 00 00 00 70 00 00 00 00 00 11 12 0F 55
20:11:38.084 * rxflood 109
20:11:38.127 * tx 200380 F0 1D 00 01 C1 03 C2 2E 00 B2 11 B2 11 1C 00 00 06 00 00 02 00 02 01 00 00 00 7F 03 55
20:11:38.174 * tx 200380 F0 16 00 01 C1 04 00 00 19 81 00 00 3D 00 00 00 01 00 00 B4 01 55
20:11:38.259 * rx 200382 +0/105#9868 F0 69 00 01 C1 05 05 14 05 14 01 00 00 00 02 AA 00 AA 00 54 01 54 01 00 00 00 00 07 80 FF EE 03 1A 04 27 01 00 00 B0 80 21 22 1F 13 23 F8 FC 08 10 0C 00 00 00 00 00 00 00 00 00 00 00 00 00 00
20:11:38.309 * rx 200382 +64/105#9868 00 00 00 00 01 00 10 00 00 07 00 00 00 00 00 00 00 00 00 00 00 00 00 F0 03 70 00 00 00 00 00 70 00 00 00 00 00 11 FC 0B 55
20:11:38.353 * rx 200384 F0 30 00 01 C1 06 82 00 C3 3C CF 22 10 E3 3B 5E 52 56 3E 01 00 1C 6B 6B 69 00 C3 3C 00 01 AB 00 F6 05 00 00 00 00 00 FF 00 00 00 00 00 DD 0A 55
20:11:38.391 * tx 200397 F0 1D 00 01 C2 03 C2 2E 00 B2 11 B2 11 1C 00 00 06 00 00 02 00 02 01 00 00 00 80 03 55
20:11:38.442 * tx 200397 F0 16 00 01 C2 04 00 00 19 81 00 00 3D 00 00 00 01 00 00 B5 01 55
20:11:38.491 * rx 200399 +0/105#9872 F0 69 00 01 C2 05 05 14 05 14 01 00 00 00 02 AA 00 AA 00 54 01 54 01 00 00 00 00 07 80 FF EE 03 1A 04 27 01 00 00 B0 80 21 22 1F 13 E1 D0 F1 F5 F7 FA 00 00 00 00 00 00 00 00 00 00 00 00 00 00
20:11:38.541 * rx 200399 +64/105#9872 00 00 00 00 01 00 10 00 00 07 00 00 00 00 00 00 00 00 00 00 00 00 00 F0 03 70 00 00 00 00 00 70 00 00 00 00 00 11 4A 0F 55
20:11:38.599 * rx 200401 F0 30 00 01 C2 06 82 00 C3 3C CF 22 10 E3 3B 5E 52 56 3E 01 00 1C 6B 6B 69 00 C3 3C 00 01 AB 00 F6 05 00 00 00 00 00 00 01 FF 01 FF 00 DF 0B 55
20:11:38.672 * tx 200414 F0 1D 00 01 C3 03 C2 2E 00 B2 11 B2 11 1C 00 00 06 00 00 02 00 02 01 00 00 00 81 03 55
20:11:38.714 * tx 200415 F0 16 00 01 C3 04 00 00 19 81 00 00 3D 00 00 00 01 00 00 B6 01 55
20:11:38.759 * rx 200415 +0/105#9876 F0 69 00 01 C3 05 05 14 05 14 01 00 00 00 02 AA 00 AA 00 54 01 54 01 00 00 00 00 07 80 FF EE 03 1A 04 27 01 00 00 B0 80 21 22 1F 13 23 F8 FC 08 10 0C 00 00 00 00 00 00 00 00 00 00 00 00 00 00
20:11:38.821 * rx 200415 +64/105#9876 00 00 00 00 01 00 10 00 00 07 00 00 00 00 00 00 00 00 00 00 00 00 00 F0 03 70 00 00 00 00 00 70 00 00 00 00 00 11 FE 0B 55
20:11:38.888 * rx 200418 F0 30 00 01 C3 06 82 00 C3 3C CF 22 10 E3 3B 5E 52 56 3E 01 00 1C 6B 6B 69 00 C3 3C 00 01 AB 00 F6 05 00 00 00 00 00 00 00 00 01 00 FF E0 0A 55
20:11:38.940 * tx 200430 F0 1D 00 01 C4 03 C2 2E 00 B2 11 B2 11 1C 00 00 06 00 00 02 00 02 01 00 00 00 82 03 55
20:11:38.993 * tx 200430 F0 16 00 01 C4 04 00 00 19 81 00 00 3D 00 00 00 01 00 00 B7 01 55
20:11:39.039 * rx 200432 +0/105#9880 F0 69 00 01 C4 05 05 14 05 14 01 00 00 00 02 AA 00 AA 00 54 01 54 01 00 00 00 00 07 80 FF EE 03 1A 04 27 01 00 00 B0 80 21 22 1F 13 E1 D0 F1 F5 F7 FA 00 00 00 00 00 00 00 00 00 00 00 00 00 00
20:11:39.106 * rx 200432 +64/105#9880 00 00 00 00 01 00 10 00 00 07 00 00 00 00 00 00 00 00 00 00 00 00 00 F0 03 70 00 00 00 00 00 70 00 00 00 00 00 11 4C 0F 55
20:11:39.153 * rx 200434 F0 30 00 01 C4 06 82 00 C3 3C CF 22 10 E3 3B 5E 52 56 3E 01 00 1C 6B 6B 69 00 C3 3C 00 01 AB 00 F6 05 00 00 00 00 00 00 00 00 00 00 00 E1 09 55
20:11:39.198 * tx 200447 F0 1D 00 01 C5 03 C2 2E 00 B2 11 B2 11 1C 00 00 06 00 00 02 00 02 01 00 00 00 83 03 55
20:11:39.249 * tx 200447 F0 16 00 01 C5 04 00 00 19 81 00 00 3D 00 00 00 01 00 00 B8 01 55
20:11:39.310 * rx 200449 +0/105#9884 F0 69 00 01 C5 05 05 14 05 14 01 00 00 00 02 AA 00 AA 00 54 01 54 01 00 00 00 00 07 80 FF EE 03 1A 04 27 01 00 00 B0 80 21 22 1F 13 23 F8 FC 08 10 0C 00 00 00 00 00 00 00 00 00 00 00 00 00 00
20:11:39.371 * rx 200449 +64/105#9884 00 00 00 00 01 00 10 00 00 07 00 00 00 00 00 00 00 00 00 00 00 00 00 F0 03 70 00 00 00 00 00 70 00 00 00 00 00 11 00 0C 55
20:11:39.428 * rx 200451 F0 30 00 01 C5 06 82 00 C3 3C CF 22 10 E3 3B 5E 52 56 3E 01 00 1C 6B 6B 69 00 C3 3C 00 01 AB 00 F6 05 00 00 00 00 00 00 00 00 00 00 00 E2 09 55
20:11:39.464 * tx 200464 F0 1D 00 01 C6 03 C2 2E 00 B2 11 B2 11 1C 00 00 06 00 00 02 00 02 01 00 00 00 84 03 55
20:11:39.520 * tx 200465 F0 16 00 01 C6 04 00 00 19 81 00 00 3D 00 00 00 01 00 00 B9 01 55
20:11:39.557 * rx 200465 +0/105#9888 F0 69 00 01 C6 05 05 14 05 14 01 00 00 00 02 AA 00 AA 00 54 01 54 01 00 00 00 00 07 80 FF EE 03 1A 04 27 01 00 00 B0 80 21 22 1F 13 E1 D0 F1 F5 F7 FA 00 00 00 00 00 00 00 00 00 00 00 00 00 00
20:11:39.598 * rx 200465 +64/105#9888 00 00 00 00 01 00 10 00 00 07 00 00 00 00 00 00 00 00 00 00 00 00 00 F0 03 70 00 00 00 00 00 70 00 00 00 00 00 11 4E 0F 55
20:11:39.644 * rxflood 109
20:11:39.710 * tx 201380 F0 1D 00 01 0D 03 C2 2E 00 B2 11 B2 11 1C 00 00 06 00 00 02 00 02 01 00 00 00 CB 02 55
20:11:39.756 * tx 201380 F0 16 00 01 0D 04 00 00 19 81 00 00 3D 00 00 00 01 00 00 00 01 55
20:11:39.804 * rx 201382 +0/105#10108 F0 69 00 01 0D 05 05 14 05 14 01 00 00 00 02 AA 00 AA 00 54 01 54 01 00 00 00 00 07 80 FF ED 03 1A 04 27 01 00 00 B0 80 21 22 1F 13 23 F8 FC 08 10 0C 00 00 00 00 00 00 00 00 00 00 00 00 00 00
20:11:39.851 * rx 201382 +64/105#10108 00 00 00 00 01 00 10 00 00 08 00 00 00 00 00 00 00 00 00 00 00 00 00 EF 03 70 00 00 00 00 00 70 00 00 00 00 00 11 47 0B 55
20:11:39.914 * rx 201384 F0 30 00 01 0D 06 82 00 CB 3C C9 22 10 EB 3B 60 52 42 3E 01 00 1C 6B 6B 65 00 CA 3C 00 01 AB 00 F4 05 00 00 00 00 00 00 00 00 00 00 00 23 09 55
20:11:39.955 * tx 201397 F0 1D 00 01 0E 03 C2 2E 00 B2 11 B2 11 1C 00 00 06 00 00 02 00 02 01 00 00 00 CC 02 55
20:11:40.004 * tx 201397 F0 16 00 01 0E 04 00 00 19 81 00 00 3D 00 00 00 01 00 00 01 01 55
20:11:40.041 * rx 201398 +0/105#10112 F0 69 00 01 0E 05 05 14 05 14 01 00 00 00 02 AA 00 AA 00 54 01 54 01 00 00 00 00 07 80 FF ED 03 1A 04 27 01 00 00 B0 80 21 22 1F 13 E1 D0 F0 F6 F7 F9 00 00 00 00 00 00 00 00 00 00 00 00 00 00
20:11:40.101 * rx 201398 +64/105#10112 00 00 00 00 01 00 10 00 00 08 00 00 00 00 00 00 00 00 00 00 00 00 00 EF 03 70 00 00 00 00 00 70 00 00 00 00 00 11 94 0E 55
20:11:40.138 * rx 201401 F0 30 00 01 0E 06 82 00 CB 3C C9 22 10 EB 3B 60 52 42 3E 01 00 1C 6B 6B 65 00 CA 3C 00 01 AB 00 F4 05 00 00 00 00 00 00 00 00 00 00 00 24 09 55
20:11:40.175 * tx 201414 F0 1D 00 01 0F 03 C2 2E 00 B2 11 B2 11 1C 00 00 06 00 00 02 00 02 01 00 00 00 CD 02 55
20:11:40.206 * tx 201415 F0 16 00 01 0F 04 00 00 19 81 00 00 3D 00 00 00 01 00 00 02 01 55
20:11:40.256 * rx 201415 +0/105#10116 F0 69 00 01 0F 05 05 14 05 14 01 00 00 00 02 AA 00 AA 00 54 01 54 01 00 00 00 00 07 80 FF ED 03 1A 04 27 01 00 00 B0 80 21 22 1F 13 23 F8 FC 08 10 0C 00 00 00 00 00 00 00 00 00 00 00 00 00 00
20:11:40.292 * rx 201415 +64/105#10116 00 00 00 00 01 00 10 00 00 08 00 00 00 00 00 00 00 00 00 00 00 00 00 EF 03 70 00 00 00 00 00 70 00 00 00 00 00 11 49 0B 55
20:11:40.329 * rx 201418 F0 30 00 01 0F 06 82 00 CB 3C C9 22 10 EB 3B 60 52 42 3E 01 00 1C 6B 6B 65 00 CA 3C 00 01 AB 00 F4 05 00 00 00 00 00 00 00 00 00 00 00 25 09 55
20:11:40.365 * tx 201430 F0 1D 00 01 10 03 C2 2E 00 B2 11 B2 11 1C 00 00 06 00 00 02 00 02 01 00 00 00 CE 02 55
20:11:40.433 * tx 201430 F0 16 00 01 10 04 00 00 19 81 00 00 3D 00 00 00 01 00 00 03 01 55
20:11:40.484 * rx 201432 +0/105#10120 F0 69 00 01 10 05 05 14 05 14 01 00 00 00 02 AA 00 AA 00 54 01 54 01 00 00 00 00 07 80 FF ED 03 1A 04 27 01 00 00 B0 80 21 22 1F 13 E1 D0 F0 F6 F7 F9 00 00 00 00 00 00 00 00 00 00 00 00 00 00
20:11:40.535 * rx 201432 +64/105#10120 00 00 00 00 01 00 10 00 00 08 00 00 00 00 00 00 00 00 00 00 00 00 00 EF 03 70 00 00 00 00 00 70 00 00 00 00 00 11 96 0E 55
20:11:40.586 * rx 201434 F0 30 00 01 10 06 82 00 CB 3C C9 22 10 EB 3B 60 52 42 3E 01 00 1C 6B 6B 65 00 CA 3C 00 01 AB 00 F4 05 00 00 00 00 00 00 00 00 00 00 00 26 09 55
20:11:40.656 * tx 201447 F0 1D 00 01 11 03 C2 2E 00 B2 11 B2 11 1C 00 00 06 00 00 02 00 02 01 00 00 00 CF 02 55
20:11:40.701 * tx 201447 F0 16 00 01 11 04 00 00 19 81 00 00 3D 00 00 00 01 00 00 04 01 55
20:11:40.748 * rx 201448 +0/105#10124 F0 69 00 01 11 05 05 14 05 14 01 00 00 00 02 AA 00 AA 00 54 01 54 01 00 00 00 00 07 80 FF ED 03 1A 04 27 01 00 00 B0 80 21 22 1F 13 23 F8 FC 08 10 0C 00 00 00 00 00 00 00 00 00 00 00 00 00 00
20:11:40.794 * rx 201448 +64/105#10124 00 00 00 00 01 00 10 00 00 08 00 00 00 00 00 00 00 00 00 00 00 00 00 EF 03 70 00 00 00 00 00 70 00 00 00 00 00 11 4B 0B 55
20:11:40.859 * rx 201451 F0 30 00 01 11 06 82 00 CB 3C C9 22 10 EB 3B 60 52 42 3E 01 00 1C 6B 6B 65 00 CA 3C 00 01 AB 00 F4 05 00 00 00 00 00 00 00 00 00 00 00 27 09 55
20:11:40.901 * tx 201464 F0 1D 00 01 12 03 C2 2E 00 B2 11 B2 11 1C 00 00 06 00 00 02 00 02 01 00 00 00 D0 02 55
20:11:40.944 * tx 201465 F0 16 00 01 12 04 00 00 19 81 00 00 3D 00 00 00 01 00 00 05 01 55
20:11:40.992 * rx 201465 +0/105#10128 F0 69 00 01 12 05 05 14 05 14 01 00 00 00 02 AA 00 AA 00 54 01 54 01 00 00 00 00 07 80 FF ED 03 1A 04 27 01 00 00 B0 80 21 22 1F 13 E1 D0 F0 F6 F7 F9 00 00 00 00 00 00 00 00 00 00 00 00 00 00
20:11:41.051 * rx 201465 +64/105#10128 00 00 00 00 01 00 10 00 00 08 00 00 00 00 00 00 00 00 00 00 00 00 00 EF 03 70 00 00 00 00 00 70 00 00 00 00 00 11 98 0E 55
20:11:41.092 * rxflood 109
20:11:41.138 * tx 202380 F0 1D 00 01 49 03 C2 2E 00 B2 11 B2 11 1C 00 00 06 00 00 02 00 02 01 00 00 00 07 03 55
20:11:41.192 * tx 202380 F0 16 00 01 49 04 00 00 19 81 00 00 3D 00 00 00 01 00 00 3C 01 55
20:11:41.264 * rx 202382 +0/105#10348 F0 69 00 01 49 05 05 14 05 14 01 00 00 00 02 AA 00 AA 00 54 01 54 01 00 00 00 00 07 80 FF ED 03 1A 04 27 01 00 00 B0 80 21 22 1F 13 23 F8 FC 08 10 0C 00 00 00 00 00 00 00 00 00 00 00 00 00 00
20:11:41.305 * rx 202382 +64/105#10348 00 00 00 00 01 00 10 00 00 08 00 00 00 00 00 00 00 00 00 00 00 00 00 EF 03 70 00 00 00 00 00 70 00 00 00 00 00 11 83 0B 55
20:11:41.349 * rx 202384 F0 30 00 01 49 06 82 00 CB 3C C9 22 10 EB 3B 60 52 42 3E 01 00 1C 6B 6B 65 00 CA 3C 00 01 AB 00 F4 05 00 00 00 00 00 00 00 00 00 00 00 5F 09 55
20:11:41.398 * tx 202397 F0 1D 00 01 4A 03 C2 2E 00 B2 11 B2 11 1C 00 00 06 00 00 02 00 02 01 00 00 00 08 03 55
20:11:41.456 * tx 202397 F0 16 00 01 4A 04 00 00 19 81 00 00 3D 00 00 00 01 00 00 3D 01 55
20:11:41.498 * rx 202399 +0/105#10352 F0 69 00 01 4A 05 05 14 05 14 01 00 00 00 02 AA 00 AA 00 54 01 54 01 00 00 00 00 07 80 FF ED 03 1A 04 27 01 00 00 B0 80 21 22 1F 13 E1 D0 F0 F6 F7 F9 00 00 00 00 00 00 00 00 00 00 00 00 00 00
20:11:41.536 * rx 202399 +64/105#10352 00 00 00 00 01 00 10 00 00 08 00 00 00 00 00 00 00 00 00 00 00 00 00 EF 03 70 00 00 00 00 00 70 00 00 00 00 00 11 D0 0E 55
20:11:41.580 * rx 202401 F0 30 00 01 4A 06 82 00 CB 3C C9 22 10 EB 3B 60 52 42 3E 01 00 1C 6B 6B 65 00 CA 3C 00 01 AB 00 F4 05 00 00 00 00 00 00 00 00 00 00 00 60 09 55
20:11:41.655 * tx 202414 F0 1D 00 01 4B 03 C2 2E 00 B2 11 B2 11 1C 00 00 06 00 00 02 00 02 01 00 00 00 09 03 55
20:11:41.709 * tx 202415 F0 16 00 01 4B 04 00 00 19 81 00 00 3D 00 00 00 01 00 00 3E 01 55
20:11:41.762 * rx 202415 +0/105#10356 F0 69 00 01 4B 05 05 14 05 14 01 00 00 00 02 AA 00 AA 00 54 01 54 01 00 00 00 00 07 80 FF ED 03 1A 04 27 01 00 00 B0 80 21 22 1F 13 23 F8 FC 08 10 0C 00 00 00 00 00 00 00 00 00 00 00 00 00 00
20:11:41.810 * rx 202415 +64/105#10356 00 00 00 00 01 00 10 00 00 08 00 00 00 00 00 00 00 00 00 00 00 00 00 EF 03 70 00 00 00 00 00 70 00 00 00 00 00 11 85 0B 55
20:11:41.901 * rx 202418 F0 30 00 01 4B 06 82 00 CB 3C C9 22 10 EB 3B 60 52 42 3E 01 00 1C 6B 6B 65 00 CA 3C 00 01 AB 00 F4 05 00 00 00 00 00 00 00 00 00 00 00 61 09 55
20:11:41.953 * tx 202430 F0 1D 00 01 4C 03 C2 2E 00 B2 11 B2 11 1C 00 00 06 00 00 02 00 02 01 00 00 00 0A 03 55
20:11:42.006 * tx 202430 F0 16 00 01 4C 04 00 00 19 81 00 00 3D 00 00 00 01 00 00 3F 01 55
20:11:42.061 * rx 202432 +0/105#10360 F0 69 00 01 4C 05 05 14 05 14 01 00 00 00 02 AA 00 AA 00 54 01 54 01 00 00 00 00 07 80 FF ED 03 1A 04 27 01 00 00 B0 80 21 22 1F 13 E1 D0 F0 F6 F7 F9 00 00 00 00 00 00 00 00 00 00 00 00 00 00
20:11:42.132 * rx 202432 +64/105#10360 00 00 00 00 01 00 10 00 00 08 00 00 00 00 00 00 00 00 00 00 00 00 00 EF 03 70 00 00 00 00 00 70 00 00 00 00 00 11 D2 0E 55
20:11:42.192 * rx 202434 F0 30 00 01 4C 06 82 00 CB 3C C9 22 10 EB 3B 60 52 42 3E 01 00 1C 6B 6B 65 00 CA 3C 00 01 AB 00 F4 05 00 00 00 00 00 00 00 00 00 00 00 62 09 55
20:11:42.234 * tx 202447 F0 1D 00 01 4D 03 C2 2E 00 B2 11 B2 11 1C 00 00 06 00 00 02 00 02 01 00 00 00 0B 03 55
20:11:42.274 * tx 202447 F0 16 00 01 4D 04 00 00 19 81 00 00 3D 00 00 00 01 00 00 40 01 55
20:11:42.349 * rx 202449 +0/105#10364 F0 69 00 01 4D 05 05 14 05 14 01 00 00 00 02 AA 00 AA 00 54 01 54 01 00 00 00 00 07 80 FF ED 03 1A 04 27 01 00 00 B0 80 21 22 1F 13 23 F8 FC 08 10 0C 00 00 00 00 00 00 00 00 00 00 00 00 00 00
20:11:42.400 * rx 202449 +64/105#10364 00 00 00 00 01 00 10 00 00 08 00 00 00 00 00 00 00 00 00 00 00 00 00 EF 03 70 00 00 00 00 00 70 00 00 00 00 00 11 87 0B 55
20:11:42.451 * rx 202451 F0 30 00 01 4D 06 82 00 CB 3C C9 22 10 EB 3B 60 52 42 3E 01 00 1C 6B 6B 65 00 CA 3C 00 01 AB 00 F4 05 00 00 00 00 00 00 00 00 00 00 00 63 09 55
20:11:42.501 * tx 202464 F0 1D 00 01 4E 03 C2 2E 00 B2 11 B2 11 1C 00 00 06 00 00 02 00 02 01 00 00 00 0C 03 55
20:11:42.577 * tx 202465 F0 16 00 01 4E 04 00 00 19 81 00 00 3D 00 00 00 01 00 00 41 01 55
20:11:42.635 * rx 202465 +0/105#10368 F0 69 00 01 4E 05 05 14 05 14 01 00 00 00 02 AA 00 AA 00 54 01 54 01 00 00 00 00 07 80 FF ED 03 1A 04 27 01 00 00 B0 80 21 22 1F 13 E1 D0 F0 F6 F7 F9 00 00 00 00 00 00 00 00 00 00 00 00 00 00
20:11:42.686 * rx 202465 +64/105#10368 00 00 00 00 01 00 10 00 00 08 00 00 00 00 00 00 00 00 00 00 00 00 00 EF 03 70 00 00 00 00 00 70 00 00 00 00 00 11 D4 0E 55
20:11:42.744 * rxflood 109
20:11:42.815 * tx 203381 F0 1D 00 01 85 03 C2 2E 00 B2 11 B2 11 1C 00 00 06 00 00 02 00 02 01 00 00 00 43 03 55
20:11:42.884 * tx 203382 F0 16 00 01 85 04 00 00 19 81 00 00 3D 00 00 00 01 00 00 78 01 55
20:11:42.931 * rx 203382 +0/105#10588 F0 69 00 01 85 05 05 14 05 14 01 00 00 00 02 AA 00 AA 00 54 01 54 01 00 00 00 DB 03 80 FE F2 03 1A 04 27 01 00 00 B0 80 21 22 1E 14 23 F4 FC 08 0C 0C 00 00 00 00 00 00 00 00 00 00 00 00 00 00
20:11:42.968 * rx 203382 +64/105#10588 00 00 00 00 01 00 10 00 00 07 00 00 00 00 00 00 00 00 00 00 00 00 00 F4 03 70 00 00 00 00 00 70 00 00 00 00 00 11 96 0C 55
20:11:43.020 * rx 203384 F0 30 00 01 85 06 82 00 B1 3C DF 22 10 CD 3B 59 52 89 3E 01 00 1C 6B 6B 79 00 B1 3C 00 01 AC 00 FD 05 00 00 00 00 00 00 00 00 00 00 00 BE 09 55
20:11:43.055 * tx 203397 F0 1D 00 01 86 03 C2 2E 00 B2 11 B2 11 1C 00 00 06 00 00 02 00 02 01 00 00 00 44 03 55
20:11:43.093 * tx 203397 F0 16 00 01 86 04 00 00 19 81 00 00 3D 00 00 00 01 00 00 79 01 55
20:11:43.135 * rx 203398 +0/105#10592 F0 69 00 01 86 05 05 14 05 14 01 00 00 00 02 AA 00 AA 00 54 01 54 01 00 00 00 DB 03 80 FE F2 03 1A 04 27 01 00 00 B0 80 21 22 1E 14 E1 CE F0 F6 F6 FA 00 00 00 00 00 00 00 00 00 00 00 00 00 00
20:11:43.189 * rx 203398 +64/105#10592 00 00 00 00 01 00 10 00 00 07 00 00 00 00 00 00 00 00 00 00 00 00 00 F4 03 70 00 00 00 00 00 70 00 00 00 00 00 11 E9 0F 55
20:11:43.233 * rx 203401 F0 30 00 01 86 06 82 00 B1 3C DF 22 10 CD 3B 59 52 89 3E 01 00 1C 6B 6B 79 00 B1 3C 00 01 AC 00 FD 05 00 00 00 00 00 00 00 00 00 00 00 BF 09 55
20:11:43.271 * tx 203414 F0 1D 00 01 87 03 C2 2E 00 B2 11 B2 11 1C 00 00 06 00 00 02 00 02 01 00 00 00 45 03 55
20:11:43.311 * tx 203415 F0 16 00 01 87 04 00 00 19 81 00 00 3D 00 00 00 01 00 00 7A 01 55
20:11:43.366 * rx 203415 +0/105#10596 F0 69 00 01 87 05 05 14 05 14 01 00 00 00 02 AA 00 AA 00 54 01 54 01 00 00 00 DB 03 80 FE F2 03 1A 04 27 01 00 00 B0 80 21 22 1E 14 23 F4 FC 08 0C 0C 00 00 00 00 00 00 00 00 00 00 00 00 00 00
20:11:43.407 * rx 203415 +64/105#10596 00 00 00 00 01 00 10 00 00 07 00 00 00 00 00 00 00 00 00 00 00 00 00 F4 03 70 00 00 00 00 00 70 00 00 00 00 00 11 98 0C 55
20:11:43.447 * rx 203418 F0 30 00 01 87 06 82 00 B1 3C DF 22 10 CD 3B 59 52 89 3E 01 00 1C 6B 6B 79 00 B1 3C 00 01 AC 00 FD 05 00 00 00 00 00 00 00 00 00 00 00 C0 09 55
20:11:43.488 * tx 203431 F0 1D 00 01 88 03 C2 2E 00 B2 11 B2 11 1C 00 00 06 00 00 02 00 02 01 00 00 00 46 03 55
20:11:43.546 * tx 203432 F0 16 00 01 88 04 00 00 19 81 00 00 3D 00 00 00 01 00 00 7B 01 55
20:11:43.584 * rx 203432 +0/105#10600 F0 69 00 01 88 05 05 14 05 14 01 00 00 00 02 AA 00 AA 00 54 01 54 01 00 00 00 DB 03 80 FE F2 03 1A 04 27 01 00 00 B0 80 21 22 1E 14 E1 CE F0 F6 F6 FA 00 00 00 00 00 00 00 00 00 00 00 00 00 00
20:11:43.624 * rx 203432 +64/105#10600 00 00 00 00 01 00 10 00 00 07 00 00 00 00 00 00 00 00 00 00 00 00 00 F4 03 70 00 00 00 00 00 70 00 00 00 00 00 11 EB 0F 55
20:11:43.665 * rx 203434 F0 30 00 01 88 06 82 00 B1 3C DF 22 10 CD 3B 59 52 89 3E 01 00 1C 6B 6B 79 00 B1 3C 00 01 AC 00 FD 05 00 00 00 00 00 00 00 00 00 00 00 C1 09 55
20:11:43.723 * tx 203447 F0 1D 00 01 89 03 C2 2E 00 B2 11 B2 11 1C 00 00 06 00 00 02 00 02 01 00 00 00 47 03 55
20:11:43.761 * tx 203447 F0 16 00 01 89 04 00 00 19 81 00 00 3D 00 00 00 01 00 00 7C 01 55
20:11:43.796 * rx 203449 +0/105#10604 F0 69 00 01 89 05 05 14 05 14 01 00 00 00 02 AA 00 AA 00 54 01 54 01 00 00 00 DB 03 80 FE F2 03 1A 04 27 01 00 00 B0 80 21 22 1E 14 23 F4 FC 08 0C 0C 00 00 00 00 00 00 00 00 00 00 00 00 00 00
20:11:43.860 * rx 203449 +64/105#10604 00 00 00 00 01 00 10 00 00 07 00 00 00 00 00 00 00 00 00 00 00 00 00 F4 03 70 00 00 00 00 00 70 00 00 00 00 00 11 9A 0C 55
20:11:43.913 * rx 203451 F0 30 00 01 89 06 82 00 B1 3C DF 22 10 CD 3B 59 52 89 3E 01 00 1C 6B 6B 79 00 B1 3C 00 01 AC 00 FD 05 00 00 00 00 00 00 00 00 00 00 00 C2 09 55
20:11:43.952 * tx 203464 F0 1D 00 01 8A 03 C2 2E 00 B2 11 B2 11 1C 00 00 06 00 00 02 00 02 01 00 00 00 48 03 55
20:11:43.991 * tx 203465 F0 16 00 01 8A 04 00 00 19 81 00 00 3D 00 00 00 01 00 00 7D 01 55
20:11:44.028 * rx 203465 +0/105#10608 F0 69 00 01 8A 05 05 14 05 14 01 00 00 00 02 AA 00 AA 00 54 01 54 01 00 00 00 DB 03 80 FE F2 03 1A 04 27 01 00 00 B0 80 21 22 1E 14 E1 CE F0 F6 F6 FA 00 00 00 00 00 00 00 00 00 00 00 00 00 00
20:11:44.082 * rx 203465 +64/105#10608 00 00 00 00 01 00 10 00 00 07 00 00 00 00 00 00 00 00 00 00 00 00 00 F4 03 70 00 00 00 00 00 70 00 00 00 00 00 11 ED 0F 55
20:11:44.120 * rxflood 109
20:11:44.158 * tx 204381 F0 1D 00 01 C1 03 C2 2E 00 B2 11 B2 11 1C 00 00 06 00 00 02 00 02 01 00 00 00 7F 03 55
20:11:44.200 * tx 204382 F0 16 00 01 C1 04 00 00 19 81 00 00 3D 00 00 00 01 00 00 B4 01 55
20:11:44.256 * rx 204382 +0/105#10828 F0 69 00 01 C1 05 05 14 05 14 01 00 00 00 02 AA 00 AA 00 54 01 54 01 00 00 00 8C 03 80 FE F2 03 1A 04 27 01 00 00 B0 80 21 22 1E 14 23 F4 FC 08 0C 0C 00 00 00 00 00 00 00 00 00 00 00 00 00 00
20:11:44.298 * rx 204382 +64/105#10828 00 00 00 00 01 00 10 00 00 07 00 00 00 00 00 00 00 00 00 00 00 00 00 F4 03 70 00 00 00 00 00 70 00 00 00 00 00 11 83 0C 55
20:11:44.334 * rx 204384 F0 30 00 01 C1 06 82 00 B3 3C DF 22 10 CD 3B 59 52 89 3E 01 00 1C 6B 6B 79 00 B3 3C 00 01 AC 00 FD 05 00 00 00 00 00 00 00 00 00 00 00 FE 09 55
20:11:44.375 * tx 204397 F0 1D 00 01 C2 03 C2 2E 00 B2 11 B2 11 1C 00 00 06 00 00 02 00 02 01 00 00 00 80 03 55
20:11:44.431 * tx 204397 F0 16 00 01 C2 04 00 00 19 81 00 00 3D 00 00 00 01 00 00 B5 01 55
20:11:44.472 * rx 204399 +0/105#10832 F0 69 00 01 C2 05 05 14 05 14 01 00 00 00 02 AA 00 AA 00 54 01 54 01 00 00 00 8C 03 80 FE F2 03 1A 04 27 01 00 00 B0 80 21 22 1E 14 E1 CE F0 F6 F7 F9 00 00 00 00 00 00 00 00 00 00 00 00 00 00
20:11:44.510 * rx 204399 +64/105#10832 00 00 00 00 01 00 10 00 00 07 00 00 00 00 00 00 00 00 00 00 00 00 00 F4 03 70 00 00 00 00 00 70 00 00 00 00 00 11 D6 0F 55
20:11:44.545 * rx 204401 F0 30 00 01 C2 06 82 00 B3 3C DF 22 10 CD 3B 59 52 89 3E 01 00 1C 6B 6B 79 00 B3 3C 00 01 AC 00 FD 05 00 00 00 00 00 00 00 00 00 00 00 FF 09 55
20:11:44.602 * tx 204414 F0 1D 00 01 C3 03 C2 2E 00 B2 11 B2 11 1C 00 00 06 00 00 02 00 02 01 00 00 00 81 03 55
20:11:44.644 * tx 204415 F0 16 00 01 C3 04 00 00 19 81 00 00 3D 00 00 00 01 00 00 B6 01 55
20:11:44.681 * rx 204415 +0/105#10836 F0 69 00 01 C3 05 05 14 05 14 01 00 00 00 02 AA 00 AA 00 54 01 54 01 00 00 00 8C 03 80 FE F2 03 1A 04 27 01 00 00 B0 80 21 22 1E 14 23 F4 FC 08 0C 0C 00 00 00 00 00 00 00 00 00 00 00 00 00 00
20:11:44.726 * rx 204415 +64/105#10836 00 00 00 00 01 00 10 00 00 07 00 00 00 00 00 00 00 00 00 00 00 00 00 F4 03 70 00 00 00 00 00 70 00 00 00 00 00 11 85 0C 55
20:11:44.784 * rx 204418 F0 30 00 01 C3 06 82 00 B3 3C DF 22 10 CD 3B 59 52 89 3E 01 00 1C 6B 6B 79 00 B3 3C 00 01 AC 00 FD 05 00 00 00 00 00 00 00 00 00 00 00 00 0A 55
20:11:44.823 * tx 204431 F0 1D 00 01 C4 03 C2 2E 00 B2 11 B2 11 1C 00 00 06 00 00 02 00 02 01 00 00 00 82 03 55
20:11:44.858 * tx 204432 F0 16 00 01 C4 04 00 00 19 81 00 00 3D 00 00 00 01 00 00 B7 01 55
20:11:44.897 * rx 204432 +0/105#10840 F0 69 00 01 C4 05 05 14 05 14 01 00 00 00 02 AA 00 AA 00 54 01 54 01 00 00 00 8C 03 80 FE F2 03 1A 04 27 01 00 00 B0 80 21 22 1E 14 E1 CE F0 F6 F7 F9 00 00 00 00 00 00 00 00 00 00 00 00 00 00
20:11:44.952 * rx 204432 +64/105#10840 00 00 00 00 01 00 10 00 00 07 00 00 00 00 00 00 00 00 00 00 00 00 00 F4 03 70 00 00 00 00 00 70 00 00 00 00 00 11 D8 0F 55
20:11:44.992 * rx 204434 F0 30 00 01 C4 06 82 00 B3 3C DF 22 10 CD 3B 59 52 89 3E 01 00 1C 6B 6B 79 00 B3 3C 00 01 AC 00 FD 05 00 00 00 00 00 00 00 00 00 00 00 01 0A 55
20:11:45.028 * tx 204447 F0 1D 00 01 C5 03 C2 2E 00 B2 11 B2 11 1C 00 00 06 00 00 02 00 02 01 00 00 00 83 03 55
20:11:45.064 * tx 204447 F0 16 00 01 C5 04 00 00 19 81 00 00 3D 00 00 00 01 00 00 B8 01 55
20:11:45.127 * rx 204449 +0/105#10844 F0 69 00 01 C5 05 05 14 05 14 01 00 00 00 02 AA 00 AA 00 54 01 54 01 00 00 00 8C 03 80 FE F2 03 1A 04 27 01 00 00 B0 80 21 22 1E 14 23 F4 FC 08 0C 0C 00 00 00 00 00 00 00 00 00 00 00 00 00 00
20:11:45.167 * rx 204449 +64/105#10844 00 00 00 00 01 00 10 00 00 07 00 00 00 00 00 00 00 00 00 00 00 00 00 F4 03 70 00 00 00 00 00 70 00 00 00 00 00 11 87 0C 55
20:11:45.208 * rx 204451 F0 30 00 01 C5 06 82 00 B3 3C DF 22 10 CD 3B 59 52 89 3E 01 00 1C 6B 6B 79 00 B3 3C 00 01 AC 00 FD 05 00 00 00 00 00 00 00 00 00 00 00 02 0A 55
20:11:45.245 * tx 204464 F0 1D 00 01 C6 03 C2 2E 00 B2 11 B2 11 1C 00 00 06 00 00 02 00 02 01 00 00 00 84 03 55
20:11:45.299 * tx 204465 F0 16 00 01 C6 04 00 00 19 81 00 00 3D 00 00 00 01 00 00 B9 01 55
20:11:45.335 * rx 204465 +0/105#10848 F0 69 00 01 C6 05 05 14 05 14 01 00 00 00 02 AA 00 AA 00 54 01 54 01 00 00 00 8C 03 80 FE F2 03 1A 04 27 01 00 00 B0 80 21 22 1E 14 E1 CE F0 F6 F7 F9 00 00 00 00 00 00 00 00 00 00 00 00 00 00
20:11:45.373 * rx 204465 +64/105#10848 00 00 00 00 01 00 10 00 00 07 00 00 00 00 00 00 00 00 00 00 00 00 00 F4 03 70 00 00 00 00 00 70 00 00 00 00 00 11 DA 0F 55
20:11:45.410 * rxflood 109
20:11:45.465 * tx 205381 F0 1D 00 01 0D 03 C2 2E 00 B2 11 B2 11 1C 00 00 06 00 00 02 00 02 01 00 00 00 CB 02 55
20:11:45.505 * tx 205382 F0 16 00 01 0D 04 00 00 19 81 00 00 3D 00 00 00 01 00 00 00 01 55
20:11:45.540 * rx 205382 +0/105#11068 F0 69 00 01 0D 05 05 14 05 14 01 00 00 00 02 AA 00 AA 00 54 01 54 01 00 00 00 8C 03 80 FE F2 03 1A 04 27 01 00 00 B0 80 21 22 1E 14 23 F4 FC 08 0C 0C 00 00 00 00 00 00 00 00 00 00 00 00 00 00
20:11:45.577 * rx 205382 +64/105#11068 00 00 00 00 01 00 10 00 00 07 00 00 00 00 00 00 00 00 00 00 00 00 00 F4 03 70 00 00 00 00 00 70 00 00 00 00 00 11 CF 0B 55
20:11:45.633 * rx 205384 F0 30 00 01 0D 06 82 00 B3 3C DF 22 10 CD 3B 59 52 89 3E 01 00 1C 6B 6B 79 00 B3 3C 00 01 AC 00 FD 05 00 00 00 00 00 00 00 00 00 00 00 4A 09 55
20:11:45.672 * tx 205397 F0 1D 00 01 0E 03 C2 2E 00 B2 11 B2 11 1C 00 00 06 00 00 02 00 02 01 00 00 00 CC 02 55
20:11:45.714 * tx 205397 F0 16 00 01 0E 04 00 00 19 81 00 00 3D 00 00 00 01 00 00 01 01 55
20:11:45.752 * rx 205399 +0/105#11072 F0 69 00 01 0E 05 05 14 05 14 01 00 00 00 02 AA 00 AA 00 54 01 54 01 00 00 00 8C 03 80 FE F2 03 1A 04 27 01 00 00 B0 80 21 22 1E 14 E1 CE F0 F6 F7 F9 00 00 00 00 00 00 00 00 00 00 00 00 00 00
20:11:45.811 * rx 205399 +64/105#11072 00 00 00 00 01 00 10 00 00 07 00 00 00 00 00 00 00 00 00 00 00 00 00 F4 03 70 00 00 00 00 00 70 00 00 00 00 00 11 22 0F 55
20:11:45.850 * rx 205401 F0 30 00 01 0E 06 82 00 B3 3C DF 22 10 CD 3B 59 52 89 3E 01 00 1C 6B 6B 79 00 B3 3C 00 01 AC 00 FD 05 00 00 00 00 00 00 00 00 00 00 00 4B 09 55
20:11:45.887 * tx 205414 F0 1D 00 01 0F 03 C2 2E 00 B2 11 B2 11 1C 00 00 06 00 00 02 00 02 01 00 00 00 CD 02 55
20:11:45.928 * tx 205414 F0 16 00 01 0F 04 00 00 19 81 00 00 3D 00 00 00 01 00 00 02 01 55
20:11:45.986 * rx 205415 +0/105#11076 F0 69 00 01 0F 05 05 14 05 14 01 00 00 00 02 AA 00 AA 00 54 01 54 01 00 00 00 8C 03 80 FE F2 03 1A 04 27 01 00 00 B0 80 21 22 1E 14 23 F4 FC 08 0C 0C 00 00 00 00 00 00 00 00 00 00 00 00 00 00
20:11:46.024 * rx 205415 +64/105#11076 00 00 00 00 01 00 10 00 00 07 00 00 00 00 00 00 00 00 00 00 00 00 00 F4 03 70 00 00 00 00 00 70 00 00 00 00 00 11 D1 0B 55
20:11:46.060 * rx 205418 F0 30 00 01 0F 06 82 00 B3 3C DF 22 10 CD 3B 59 52 89 3E 01 00 1C 6B 6B 79 00 B3 3C 00 01 AC 00 FD 05 00 00 00 00 00 00 00 00 00 00 00 4C 09 55
20:11:46.095 * tx 205431 F0 1D 00 01 10 03 C2 2E 00 B2 11 B2 11 1C 00 00 06 00 00 02 00 02 01 00 00 00 CE 02 55
20:11:46.148 * tx 205432 F0 16 00 01 10 04 00 00 19 81 00 00 3D 00 00 00 01 00 00 03 01 55
20:11:46.187 * rx 205432 +0/105#11080 F0 69 00 01 10 05 05 14 05 14 01 00 00 00 02 AA 00 AA 00 54 01 54 01 00 00 00 8C 03 80 FE F2 03 1A 04 27 01 00 00 B0 80 21 22 1E 14 E1 CE F0 F6 F7 F9 00 00 00 00 00 00 00 00 00 00 00 00 00 00
20:11:46.226 * rx 205432 +64/105#11080 00 00 00 00 01 00 10 00 00 07 00 00 00 00 00 00 00 00 00 00 00 00 00 F4 03 70 00 00 00 00 00 70 00 00 00 00 00 11 24 0F 55
20:11:46.265 * rx 205434 F0 30 00 01 10 06 82 00 B3 3C DF 22 10 CD 3B 59 52 89 3E 01 00 1C 6B 6B 79 00 B3 3C 00 01 AC 00 FD 05 00 00 00 00 00 00 00 00 00 00 00 4D 09 55
20:11:46.320 * tx 205447 F0 1D 00 01 11 03 C2 2E 00 B2 11 B2 11 1C 00 00 06 00 00 02 00 02 01 00 00 00 CF 02 55
20:11:46.358 * tx 205447 F0 16 00 01 11 04 00 00 19 81 00 00 3D 00 00 00 01 00 00 04 01 55
20:11:46.394 * rx 205449 +0/105#11084 F0 69 00 01 11 05 05 14 05 14 01 00 00 00 02 AA 00 AA 00 54 01 54 01 00 00 00 8C 03 80 FE F2 03 1A 04 27 01 00 00 B0 80 21 22 1E 14 23 F4 FC 08 0C 0C 00 00 00 00 00 00 00 00 00 00 00 00 00 00
20:11:46.434 * rx 205449 +64/105#11084 00 00 00 00 01 00 10 00 00 07 00 00 00 00 00 00 00 00 00 00 00 00 00 F4 03 70 00 00 00 00 00 70 00 00 00 00 00 11 D3 0B 55
20:11:46.492 * rx 205451 F0 30 00 01 11 06 82 00 B3 3C DF 22 10 CD 3B 59 52 89 3E 01 00 1C 6B 6B 79 00 B3 3C 00 01 AC 00 FD 05 00 00 00 00 00 00 00 00 00 00 00 4E 09 55
20:11:46.534 * tx 205464 F0 1D 00 01 12 03 C2 2E 00 B2 11 B2 11 1C 00 00 06 00 00 02 00 02 01 00 00 00 D0 02 55
20:11:46.573 * tx 205465 F0 16 00 01 12 04 00 00 19 81 00 00 3D 00 00 00 01 00 00 05 01 55
20:11:46.613 * rx 205465 +0/105#11088 F0 69 00 01 12 05 05 14 05 14 01 00 00 00 02 AA 00 AA 00 54 01 54 01 00 00 00 8C 03 80 FE F2 03 1A 04 27 01 00 00 B0 80 21 22 1E 14 E1 CE F0 F6 F7 F9 00 00 00 00 00 00 00 00 00 00 00 00 00 00
20:11:46.668 * rx 205465 +64/105#11088 00 00 01 00 01 00 10 00 00 07 00 00 00 00 00 00 00 00 00 00 00 00 00 F4 03 70 00 00 00 00 00 70 00 00 00 00 00 11 27 0F 55
20:11:46.706 > f21086
20:11:46.785 [app] lecture : The device has been lost.
20:11:46.826 [app] liaison perdue
20:11:46.867 [app] déplacement refusé : null
20:11:46.926 [app] déplacement refusé : null
20:11:46.927 [app] déplacement refusé : null
20:11:46.927 [app] déplacement refusé : null
