23:45:07.677 [app] carte : protocole 1.3
23:45:07.696 [app] prêt : FE 24-105mm F4 G OSS — focus par « - »
23:45:10.594 > f17194
23:45:10.596 ok
23:45:11.660 > f16113
23:45:11.662 ok
23:45:12.865 > f17494
23:45:12.868 ok
23:45:13.965 > f16113
23:45:13.968 ok
23:45:14.784 > f17494
23:45:14.787 ok
23:45:15.862 > f16113
23:45:15.865 ok
23:45:17.835 > f17494
23:45:17.838 ok
23:45:19.545 > f16113
23:45:19.547 ok
23:45:21.065 > f17494
23:45:21.067 ok
23:45:22.470 > f16113
23:45:22.472 ok
23:45:23.820 > f17494
23:45:23.822 ok
23:45:24.988 > f16113
23:45:24.990 ok
23:45:27.217 > f17494
23:45:27.221 ok
23:45:28.375 > f16113
23:45:28.378 ok
23:45:29.460 > f17494
23:45:29.463 ok
23:45:30.586 > f16113
23:45:30.589 ok
23:45:31.703 > f17494
23:45:31.707 ok
23:45:33.046 > f16113
23:45:33.049 ok
23:45:34.080 > f17494
23:45:34.083 ok
23:45:35.105 > f16113
23:45:35.108 ok
23:45:36.437 > f17494
23:45:36.440 ok
23:45:37.551 > f16113
23:45:37.555 ok
23:45:38.788 > f17494
23:45:38.792 ok
23:45:48.015 > LOG ALL
23:45:48.018 ok log=1 all=1
23:45:48.031 * tx 46093 F0 1D 00 01 4E 03 C2 2E 00 B2 11 B2 11 1C 00 00 06 00 00 02 00 02 01 00 00 00 0C 03 55
23:45:48.034 * tx 46093 F0 16 00 01 4E 04 00 00 19 81 00 00 3D 00 00 00 01 00 00 41 01 55
23:45:48.036 * rx 46095 +0/105#3 F0 69 00 01 4E 05 05 14 05 14 01 00 00 00 02 AA 00 AA 00 54 01 54 01 00 00 00 27 01 80 89 F3 00 F0 00 2E 01 00 00 A0 38 1C 0C 09 05 25 F4 38 08 08 04 00 00 00 00 00 00 00 00 00 00 FC FF 00 00
23:45:48.038 * rx 46095 +64/105#3 00 00 00 00 01 00 10 00 00 07 00 00 00 00 00 00 00 00 00 00 00 00 00 46 01 70 00 00 00 00 00 70 00 00 00 00 00 11 F1 0B 55
23:45:48.039 * rx 46097 F0 30 00 01 4E 06 82 00 49 44 DD 0F 10 F1 3E 56 44 6E 00 01 00 1C 27 27 EE 00 48 44 00 40 87 00 31 02 00 00 00 00 00 00 00 00 00 00 00 A6 07 55
23:45:48.052 * tx 46110 F0 1D 00 01 4F 03 C2 2E 00 B2 11 B2 11 1C 00 00 06 00 00 02 00 02 01 00 00 00 0D 03 55
23:45:48.055 * tx 46110 F0 16 00 01 4F 04 00 00 19 81 00 00 3D 00 00 00 01 00 00 42 01 55
23:45:48.057 * rx 46111 +0/105#7 F0 69 00 01 4F 05 05 14 05 14 01 00 00 00 02 AA 00 AA 00 54 01 54 01 00 00 00 27 01 80 89 F3 00 F0 00 2E 01 00 00 A0 38 1C 0C 09 05 D0 F9 F7 00 FF 00 00 00 00 00 00 00 00 00 00 00 FC FF 00 00
23:45:48.060 * rx 46111 +64/105#7 00 00 00 00 01 00 10 00 00 07 00 00 00 00 00 00 00 00 00 00 00 00 00 46 01 70 00 00 00 00 00 70 00 00 00 00 00 11 4C 0E 55
23:45:48.063 * rx 46114 F0 30 00 01 4F 06 82 00 49 44 DD 0F 10 F1 3E 56 44 6E 00 01 00 1C 27 27 EE 00 48 44 00 40 87 00 31 02 00 00 00 00 00 00 00 00 00 00 00 A7 07 55
23:45:48.071 * tx 46127 F0 1D 00 01 50 03 C2 2E 00 B2 11 B2 11 1C 00 00 06 00 00 02 00 02 01 00 00 00 0E 03 55
23:45:48.074 * tx 46128 F0 16 00 01 50 04 00 00 19 81 00 00 3D 00 00 00 01 00 00 43 01 55
23:45:48.076 * rx 46128 +0/105#11 F0 69 00 01 50 05 05 14 05 14 01 00 00 00 02 AA 00 AA 00 54 01 54 01 00 00 00 27 01 80 89 F3 00 F0 00 2E 01 00 00 A0 38 1C 0C 09 05 25 F4 38 08 08 04 00 00 00 00 00 00 00 00 00 00 FC FF 00 00
23:45:48.080 * rx 46128 +64/105#11 00 00 00 00 01 00 10 00 00 07 00 00 00 00 00 00 00 00 00 00 00 00 00 46 01 70 00 00 00 00 00 70 00 00 00 00 00 11 F3 0B 55
23:45:48.082 * rx 46130 F0 30 00 01 50 06 82 00 49 44 DD 0F 10 F1 3E 56 44 6E 00 01 00 1C 27 27 EE 00 48 44 00 40 87 00 31 02 00 00 00 00 00 00 00 00 00 00 00 A8 07 55
23:45:48.084 * tx 46143 F0 1D 00 01 51 03 C2 2E 00 B2 11 B2 11 1C 00 00 06 00 00 02 00 02 01 00 00 00 0F 03 55
23:45:48.093 * tx 46143 F0 16 00 01 51 04 00 00 19 81 00 00 3D 00 00 00 01 00 00 44 01 55
23:45:48.096 * rx 46145 +0/105#15 F0 69 00 01 51 05 05 14 05 14 01 00 00 00 02 AA 00 AA 00 54 01 54 01 00 00 00 27 01 80 89 F3 00 F0 00 2E 01 00 00 A0 38 1C 0C 09 05 D0 F9 F7 00 FF 00 00 00 00 00 00 00 00 00 00 00 FC FF 00 00
23:45:48.097 * rx 46145 +64/105#15 00 00 00 00 01 00 10 00 00 07 00 00 00 00 00 00 00 00 00 00 00 00 00 46 01 70 00 00 00 00 00 70 00 00 00 00 00 11 4E 0E 55
23:45:48.099 * rx 46147 F0 30 00 01 51 06 82 00 49 44 DD 0F 10 F1 3E 56 44 6E 00 01 00 1C 27 27 EE 00 48 44 00 40 87 00 31 02 00 00 00 00 00 00 00 00 00 00 00 A9 07 55
23:45:48.100 * tx 46160 F0 1D 00 01 52 03 C2 2E 00 B2 11 B2 11 1C 00 00 06 00 00 02 00 02 01 00 00 00 10 03 55
23:45:48.101 * tx 46160 F0 16 00 01 52 04 00 00 19 81 00 00 3D 00 00 00 01 00 00 45 01 55
23:45:48.103 * rx 46161 +0/105#19 F0 69 00 01 52 05 05 14 05 14 01 00 00 00 02 AA 00 AA 00 54 01 54 01 00 00 00 27 01 80 89 F3 00 F0 00 2E 01 00 00 A0 38 1C 0C 09 05 25 F4 38 08 08 04 00 00 00 00 00 00 00 00 00 00 FC FF 00 00
23:45:48.104 * rx 46161 +64/105#19 00 00 00 00 01 00 10 00 00 07 00 00 00 00 00 00 00 00 00 00 00 00 00 46 01 70 00 00 00 00 00 70 00 00 00 00 00 11 F5 0B 55
23:45:48.112 * rx 46164 F0 30 00 01 52 06 82 00 49 44 DD 0F 10 F1 3E 56 44 6E 00 01 00 1C 27 27 EE 00 48 44 00 40 87 00 31 02 00 00 00 00 00 00 00 00 00 00 00 AA 07 55
23:45:48.114 * tx 46177 F0 1D 00 01 53 03 C2 2E 00 B2 11 B2 11 1C 00 00 06 00 00 02 00 02 01 00 00 00 11 03 55
23:45:48.115 * tx 46178 F0 16 00 01 53 04 00 00 19 81 00 00 3D 00 00 00 01 00 00 46 01 55
23:45:48.117 * rx 46178 +0/105#23 F0 69 00 01 53 05 05 14 05 14 01 00 00 00 02 AA 00 AA 00 54 01 54 01 00 00 00 27 01 80 89 F3 00 F0 00 2E 01 00 00 A0 38 1C 0C 09 05 D0 F9 F7 00 FF 00 00 00 00 00 00 00 00 00 00 00 FC FF 00 00
23:45:48.118 * rx 46178 +64/105#23 00 00 00 00 01 00 10 00 00 07 00 00 00 00 00 00 00 00 00 00 00 00 00 46 01 70 00 00 00 00 00 70 00 00 00 00 00 11 50 0E 55
23:45:48.121 * rx 46180 F0 30 00 01 53 06 82 00 49 44 DD 0F 10 F1 3E 56 44 6E 00 01 00 1C 27 27 EE 00 48 44 00 40 87 00 31 02 00 00 00 00 00 00 00 00 00 00 00 AB 07 55
23:45:49.032 * rxflood 108
23:45:49.036 * tx 47093 F0 16 00 01 8A 04 00 00 19 81 00 00 3D 00 00 00 01 00 00 7D 01 55
23:45:49.038 * rx 47095 +0/105#243 F0 69 00 01 8A 05 05 14 05 14 01 00 00 00 02 AA 00 AA 00 54 01 54 01 00 00 00 27 01 80 89 F3 00 F0 00 2E 01 00 00 A0 38 1C 0C 09 05 25 F4 38 08 08 04 00 00 00 00 00 00 00 00 00 00 FC FF 00 00
23:45:49.040 * rx 47095 +64/105#243 00 00 00 00 01 00 10 00 00 07 00 00 00 00 00 00 00 00 00 00 00 00 00 46 01 70 00 00 00 00 00 70 00 00 00 00 00 11 2D 0C 55
23:45:49.041 * rx 47097 F0 30 00 01 8A 06 82 00 49 44 DD 0F 10 F1 3E 56 44 6E 00 01 00 1C 27 27 EE 00 48 44 00 40 87 00 31 02 00 00 00 00 00 00 00 00 00 00 00 E2 07 55
23:45:49.052 * tx 47110 F0 1D 00 01 8B 03 C2 2E 00 B2 11 B2 11 1C 00 00 06 00 00 02 00 02 01 00 00 00 49 03 55
23:45:49.056 * tx 47110 F0 16 00 01 8B 04 00 00 19 81 00 00 3D 00 00 00 01 00 00 7E 01 55
23:45:49.058 * rx 47111 +0/105#247 F0 69 00 01 8B 05 05 14 05 14 01 00 00 00 02 AA 00 AA 00 54 01 54 01 00 00 00 27 01 80 89 F3 00 F0 00 2E 01 00 00 A0 38 1C 0C 09 05 D0 F9 F7 00 FF 00 00 00 00 00 00 00 00 00 00 00 FC FF 00 00
23:45:49.060 * rx 47111 +64/105#247 00 00 00 00 01 00 10 00 00 07 00 00 00 00 00 00 00 00 00 00 00 00 00 46 01 70 00 00 00 00 00 70 00 00 00 00 00 11 88 0E 55
23:45:49.063 * rx 47114 F0 30 00 01 8B 06 82 00 49 44 DD 0F 10 F1 3E 56 44 6E 00 01 00 1C 27 27 EE 00 48 44 00 40 87 00 31 02 00 00 00 00 00 00 00 00 00 00 00 E3 07 55
23:45:49.072 * tx 47127 F0 1D 00 01 8C 03 C2 2E 00 B2 11 B2 11 1C 00 00 06 00 00 02 00 02 01 00 00 00 4A 03 55
23:45:49.076 * tx 47128 F0 16 00 01 8C 04 00 00 19 81 00 00 3D 00 00 00 01 00 00 7F 01 55
23:45:49.083 * rx 47128 +0/105#251 F0 69 00 01 8C 05 05 14 05 14 01 00 00 00 02 AA 00 AA 00 54 01 54 01 00 00 00 27 01 80 89 F3 00 F0 00 2E 01 00 00 A0 38 1C 0C 09 05 25 F4 38 08 08 04 00 00 00 00 00 00 00 00 00 00 FC FF 00 00
23:45:49.088 * rx 47128 +64/105#251 00 00 00 00 01 00 10 00 00 07 00 00 00 00 00 00 00 00 00 00 00 00 00 46 01 70 00 00 00 00 00 70 00 00 00 00 00 11 2F 0C 55
23:45:49.092 * rx 47131 F0 30 00 01 8C 06 82 00 49 44 DD 0F 10 F1 3E 56 44 6E 00 01 00 1C 27 27 EE 00 48 44 00 40 87 00 31 02 00 00 00 00 00 00 00 00 00 00 00 E4 07 55
23:45:49.096 * tx 47143 F0 1D 00 01 8D 03 C2 2E 00 B2 11 B2 11 1C 00 00 06 00 00 02 00 02 01 00 00 00 4B 03 55
23:45:49.099 * tx 47143 F0 16 00 01 8D 04 00 00 19 81 00 00 3D 00 00 00 01 00 00 80 01 55
23:45:49.103 * rx 47145 +0/105#255 F0 69 00 01 8D 05 05 14 05 14 01 00 00 00 02 AA 00 AA 00 54 01 54 01 00 00 00 27 01 80 89 F3 00 F0 00 2E 01 00 00 A0 38 1C 0C 09 05 D0 F9 F7 00 FF 00 00 00 00 00 00 00 00 00 00 00 FC FF 00 00
23:45:49.106 * rx 47145 +64/105#255 00 00 00 00 01 00 10 00 00 07 00 00 00 00 00 00 00 00 00 00 00 00 00 46 01 70 00 00 00 00 00 70 00 00 00 00 00 11 8A 0E 55
23:45:49.111 * rx 47147 F0 30 00 01 8D 06 82 00 49 44 DD 0F 10 F1 3E 56 44 6E 00 01 00 1C 27 27 EE 00 48 44 00 40 87 00 31 02 00 00 00 00 00 00 00 00 00 00 00 E5 07 55
23:45:49.116 * tx 47160 F0 1D 00 01 8E 03 C2 2E 00 B2 11 B2 11 1C 00 00 06 00 00 02 00 02 01 00 00 00 4C 03 55
23:45:49.120 * tx 47160 F0 16 00 01 8E 04 00 00 19 81 00 00 3D 00 00 00 01 00 00 81 01 55
23:45:49.128 * rx 47161 +0/105#259 F0 69 00 01 8E 05 05 14 05 14 01 00 00 00 02 AA 00 AA 00 54 01 54 01 00 00 00 27 01 80 89 F3 00 F0 00 2E 01 00 00 A0 38 1C 0C 09 05 25 F4 38 08 08 04 00 00 00 00 00 00 00 00 00 00 FC FF 00 00
23:45:49.132 * rx 47161 +64/105#259 00 00 00 00 01 00 10 00 00 07 00 00 00 00 00 00 00 00 00 00 00 00 00 46 01 70 00 00 00 00 00 70 00 00 00 00 00 11 31 0C 55
23:45:49.134 * rx 47164 F0 30 00 01 8E 06 82 00 49 44 DD 0F 10 F1 3E 56 44 6E 00 01 00 1C 27 27 EE 00 48 44 00 40 87 00 31 02 00 00 00 00 00 00 00 00 00 00 00 E6 07 55
23:45:49.137 * tx 47177 F0 1D 00 01 8F 03 C2 2E 00 B2 11 B2 11 1C 00 00 06 00 00 02 00 02 01 00 00 00 4D 03 55
23:45:49.140 * tx 47178 F0 16 00 01 8F 04 00 00 19 81 00 00 3D 00 00 00 01 00 00 82 01 55
23:45:49.142 * rx 47178 +0/105#263 F0 69 00 01 8F 05 05 14 05 14 01 00 00 00 02 AA 00 AA 00 54 01 54 01 00 00 00 27 01 80 89 F3 00 F0 00 2E 01 00 00 A0 38 1C 0C 09 05 D0 F9 F7 00 FF 00 00 00 00 00 00 00 00 00 00 00 FC FF 00 00
23:45:49.145 * rx 47178 +64/105#263 00 00 00 00 01 00 10 00 00 07 00 00 00 00 00 00 00 00 00 00 00 00 00 46 01 70 00 00 00 00 00 70 00 00 00 00 00 11 8C 0E 55
23:45:49.149 * rx 47181 F0 30 00 01 8F 06 82 00 49 44 DD 0F 10 F1 3E 56 44 6E 00 01 00 1C 27 27 EE 00 48 44 00 40 87 00 31 02 00 00 00 00 00 00 00 00 00 00 00 E7 07 55
23:45:50.031 * rxflood 108
23:45:50.034 * tx 48093 F0 16 00 01 C6 04 00 00 19 81 00 00 3D 00 00 00 01 00 00 B9 01 55
23:45:50.036 * rx 48095 +0/105#483 F0 69 00 01 C6 05 05 14 05 14 01 00 00 00 02 AA 00 AA 00 54 01 54 01 00 00 00 27 01 80 89 F3 00 F0 00 2E 01 00 00 A0 38 1C 0C 09 05 25 F4 38 08 08 04 00 00 00 00 00 00 00 00 00 00 FC FF 00 00
23:45:50.039 * rx 48095 +64/105#483 00 00 00 00 03 00 10 00 00 07 00 00 00 00 00 00 00 00 00 00 00 00 00 46 01 70 00 00 00 00 00 70 00 00 00 00 00 11 6B 0C 55
23:45:50.041 * rx 48097 F0 30 00 01 C6 06 82 00 49 44 DD 0F 10 F1 3E 56 44 6E 00 01 00 1C 27 27 EE 00 48 44 00 40 87 00 31 02 00 00 00 00 00 00 00 00 00 00 00 1E 08 55
23:45:50.052 * tx 48110 F0 1D 00 01 C7 03 C2 2E 00 B2 11 B2 11 1C 00 00 06 00 00 02 00 02 01 00 00 00 85 03 55
23:45:50.054 * tx 48110 F0 16 00 01 C7 04 00 00 19 81 00 00 3D 00 00 00 01 00 00 BA 01 55
23:45:50.056 * rx 48111 +0/105#487 F0 69 00 01 C7 05 05 14 05 14 01 00 00 00 02 AA 00 AA 00 54 01 54 01 00 00 00 27 01 80 89 F3 00 F0 00 2E 01 00 00 A0 38 1C 0C 09 05 D0 F9 F7 00 FF 00 00 00 00 00 00 00 00 00 00 00 FC FF 00 00
23:45:50.060 * rx 48111 +64/105#487 00 00 00 00 03 00 10 00 00 07 00 00 00 00 00 00 00 00 00 00 00 00 00 46 01 70 00 00 00 00 00 70 00 00 00 00 00 11 C6 0E 55
23:45:50.064 * rx 48114 F0 30 00 01 C7 06 82 00 49 44 DD 0F 10 F1 3E 56 44 6E 00 01 00 1C 27 27 EE 00 48 44 00 40 87 00 31 02 00 00 00 00 00 00 00 00 00 00 00 1F 08 55
23:45:50.072 * tx 48127 F0 1D 00 01 C8 03 C2 2E 00 B2 11 B2 11 1C 00 00 06 00 00 02 00 02 01 00 00 00 86 03 55
23:45:50.075 * tx 48128 F0 16 00 01 C8 04 00 00 19 81 00 00 3D 00 00 00 01 00 00 BB 01 55
23:45:50.077 * rx 48128 +0/105#491 F0 69 00 01 C8 05 05 14 05 14 01 00 00 00 02 AA 00 AA 00 54 01 54 01 00 00 00 27 01 80 89 F3 00 F0 00 2E 01 00 00 A0 38 1C 0C 09 05 25 F4 38 08 08 04 00 00 00 00 00 00 00 00 00 00 FC FF 00 00
23:45:50.080 * rx 48128 +64/105#491 00 00 00 00 03 00 10 00 00 07 00 00 00 00 00 00 00 00 00 00 00 00 00 46 01 70 00 00 00 00 00 70 00 00 00 00 00 11 6D 0C 55
23:45:50.082 * rx 48131 F0 30 00 01 C8 06 82 00 49 44 DD 0F 10 F1 3E 56 44 6E 00 01 00 1C 27 27 EE 00 48 44 00 40 87 00 31 02 00 00 00 00 00 00 00 00 00 00 00 20 08 55
23:45:50.084 * tx 48143 F0 1D 00 01 C9 03 C2 2E 00 B2 11 B2 11 1C 00 00 06 00 00 02 00 02 01 00 00 00 87 03 55
23:45:50.094 * tx 48143 F0 16 00 01 C9 04 00 00 19 81 00 00 3D 00 00 00 01 00 00 BC 01 55
23:45:50.098 * rx 48145 +0/105#495 F0 69 00 01 C9 05 05 14 05 14 01 00 00 00 02 AA 00 AA 00 54 01 54 01 00 00 00 27 01 80 89 F3 00 F0 00 2E 01 00 00 A0 38 1C 0C 09 05 D0 F9 F7 00 FF 00 00 00 00 00 00 00 00 00 00 00 FC FF 00 00
23:45:50.100 * rx 48145 +64/105#495 00 00 00 00 03 00 10 00 00 07 00 00 00 00 00 00 00 00 00 00 00 00 00 46 01 70 00 00 00 00 00 70 00 00 00 00 00 11 C8 0E 55
23:45:50.103 * rx 48147 F0 30 00 01 C9 06 82 00 49 44 DD 0F 10 F1 3E 56 44 6E 00 01 00 1C 27 27 EE 00 48 44 00 40 87 00 31 02 00 00 00 00 00 00 00 00 00 00 00 21 08 55
23:45:50.106 * tx 48160 F0 1D 00 01 CA 03 C2 2E 00 B2 11 B2 11 1C 00 00 06 00 00 02 00 02 01 00 00 00 88 03 55
23:45:50.108 * tx 48160 F0 16 00 01 CA 04 00 00 19 81 00 00 3D 00 00 00 01 00 00 BD 01 55
23:45:50.111 * rx 48161 +0/105#499 F0 69 00 01 CA 05 05 14 05 14 01 00 00 00 02 AA 00 AA 00 54 01 54 01 00 00 00 27 01 80 89 F3 00 F0 00 2E 01 00 00 A0 38 1C 0C 09 05 25 F4 38 08 08 04 00 00 00 00 00 00 00 00 00 00 FC FF 00 00
23:45:50.117 * rx 48161 +64/105#499 00 00 00 00 03 00 10 00 00 07 00 00 00 00 00 00 00 00 00 00 00 00 00 46 01 70 00 00 00 00 00 70 00 00 00 00 00 11 6F 0C 55
23:45:50.121 * rx 48164 F0 30 00 01 CA 06 82 00 49 44 DD 0F 10 F1 3E 56 44 6E 00 01 00 1C 27 27 EE 00 48 44 00 40 87 00 31 02 00 00 00 00 00 00 00 00 00 00 00 22 08 55
23:45:50.124 * tx 48177 F0 1D 00 01 CB 03 C2 2E 00 B2 11 B2 11 1C 00 00 06 00 00 02 00 02 01 00 00 00 89 03 55
23:45:50.127 * tx 48178 F0 16 00 01 CB 04 00 00 19 81 00 00 3D 00 00 00 01 00 00 BE 01 55
23:45:50.131 * rx 48178 +0/105#503 F0 69 00 01 CB 05 05 14 05 14 01 00 00 00 02 AA 00 AA 00 54 01 54 01 00 00 00 27 01 80 89 F3 00 F0 00 2E 01 00 00 A0 38 1C 0C 09 05 D0 F9 F7 00 FF 00 00 00 00 00 00 00 00 00 00 00 FC FF 00 00
23:45:50.134 * rx 48178 +64/105#503 00 00 00 00 03 00 10 00 00 07 00 00 00 00 00 00 00 00 00 00 00 00 00 46 01 70 00 00 00 00 00 70 00 00 00 00 00 11 CA 0E 55
23:45:50.138 * rx 48181 F0 30 00 01 CB 06 82 00 49 44 DD 0F 10 F1 3E 56 44 6E 00 01 00 1C 27 27 EE 00 48 44 00 40 87 00 31 02 00 00 00 00 00 00 00 00 00 00 00 23 08 55
23:45:51.031 * rxflood 108
23:45:51.036 * tx 49093 F0 16 00 01 12 04 00 00 19 81 00 00 3D 00 00 00 01 00 00 05 01 55
23:45:51.040 * rx 49095 +0/105#723 F0 69 00 01 12 05 05 14 05 14 01 00 00 00 02 AA 00 AA 00 54 01 54 01 00 00 00 27 01 80 89 F3 00 F0 00 2E 01 00 00 A0 38 1C 0C 09 05 25 F4 38 08 08 04 00 00 00 00 00 00 00 00 00 00 FC FF 00 00
23:45:51.043 * rx 49095 +64/105#723 00 00 00 00 03 00 10 00 00 07 00 00 00 00 00 00 00 00 00 00 00 00 00 46 01 70 00 00 00 00 00 70 00 00 00 00 00 11 B7 0B 55
23:45:51.049 * rx 49097 F0 30 00 01 12 06 82 00 49 44 DD 0F 10 F1 3E 56 44 6E 00 01 00 1C 27 27 EE 00 48 44 00 40 87 00 31 02 00 00 00 00 00 00 00 00 00 00 00 6A 07 55
23:45:51.056 * tx 49110 F0 1D 00 01 13 03 C2 2E 00 B2 11 B2 11 1C 00 00 06 00 00 02 00 02 01 00 00 00 D1 02 55
23:45:51.061 * tx 49110 F0 16 00 01 13 04 00 00 19 81 00 00 3D 00 00 00 01 00 00 06 01 55
23:45:51.068 * rx 49111 +0/105#727 F0 69 00 01 13 05 05 14 05 14 01 00 00 00 02 AA 00 AA 00 54 01 54 01 00 00 00 27 01 80 89 F3 00 F0 00 2E 01 00 00 A0 38 1C 0C 09 05 D0 F9 F7 00 FF 00 00 00 00 00 00 00 00 00 00 00 FC FF 00 00
23:45:51.074 * rx 49111 +64/105#727 00 00 00 00 03 00 10 00 00 07 00 00 00 00 00 00 00 00 00 00 00 00 00 46 01 70 00 00 00 00 00 70 00 00 00 00 00 11 12 0E 55
23:45:51.079 * rx 49114 F0 30 00 01 13 06 82 00 49 44 DD 0F 10 F1 3E 56 44 6E 00 01 00 1C 27 27 EE 00 48 44 00 40 87 00 31 02 00 00 00 00 00 00 00 00 00 00 00 6B 07 55
23:45:51.083 * tx 49127 F0 1D 00 01 14 03 C2 2E 00 B2 11 B2 11 1C 00 00 06 00 00 02 00 02 01 00 00 00 D2 02 55
23:45:51.088 * tx 49128 F0 16 00 01 14 04 00 00 19 81 00 00 3D 00 00 00 01 00 00 07 01 55
23:45:51.094 * rx 49128 +0/105#731 F0 69 00 01 14 05 05 14 05 14 01 00 00 00 02 AA 00 AA 00 54 01 54 01 00 00 00 27 01 80 89 F3 00 F0 00 2E 01 00 00 A0 38 1C 0C 09 05 25 F4 38 08 08 04 00 00 00 00 00 00 00 00 00 00 FC FF 00 00
23:45:51.100 * rx 49128 +64/105#731 00 00 00 00 03 00 10 00 00 07 00 00 00 00 00 00 00 00 00 00 00 00 00 46 01 70 00 00 00 00 00 70 00 00 00 00 00 11 B9 0B 55
23:45:51.105 * rx 49131 F0 30 00 01 14 06 82 00 49 44 DD 0F 10 F1 3E 56 44 6E 00 01 00 1C 27 27 EE 00 48 44 00 40 87 00 31 02 00 00 00 00 00 00 00 00 00 00 00 6C 07 55
23:45:51.111 * tx 49143 F0 1D 00 01 15 03 C2 2E 00 B2 11 B2 11 1C 00 00 06 00 00 02 00 02 01 00 00 00 D3 02 55
23:45:51.115 * tx 49143 F0 16 00 01 15 04 00 00 19 81 00 00 3D 00 00 00 01 00 00 08 01 55
23:45:51.120 * rx 49145 +0/105#735 F0 69 00 01 15 05 05 14 05 14 01 00 00 00 02 AA 00 AA 00 54 01 54 01 00 00 00 27 01 80 89 F3 00 F0 00 2E 01 00 00 A0 38 1C 0C 09 05 D0 F9 F7 00 FF 00 00 00 00 00 00 00 00 00 00 00 FC FF 00 00
23:45:51.125 * rx 49145 +64/105#735 00 00 00 00 03 00 10 00 00 07 00 00 00 00 00 00 00 00 00 00 00 00 00 46 01 70 00 00 00 00 00 70 00 00 00 00 00 11 14 0E 55
23:45:51.131 * rx 49147 F0 30 00 01 15 06 82 00 49 44 DD 0F 10 F1 3E 56 44 6E 00 01 00 1C 27 27 EE 00 48 44 00 40 87 00 31 02 00 00 00 00 00 00 00 00 00 00 00 6D 07 55
23:45:51.141 * tx 49160 F0 1D 00 01 16 03 C2 2E 00 B2 11 B2 11 1C 00 00 06 00 00 02 00 02 01 00 00 00 D4 02 55
23:45:51.151 * tx 49160 F0 16 00 01 16 04 00 00 19 81 00 00 3D 00 00 00 01 00 00 09 01 55
23:45:51.157 * rx 49161 +0/105#739 F0 69 00 01 16 05 05 14 05 14 01 00 00 00 02 AA 00 AA 00 54 01 54 01 00 00 00 27 01 80 89 F3 00 F0 00 2E 01 00 00 A0 38 1C 0C 09 05 25 F4 38 08 08 04 00 00 00 00 00 00 00 00 00 00 FC FF 00 00
23:45:51.161 * rx 49161 +64/105#739 00 00 00 00 03 00 10 00 00 07 00 00 00 00 00 00 00 00 00 00 00 00 00 46 01 70 00 00 00 00 00 70 00 00 00 00 00 11 BB 0B 55
23:45:51.164 * rx 49164 F0 30 00 01 16 06 82 00 49 44 DD 0F 10 F1 3E 56 44 6E 00 01 00 1C 27 27 EE 00 48 44 00 40 87 00 31 02 00 00 00 00 00 00 00 00 00 00 00 6E 07 55
23:45:51.168 * tx 49177 F0 1D 00 01 17 03 C2 2E 00 B2 11 B2 11 1C 00 00 06 00 00 02 00 02 01 00 00 00 D5 02 55
23:45:51.177 * tx 49178 F0 16 00 01 17 04 00 00 19 81 00 00 3D 00 00 00 01 00 00 0A 01 55
23:45:51.184 * rx 49178 +0/105#743 F0 69 00 01 17 05 05 14 05 14 01 00 00 00 02 AA 00 AA 00 54 01 54 01 00 00 00 27 01 80 89 F3 00 F0 00 2E 01 00 00 A0 38 1C 0C 09 05 D0 F9 F7 00 FF 00 00 00 00 00 00 00 00 00 00 00 FC FF 00 00
23:45:51.190 * rx 49178 +64/105#743 00 00 00 00 03 00 10 00 00 07 00 00 00 00 00 00 00 00 00 00 00 00 00 46 01 70 00 00 00 00 00 70 00 00 00 00 00 11 16 0E 55
23:45:51.195 * rx 49180 F0 30 00 01 17 06 82 00 49 44 DD 0F 10 F1 3E 56 44 6E 00 01 00 1C 27 27 EE 00 48 44 00 40 87 00 31 02 00 00 00 00 00 00 00 00 00 00 00 6F 07 55
23:45:52.032 * rxflood 108
23:45:52.037 * tx 50093 F0 16 00 01 4E 04 00 00 19 81 00 00 3D 00 00 00 01 00 00 41 01 55
23:45:52.045 * rx 50095 +0/105#963 F0 69 00 01 4E 05 05 14 05 14 01 00 00 00 02 AA 00 AA 00 54 01 54 01 00 00 00 27 01 80 89 F3 00 F0 00 2E 01 00 00 A0 38 1C 0C 09 05 25 F4 38 08 08 04 00 00 00 00 00 00 00 00 00 00 FC FF 00 00
23:45:52.050 * rx 50095 +64/105#963 00 00 00 00 03 00 10 00 00 07 00 00 00 00 00 00 00 00 00 00 00 00 00 46 01 70 00 00 00 00 00 70 00 00 00 00 00 11 F3 0B 55
23:45:52.054 * rx 50097 F0 30 00 01 4E 06 82 00 49 44 DD 0F 10 F1 3E 56 44 6E 00 01 00 1C 27 27 EE 00 48 44 00 40 87 00 31 02 00 00 00 00 00 00 00 00 00 00 00 A6 07 55
23:45:52.060 * tx 50110 F0 1D 00 01 4F 03 C2 2E 00 B2 11 B2 11 1C 00 00 06 00 00 02 00 02 01 00 00 00 0D 03 55
23:45:52.066 * tx 50110 F0 16 00 01 4F 04 00 00 19 81 00 00 3D 00 00 00 01 00 00 42 01 55
23:45:52.077 * rx 50111 +0/105#967 F0 69 00 01 4F 05 05 14 05 14 01 00 00 00 02 AA 00 AA 00 54 01 54 01 00 00 00 27 01 80 89 F3 00 F0 00 2E 01 00 00 A0 38 1C 0C 09 05 D0 F9 F7 00 FF 00 00 00 00 00 00 00 00 00 00 00 FC FF 00 00
23:45:52.082 * rx 50111 +64/105#967 00 00 00 00 03 00 10 00 00 07 00 00 00 00 00 00 00 00 00 00 00 00 00 46 01 70 00 00 00 00 00 70 00 00 00 00 00 11 4E 0E 55
23:45:52.088 * rx 50114 F0 30 00 01 4F 06 82 00 49 44 DD 0F 10 F1 3E 56 44 6E 00 01 00 1C 27 27 EE 00 48 44 00 40 87 00 31 02 00 00 00 00 00 00 00 00 00 00 00 A7 07 55
23:45:52.092 * tx 50127 F0 1D 00 01 50 03 C2 2E 00 B2 11 B2 11 1C 00 00 06 00 00 02 00 02 01 00 00 00 0E 03 55
23:45:52.096 * tx 50128 F0 16 00 01 50 04 00 00 19 81 00 00 3D 00 00 00 01 00 00 43 01 55
23:45:52.105 * rx 50128 +0/105#971 F0 69 00 01 50 05 05 14 05 14 01 00 00 00 02 AA 00 AA 00 54 01 54 01 00 00 00 27 01 80 89 F3 00 F0 00 2E 01 00 00 A0 38 1C 0C 09 05 25 F4 38 08 08 04 00 00 00 00 00 00 00 00 00 00 FC FF 00 00
23:45:52.111 * rx 50128 +64/105#971 00 00 00 00 03 00 10 00 00 07 00 00 00 00 00 00 00 00 00 00 00 00 00 46 01 70 00 00 00 00 00 70 00 00 00 00 00 11 F5 0B 55
23:45:52.115 * rx 50130 F0 30 00 01 50 06 82 00 49 44 DD 0F 10 F1 3E 56 44 6E 00 01 00 1C 27 27 EE 00 48 44 00 40 87 00 31 02 00 00 00 00 00 00 00 00 00 00 00 A8 07 55
23:45:52.119 * tx 50143 F0 1D 00 01 51 03 C2 2E 00 B2 11 B2 11 1C 00 00 06 00 00 02 00 02 01 00 00 00 0F 03 55
23:45:52.122 * tx 50143 F0 16 00 01 51 04 00 00 19 81 00 00 3D 00 00 00 01 00 00 44 01 55
23:45:52.132 * rx 50145 +0/105#975 F0 69 00 01 51 05 05 14 05 14 01 00 00 00 02 AA 00 AA 00 54 01 54 01 00 00 00 27 01 80 89 F3 00 F0 00 2E 01 00 00 A0 38 1C 0C 09 05 D0 F9 F7 00 FF 00 00 00 00 00 00 00 00 00 00 00 FC FF 00 00
23:45:52.137 * rx 50145 +64/105#975 00 00 00 00 03 00 10 00 00 07 00 00 00 00 00 00 00 00 00 00 00 00 00 46 01 70 00 00 00 00 00 70 00 00 00 00 00 11 50 0E 55
23:45:52.140 * rx 50147 F0 30 00 01 51 06 82 00 49 44 DD 0F 10 F1 3E 56 44 6E 00 01 00 1C 27 27 EE 00 48 44 00 40 87 00 31 02 00 00 00 00 00 00 00 00 00 00 00 A9 07 55
23:45:52.144 * tx 50160 F0 1D 00 01 52 03 C2 2E 00 B2 11 B2 11 1C 00 00 06 00 00 02 00 02 01 00 00 00 10 03 55
23:45:52.148 * tx 50160 F0 16 00 01 52 04 00 00 19 81 00 00 3D 00 00 00 01 00 00 45 01 55
23:45:52.164 * rx 50161 +0/105#979 F0 69 00 01 52 05 05 14 05 14 01 00 00 00 02 AA 00 AA 00 54 01 54 01 00 00 00 27 01 80 89 F3 00 F0 00 2E 01 00 00 A0 38 1C 0C 09 05 25 F4 38 08 08 04 00 00 00 00 00 00 00 00 00 00 FC FF 00 00
23:45:52.169 * rx 50161 +64/105#979 00 00 00 00 03 00 10 00 00 07 00 00 00 00 00 00 00 00 00 00 00 00 00 46 01 70 00 00 00 00 00 70 00 00 00 00 00 11 F7 0B 55
23:45:52.173 * rx 50164 F0 30 00 01 52 06 82 00 49 44 DD 0F 10 F1 3E 56 44 6E 00 01 00 1C 27 27 EE 00 48 44 00 40 87 00 31 02 00 00 00 00 00 00 00 00 00 00 00 AA 07 55
23:45:52.177 * tx 50177 F0 1D 00 01 53 03 C2 2E 00 B2 11 B2 11 1C 00 00 06 00 00 02 00 02 01 00 00 00 11 03 55
23:45:52.182 * tx 50178 F0 16 00 01 53 04 00 00 19 81 00 00 3D 00 00 00 01 00 00 46 01 55
23:45:52.193 * rx 50178 +0/105#983 F0 69 00 01 53 05 05 14 05 14 01 00 00 00 02 AA 00 AA 00 54 01 54 01 00 00 00 27 01 80 89 F3 00 F0 00 2E 01 00 00 A0 38 1C 0C 09 05 D0 F9 F7 00 FF 00 00 00 00 00 00 00 00 00 00 00 FC FF 00 00
23:45:52.199 * rx 50178 +64/105#983 00 00 00 00 03 00 10 00 00 07 00 00 00 00 00 00 00 00 00 00 00 00 00 46 01 70 00 00 00 00 00 70 00 00 00 00 00 11 52 0E 55
23:45:52.205 * rx 50180 F0 30 00 01 53 06 82 00 49 44 DD 0F 10 F1 3E 56 44 6E 00 01 00 1C 27 27 EE 00 48 44 00 40 87 00 31 02 00 00 00 00 00 00 00 00 00 00 00 AB 07 55
23:45:53.030 * rxflood 108
23:45:53.039 * tx 51093 F0 16 00 01 8A 04 00 00 19 81 00 00 3D 00 00 00 01 00 00 7D 01 55
23:45:53.050 * rx 51095 +0/105#1203 F0 69 00 01 8A 05 05 14 05 14 01 00 00 00 02 AA 00 AA 00 54 01 54 01 00 00 00 27 01 80 89 F2 00 F0 00 27 01 00 00 A0 38 1C 0C 09 05 25 F4 38 08 08 04 00 00 00 00 00 00 00 00 00 00 FC FF 00 00
23:45:53.055 * rx 51095 +64/105#1203 00 00 00 00 01 00 10 00 00 07 00 00 00 00 00 00 00 00 00 00 00 00 00 45 01 70 00 00 00 00 00 70 00 00 00 00 00 11 24 0C 55
23:45:53.059 * rx 51097 F0 30 00 01 8A 06 82 00 43 44 D7 0F 10 ED 3E 50 44 5A 00 01 00 1C 27 27 EC 00 42 44 00 40 87 00 30 02 00 00 00 00 00 00 00 00 00 00 00 AF 07 55
23:45:53.066 * tx 51110 F0 1D 00 01 8B 03 C2 2E 00 B2 11 B2 11 1C 00 00 06 00 00 02 00 02 01 00 00 00 49 03 55
23:45:53.075 * tx 51110 F0 16 00 01 8B 04 00 00 19 81 00 00 3D 00 00 00 01 00 00 7E 01 55
23:45:53.080 * rx 51111 +0/105#1207 F0 69 00 01 8B 05 05 14 05 14 01 00 00 00 02 AA 00 AA 00 54 01 54 01 00 00 00 27 01 80 89 F2 00 F0 00 27 01 00 00 A0 38 1C 0C 09 05 D0 F9 F7 00 FF 00 00 00 00 00 00 00 00 00 00 00 FC FF 00 00
23:45:53.083 * rx 51111 +64/105#1207 00 00 00 00 01 00 10 00 00 07 00 00 00 00 00 00 00 00 00 00 00 00 00 45 01 70 00 00 00 00 00 70 00 00 00 00 00 11 7F 0E 55
23:45:53.087 * rx 51114 F0 30 00 01 8B 06 82 00 43 44 D7 0F 10 ED 3E 50 44 5A 00 01 00 1C 27 27 EC 00 42 44 00 40 87 00 30 02 00 00 00 00 00 00 00 00 00 00 00 B0 07 55
23:45:53.096 * tx 51127 F0 1D 00 01 8C 03 C2 2E 00 B2 11 B2 11 1C 00 00 06 00 00 02 00 02 01 00 00 00 4A 03 55
23:45:53.103 * tx 51128 F0 16 00 01 8C 04 00 00 19 81 00 00 3D 00 00 00 01 00 00 7F 01 55
23:45:53.108 * rx 51128 +0/105#1211 F0 69 00 01 8C 05 05 14 05 14 01 00 00 00 02 AA 00 AA 00 54 01 54 01 00 00 00 27 01 80 89 F2 00 F0 00 27 01 00 00 A0 38 1C 0C 09 05 25 F4 38 08 08 04 00 00 00 00 00 00 00 00 00 00 FC FF 00 00
23:45:53.114 * rx 51128 +64/105#1211 00 00 00 00 01 00 10 00 00 07 00 00 00 00 00 00 00 00 00 00 00 00 00 45 01 70 00 00 00 00 00 70 00 00 00 00 00 11 26 0C 55
23:45:53.123 * rx 51131 F0 30 00 01 8C 06 82 00 43 44 D7 0F 10 ED 3E 50 44 5A 00 01 00 1C 27 27 EC 00 42 44 00 40 87 00 30 02 00 00 00 00 00 00 00 00 00 00 00 B1 07 55
23:45:53.130 * tx 51143 F0 1D 00 01 8D 03 C2 2E 00 B2 11 B2 11 1C 00 00 06 00 00 02 00 02 01 00 00 00 4B 03 55
23:45:53.135 * tx 51143 F0 16 00 01 8D 04 00 00 19 81 00 00 3D 00 00 00 01 00 00 80 01 55
23:45:53.139 * rx 51145 +0/105#1215 F0 69 00 01 8D 05 05 14 05 14 01 00 00 00 02 AA 00 AA 00 54 01 54 01 00 00 00 27 01 80 89 F2 00 F0 00 27 01 00 00 A0 38 1C 0C 09 05 D0 F9 F7 00 FF 00 00 00 00 00 00 00 00 00 00 00 FC FF 00 00
23:45:53.148 * rx 51145 +64/105#1215 00 00 00 00 01 00 10 00 00 07 00 00 00 00 00 00 00 00 00 00 00 00 00 45 01 70 00 00 00 00 00 70 00 00 00 00 00 11 81 0E 55
23:45:53.155 * rx 51147 F0 30 00 01 8D 06 82 00 43 44 D7 0F 10 ED 3E 50 44 5A 00 01 00 1C 27 27 EC 00 42 44 00 40 87 00 30 02 00 00 00 00 00 00 00 00 00 00 00 B2 07 55
23:45:53.161 * tx 51160 F0 1D 00 01 8E 03 C2 2E 00 B2 11 B2 11 1C 00 00 06 00 00 02 00 02 01 00 00 00 4C 03 55
23:45:53.166 * tx 51160 F0 16 00 01 8E 04 00 00 19 81 00 00 3D 00 00 00 01 00 00 81 01 55
23:45:53.177 * rx 51161 +0/105#1219 F0 69 00 01 8E 05 05 14 05 14 01 00 00 00 02 AA 00 AA 00 54 01 54 01 00 00 00 27 01 80 89 F2 00 F0 00 27 01 00 00 A0 38 1C 0C 09 05 25 F4 38 08 08 04 00 00 00 00 00 00 00 00 00 00 FC FF 00 00
23:45:53.183 * rx 51161 +64/105#1219 00 00 00 00 01 00 10 00 00 07 00 00 00 00 00 00 00 00 00 00 00 00 00 45 01 70 00 00 00 00 00 70 00 00 00 00 00 11 28 0C 55
23:45:53.189 * rx 51164 F0 30 00 01 8E 06 82 00 43 44 D7 0F 10 ED 3E 50 44 5A 00 01 00 1C 27 27 EC 00 42 44 00 40 87 00 30 02 00 00 00 00 00 00 00 00 00 00 00 B3 07 55
23:45:53.195 * tx 51177 F0 1D 00 01 8F 03 C2 2E 00 B2 11 B2 11 1C 00 00 06 00 00 02 00 02 01 00 00 00 4D 03 55
23:45:53.208 * tx 51178 F0 16 00 01 8F 04 00 00 19 81 00 00 3D 00 00 00 01 00 00 82 01 55
23:45:53.216 * rx 51178 +0/105#1223 F0 69 00 01 8F 05 05 14 05 14 01 00 00 00 02 AA 00 AA 00 54 01 54 01 00 00 00 27 01 80 89 F2 00 F0 00 27 01 00 00 A0 38 1C 0C 09 05 D0 F9 F7 00 FF 00 00 00 00 00 00 00 00 00 00 00 FC FF 00 00
23:45:53.222 * rx 51178 +64/105#1223 00 00 00 00 01 00 10 00 00 07 00 00 00 00 00 00 00 00 00 00 00 00 00 45 01 70 00 00 00 00 00 70 00 00 00 00 00 11 83 0E 55
23:45:53.229 * rx 51181 F0 30 00 01 8F 06 82 00 43 44 D7 0F 10 ED 3E 50 44 5A 00 01 00 1C 27 27 EC 00 42 44 00 40 87 00 30 02 00 00 00 00 00 00 00 00 00 00 00 B4 07 55
23:45:54.031 * rxflood 108
23:45:54.036 * tx 52093 F0 16 00 01 C6 04 00 00 19 81 00 00 3D 00 00 00 01 00 00 B9 01 55
23:45:54.041 * rx 52095 +0/105#1443 F0 69 00 01 C6 05 05 14 05 14 01 00 00 00 02 AA 00 AA 00 54 01 54 01 00 00 00 27 01 80 89 F2 00 F0 00 27 01 00 00 A0 38 1C 0C 09 05 25 F4 38 08 08 04 00 00 00 00 00 00 00 00 00 00 FC FF 00 00
23:45:54.045 * rx 52095 +64/105#1443 00 00 00 00 01 00 10 00 00 07 00 00 00 00 00 00 00 00 00 00 00 00 00 45 01 70 00 00 00 00 00 70 00 00 00 00 00 11 60 0C 55
23:45:54.055 * rx 52097 F0 30 00 01 C6 06 82 00 43 44 D7 0F 10 ED 3E 50 44 5A 00 01 00 1C 27 27 EC 00 42 44 00 40 87 00 30 02 00 00 00 00 00 00 00 00 00 00 00 EB 07 55
23:45:54.060 * tx 52110 F0 1D 00 01 C7 03 C2 2E 00 B2 11 B2 11 1C 00 00 06 00 00 02 00 02 01 00 00 00 85 03 55
23:45:54.065 * tx 52110 F0 16 00 01 C7 04 00 00 19 81 00 00 3D 00 00 00 01 00 00 BA 01 55
23:45:54.075 * rx 52111 +0/105#1447 F0 69 00 01 C7 05 05 14 05 14 01 00 00 00 02 AA 00 AA 00 54 01 54 01 00 00 00 27 01 80 89 F2 00 F0 00 27 01 00 00 A0 38 1C 0C 09 05 D0 F9 F7 00 FF 00 00 00 00 00 00 00 00 00 00 00 FC FF 00 00
23:45:54.087 * rx 52111 +64/105#1447 00 00 00 00 01 00 10 00 00 07 00 00 00 00 00 00 00 00 00 00 00 00 00 45 01 70 00 00 00 00 00 70 00 00 00 00 00 11 BB 0E 55
23:45:54.092 * rx 52114 F0 30 00 01 C7 06 82 00 43 44 D7 0F 10 ED 3E 50 44 5A 00 01 00 1C 27 27 EC 00 42 44 00 40 87 00 30 02 00 00 00 00 00 00 00 00 00 00 00 EC 07 55
23:45:54.098 * tx 52127 F0 1D 00 01 C8 03 C2 2E 00 B2 11 B2 11 1C 00 00 06 00 00 02 00 02 01 00 00 00 86 03 55
23:45:54.105 * tx 52128 F0 16 00 01 C8 04 00 00 19 81 00 00 3D 00 00 00 01 00 00 BB 01 55
23:45:54.116 * rx 52128 +0/105#1451 F0 69 00 01 C8 05 05 14 05 14 01 00 00 00 02 AA 00 AA 00 54 01 54 01 00 00 00 27 01 80 89 F2 00 F0 00 27 01 00 00 A0 38 1C 0C 09 05 25 F4 38 08 08 04 00 00 00 00 00 00 00 00 00 00 FC FF 00 00
23:45:54.121 * rx 52128 +64/105#1451 00 00 00 00 01 00 10 00 00 07 00 00 00 00 00 00 00 00 00 00 00 00 00 45 01 70 00 00 00 00 00 70 00 00 00 00 00 11 62 0C 55
23:45:54.126 * rx 52131 F0 30 00 01 C8 06 82 00 43 44 D7 0F 10 ED 3E 50 44 5A 00 01 00 1C 27 27 EC 00 42 44 00 40 87 00 30 02 00 00 00 00 00 00 00 00 00 00 00 ED 07 55
23:45:54.132 * tx 52143 F0 1D 00 01 C9 03 C2 2E 00 B2 11 B2 11 1C 00 00 06 00 00 02 00 02 01 00 00 00 87 03 55
23:45:54.142 * tx 52143 F0 16 00 01 C9 04 00 00 19 81 00 00 3D 00 00 00 01 00 00 BC 01 55
23:45:54.148 * rx 52145 +0/105#1455 F0 69 00 01 C9 05 05 14 05 14 01 00 00 00 02 AA 00 AA 00 54 01 54 01 00 00 00 27 01 80 89 F2 00 F0 00 27 01 00 00 A0 38 1C 0C 09 05 D0 F9 F7 00 FF 00 00 00 00 00 00 00 00 00 00 00 FC FF 00 00
23:45:54.152 * rx 52145 +64/105#1455 00 00 00 00 01 00 10 00 00 07 00 00 00 00 00 00 00 00 00 00 00 00 00 45 01 70 00 00 00 00 00 70 00 00 00 00 00 11 BD 0E 55
23:45:54.157 * rx 52147 F0 30 00 01 C9 06 82 00 43 44 D7 0F 10 ED 3E 50 44 5A 00 01 00 1C 27 27 EC 00 42 44 00 40 87 00 30 02 00 00 00 00 00 00 00 00 00 00 00 EE 07 55
23:45:54.167 * tx 52160 F0 1D 00 01 CA 03 C2 2E 00 B2 11 B2 11 1C 00 00 06 00 00 02 00 02 01 00 00 00 88 03 55
23:45:54.173 * tx 52160 F0 16 00 01 CA 04 00 00 19 81 00 00 3D 00 00 00 01 00 00 BD 01 55
23:45:54.178 * rx 52161 +0/105#1459 F0 69 00 01 CA 05 05 14 05 14 01 00 00 00 02 AA 00 AA 00 54 01 54 01 00 00 00 27 01 80 89 F2 00 F0 00 27 01 00 00 A0 38 1C 0C 09 05 25 F4 38 08 08 04 00 00 00 00 00 00 00 00 00 00 FC FF 00 00
23:45:54.182 * rx 52161 +64/105#1459 00 00 00 00 01 00 10 00 00 07 00 00 00 00 00 00 00 00 00 00 00 00 00 45 01 70 00 00 00 00 00 70 00 00 00 00 00 11 64 0C 55
23:45:54.194 * rx 52164 F0 30 00 01 CA 06 82 00 43 44 D7 0F 10 ED 3E 50 44 5A 00 01 00 1C 27 27 EC 00 42 44 00 40 87 00 30 02 00 00 00 00 00 00 00 00 00 00 00 EF 07 55
23:45:54.201 * tx 52177 F0 1D 00 01 CB 03 C2 2E 00 B2 11 B2 11 1C 00 00 06 00 00 02 00 02 01 00 00 00 89 03 55
23:45:54.208 * tx 52178 F0 16 00 01 CB 04 00 00 19 81 00 00 3D 00 00 00 01 00 00 BE 01 55
23:45:54.218 * rx 52178 +0/105#1463 F0 69 00 01 CB 05 05 14 05 14 01 00 00 00 02 AA 00 AA 00 54 01 54 01 00 00 00 27 01 80 89 F2 00 F0 00 27 01 00 00 A0 38 1C 0C 09 05 D0 F9 F7 00 FF 00 00 00 00 00 00 00 00 00 00 00 FC FF 00 00
23:45:54.231 * rx 52178 +64/105#1463 00 00 00 00 01 00 10 00 00 07 00 00 00 00 00 00 00 00 00 00 00 00 00 45 01 70 00 00 00 00 00 70 00 00 00 00 00 11 BF 0E 55
23:45:54.238 * rx 52181 F0 30 00 01 CB 06 82 00 43 44 D7 0F 10 ED 3E 50 44 5A 00 01 00 1C 27 27 EC 00 42 44 00 40 87 00 30 02 00 00 00 00 00 00 00 00 00 00 00 F0 07 55
23:45:55.031 * rxflood 108
23:45:55.046 * tx 53093 F0 16 00 01 12 04 00 00 19 81 00 00 3D 00 00 00 01 00 00 05 01 55
23:45:55.054 * rx 53095 +0/105#1683 F0 69 00 01 12 05 05 14 05 14 01 00 00 00 02 AA 00 AA 00 54 01 54 01 00 00 00 27 01 80 89 F2 00 F0 00 27 01 00 00 A0 38 1C 0C 09 05 25 F4 38 08 08 04 00 00 00 00 00 00 00 00 00 00 FC FF 00 00
23:45:55.059 * rx 53095 +64/105#1683 00 00 00 00 01 00 10 00 00 07 00 00 00 00 00 00 00 00 00 00 00 00 00 45 01 70 00 00 00 00 00 70 00 00 00 00 00 11 AC 0B 55
23:45:55.075 * rx 53097 F0 30 00 01 12 06 82 00 43 44 D7 0F 10 ED 3E 50 44 5A 00 01 00 1C 27 27 EC 00 42 44 00 40 87 00 30 02 00 00 00 00 00 00 00 00 00 00 00 37 07 55
23:45:55.081 * tx 53110 F0 1D 00 01 13 03 C2 2E 00 B2 11 B2 11 1C 00 00 06 00 00 02 00 02 01 00 00 00 D1 02 55
23:45:55.086 * tx 53110 F0 16 00 01 13 04 00 00 19 81 00 00 3D 00 00 00 01 00 00 06 01 55
23:45:55.094 * rx 53111 +0/105#1687 F0 69 00 01 13 05 05 14 05 14 01 00 00 00 02 AA 00 AA 00 54 01 54 01 00 00 00 27 01 80 89 F2 00 F0 00 27 01 00 00 A0 38 1C 0C 09 05 D0 F9 F7 00 FF 00 00 00 00 00 00 00 00 00 00 00 FC FF 00 00
23:45:55.103 * rx 53111 +64/105#1687 00 00 00 00 01 00 10 00 00 07 00 00 00 00 00 00 00 00 00 00 00 00 00 45 01 70 00 00 00 00 00 70 00 00 00 00 00 11 07 0E 55
23:45:55.110 * rx 53114 F0 30 00 01 13 06 82 00 43 44 D7 0F 10 ED 3E 50 44 5A 00 01 00 1C 27 27 EC 00 42 44 00 40 87 00 30 02 00 00 00 00 00 00 00 00 00 00 00 38 07 55
23:45:55.117 * tx 53127 F0 1D 00 01 14 03 C2 2E 00 B2 11 B2 11 1C 00 00 06 00 00 02 00 02 01 00 00 00 D2 02 55
23:45:55.125 * tx 53128 F0 16 00 01 14 04 00 00 19 81 00 00 3D 00 00 00 01 00 00 07 01 55
23:45:55.137 * rx 53128 +0/105#1691 F0 69 00 01 14 05 05 14 05 14 01 00 00 00 02 AA 00 AA 00 54 01 54 01 00 00 00 27 01 80 89 F2 00 F0 00 27 01 00 00 A0 38 1C 0C 09 05 25 F4 38 08 08 04 00 00 00 00 00 00 00 00 00 00 FC FF 00 00
23:45:55.143 * rx 53128 +64/105#1691 00 00 00 00 01 00 10 00 00 07 00 00 00 00 00 00 00 00 00 00 00 00 00 45 01 70 00 00 00 00 00 70 00 00 00 00 00 11 AE 0B 55
23:45:55.150 * rx 53131 F0 30 00 01 14 06 82 00 43 44 D7 0F 10 ED 3E 50 44 5A 00 01 00 1C 27 27 EC 00 42 44 00 40 87 00 30 02 00 00 00 00 00 00 00 00 00 00 00 39 07 55
23:45:55.163 * tx 53143 F0 1D 00 01 15 03 C2 2E 00 B2 11 B2 11 1C 00 00 06 00 00 02 00 02 01 00 00 00 D3 02 55
23:45:55.170 * tx 53143 F0 16 00 01 15 04 00 00 19 81 00 00 3D 00 00 00 01 00 00 08 01 55
23:45:55.177 * rx 53145 +0/105#1695 F0 69 00 01 15 05 05 14 05 14 01 00 00 00 02 AA 00 AA 00 54 01 54 01 00 00 00 27 01 80 89 F2 00 F0 00 27 01 00 00 A0 38 1C 0C 09 05 D0 F9 F7 00 FF 00 00 00 00 00 00 00 00 00 00 00 FC FF 00 00
23:45:55.190 * rx 53145 +64/105#1695 00 00 00 00 01 00 10 00 00 07 00 00 00 00 00 00 00 00 00 00 00 00 00 45 01 70 00 00 00 00 00 70 00 00 00 00 00 11 09 0E 55
23:45:55.197 * rx 53147 F0 30 00 01 15 06 82 00 43 44 D7 0F 10 ED 3E 50 44 5A 00 01 00 1C 27 27 EC 00 42 44 00 40 87 00 30 02 00 00 00 00 00 00 00 00 00 00 00 3A 07 55
23:45:55.204 * tx 53160 F0 1D 00 01 16 03 C2 2E 00 B2 11 B2 11 1C 00 00 06 00 00 02 00 02 01 00 00 00 D4 02 55
23:45:55.219 * tx 53160 F0 16 00 01 16 04 00 00 19 81 00 00 3D 00 00 00 01 00 00 09 01 55
23:45:55.226 * rx 53161 +0/105#1699 F0 69 00 01 16 05 05 14 05 14 01 00 00 00 02 AA 00 AA 00 54 01 54 01 00 00 00 27 01 80 89 F2 00 F0 00 27 01 00 00 A0 38 1C 0C 09 05 25 F4 38 08 08 04 00 00 00 00 00 00 00 00 00 00 FC FF 00 00
23:45:55.235 * rx 53161 +64/105#1699 00 00 00 00 01 00 10 00 00 07 00 00 00 00 00 00 00 00 00 00 00 00 00 45 01 70 00 00 00 00 00 70 00 00 00 00 00 11 B0 0B 55
23:45:55.247 * rx 53164 F0 30 00 01 16 06 82 00 43 44 D7 0F 10 ED 3E 50 44 5A 00 01 00 1C 27 27 EC 00 42 44 00 40 87 00 30 02 00 00 00 00 00 00 00 00 00 00 00 3B 07 55
23:45:55.255 * tx 53177 F0 1D 00 01 17 03 C2 2E 00 B2 11 B2 11 1C 00 00 06 00 00 02 00 02 01 00 00 00 D5 02 55
23:45:55.264 * tx 53178 F0 16 00 01 17 04 00 00 19 81 00 00 3D 00 00 00 01 00 00 0A 01 55
23:45:55.274 * rx 53178 +0/105#1703 F0 69 00 01 17 05 05 14 05 14 01 00 00 00 02 AA 00 AA 00 54 01 54 01 00 00 00 27 01 80 89 F2 00 F0 00 27 01 00 00 A0 38 1C 0C 09 05 D0 F9 F7 00 FF 00 00 00 00 00 00 00 00 00 00 00 FC FF 00 00
23:45:55.282 * rx 53178 +64/105#1703 00 00 00 00 01 00 10 00 00 07 00 00 00 00 00 00 00 00 00 00 00 00 00 45 01 70 00 00 00 00 00 70 00 00 00 00 00 11 0B 0E 55
23:45:55.288 * rx 53181 F0 30 00 01 17 06 82 00 43 44 D7 0F 10 ED 3E 50 44 5A 00 01 00 1C 27 27 EC 00 42 44 00 40 87 00 30 02 00 00 00 00 00 00 00 00 00 00 00 3C 07 55
23:45:56.031 * rxflood 108
23:45:56.039 * tx 54093 F0 16 00 01 4E 04 00 00 19 81 00 00 3D 00 00 00 01 00 00 41 01 55
23:45:56.046 * rx 54095 +0/105#1923 F0 69 00 01 4E 05 05 14 05 14 01 00 00 00 02 AA 00 AA 00 54 01 54 01 00 00 00 27 01 80 89 F2 00 F0 00 27 01 00 00 A0 38 1C 0C 09 05 25 F4 38 08 08 04 00 00 00 00 00 00 00 00 00 00 FC FF 00 00
23:45:56.056 * rx 54095 +64/105#1923 00 00 00 00 01 00 00 00 00 07 00 00 00 00 00 00 00 00 00 00 00 00 00 45 01 70 00 00 00 00 00 70 00 00 00 00 00 11 D8 0B 55
23:45:56.064 * rx 54097 F0 30 00 01 4E 06 82 00 43 44 D7 0F 10 ED 3E 50 44 5A 00 01 00 1C 27 27 EC 00 42 44 00 40 87 00 30 02 00 00 00 00 00 00 00 00 00 00 00 73 07 55
23:45:56.071 * tx 54110 F0 1D 00 01 4F 03 C2 2E 00 B2 11 B2 11 1C 00 00 06 00 00 02 00 02 01 00 00 00 0D 03 55
23:45:56.086 * tx 54110 F0 16 00 01 4F 04 00 00 19 81 00 00 3D 00 00 00 01 00 00 42 01 55
23:45:56.093 * rx 54111 +0/105#1927 F0 69 00 01 4F 05 05 14 05 14 01 00 00 00 02 AA 00 AA 00 54 01 54 01 00 00 00 27 01 80 89 F2 00 F0 00 27 01 00 00 A0 38 1C 0C 09 05 D0 F9 F7 00 FF 00 00 00 00 00 00 00 00 00 00 00 FC FF 00 00
23:45:56.101 * rx 54111 +64/105#1927 00 00 00 00 01 00 00 00 00 07 00 00 00 00 00 00 00 00 00 00 00 00 00 45 01 70 00 00 00 00 00 70 00 00 00 00 00 11 33 0E 55
23:45:56.117 * rx 54114 F0 30 00 01 4F 06 82 00 43 44 D7 0F 10 ED 3E 50 44 5A 00 01 00 1C 27 27 EC 00 42 44 00 40 87 00 30 02 00 00 00 00 00 00 00 00 00 00 00 74 07 55
23:45:56.124 * tx 54127 F0 1D 00 01 50 03 C2 2E 00 B2 11 B2 11 1C 00 00 06 00 00 02 00 02 01 00 00 00 0E 03 55
23:45:56.133 * tx 54128 F0 16 00 01 50 04 00 00 19 81 00 00 3D 00 00 00 01 00 00 43 01 55
23:45:56.147 * rx 54128 +0/105#1931 F0 69 00 01 50 05 05 14 05 14 01 00 00 00 02 AA 00 AA 00 54 01 54 01 00 00 00 27 01 80 89 F2 00 F0 00 27 01 00 00 A0 38 1C 0C 09 05 25 F4 38 08 08 04 00 00 00 00 00 00 00 00 00 00 FC FF 00 00
23:45:56.154 * rx 54128 +64/105#1931 00 00 00 00 01 00 00 00 00 07 00 00 00 00 00 00 00 00 00 00 00 00 00 45 01 70 00 00 00 00 00 70 00 00 00 00 00 11 DA 0B 55
23:45:56.161 * rx 54131 F0 30 00 01 50 06 82 00 43 44 D7 0F 10 ED 3E 50 44 5A 00 01 00 1C 27 27 EC 00 42 44 00 40 87 00 30 02 00 00 00 00 00 00 00 00 00 00 00 75 07 55
23:45:56.174 * tx 54143 F0 1D 00 01 51 03 C2 2E 00 B2 11 B2 11 1C 00 00 06 00 00 02 00 02 01 00 00 00 0F 03 55
23:45:56.181 * tx 54143 F0 16 00 01 51 04 00 00 19 81 00 00 3D 00 00 00 01 00 00 44 01 55
23:45:56.189 * rx 54145 +0/105#1935 F0 69 00 01 51 05 05 14 05 14 01 00 00 00 02 AA 00 AA 00 54 01 54 01 00 00 00 27 01 80 89 F2 00 F0 00 27 01 00 00 A0 38 1C 0C 09 05 D0 F9 F7 00 FF 00 00 00 00 00 00 00 00 00 00 00 FC FF 00 00
23:45:56.203 * rx 54145 +64/105#1935 00 00 00 00 01 00 00 00 00 07 00 00 00 00 00 00 00 00 00 00 00 00 00 45 01 70 00 00 00 00 00 70 00 00 00 00 00 11 35 0E 55
23:45:56.211 * rx 54147 F0 30 00 01 51 06 82 00 43 44 D7 0F 10 ED 3E 50 44 5A 00 01 00 1C 27 27 EC 00 42 44 00 40 87 00 30 02 00 00 00 00 00 00 00 00 00 00 00 76 07 55
23:45:56.218 * tx 54160 F0 1D 00 01 52 03 C2 2E 00 B2 11 B2 11 1C 00 00 06 00 00 02 00 02 01 00 00 00 10 03 55
23:45:56.231 * tx 54160 F0 16 00 01 52 04 00 00 19 81 00 00 3D 00 00 00 01 00 00 45 01 55
23:45:56.240 * rx 54161 +0/105#1939 F0 69 00 01 52 05 05 14 05 14 01 00 00 00 02 AA 00 AA 00 54 01 54 01 00 00 00 27 01 80 89 F2 00 F0 00 27 01 00 00 A0 38 1C 0C 09 05 25 F4 38 08 08 04 00 00 00 00 00 00 00 00 00 00 FC FF 00 00
23:45:56.249 * rx 54161 +64/105#1939 00 00 00 00 01 00 00 00 00 07 00 00 00 00 00 00 00 00 00 00 00 00 00 45 01 70 00 00 00 00 00 70 00 00 00 00 00 11 DC 0B 55
23:45:56.260 * rx 54164 F0 30 00 01 52 06 82 00 43 44 D7 0F 10 ED 3E 50 44 5A 00 01 00 1C 27 27 EC 00 42 44 00 40 87 00 30 02 00 00 00 00 00 00 00 00 00 00 00 77 07 55
23:45:56.266 * tx 54177 F0 1D 00 01 53 03 C2 2E 00 B2 11 B2 11 1C 00 00 06 00 00 02 00 02 01 00 00 00 11 03 55
23:45:56.274 * tx 54178 F0 16 00 01 53 04 00 00 19 81 00 00 3D 00 00 00 01 00 00 46 01 55
23:45:56.289 * rx 54178 +0/105#1943 F0 69 00 01 53 05 05 14 05 14 01 00 00 00 02 AA 00 AA 00 54 01 54 01 00 00 00 27 01 80 89 F2 00 F0 00 27 01 00 00 A0 38 1C 0C 09 05 D0 F9 F7 00 FF 00 00 00 00 00 00 00 00 00 00 00 FC FF 00 00
23:45:56.298 * rx 54178 +64/105#1943 00 00 00 00 01 00 00 00 00 07 00 00 00 00 00 00 00 00 00 00 00 00 00 45 01 70 00 00 00 00 00 70 00 00 00 00 00 11 37 0E 55
23:45:56.307 * rx 54180 F0 30 00 01 53 06 82 00 43 44 D7 0F 10 ED 3E 50 44 5A 00 01 00 1C 27 27 EC 00 42 44 00 40 87 00 30 02 00 00 00 00 00 00 00 00 00 00 00 78 07 55
23:45:57.030 * rxflood 108
23:45:57.041 * tx 55093 F0 1D 00 01 8A 03 C2 2E 00 B2 11 B2 11 1C 00 00 06 00 00 02 00 02 01 00 00 00 48 03 55
23:45:57.051 * tx 55093 F0 16 00 01 8A 04 00 00 19 81 00 00 3D 00 00 00 01 00 00 7D 01 55
23:45:57.069 * rx 55095 +0/105#2163 F0 69 00 01 8A 05 05 14 05 14 01 00 00 00 02 AA 00 AA 00 54 01 54 01 00 00 00 27 01 80 89 F2 00 F0 00 27 01 00 00 A0 38 1C 0C 09 05 25 F4 38 08 08 04 00 00 00 00 00 00 00 00 00 00 FC FF 00 00
23:45:57.083 * rx 55095 +64/105#2163 00 00 00 00 01 00 00 00 00 07 00 00 00 00 00 00 00 00 00 00 00 00 00 45 01 70 00 00 00 00 00 70 00 00 00 00 00 11 14 0C 55
23:45:57.091 * rx 55097 F0 30 00 01 8A 06 82 00 43 44 D7 0F 10 ED 3E 50 44 5A 00 01 00 1C 27 27 EC 00 42 44 00 40 87 00 30 02 00 00 00 00 00 00 00 00 00 00 00 AF 07 55
23:45:57.108 * tx 55110 F0 1D 00 01 8B 03 C2 2E 00 B2 11 B2 11 1C 00 00 06 00 00 02 00 02 01 00 00 00 49 03 55
23:45:57.116 * tx 55110 F0 16 00 01 8B 04 00 00 19 81 00 00 3D 00 00 00 01 00 00 7E 01 55
23:45:57.123 * rx 55111 +0/105#2167 F0 69 00 01 8B 05 05 14 05 14 01 00 00 00 02 AA 00 AA 00 54 01 54 01 00 00 00 27 01 80 89 F2 00 F0 00 27 01 00 00 A0 38 1C 0C 09 05 D0 F9 F7 00 FF 00 00 00 00 00 00 00 00 00 00 00 FC FF 00 00
23:45:57.138 * rx 55111 +64/105#2167 00 00 00 00 01 00 00 00 00 07 00 00 00 00 00 00 00 00 00 00 00 00 00 45 01 70 00 00 00 00 00 70 00 00 00 00 00 11 6F 0E 55
23:45:57.146 * rx 55114 F0 30 00 01 8B 06 82 00 43 44 D7 0F 10 ED 3E 50 44 5A 00 01 00 1C 27 27 EC 00 42 44 00 40 87 00 30 02 00 00 00 00 00 00 00 00 00 00 00 B0 07 55
23:45:57.153 * tx 55127 F0 1D 00 01 8C 03 C2 2E 00 B2 11 B2 11 1C 00 00 06 00 00 02 00 02 01 00 00 00 4A 03 55
23:45:57.167 * tx 55128 F0 16 00 01 8C 04 00 00 19 81 00 00 3D 00 00 00 01 00 00 7F 01 55
23:45:57.176 * rx 55128 +0/105#2171 F0 69 00 01 8C 05 05 14 05 14 01 00 00 00 02 AA 00 AA 00 54 01 54 01 00 00 00 27 01 80 89 F2 00 F0 00 27 01 00 00 A0 38 1C 0C 09 05 25 F4 38 08 08 04 00 00 00 00 00 00 00 00 00 00 FC FF 00 00
23:45:57.183 * rx 55128 +64/105#2171 00 00 00 00 01 00 00 00 00 07 00 00 00 00 00 00 00 00 00 00 00 00 00 45 01 70 00 00 00 00 00 70 00 00 00 00 00 11 16 0C 55
23:45:57.196 * rx 55131 F0 30 00 01 8C 06 82 00 43 44 D7 0F 10 ED 3E 50 44 5A 00 01 00 1C 27 27 EC 00 42 44 00 40 87 00 30 02 00 00 00 00 00 00 00 00 00 00 00 B1 07 55
23:45:57.204 * tx 55143 F0 1D 00 01 8D 03 C2 2E 00 B2 11 B2 11 1C 00 00 06 00 00 02 00 02 01 00 00 00 4B 03 55
23:45:57.211 * tx 55143 F0 16 00 01 8D 04 00 00 19 81 00 00 3D 00 00 00 01 00 00 80 01 55
23:45:57.223 * rx 55145 +0/105#2175 F0 69 00 01 8D 05 05 14 05 14 01 00 00 00 02 AA 00 AA 00 54 01 54 01 00 00 00 27 01 80 89 F2 00 F0 00 27 01 00 00 A0 38 1C 0C 09 05 D0 F9 F7 00 FF 00 00 00 00 00 00 00 00 00 00 00 FC FF 00 00
23:45:57.231 * rx 55145 +64/105#2175 00 00 00 00 01 00 00 00 00 07 00 00 00 00 00 00 00 00 00 00 00 00 00 45 01 70 00 00 00 00 00 70 00 00 00 00 00 11 71 0E 55
23:45:57.239 * rx 55147 F0 30 00 01 8D 06 82 00 43 44 D7 0F 10 ED 3E 50 44 5A 00 01 00 1C 27 27 EC 00 42 44 00 40 87 00 30 02 00 00 00 00 00 00 00 00 00 00 00 B2 07 55
23:45:57.252 * tx 55160 F0 1D 00 01 8E 03 C2 2E 00 B2 11 B2 11 1C 00 00 06 00 00 02 00 02 01 00 00 00 4C 03 55
23:45:57.260 * tx 55160 F0 16 00 01 8E 04 00 00 19 81 00 00 3D 00 00 00 01 00 00 81 01 55
23:45:57.268 * rx 55161 +0/105#2179 F0 69 00 01 8E 05 05 14 05 14 01 00 00 00 02 AA 00 AA 00 54 01 54 01 00 00 00 27 01 80 89 F2 00 F0 00 27 01 00 00 A0 38 1C 0C 09 05 25 F4 38 08 08 04 00 00 00 00 00 00 00 00 00 00 FC FF 00 00
23:45:57.281 * rx 55161 +64/105#2179 00 00 00 00 01 00 00 00 00 07 00 00 00 00 00 00 00 00 00 00 00 00 00 45 01 70 00 00 00 00 00 70 00 00 00 00 00 11 18 0C 55
23:45:57.288 * rx 55164 F0 30 00 01 8E 06 82 00 43 44 D7 0F 10 ED 3E 50 44 5A 00 01 00 1C 27 27 EC 00 42 44 00 40 87 00 30 02 00 00 00 00 00 00 00 00 00 00 00 B3 07 55
23:45:57.295 * tx 55177 F0 1D 00 01 8F 03 C2 2E 00 B2 11 B2 11 1C 00 00 06 00 00 02 00 02 01 00 00 00 4D 03 55
23:45:57.309 * tx 55178 F0 16 00 01 8F 04 00 00 19 81 00 00 3D 00 00 00 01 00 00 82 01 55
23:45:57.316 * rx 55178 +0/105#2183 F0 69 00 01 8F 05 05 14 05 14 01 00 00 00 02 AA 00 AA 00 54 01 54 01 00 00 00 27 01 80 89 F2 00 F0 00 27 01 00 00 A0 38 1C 0C 09 05 D0 F9 F7 00 FF 00 00 00 00 00 00 00 00 00 00 00 FC FF 00 00
23:45:57.323 * rx 55178 +64/105#2183 00 00 00 00 01 00 00 00 00 07 00 00 00 00 00 00 00 00 00 00 00 00 00 45 01 70 00 00 00 00 00 70 00 00 00 00 00 11 73 0E 55
23:45:58.031 * rxflood 109
23:45:58.041 * tx 56093 F0 1D 00 01 C6 03 C2 2E 00 B2 11 B2 11 1C 00 00 06 00 00 02 00 02 01 00 00 00 84 03 55
23:45:58.048 * tx 56093 F0 16 00 01 C6 04 00 00 19 81 00 00 3D 00 00 00 01 00 00 B9 01 55
23:45:58.062 * rx 56095 +0/105#2403 F0 69 00 01 C6 05 05 14 05 14 01 00 00 00 02 AA 00 AA 00 54 01 54 01 00 00 00 27 01 80 89 F2 00 F0 00 27 01 00 00 A0 38 1C 0C 09 05 25 F4 38 08 08 04 00 00 00 00 00 00 00 00 00 00 FC FF 00 00
23:45:58.072 * rx 56095 +64/105#2403 00 00 00 00 01 00 00 00 00 07 00 00 00 00 00 00 00 00 00 00 00 00 00 45 01 70 00 00 00 00 00 70 00 00 00 00 00 11 50 0C 55
23:45:58.081 * rx 56097 F0 30 00 01 C6 06 82 00 43 44 D7 0F 10 ED 3E 50 44 5A 00 01 00 1C 27 27 EC 00 42 44 00 40 87 00 30 02 00 00 00 00 00 00 00 00 00 00 00 EB 07 55
23:45:58.094 * tx 56110 F0 1D 00 01 C7 03 C2 2E 00 B2 11 B2 11 1C 00 00 06 00 00 02 00 02 01 00 00 00 85 03 55
23:45:58.104 * tx 56110 F0 16 00 01 C7 04 00 00 19 81 00 00 3D 00 00 00 01 00 00 BA 01 55
23:45:58.116 * rx 56111 +0/105#2407 F0 69 00 01 C7 05 05 14 05 14 01 00 00 00 02 AA 00 AA 00 54 01 54 01 00 00 00 27 01 80 89 F2 00 F0 00 27 01 00 00 A0 38 1C 0C 09 05 D0 F9 F7 00 FF 00 00 00 00 00 00 00 00 00 00 00 FC FF 00 00
23:45:58.136 * rx 56111 +64/105#2407 00 00 00 00 01 00 00 00 00 07 00 00 00 00 00 00 00 00 00 00 00 00 00 45 01 70 00 00 00 00 00 70 00 00 00 00 00 11 AB 0E 55
23:45:58.144 * rx 56114 F0 30 00 01 C7 06 82 00 43 44 D7 0F 10 ED 3E 50 44 5A 00 01 00 1C 27 27 EC 00 42 44 00 40 87 00 30 02 00 00 00 00 00 00 00 00 00 00 00 EC 07 55
23:45:58.153 * tx 56127 F0 1D 00 01 C8 03 C2 2E 00 B2 11 B2 11 1C 00 00 06 00 00 02 00 02 01 00 00 00 86 03 55
23:45:58.168 * tx 56128 F0 16 00 01 C8 04 00 00 19 81 00 00 3D 00 00 00 01 00 00 BB 01 55
23:45:58.177 * rx 56128 +0/105#2411 F0 69 00 01 C8 05 05 14 05 14 01 00 00 00 02 AA 00 AA 00 54 01 54 01 00 00 00 27 01 80 89 F2 00 F0 00 27 01 00 00 A0 38 1C 0C 09 05 25 F4 38 08 08 04 00 00 00 00 00 00 00 00 00 00 FC FF 00 00
23:45:58.187 * rx 56128 +64/105#2411 00 00 00 00 01 00 00 00 00 07 00 00 00 00 00 00 00 00 00 00 00 00 00 45 01 70 00 00 00 00 00 70 00 00 00 00 00 11 52 0C 55
23:45:58.203 * rx 56131 F0 30 00 01 C8 06 82 00 43 44 D7 0F 10 ED 3E 50 44 5A 00 01 00 1C 27 27 EC 00 42 44 00 40 87 00 30 02 00 00 00 00 00 00 00 00 00 00 00 ED 07 55
23:45:58.213 * tx 56143 F0 1D 00 01 C9 03 C2 2E 00 B2 11 B2 11 1C 00 00 06 00 00 02 00 02 01 00 00 00 87 03 55
23:45:58.223 * tx 56143 F0 16 00 01 C9 04 00 00 19 81 00 00 3D 00 00 00 01 00 00 BC 01 55
23:45:58.237 * rx 56145 +0/105#2415 F0 69 00 01 C9 05 05 14 05 14 01 00 00 00 02 AA 00 AA 00 54 01 54 01 00 00 00 27 01 80 89 F2 00 F0 00 27 01 00 00 A0 38 1C 0C 09 05 D0 F9 F7 00 FF 00 00 00 00 00 00 00 00 00 00 00 FC FF 00 00
23:45:58.248 * rx 56145 +64/105#2415 00 00 00 00 01 00 00 00 00 07 00 00 00 00 00 00 00 00 00 00 00 00 00 45 01 70 00 00 00 00 00 70 00 00 00 00 00 11 AD 0E 55
23:45:58.263 * rx 56147 F0 30 00 01 C9 06 82 00 43 44 D7 0F 10 ED 3E 50 44 5A 00 01 00 1C 27 27 EC 00 42 44 00 40 87 00 30 02 00 00 00 00 00 00 00 00 00 00 00 EE 07 55
23:45:58.277 * tx 56160 F0 1D 00 01 CA 03 C2 2E 00 B2 11 B2 11 1C 00 00 06 00 00 02 00 02 01 00 00 00 88 03 55
23:45:58.288 * tx 56160 F0 16 00 01 CA 04 00 00 19 81 00 00 3D 00 00 00 01 00 00 BD 01 55
23:45:58.301 * rx 56161 +0/105#2419 F0 69 00 01 CA 05 05 14 05 14 01 00 00 00 02 AA 00 AA 00 54 01 54 01 00 00 00 27 01 80 89 F2 00 F0 00 27 01 00 00 A0 38 1C 0C 09 05 25 F4 38 08 08 04 00 00 00 00 00 00 00 00 00 00 FC FF 00 00
23:45:58.317 * rx 56161 +64/105#2419 00 00 00 00 01 00 00 00 00 07 00 00 00 00 00 00 00 00 00 00 00 00 00 45 01 70 00 00 00 00 00 70 00 00 00 00 00 11 54 0C 55
23:45:58.329 * rx 56164 F0 30 00 01 CA 06 82 00 43 44 D7 0F 10 ED 3E 50 44 5A 00 01 00 1C 27 27 EC 00 42 44 00 40 87 00 30 02 00 00 00 00 00 00 00 00 00 00 00 EF 07 55
23:45:58.343 * tx 56177 F0 1D 00 01 CB 03 C2 2E 00 B2 11 B2 11 1C 00 00 06 00 00 02 00 02 01 00 00 00 89 03 55
23:45:58.359 * tx 56178 F0 16 00 01 CB 04 00 00 19 81 00 00 3D 00 00 00 01 00 00 BE 01 55
23:45:58.370 * rx 56178 +0/105#2423 F0 69 00 01 CB 05 05 14 05 14 01 00 00 00 02 AA 00 AA 00 54 01 54 01 00 00 00 27 01 80 89 F2 00 F0 00 27 01 00 00 A0 38 1C 0C 09 05 D0 F9 F7 00 FF 00 00 00 00 00 00 00 00 00 00 00 FC FF 00 00
23:45:58.384 * rx 56178 +64/105#2423 00 00 00 00 01 00 00 00 00 07 00 00 00 00 00 00 00 00 00 00 00 00 00 45 01 70 00 00 00 00 00 70 00 00 00 00 00 11 AF 0E 55
23:45:59.031 * rxflood 109
23:45:59.046 * tx 57093 F0 1D 00 01 12 03 C2 2E 00 B2 11 B2 11 1C 00 00 06 00 00 02 00 02 01 00 00 00 D0 02 55
23:45:59.059 * tx 57093 F0 16 00 01 12 04 00 00 19 81 00 00 3D 00 00 00 01 00 00 05 01 55
23:45:59.087 * rx 57095 +0/105#2643 F0 69 00 01 12 05 05 14 05 14 01 00 00 00 02 AA 00 AA 00 54 01 54 01 00 00 00 27 01 80 89 F2 00 F0 00 27 01 00 00 A0 38 1C 0C 09 05 25 F4 38 08 08 04 00 00 00 00 00 00 00 00 00 00 FC FF 00 00
23:45:59.098 * rx 57095 +64/105#2643 00 00 00 00 01 00 00 00 00 07 00 00 00 00 00 00 00 00 00 00 00 00 00 45 01 70 00 00 00 00 00 70 00 00 00 00 00 11 9C 0B 55
23:45:59.113 * rx 57097 F0 30 00 01 12 06 82 00 43 44 D7 0F 10 ED 3E 50 44 5A 00 01 00 1C 27 27 EC 00 42 44 00 40 87 00 30 02 00 00 00 00 00 00 00 00 00 00 00 37 07 55
23:45:59.130 * tx 57110 F0 1D 00 01 13 03 C2 2E 00 B2 11 B2 11 1C 00 00 06 00 00 02 00 02 01 00 00 00 D1 02 55
23:45:59.142 * tx 57110 F0 16 00 01 13 04 00 00 19 81 00 00 3D 00 00 00 01 00 00 06 01 55
23:45:59.160 * rx 57111 +0/105#2647 F0 69 00 01 13 05 05 14 05 14 01 00 00 00 02 AA 00 AA 00 54 01 54 01 00 00 00 27 01 80 89 F2 00 F0 00 27 01 00 00 A0 38 1C 0C 09 05 D0 F9 F7 00 FF 00 00 00 00 00 00 00 00 00 00 00 FC FF 00 00
23:45:59.172 * rx 57111 +64/105#2647 00 00 00 00 01 00 00 00 00 07 00 00 00 00 00 00 00 00 00 00 00 00 00 45 01 70 00 00 00 00 00 70 00 00 00 00 00 11 F7 0D 55
23:45:59.186 * rx 57114 F0 30 00 01 13 06 82 00 43 44 D7 0F 10 ED 3E 50 44 5A 00 01 00 1C 27 27 EC 00 42 44 00 40 87 00 30 02 00 00 00 00 00 00 00 00 00 00 00 38 07 55
23:45:59.197 * tx 57127 F0 1D 00 01 14 03 C2 2E 00 B2 11 B2 11 1C 00 00 06 00 00 02 00 02 01 00 00 00 D2 02 55
23:45:59.210 * tx 57128 F0 16 00 01 14 04 00 00 19 81 00 00 3D 00 00 00 01 00 00 07 01 55
23:45:59.225 * rx 57128 +0/105#2651 F0 69 00 01 14 05 05 14 05 14 01 00 00 00 02 AA 00 AA 00 54 01 54 01 00 00 00 27 01 80 89 F2 00 F0 00 27 01 00 00 A0 38 1C 0C 09 05 25 F4 38 08 08 04 00 00 00 00 00 00 00 00 00 00 FC FF 00 00
23:45:59.235 * rx 57128 +64/105#2651 00 00 00 00 01 00 00 00 00 07 00 00 00 00 00 00 00 00 00 00 00 00 00 45 01 70 00 00 00 00 00 70 00 00 00 00 00 11 9E 0B 55
23:45:59.246 * rx 57131 F0 30 00 01 14 06 82 00 43 44 D7 0F 10 ED 3E 50 44 5A 00 01 00 1C 27 27 EC 00 42 44 00 40 87 00 30 02 00 00 00 00 00 00 00 00 00 00 00 39 07 55
23:45:59.258 * tx 57143 F0 1D 00 01 15 03 C2 2E 00 B2 11 B2 11 1C 00 00 06 00 00 02 00 02 01 00 00 00 D3 02 55
23:45:59.274 * tx 57143 F0 16 00 01 15 04 00 00 19 81 00 00 3D 00 00 00 01 00 00 08 01 55
23:45:59.284 * rx 57145 +0/105#2655 F0 69 00 01 15 05 05 14 05 14 01 00 00 00 02 AA 00 AA 00 54 01 54 01 00 00 00 27 01 80 89 F2 00 F0 00 27 01 00 00 A0 38 1C 0C 09 05 D0 F9 F7 00 FF 00 00 00 00 00 00 00 00 00 00 00 FC FF 00 00
23:45:59.296 * rx 57145 +64/105#2655 00 00 00 00 01 00 00 00 00 07 00 00 00 00 00 00 00 00 00 00 00 00 00 45 01 70 00 00 00 00 00 70 00 00 00 00 00 11 F9 0D 55
23:45:59.314 * rx 57147 F0 30 00 01 15 06 82 00 43 44 D7 0F 10 ED 3E 50 44 5A 00 01 00 1C 27 27 EC 00 42 44 00 40 87 00 30 02 00 00 00 00 00 00 00 00 00 00 00 3A 07 55
23:45:59.324 * tx 57160 F0 1D 00 01 16 03 C2 2E 00 B2 11 B2 11 1C 00 00 06 00 00 02 00 02 01 00 00 00 D4 02 55
23:45:59.336 * tx 57160 F0 16 00 01 16 04 00 00 19 81 00 00 3D 00 00 00 01 00 00 09 01 55
23:45:59.349 * rx 57161 +0/105#2659 F0 69 00 01 16 05 05 14 05 14 01 00 00 00 02 AA 00 AA 00 54 01 54 01 00 00 00 27 01 80 89 F2 00 F0 00 27 01 00 00 A0 38 1C 0C 09 05 25 F4 38 08 08 04 00 00 00 00 00 00 00 00 00 00 FC FF 00 00
23:45:59.358 * rx 57161 +64/105#2659 00 00 00 00 01 00 00 00 00 07 00 00 00 00 00 00 00 00 00 00 00 00 00 45 01 70 00 00 00 00 00 70 00 00 00 00 00 11 A0 0B 55
23:45:59.374 * rx 57164 F0 30 00 01 16 06 82 00 43 44 D7 0F 10 ED 3E 50 44 5A 00 01 00 1C 27 27 EC 00 42 44 00 40 87 00 30 02 00 00 00 00 00 00 00 00 00 00 00 3B 07 55
23:45:59.384 * tx 57177 F0 1D 00 01 17 03 C2 2E 00 B2 11 B2 11 1C 00 00 06 00 00 02 00 02 01 00 00 00 D5 02 55
23:45:59.401 * tx 57178 F0 16 00 01 17 04 00 00 19 81 00 00 3D 00 00 00 01 00 00 0A 01 55
23:45:59.410 * rx 57178 +0/105#2663 F0 69 00 01 17 05 05 14 05 14 01 00 00 00 02 AA 00 AA 00 54 01 54 01 00 00 00 27 01 80 89 F2 00 F0 00 27 01 00 00 A0 38 1C 0C 09 05 D0 F9 F7 00 FF 00 00 00 00 00 00 00 00 00 00 00 FC FF 00 00
23:45:59.425 * rx 57178 +64/105#2663 00 00 00 00 01 00 00 00 00 07 00 00 00 00 00 00 00 00 00 00 00 00 00 45 01 70 00 00 00 00 00 70 00 00 00 00 00 11 FB 0D 55
23:46:00.031 * rxflood 109
23:46:00.045 * tx 58093 F0 1D 00 01 4E 03 C2 2E 00 B2 11 B2 11 1C 00 00 06 00 00 02 00 02 01 00 00 00 0C 03 55
23:46:00.054 * tx 58093 F0 16 00 01 4E 04 00 00 19 81 00 00 3D 00 00 00 01 00 00 41 01 55
23:46:00.068 * rx 58095 +0/105#2883 F0 69 00 01 4E 05 05 14 05 14 01 00 00 00 02 AA 00 AA 00 54 01 54 01 00 00 00 27 01 80 89 F2 00 F0 00 27 01 00 00 A0 38 1C 0C 09 05 25 F4 38 08 08 04 00 00 00 00 00 00 00 00 00 00 FC FF 00 00
23:46:00.079 * rx 58095 +64/105#2883 00 00 00 00 01 00 10 00 00 07 00 00 00 00 00 00 00 00 00 00 00 00 00 45 01 70 00 00 00 00 00 70 00 00 00 00 00 11 E8 0B 55
23:46:00.092 * rx 58097 F0 30 00 01 4E 06 82 00 44 44 D7 0F 10 ED 3E 50 44 5A 00 01 00 1C 27 27 EC 00 43 44 00 40 87 00 30 02 00 00 00 00 00 00 00 00 00 00 00 75 07 55
23:46:00.104 * tx 58110 F0 1D 00 01 4F 03 C2 2E 00 B2 11 B2 11 1C 00 00 06 00 00 02 00 02 01 00 00 00 0D 03 55
23:46:00.122 * tx 58110 F0 16 00 01 4F 04 00 00 19 81 00 00 3D 00 00 00 01 00 00 42 01 55
23:46:00.134 * rx 58111 +0/105#2887 F0 69 00 01 4F 05 05 14 05 14 01 00 00 00 02 AA 00 AA 00 54 01 54 01 00 00 00 27 01 80 89 F2 00 F0 00 27 01 00 00 A0 38 1C 0C 09 05 D0 F9 F7 00 FF 00 00 00 00 00 00 00 00 00 00 00 FC FF 00 00
23:46:00.149 * rx 58111 +64/105#2887 00 00 00 00 01 00 10 00 00 07 00 00 00 00 00 00 00 00 00 00 00 00 00 45 01 70 00 00 00 00 00 70 00 00 00 00 00 11 43 0E 55
23:46:00.162 * rx 58114 F0 30 00 01 4F 06 82 00 44 44 D7 0F 10 ED 3E 50 44 5A 00 01 00 1C 27 27 EC 00 43 44 00 40 87 00 30 02 00 00 00 00 00 00 00 00 00 00 00 76 07 55
23:46:00.184 * tx 58127 F0 1D 00 01 50 03 C2 2E 00 B2 11 B2 11 1C 00 00 06 00 00 02 00 02 01 00 00 00 0E 03 55
23:46:00.196 * tx 58128 F0 16 00 01 50 04 00 00 19 81 00 00 3D 00 00 00 01 00 00 43 01 55
23:46:00.213 * rx 58128 +0/105#2891 F0 69 00 01 50 05 05 14 05 14 01 00 00 00 02 AA 00 AA 00 54 01 54 01 00 00 00 27 01 80 89 F2 00 F0 00 27 01 00 00 A0 38 1C 0C 09 05 25 F4 38 08 08 04 00 00 00 00 00 00 00 00 00 00 FC FF 00 00
23:46:00.225 * rx 58128 +64/105#2891 00 00 00 00 01 00 10 00 00 07 00 00 00 00 00 00 00 00 00 00 00 00 00 45 01 70 00 00 00 00 00 70 00 00 00 00 00 11 EA 0B 55
23:46:00.247 * rx 58131 F0 30 00 01 50 06 82 00 44 44 D7 0F 10 ED 3E 50 44 5A 00 01 00 1C 27 27 EC 00 43 44 00 40 87 00 30 02 00 00 00 00 00 00 00 00 00 00 00 77 07 55
23:46:00.262 * tx 58143 F0 1D 00 01 51 03 C2 2E 00 B2 11 B2 11 1C 00 00 06 00 00 02 00 02 01 00 00 00 0F 03 55
23:46:00.283 * tx 58143 F0 16 00 01 51 04 00 00 19 81 00 00 3D 00 00 00 01 00 00 44 01 55
23:46:00.294 * rx 58145 +0/105#2895 F0 69 00 01 51 05 05 14 05 14 01 00 00 00 02 AA 00 AA 00 54 01 54 01 00 00 00 27 01 80 89 F2 00 F0 00 27 01 00 00 A0 38 1C 0C 09 05 D0 F9 F7 00 FF 00 00 00 00 00 00 00 00 00 00 00 FC FF 00 00
23:46:00.311 * rx 58145 +64/105#2895 00 00 00 00 01 00 10 00 00 07 00 00 00 00 00 00 00 00 00 00 00 00 00 45 01 70 00 00 00 00 00 70 00 00 00 00 00 11 45 0E 55
23:46:00.322 * rx 58147 F0 30 00 01 51 06 82 00 44 44 D7 0F 10 ED 3E 50 44 5A 00 01 00 1C 27 27 EC 00 43 44 00 40 87 00 30 02 00 00 00 00 00 00 00 00 00 00 00 78 07 55
23:46:00.337 * tx 58160 F0 1D 00 01 52 03 C2 2E 00 B2 11 B2 11 1C 00 00 06 00 00 02 00 02 01 00 00 00 10 03 55
23:46:00.347 * tx 58160 F0 16 00 01 52 04 00 00 19 81 00 00 3D 00 00 00 01 00 00 45 01 55
23:46:00.362 * rx 58161 +0/105#2899 F0 69 00 01 52 05 05 14 05 14 01 00 00 00 02 AA 00 AA 00 54 01 54 01 00 00 00 27 01 80 89 F2 00 F0 00 27 01 00 00 A0 38 1C 0C 09 05 25 F4 38 08 08 04 00 00 00 00 00 00 00 00 00 00 FC FF 00 00
23:46:00.372 * rx 58161 +64/105#2899 00 00 00 00 01 00 10 00 00 07 00 00 00 00 00 00 00 00 00 00 00 00 00 45 01 70 00 00 00 00 00 70 00 00 00 00 00 11 EC 0B 55
23:46:00.387 * rx 58164 F0 30 00 01 52 06 82 00 44 44 D7 0F 10 ED 3E 50 44 5A 00 01 00 1C 27 27 EC 00 43 44 00 40 87 00 30 02 00 00 00 00 00 00 00 00 00 00 00 79 07 55
23:46:00.398 * tx 58177 F0 1D 00 01 53 03 C2 2E 00 B2 11 B2 11 1C 00 00 06 00 00 02 00 02 01 00 00 00 11 03 55
23:46:00.415 * tx 58178 F0 16 00 01 53 04 00 00 19 81 00 00 3D 00 00 00 01 00 00 46 01 55
23:46:00.426 * rx 58178 +0/105#2903 F0 69 00 01 53 05 05 14 05 14 01 00 00 00 02 AA 00 AA 00 54 01 54 01 00 00 00 27 01 80 89 F2 00 F0 00 27 01 00 00 A0 38 1C 0C 09 05 D0 F9 F7 00 FF 00 00 00 00 00 00 00 00 00 00 00 FC FF 00 00
23:46:00.442 * rx 58178 +64/105#2903 00 00 00 00 01 00 10 00 00 07 00 00 00 00 00 00 00 00 00 00 00 00 00 45 01 70 00 00 00 00 00 70 00 00 00 00 00 11 47 0E 55
23:46:01.030 * rxflood 109
23:46:01.045 * tx 59093 F0 1D 00 01 8A 03 C2 2E 00 B2 11 B2 11 1C 00 00 06 00 00 02 00 02 01 00 00 00 48 03 55
23:46:01.056 * tx 59093 F0 16 00 01 8A 04 00 00 19 81 00 00 3D 00 00 00 01 00 00 7D 01 55
23:46:01.072 * rx 59095 +0/105#3123 F0 69 00 01 8A 05 05 14 05 14 01 00 00 00 02 AA 00 AA 00 54 01 54 01 00 00 00 27 01 80 89 F2 00 F0 00 27 01 00 00 A0 38 1C 0C 09 05 25 F4 38 08 08 04 00 00 00 00 00 00 00 00 00 00 FC FF 00 00
23:46:01.083 * rx 59095 +64/105#3123 00 00 00 00 01 00 10 00 00 07 00 00 00 00 00 00 00 00 00 00 00 00 00 45 01 70 00 00 00 00 00 70 00 00 00 00 00 11 24 0C 55
23:46:01.099 * rx 59097 F0 30 00 01 8A 06 82 00 44 44 D7 0F 10 ED 3E 50 44 5A 00 01 00 1C 27 27 EC 00 43 44 00 40 87 00 30 02 00 00 00 00 00 00 00 00 00 00 00 B1 07 55
23:46:01.109 * tx 59110 F0 1D 00 01 8B 03 C2 2E 00 B2 11 B2 11 1C 00 00 06 00 00 02 00 02 01 00 00 00 49 03 55
23:46:01.128 * tx 59110 F0 16 00 01 8B 04 00 00 19 81 00 00 3D 00 00 00 01 00 00 7E 01 55
23:46:01.141 * rx 59111 +0/105#3127 F0 69 00 01 8B 05 05 14 05 14 01 00 00 00 02 AA 00 AA 00 54 01 54 01 00 00 00 27 01 80 89 F2 00 F0 00 27 01 00 00 A0 38 1C 0C 09 05 D0 F9 F7 00 FF 00 00 00 00 00 00 00 00 00 00 00 FC FF 00 00
23:46:01.158 * rx 59111 +64/105#3127 00 00 00 00 01 00 10 00 00 07 00 00 00 00 00 00 00 00 00 00 00 00 00 45 01 70 00 00 00 00 00 70 00 00 00 00 00 11 7F 0E 55
23:46:01.174 * rx 59114 F0 30 00 01 8B 06 82 00 44 44 D7 0F 10 ED 3E 50 44 5A 00 01 00 1C 27 27 EC 00 43 44 00 40 87 00 30 02 00 00 00 00 00 00 00 00 00 00 00 B2 07 55
23:46:01.192 * tx 59127 F0 1D 00 01 8C 03 C2 2E 00 B2 11 B2 11 1C 00 00 06 00 00 02 00 02 01 00 00 00 4A 03 55
23:46:01.202 * tx 59128 F0 16 00 01 8C 04 00 00 19 81 00 00 3D 00 00 00 01 00 00 7F 01 55
23:46:01.220 * rx 59128 +0/105#3131 F0 69 00 01 8C 05 05 14 05 14 01 00 00 00 02 AA 00 AA 00 54 01 54 01 00 00 00 27 01 80 89 F2 00 F0 00 27 01 00 00 A0 38 1C 0C 09 05 25 F4 38 08 08 04 00 00 00 00 00 00 00 00 00 00 FC FF 00 00
23:46:01.235 * rx 59128 +64/105#3131 00 00 00 00 01 00 10 00 00 07 00 00 00 00 00 00 00 00 00 00 00 00 00 45 01 70 00 00 00 00 00 70 00 00 00 00 00 11 26 0C 55
23:46:01.257 * rx 59131 F0 30 00 01 8C 06 82 00 44 44 D7 0F 10 ED 3E 50 44 5A 00 01 00 1C 27 27 EC 00 43 44 00 40 87 00 30 02 00 00 00 00 00 00 00 00 00 00 00 B3 07 55
23:46:01.269 * tx 59143 F0 1D 00 01 8D 03 C2 2E 00 B2 11 B2 11 1C 00 00 06 00 00 02 00 02 01 00 00 00 4B 03 55
23:46:01.288 * tx 59143 F0 16 00 01 8D 04 00 00 19 81 00 00 3D 00 00 00 01 00 00 80 01 55
23:46:01.298 * rx 59145 +0/105#3135 F0 69 00 01 8D 05 05 14 05 14 01 00 00 00 02 AA 00 AA 00 54 01 54 01 00 00 00 27 01 80 89 F2 00 F0 00 27 01 00 00 A0 38 1C 0C 09 05 D0 F9 F7 00 FF 00 00 00 00 00 00 00 00 00 00 00 FC FF 00 00
23:46:01.313 * rx 59145 +64/105#3135 00 00 00 00 01 00 10 00 00 07 00 00 00 00 00 00 00 00 00 00 00 00 00 45 01 70 00 00 00 00 00 70 00 00 00 00 00 11 81 0E 55
23:46:01.325 * rx 59147 F0 30 00 01 8D 06 82 00 44 44 D7 0F 10 ED 3E 50 44 5A 00 01 00 1C 27 27 EC 00 43 44 00 40 87 00 30 02 00 00 00 00 00 00 00 00 00 00 00 B4 07 55
23:46:01.341 * tx 59160 F0 1D 00 01 8E 03 C2 2E 00 B2 11 B2 11 1C 00 00 06 00 00 02 00 02 01 00 00 00 4C 03 55
23:46:01.354 * tx 59160 F0 16 00 01 8E 04 00 00 19 81 00 00 3D 00 00 00 01 00 00 81 01 55
23:46:01.373 * rx 59161 +0/105#3139 F0 69 00 01 8E 05 05 14 05 14 01 00 00 00 02 AA 00 AA 00 54 01 54 01 00 00 00 27 01 80 89 F2 00 F0 00 27 01 00 00 A0 38 1C 0C 09 05 25 F4 38 08 08 04 00 00 00 00 00 00 00 00 00 00 FC FF 00 00
23:46:01.386 * rx 59161 +64/105#3139 00 00 00 00 01 00 10 00 00 07 00 00 00 00 00 00 00 00 00 00 00 00 00 45 01 70 00 00 00 00 00 70 00 00 00 00 00 11 28 0C 55
23:46:01.409 * rx 59164 F0 30 00 01 8E 06 82 00 44 44 D7 0F 10 ED 3E 50 44 5A 00 01 00 1C 27 27 EC 00 43 44 00 40 87 00 30 02 00 00 00 00 00 00 00 00 00 00 00 B5 07 55
23:46:01.419 * tx 59177 F0 1D 00 01 8F 03 C2 2E 00 B2 11 B2 11 1C 00 00 06 00 00 02 00 02 01 00 00 00 4D 03 55
23:46:01.439 * tx 59178 F0 16 00 01 8F 04 00 00 19 81 00 00 3D 00 00 00 01 00 00 82 01 55
23:46:01.453 * rx 59178 +0/105#3143 F0 69 00 01 8F 05 05 14 05 14 01 00 00 00 02 AA 00 AA 00 54 01 54 01 00 00 00 27 01 80 89 F2 00 F0 00 27 01 00 00 A0 38 1C 0C 09 05 D0 F9 F7 00 FF 00 00 00 00 00 00 00 00 00 00 00 FC FF 00 00
23:46:01.475 * rx 59178 +64/105#3143 00 00 00 00 01 00 10 00 00 07 00 00 00 00 00 00 00 00 00 00 00 00 00 45 01 70 00 00 00 00 00 70 00 00 00 00 00 11 83 0E 55
23:46:02.032 * rxflood 109
23:46:02.061 * tx 60093 F0 1D 00 01 C6 03 C2 2E 00 B2 11 B2 11 1C 00 00 06 00 00 02 00 02 01 00 00 00 84 03 55
23:46:02.077 * tx 60093 F0 16 00 01 C6 04 00 00 19 81 00 00 3D 00 00 00 01 00 00 B9 01 55
23:46:02.098 * rx 60095 +0/105#3363 F0 69 00 01 C6 05 05 14 05 14 01 00 00 00 02 AA 00 AA 00 54 01 54 01 00 00 00 27 01 80 89 F2 00 F0 00 27 01 00 00 A0 38 1C 0C 09 05 25 F4 38 08 08 04 00 00 00 00 00 00 00 00 00 00 FC FF 00 00
23:46:02.108 * rx 60095 +64/105#3363 00 00 00 00 01 00 10 00 00 07 00 00 00 00 00 00 00 00 00 00 00 00 00 45 01 70 00 00 00 00 00 70 00 00 00 00 00 11 60 0C 55
23:46:02.128 * rx 60097 F0 30 00 01 C6 06 82 00 44 44 D7 0F 10 ED 3E 50 44 5A 00 01 00 1C 27 27 EC 00 43 44 00 40 87 00 30 02 00 00 00 00 00 00 00 00 00 00 00 ED 07 55
23:46:02.141 * tx 60110 F0 1D 00 01 C7 03 C2 2E 00 B2 11 B2 11 1C 00 00 06 00 00 02 00 02 01 00 00 00 85 03 55
23:46:02.161 * tx 60110 F0 16 00 01 C7 04 00 00 19 81 00 00 3D 00 00 00 01 00 00 BA 01 55
23:46:02.175 * rx 60111 +0/105#3367 F0 69 00 01 C7 05 05 14 05 14 01 00 00 00 02 AA 00 AA 00 54 01 54 01 00 00 00 27 01 80 89 F2 00 F0 00 27 01 00 00 A0 38 1C 0C 09 05 D0 F9 F7 00 FF 00 00 00 00 00 00 00 00 00 00 00 FC FF 00 00
23:46:02.194 * rx 60111 +64/105#3367 00 00 00 00 01 00 10 00 00 07 00 00 00 00 00 00 00 00 00 00 00 00 00 45 01 70 00 00 00 00 00 70 00 00 00 00 00 11 BB 0E 55
23:46:02.205 * rx 60114 F0 30 00 01 C7 06 82 00 44 44 D7 0F 10 ED 3E 50 44 5A 00 01 00 1C 27 27 EC 00 43 44 00 40 87 00 30 02 00 00 00 00 00 00 00 00 00 00 00 EE 07 55
23:46:02.223 * tx 60127 F0 1D 00 01 C8 03 C2 2E 00 B2 11 B2 11 1C 00 00 06 00 00 02 00 02 01 00 00 00 86 03 55
23:46:02.234 * tx 60128 F0 16 00 01 C8 04 00 00 19 81 00 00 3D 00 00 00 01 00 00 BB 01 55
23:46:02.253 * rx 60128 +0/105#3371 F0 69 00 01 C8 05 05 14 05 14 01 00 00 00 02 AA 00 AA 00 54 01 54 01 00 00 00 27 01 80 89 F2 00 F0 00 27 01 00 00 A0 38 1C 0C 09 05 25 F4 38 08 08 04 00 00 00 00 00 00 00 00 00 00 FC FF 00 00
23:46:02.264 * rx 60128 +64/105#3371 00 00 00 00 01 00 10 00 00 07 00 00 00 00 00 00 00 00 00 00 00 00 00 45 01 70 00 00 00 00 00 70 00 00 00 00 00 11 62 0C 55
23:46:02.280 * rx 60131 F0 30 00 01 C8 06 82 00 44 44 D7 0F 10 ED 3E 50 44 5A 00 01 00 1C 27 27 EC 00 43 44 00 40 87 00 30 02 00 00 00 00 00 00 00 00 00 00 00 EF 07 55
23:46:02.291 * tx 60143 F0 1D 00 01 C9 03 C2 2E 00 B2 11 B2 11 1C 00 00 06 00 00 02 00 02 01 00 00 00 87 03 55
23:46:02.311 * tx 60143 F0 16 00 01 C9 04 00 00 19 81 00 00 3D 00 00 00 01 00 00 BC 01 55
23:46:02.322 * rx 60145 +0/105#3375 F0 69 00 01 C9 05 05 14 05 14 01 00 00 00 02 AA 00 AA 00 54 01 54 01 00 00 00 27 01 80 89 F2 00 F0 00 27 01 00 00 A0 38 1C 0C 09 05 D0 F9 F7 00 FF 00 00 00 00 00 00 00 00 00 00 00 FC FF 00 00
23:46:02.339 * rx 60145 +64/105#3375 00 00 00 00 01 00 10 00 00 07 00 00 00 00 00 00 00 00 00 00 00 00 00 45 01 70 00 00 00 00 00 70 00 00 00 00 00 11 BD 0E 55
23:46:02.355 * rx 60147 F0 30 00 01 C9 06 82 00 44 44 D7 0F 10 ED 3E 50 44 5A 00 01 00 1C 27 27 EC 00 43 44 00 40 87 00 30 02 00 00 00 00 00 00 00 00 00 00 00 F0 07 55
23:46:02.375 * tx 60160 F0 1D 00 01 CA 03 C2 2E 00 B2 11 B2 11 1C 00 00 06 00 00 02 00 02 01 00 00 00 88 03 55
23:46:02.390 * tx 60160 F0 16 00 01 CA 04 00 00 19 81 00 00 3D 00 00 00 01 00 00 BD 01 55
23:46:02.412 * rx 60161 +0/105#3379 F0 69 00 01 CA 05 05 14 05 14 01 00 00 00 02 AA 00 AA 00 54 01 54 01 00 00 00 27 01 80 89 F2 00 F0 00 27 01 00 00 A0 38 1C 0C 09 05 25 F4 38 08 08 04 00 00 00 00 00 00 00 00 00 00 FC FF 00 00
23:46:02.423 * rx 60161 +64/105#3379 00 00 00 00 01 00 10 00 00 07 00 00 00 00 00 00 00 00 00 00 00 00 00 45 01 70 00 00 00 00 00 70 00 00 00 00 00 11 64 0C 55
23:46:02.445 * rx 60164 F0 30 00 01 CA 06 82 00 44 44 D7 0F 10 ED 3E 50 44 5A 00 01 00 1C 27 27 EC 00 43 44 00 40 87 00 30 02 00 00 00 00 00 00 00 00 00 00 00 F1 07 55
23:46:02.460 * tx 60177 F0 1D 00 01 CB 03 C2 2E 00 B2 11 B2 11 1C 00 00 06 00 00 02 00 02 01 00 00 00 89 03 55
23:46:02.484 * tx 60178 F0 16 00 01 CB 04 00 00 19 81 00 00 3D 00 00 00 01 00 00 BE 01 55
23:46:02.501 * rx 60178 +0/105#3383 F0 69 00 01 CB 05 05 14 05 14 01 00 00 00 02 AA 00 AA 00 54 01 54 01 00 00 00 27 01 80 89 F2 00 F0 00 27 01 00 00 A0 38 1C 0C 09 05 D0 F9 F7 00 FF 00 00 00 00 00 00 00 00 00 00 00 FC FF 00 00
23:46:02.525 * rx 60178 +64/105#3383 00 00 00 00 01 00 10 00 00 07 00 00 00 00 00 00 00 00 00 00 00 00 00 45 01 70 00 00 00 00 00 70 00 00 00 00 00 11 BF 0E 55
23:46:03.031 * rxflood 109
23:46:03.056 * tx 61093 F0 1D 00 01 12 03 C2 2E 00 B2 11 B2 11 1C 00 00 06 00 00 02 00 02 01 00 00 00 D0 02 55
23:46:03.073 * tx 61093 F0 16 00 01 12 04 00 00 19 81 00 00 3D 00 00 00 01 00 00 05 01 55
23:46:03.098 * rx 61095 +0/105#3603 F0 69 00 01 12 05 05 14 05 14 01 00 00 00 02 AA 00 AA 00 54 01 54 01 00 00 00 27 01 80 89 F2 00 F0 00 27 01 00 00 A0 38 1C 0C 09 05 25 F4 38 08 08 04 00 00 00 00 00 00 00 00 00 00 FC FF 00 00
23:46:03.115 * rx 61095 +64/105#3603 00 00 00 00 01 00 10 00 00 07 00 00 00 00 00 00 00 00 00 00 00 00 00 45 01 70 00 00 00 00 00 70 00 00 00 00 00 11 AC 0B 55
23:46:03.135 * rx 61097 F0 30 00 01 12 06 82 00 44 44 D7 0F 10 ED 3E 50 44 5A 00 01 00 1C 27 27 EC 00 43 44 00 40 87 00 30 02 00 00 00 00 00 00 00 00 00 00 00 39 07 55
23:46:03.149 * tx 61110 F0 1D 00 01 13 03 C2 2E 00 B2 11 B2 11 1C 00 00 06 00 00 02 00 02 01 00 00 00 D1 02 55
23:46:03.173 * tx 61110 F0 16 00 01 13 04 00 00 19 81 00 00 3D 00 00 00 01 00 00 06 01 55
23:46:03.189 * rx 61111 +0/105#3607 F0 69 00 01 13 05 05 14 05 14 01 00 00 00 02 AA 00 AA 00 54 01 54 01 00 00 00 27 01 80 89 F2 00 F0 00 27 01 00 00 A0 38 1C 0C 09 05 D0 F9 F7 00 FF 00 00 00 00 00 00 00 00 00 00 00 FC FF 00 00
23:46:03.206 * rx 61111 +64/105#3607 00 00 00 00 01 00 10 00 00 07 00 00 00 00 00 00 00 00 00 00 00 00 00 45 01 70 00 00 00 00 00 70 00 00 00 00 00 11 07 0E 55
23:46:03.221 * rx 61114 F0 30 00 01 13 06 82 00 44 44 D7 0F 10 ED 3E 50 44 5A 00 01 00 1C 27 27 EC 00 43 44 00 40 87 00 30 02 00 00 00 00 00 00 00 00 00 00 00 3A 07 55
23:46:03.243 * tx 61127 F0 1D 00 01 14 03 C2 2E 00 B2 11 B2 11 1C 00 00 06 00 00 02 00 02 01 00 00 00 D2 02 55
23:46:03.259 * tx 61128 F0 16 00 01 14 04 00 00 19 81 00 00 3D 00 00 00 01 00 00 07 01 55
23:46:03.280 * rx 61128 +0/105#3611 F0 69 00 01 14 05 05 14 05 14 01 00 00 00 02 AA 00 AA 00 54 01 54 01 00 00 00 27 01 80 89 F2 00 F0 00 27 01 00 00 A0 38 1C 0C 09 05 25 F4 38 08 08 04 00 00 00 00 00 00 00 00 00 00 FC FF 00 00
23:46:03.297 * rx 61128 +64/105#3611 00 00 00 00 01 00 10 00 00 07 00 00 00 00 00 00 00 00 00 00 00 00 00 45 01 70 00 00 00 00 00 70 00 00 00 00 00 11 AE 0B 55
23:46:03.325 * rx 61131 F0 30 00 01 14 06 82 00 44 44 D7 0F 10 ED 3E 50 44 5A 00 01 00 1C 27 27 EC 00 43 44 00 40 87 00 30 02 00 00 00 00 00 00 00 00 00 00 00 3B 07 55
23:46:03.341 * tx 61143 F0 1D 00 01 15 03 C2 2E 00 B2 11 B2 11 1C 00 00 06 00 00 02 00 02 01 00 00 00 D3 02 55
23:46:03.360 * tx 61143 F0 16 00 01 15 04 00 00 19 81 00 00 3D 00 00 00 01 00 00 08 01 55
23:46:03.372 * rx 61145 +0/105#3615 F0 69 00 01 15 05 05 14 05 14 01 00 00 00 02 AA 00 AA 00 54 01 54 01 00 00 00 27 01 80 89 F2 00 F0 00 27 01 00 00 A0 38 1C 0C 09 05 D0 F9 F7 00 FF 00 00 00 00 00 00 00 00 00 00 00 FC FF 00 00
23:46:03.390 * rx 61145 +64/105#3615 00 00 00 00 01 00 10 00 00 07 00 00 00 00 00 00 00 00 00 00 00 00 00 45 01 70 00 00 00 00 00 70 00 00 00 00 00 11 09 0E 55
23:46:03.403 * rx 61147 F0 30 00 01 15 06 82 00 44 44 D7 0F 10 ED 3E 50 44 5A 00 01 00 1C 27 27 EC 00 43 44 00 40 87 00 30 02 00 00 00 00 00 00 00 00 00 00 00 3C 07 55
23:46:03.425 * tx 61160 F0 1D 00 01 16 03 C2 2E 00 B2 11 B2 11 1C 00 00 06 00 00 02 00 02 01 00 00 00 D4 02 55
23:46:03.438 * tx 61160 F0 16 00 01 16 04 00 00 19 81 00 00 3D 00 00 00 01 00 00 09 01 55
23:46:03.463 * rx 61161 +0/105#3619 F0 69 00 01 16 05 05 14 05 14 01 00 00 00 02 AA 00 AA 00 54 01 54 01 00 00 00 27 01 80 89 F2 00 F0 00 27 01 00 00 A0 38 1C 0C 09 05 25 F4 38 08 08 04 00 00 00 00 00 00 00 00 00 00 FC FF 00 00
23:46:03.480 * rx 61161 +64/105#3619 00 00 00 00 01 00 10 00 00 07 00 00 00 00 00 00 00 00 00 00 00 00 00 45 01 70 00 00 00 00 00 70 00 00 00 00 00 11 B0 0B 55
23:46:03.507 * rx 61164 F0 30 00 01 16 06 82 00 44 44 D7 0F 10 ED 3E 50 44 5A 00 01 00 1C 27 27 EC 00 43 44 00 40 87 00 30 02 00 00 00 00 00 00 00 00 00 00 00 3D 07 55
23:46:03.525 * tx 61177 F0 1D 00 01 17 03 C2 2E 00 B2 11 B2 11 1C 00 00 06 00 00 02 00 02 01 00 00 00 D5 02 55
23:46:03.552 * tx 61178 F0 16 00 01 17 04 00 00 19 81 00 00 3D 00 00 00 01 00 00 0A 01 55
23:46:03.566 * rx 61178 +0/105#3623 F0 69 00 01 17 05 05 14 05 14 01 00 00 00 02 AA 00 AA 00 54 01 54 01 00 00 00 27 01 80 89 F2 00 F0 00 27 01 00 00 A0 38 1C 0C 09 05 D0 F9 F7 00 FF 00 00 00 00 00 00 00 00 00 00 00 FC FF 00 00
23:46:03.588 * rx 61178 +64/105#3623 00 00 00 00 01 00 10 00 00 07 00 00 00 00 00 00 00 00 00 00 00 00 00 45 01 70 00 00 00 00 00 70 00 00 00 00 00 11 0B 0E 55
23:46:04.031 * rxflood 109
23:46:04.049 * tx 62094 F0 1D 00 01 4E 03 C2 2E 00 B2 11 B2 11 1C 00 00 06 00 00 02 00 02 01 00 00 00 0C 03 55
23:46:04.060 * tx 62095 F0 16 00 01 4E 04 00 00 19 81 00 00 3D 00 00 00 01 00 00 41 01 55
23:46:04.080 * rx 62095 +0/105#3843 F0 69 00 01 4E 05 05 14 05 14 01 00 00 00 02 AA 00 AA 00 54 01 54 01 00 00 00 27 01 80 89 F2 00 F0 00 27 01 00 00 A0 38 1C 0C 09 05 25 F4 38 08 08 04 00 00 00 00 00 00 00 00 00 00 FC FF 00 00
23:46:04.091 * rx 62095 +64/105#3843 00 00 00 00 01 00 10 00 00 07 00 00 00 00 00 00 00 00 00 00 00 00 00 45 01 70 00 00 00 00 00 70 00 00 00 00 00 11 E8 0B 55
23:46:04.110 * rx 62097 F0 30 00 01 4E 06 82 00 44 44 D7 0F 10 ED 3E 50 44 5A 00 01 00 1C 27 27 EC 00 43 44 00 40 87 00 30 02 00 00 00 00 00 00 00 00 00 00 00 75 07 55
23:46:04.123 * tx 62110 F0 1D 00 01 4F 03 C2 2E 00 B2 11 B2 11 1C 00 00 06 00 00 02 00 02 01 00 00 00 0D 03 55
23:46:04.142 * tx 62110 F0 16 00 01 4F 04 00 00 19 81 00 00 3D 00 00 00 01 00 00 42 01 55
23:46:04.156 * rx 62111 +0/105#3847 F0 69 00 01 4F 05 05 14 05 14 01 00 00 00 02 AA 00 AA 00 54 01 54 01 00 00 00 27 01 80 89 F2 00 F0 00 27 01 00 00 A0 38 1C 0C 09 05 D0 F9 F7 00 FF 00 00 00 00 00 00 00 00 00 00 00 FC FF 00 00
23:46:04.181 * rx 62111 +64/105#3847 00 00 00 00 01 00 10 00 00 07 00 00 00 00 00 00 00 00 00 00 00 00 00 45 01 70 00 00 00 00 00 70 00 00 00 00 00 11 43 0E 55
23:46:04.194 * rx 62114 F0 30 00 01 4F 06 82 00 44 44 D7 0F 10 ED 3E 50 44 5A 00 01 00 1C 27 27 EC 00 43 44 00 40 87 00 30 02 00 00 00 00 00 00 00 00 00 00 00 76 07 55
23:46:04.213 * tx 62127 F0 1D 00 01 50 03 C2 2E 00 B2 11 B2 11 1C 00 00 06 00 00 02 00 02 01 00 00 00 0E 03 55
23:46:04.229 * tx 62128 F0 16 00 01 50 04 00 00 19 81 00 00 3D 00 00 00 01 00 00 43 01 55
23:46:04.251 * rx 62128 +0/105#3851 F0 69 00 01 50 05 05 14 05 14 01 00 00 00 02 AA 00 AA 00 54 01 54 01 00 00 00 27 01 80 89 F2 00 F0 00 27 01 00 00 A0 38 1C 0C 09 05 25 F4 38 08 08 04 00 00 00 00 00 00 00 00 00 00 FC FF 00 00
23:46:04.264 * rx 62128 +64/105#3851 00 00 00 00 01 00 10 00 00 07 00 00 00 00 00 00 00 00 00 00 00 00 00 45 01 70 00 00 00 00 00 70 00 00 00 00 00 11 EA 0B 55
23:46:04.283 * rx 62131 F0 30 00 01 50 06 82 00 44 44 D7 0F 10 ED 3E 50 44 5A 00 01 00 1C 27 27 EC 00 43 44 00 40 87 00 30 02 00 00 00 00 00 00 00 00 00 00 00 77 07 55
23:46:04.297 * tx 62144 F0 1D 00 01 51 03 C2 2E 00 B2 11 B2 11 1C 00 00 06 00 00 02 00 02 01 00 00 00 0F 03 55
23:46:04.315 * tx 62145 F0 16 00 01 51 04 00 00 19 81 00 00 3D 00 00 00 01 00 00 44 01 55
23:46:04.328 * rx 62145 +0/105#3855 F0 69 00 01 51 05 05 14 05 14 01 00 00 00 02 AA 00 AA 00 54 01 54 01 00 00 00 27 01 80 89 F2 00 F0 00 27 01 00 00 A0 38 1C 0C 09 05 D0 F9 F7 00 FF 00 00 00 00 00 00 00 00 00 00 00 FC FF 00 00
23:46:04.346 * rx 62145 +64/105#3855 00 00 00 00 01 00 10 00 00 07 00 00 00 00 00 00 00 00 00 00 00 00 00 45 01 70 00 00 00 00 00 70 00 00 00 00 00 11 45 0E 55
23:46:04.359 * rx 62147 F0 30 00 01 51 06 82 00 44 44 D7 0F 10 ED 3E 50 44 5A 00 01 00 1C 27 27 EC 00 43 44 00 40 87 00 30 02 00 00 00 00 00 00 00 00 00 00 00 78 07 55
23:46:04.381 * tx 62160 F0 1D 00 01 52 03 C2 2E 00 B2 11 B2 11 1C 00 00 06 00 00 02 00 02 01 00 00 00 10 03 55
23:46:04.396 * tx 62160 F0 16 00 01 52 04 00 00 19 81 00 00 3D 00 00 00 01 00 00 45 01 55
23:46:04.420 * rx 62161 +0/105#3859 F0 69 00 01 52 05 05 14 05 14 01 00 00 00 02 AA 00 AA 00 54 01 54 01 00 00 00 27 01 80 89 F2 00 F0 00 27 01 00 00 A0 38 1C 0C 09 05 25 F4 38 08 08 04 00 00 00 00 00 00 00 00 00 00 FC FF 00 00
23:46:04.438 * rx 62161 +64/105#3859 00 00 00 00 01 00 10 00 00 07 00 00 00 00 00 00 00 00 00 00 00 00 00 45 01 70 00 00 00 00 00 70 00 00 00 00 00 11 EC 0B 55
23:46:04.462 * rx 62164 F0 30 00 01 52 06 82 00 44 44 D7 0F 10 ED 3E 50 44 5A 00 01 00 1C 27 27 EC 00 43 44 00 40 87 00 30 02 00 00 00 00 00 00 00 00 00 00 00 79 07 55
23:46:04.475 * tx 62177 F0 1D 00 01 53 03 C2 2E 00 B2 11 B2 11 1C 00 00 06 00 00 02 00 02 01 00 00 00 11 03 55
23:46:04.496 * tx 62178 F0 16 00 01 53 04 00 00 19 81 00 00 3D 00 00 00 01 00 00 46 01 55
23:46:04.511 * rx 62178 +0/105#3863 F0 69 00 01 53 05 05 14 05 14 01 00 00 00 02 AA 00 AA 00 54 01 54 01 00 00 00 27 01 80 89 F2 00 F0 00 27 01 00 00 A0 38 1C 0C 09 05 D0 F9 F7 00 FF 00 00 00 00 00 00 00 00 00 00 00 FC FF 00 00
23:46:04.535 * rx 62178 +64/105#3863 00 00 00 00 01 00 10 00 00 07 00 00 00 00 00 00 00 00 00 00 00 00 00 45 01 70 00 00 00 00 00 70 00 00 00 00 00 11 47 0E 55
23:46:05.031 * rxflood 109
23:46:05.073 * tx 63094 F0 1D 00 01 8A 03 C2 2E 00 B2 11 B2 11 1C 00 00 06 00 00 02 00 02 01 00 00 00 48 03 55
23:46:05.104 * tx 63095 F0 16 00 01 8A 04 00 00 19 81 00 00 3D 00 00 00 01 00 00 7D 01 55
23:46:05.127 * rx 63095 +0/105#4083 F0 69 00 01 8A 05 05 14 05 14 01 00 00 00 02 AA 00 AA 00 54 01 54 01 00 00 00 27 01 80 89 F2 00 F0 00 27 01 00 00 A0 38 1C 0C 09 05 25 F4 38 08 08 04 00 00 00 00 00 00 00 00 00 00 FC FF 00 00
23:46:05.140 * rx 63095 +64/105#4083 00 00 00 00 01 00 10 00 00 07 00 00 00 00 00 00 00 00 00 00 00 00 00 45 01 70 00 00 00 00 00 70 00 00 00 00 00 11 24 0C 55
23:46:05.167 * rx 63097 F0 30 00 01 8A 06 82 00 44 44 D7 0F 10 ED 3E 50 44 5A 00 01 00 1C 27 27 EC 00 43 44 00 40 87 00 30 02 00 00 00 00 00 00 00 00 00 00 00 B1 07 55
23:46:05.183 * tx 63110 F0 1D 00 01 8B 03 C2 2E 00 B2 11 B2 11 1C 00 00 06 00 00 02 00 02 01 00 00 00 49 03 55
23:46:05.208 * tx 63110 F0 16 00 01 8B 04 00 00 19 81 00 00 3D 00 00 00 01 00 00 7E 01 55
23:46:05.223 * rx 63111 +0/105#4087 F0 69 00 01 8B 05 05 14 05 14 01 00 00 00 02 AA 00 AA 00 54 01 54 01 00 00 00 27 01 80 89 F2 00 F0 00 27 01 00 00 A0 38 1C 0C 09 05 D0 F9 F7 00 FF 00 00 00 00 00 00 00 00 00 00 00 FC FF 00 00
23:46:05.246 * rx 63111 +64/105#4087 00 00 00 00 01 00 10 00 00 07 00 00 00 00 00 00 00 00 00 00 00 00 00 45 01 70 00 00 00 00 00 70 00 00 00 00 00 11 7F 0E 55
23:46:05.259 * rx 63114 F0 30 00 01 8B 06 82 00 44 44 D7 0F 10 ED 3E 50 44 5A 00 01 00 1C 27 27 EC 00 43 44 00 40 87 00 30 02 00 00 00 00 00 00 00 00 00 00 00 B2 07 55
23:46:05.283 * tx 63127 F0 1D 00 01 8C 03 C2 2E 00 B2 11 B2 11 1C 00 00 06 00 00 02 00 02 01 00 00 00 4A 03 55
23:46:05.297 * tx 63128 F0 16 00 01 8C 04 00 00 19 81 00 00 3D 00 00 00 01 00 00 7F 01 55
23:46:05.319 * rx 63128 +0/105#4091 F0 69 00 01 8C 05 05 14 05 14 01 00 00 00 02 AA 00 AA 00 54 01 54 01 00 00 00 27 01 80 89 F2 00 F0 00 27 01 00 00 A0 38 1C 0C 09 05 25 F4 38 08 08 04 00 00 00 00 00 00 00 00 00 00 FC FF 00 00
23:46:05.332 * rx 63128 +64/105#4091 00 00 00 00 01 00 10 00 00 07 00 00 00 00 00 00 00 00 00 00 00 00 00 45 01 70 00 00 00 00 00 70 00 00 00 00 00 11 26 0C 55
23:46:05.356 * rx 63131 F0 30 00 01 8C 06 82 00 44 44 D7 0F 10 ED 3E 50 44 5A 00 01 00 1C 27 27 EC 00 43 44 00 40 87 00 30 02 00 00 00 00 00 00 00 00 00 00 00 B3 07 55
23:46:05.370 * tx 63144 F0 1D 00 01 8D 03 C2 2E 00 B2 11 B2 11 1C 00 00 06 00 00 02 00 02 01 00 00 00 4B 03 55
23:46:05.392 * tx 63145 F0 16 00 01 8D 04 00 00 19 81 00 00 3D 00 00 00 01 00 00 80 01 55
23:46:05.406 * rx 63145 +0/105#4095 F0 69 00 01 8D 05 05 14 05 14 01 00 00 00 02 AA 00 AA 00 54 01 54 01 00 00 00 27 01 80 89 F2 00 F0 00 27 01 00 00 A0 38 1C 0C 09 05 D0 F9 F7 00 FF 00 00 00 00 00 00 00 00 00 00 00 FC FF 00 00
23:46:05.428 * rx 63145 +64/105#4095 00 00 00 00 01 00 10 00 00 07 00 00 00 00 00 00 00 00 00 00 00 00 00 45 01 70 00 00 00 00 00 70 00 00 00 00 00 11 81 0E 55
23:46:05.445 * rx 63147 F0 30 00 01 8D 06 82 00 44 44 D7 0F 10 ED 3E 50 44 5A 00 01 00 1C 27 27 EC 00 43 44 00 40 87 00 30 02 00 00 00 00 00 00 00 00 00 00 00 B4 07 55
23:46:05.467 * tx 63160 F0 1D 00 01 8E 03 C2 2E 00 B2 11 B2 11 1C 00 00 06 00 00 02 00 02 01 00 00 00 4C 03 55
23:46:05.484 * tx 63160 F0 16 00 01 8E 04 00 00 19 81 00 00 3D 00 00 00 01 00 00 81 01 55
23:46:05.516 * rx 63161 +0/105#4099 F0 69 00 01 8E 05 05 14 05 14 01 00 00 00 02 AA 00 AA 00 54 01 54 01 00 00 00 27 01 80 89 F2 00 F0 00 27 01 00 00 A0 38 1C 0C 09 05 25 F4 38 08 08 04 00 00 00 00 00 00 00 00 00 00 FC FF 00 00
23:46:05.530 * rx 63161 +64/105#4099 00 00 00 00 01 00 10 00 00 07 00 00 00 00 00 00 00 00 00 00 00 00 00 45 01 70 00 00 00 00 00 70 00 00 00 00 00 11 28 0C 55
23:46:05.553 * rx 63164 F0 30 00 01 8E 06 82 00 44 44 D7 0F 10 ED 3E 50 44 5A 00 01 00 1C 27 27 EC 00 43 44 00 40 87 00 30 02 00 00 00 00 00 00 00 00 00 00 00 B5 07 55
23:46:05.566 * tx 63177 F0 1D 00 01 8F 03 C2 2E 00 B2 11 B2 11 1C 00 00 06 00 00 02 00 02 01 00 00 00 4D 03 55
23:46:05.589 * tx 63178 F0 16 00 01 8F 04 00 00 19 81 00 00 3D 00 00 00 01 00 00 82 01 55
23:46:05.605 * rx 63178 +0/105#4103 F0 69 00 01 8F 05 05 14 05 14 01 00 00 00 02 AA 00 AA 00 54 01 54 01 00 00 00 27 01 80 89 F2 00 F0 00 27 01 00 00 A0 38 1C 0C 09 05 D0 F9 F7 00 FF 00 00 00 00 00 00 00 00 00 00 00 FC FF 00 00
23:46:05.629 * rx 63178 +64/105#4103 00 00 00 00 01 00 10 00 00 07 00 00 00 00 00 00 00 00 00 00 00 00 00 45 01 70 00 00 00 00 00 70 00 00 00 00 00 11 83 0E 55
23:46:06.030 * rxflood 109
23:46:06.062 * rx 64095 +0/105#4323 F0 69 00 01 C6 05 05 14 05 14 01 00 00 00 02 AA 00 AA 00 54 01 54 01 00 00 00 27 01 80 89 F2 00 F0 00 27 01 00 00 A0 38 1C 0C 09 05 25 F4 38 08 08 04 00 00 00 00 00 00 00 00 00 00 FC FF 00 00
23:46:06.079 * rx 64095 +64/105#4323 00 00 00 00 01 00 10 00 00 07 00 00 00 00 00 00 00 00 00 00 00 00 00 45 01 70 00 00 00 00 00 70 00 00 00 00 00 11 60 0C 55
23:46:06.105 * rx 64097 F0 30 00 01 C6 06 82 00 44 44 D7 0F 10 ED 3E 50 44 5A 00 01 00 1C 27 27 EC 00 43 44 00 40 87 00 30 02 00 00 00 00 00 00 00 00 00 00 00 ED 07 55
23:46:06.123 * tx 64110 F0 1D 00 01 C7 03 C2 2E 00 B2 11 B2 11 1C 00 00 06 00 00 02 00 02 01 00 00 00 85 03 55
23:46:06.151 * tx 64110 F0 16 00 01 C7 04 00 00 19 81 00 00 3D 00 00 00 01 00 00 BA 01 55
23:46:06.172 * rx 64112 +0/105#4327 F0 69 00 01 C7 05 05 14 05 14 01 00 00 00 02 AA 00 AA 00 54 01 54 01 00 00 00 27 01 80 89 F2 00 F0 00 27 01 00 00 A0 38 1C 0C 09 05 D0 F9 F7 00 FF 00 00 00 00 00 00 00 00 00 00 00 FC FF 00 00
23:46:06.214 * rx 64112 +64/105#4327 00 00 00 00 01 00 10 00 00 07 00 00 00 00 00 00 00 00 00 00 00 00 00 45 01 70 00 00 00 00 00 70 00 00 00 00 00 11 BB 0E 55
23:46:06.233 * rx 64114 F0 30 00 01 C7 06 82 00 44 44 D7 0F 10 ED 3E 50 44 5A 00 01 00 1C 27 27 EC 00 43 44 00 40 87 00 30 02 00 00 00 00 00 00 00 00 00 00 00 EE 07 55
23:46:06.258 * tx 64127 F0 1D 00 01 C8 03 C2 2E 00 B2 11 B2 11 1C 00 00 06 00 00 02 00 02 01 00 00 00 86 03 55
23:46:06.273 * tx 64128 F0 16 00 01 C8 04 00 00 19 81 00 00 3D 00 00 00 01 00 00 BB 01 55
23:46:06.303 * rx 64128 +0/105#4331 F0 69 00 01 C8 05 05 14 05 14 01 00 00 00 02 AA 00 AA 00 54 01 54 01 00 00 00 27 01 80 89 F2 00 F0 00 27 01 00 00 A0 38 1C 0C 09 05 25 F4 38 08 08 04 00 00 00 00 00 00 00 00 00 00 FC FF 00 00
23:46:06.320 * rx 64128 +64/105#4331 00 00 00 00 01 00 10 00 00 07 00 00 00 00 00 00 00 00 00 00 00 00 00 45 01 70 00 00 00 00 00 70 00 00 00 00 00 11 62 0C 55
23:46:06.346 * rx 64131 F0 30 00 01 C8 06 82 00 44 44 D7 0F 10 ED 3E 50 44 5A 00 01 00 1C 27 27 EC 00 43 44 00 40 87 00 30 02 00 00 00 00 00 00 00 00 00 00 00 EF 07 55
23:46:06.363 * tx 64143 F0 1D 00 01 C9 03 C2 2E 00 B2 11 B2 11 1C 00 00 06 00 00 02 00 02 01 00 00 00 87 03 55
23:46:06.387 * tx 64143 F0 16 00 01 C9 04 00 00 19 81 00 00 3D 00 00 00 01 00 00 BC 01 55
23:46:06.408 * rx 64145 +0/105#4335 F0 69 00 01 C9 05 05 14 05 14 01 00 00 00 02 AA 00 AA 00 54 01 54 01 00 00 00 27 01 80 89 F2 00 F0 00 27 01 00 00 A0 38 1C 0C 09 05 D0 F9 F7 00 FF 00 00 00 00 00 00 00 00 00 00 00 FC FF 00 00
23:46:06.436 * rx 64145 +64/105#4335 00 00 00 00 01 00 10 00 00 07 00 00 00 00 00 00 00 00 00 00 00 00 00 45 01 70 00 00 00 00 00 70 00 00 00 00 00 11 BD 0E 55
23:46:06.455 * rx 64147 F0 30 00 01 C9 06 82 00 44 44 D7 0F 10 ED 3E 50 44 5A 00 01 00 1C 27 27 EC 00 43 44 00 40 87 00 30 02 00 00 00 00 00 00 00 00 00 00 00 F0 07 55
23:46:06.486 * tx 64160 F0 1D 00 01 CA 03 C2 2E 00 B2 11 B2 11 1C 00 00 06 00 00 02 00 02 01 00 00 00 88 03 55
23:46:06.509 * tx 64160 F0 16 00 01 CA 04 00 00 19 81 00 00 3D 00 00 00 01 00 00 BD 01 55
23:46:06.539 * rx 64162 +0/105#4339 F0 69 00 01 CA 05 05 14 05 14 01 00 00 00 02 AA 00 AA 00 54 01 54 01 00 00 00 27 01 80 89 F2 00 F0 00 27 01 00 00 A0 38 1C 0C 09 05 25 F4 38 08 08 04 00 00 00 00 00 00 00 00 00 00 FC FF 00 00
23:46:06.554 * rx 64162 +64/105#4339 00 00 00 00 01 00 10 00 00 07 00 00 00 00 00 00 00 00 00 00 00 00 00 45 01 70 00 00 00 00 00 70 00 00 00 00 00 11 64 0C 55
23:46:06.580 * rx 64164 F0 30 00 01 CA 06 82 00 44 44 D7 0F 10 ED 3E 50 44 5A 00 01 00 1C 27 27 EC 00 43 44 00 40 87 00 30 02 00 00 00 00 00 00 00 00 00 00 00 F1 07 55
23:46:06.600 * tx 64177 F0 1D 00 01 CB 03 C2 2E 00 B2 11 B2 11 1C 00 00 06 00 00 02 00 02 01 00 00 00 89 03 55
23:46:06.625 * tx 64178 F0 16 00 01 CB 04 00 00 19 81 00 00 3D 00 00 00 01 00 00 BE 01 55
23:46:06.641 * rx 64178 +0/105#4343 F0 69 00 01 CB 05 05 14 05 14 01 00 00 00 02 AA 00 AA 00 54 01 54 01 00 00 00 27 01 80 89 F2 00 F0 00 27 01 00 00 A0 38 1C 0C 09 05 D0 F9 F7 00 FF 00 00 00 00 00 00 00 00 00 00 00 FC FF 00 00
23:46:06.670 * rx 64178 +64/105#4343 00 00 00 00 01 00 10 00 00 07 00 00 00 00 00 00 00 00 00 00 00 00 00 45 01 70 00 00 00 00 00 70 00 00 00 00 00 11 BF 0E 55
23:46:06.692 * rx 64181 F0 30 00 01 CB 06 82 00 44 44 D7 0F 10 ED 3E 50 44 5A 00 01 00 1C 27 27 EC 00 43 44 00 40 87 00 30 02 00 00 00 00 00 00 00 00 00 00 00 F2 07 55
23:46:06.725 * tx 64193 F0 1D 00 01 CC 03 C2 2E 00 B2 11 B2 11 1C 00 00 06 00 00 02 00 02 01 00 00 00 8A 03 55
23:46:07.030 * rxflood 108
23:46:07.051 * rx 65095 +0/105#4563 F0 69 00 01 12 05 05 14 05 14 01 00 00 00 02 AA 00 AA 00 54 01 54 01 00 00 00 27 01 80 89 F2 00 F0 00 27 01 00 00 A0 38 1C 0C 09 05 25 F4 38 08 08 04 00 00 00 00 00 00 00 00 00 00 FC FF 00 00
23:46:07.074 * rx 65095 +64/105#4563 00 00 00 00 01 00 10 00 00 07 00 00 00 00 00 00 00 00 00 00 00 00 00 45 01 70 00 00 00 00 00 70 00 00 00 00 00 11 AC 0B 55
23:46:07.098 * rx 65097 F0 30 00 01 12 06 82 00 44 44 D7 0F 10 ED 3E 50 44 5A 00 01 00 1C 27 27 EC 00 43 44 00 40 87 00 30 02 00 00 00 00 00 00 00 00 00 00 00 39 07 55
23:46:07.124 * tx 65110 F0 1D 00 01 13 03 C2 2E 00 B2 11 B2 11 1C 00 00 06 00 00 02 00 02 01 00 00 00 D1 02 55
23:46:07.139 * tx 65110 F0 16 00 01 13 04 00 00 19 81 00 00 3D 00 00 00 01 00 00 06 01 55
23:46:07.154 * rx 65111 +0/105#4567 F0 69 00 01 13 05 05 14 05 14 01 00 00 00 02 AA 00 AA 00 54 01 54 01 00 00 00 27 01 80 89 F2 00 F0 00 27 01 00 00 A0 38 1C 0C 09 05 D0 F9 F7 00 FF 00 00 00 00 00 00 00 00 00 00 00 FC FF 00 00
23:46:07.170 * rx 65111 +64/105#4567 00 00 00 00 01 00 10 00 00 07 00 00 00 00 00 00 00 00 00 00 00 00 00 45 01 70 00 00 00 00 00 70 00 00 00 00 00 11 07 0E 55
23:46:07.188 * rx 65114 F0 30 00 01 13 06 82 00 44 44 D7 0F 10 ED 3E 50 44 5A 00 01 00 1C 27 27 EC 00 43 44 00 40 87 00 30 02 00 00 00 00 00 00 00 00 00 00 00 3A 07 55
23:46:07.205 * tx 65127 F0 1D 00 01 14 03 C2 2E 00 B2 11 B2 11 1C 00 00 06 00 00 02 00 02 01 00 00 00 D2 02 55
23:46:07.228 * tx 65128 F0 16 00 01 14 04 00 00 19 81 00 00 3D 00 00 00 01 00 00 07 01 55
23:46:07.242 * rx 65128 +0/105#4571 F0 69 00 01 14 05 05 14 05 14 01 00 00 00 02 AA 00 AA 00 54 01 54 01 00 00 00 27 01 80 89 F2 00 F0 00 27 01 00 00 A0 38 1C 0C 09 05 25 F4 38 08 08 04 00 00 00 00 00 00 00 00 00 00 FC FF 00 00
23:46:07.255 * rx 65128 +64/105#4571 00 00 00 00 01 00 10 00 00 07 00 00 00 00 00 00 00 00 00 00 00 00 00 45 01 70 00 00 00 00 00 70 00 00 00 00 00 11 AE 0B 55
23:46:07.272 * rx 65131 F0 30 00 01 14 06 82 00 44 44 D7 0F 10 ED 3E 50 44 5A 00 01 00 1C 27 27 EC 00 43 44 00 40 87 00 30 02 00 00 00 00 00 00 00 00 00 00 00 3B 07 55
23:46:07.306 * tx 65144 F0 1D 00 01 15 03 C2 2E 00 B2 11 B2 11 1C 00 00 06 00 00 02 00 02 01 00 00 00 D3 02 55
23:46:07.325 * tx 65145 F0 16 00 01 15 04 00 00 19 81 00 00 3D 00 00 00 01 00 00 08 01 55
23:46:07.348 * rx 65145 +0/105#4575 F0 69 00 01 15 05 05 14 05 14 01 00 00 00 02 AA 00 AA 00 54 01 54 01 00 00 00 27 01 80 89 F2 00 F0 00 27 01 00 00 A0 38 1C 0C 09 05 D0 F9 F7 00 FF 00 00 00 00 00 00 00 00 00 00 00 FC FF 00 00
23:46:07.379 * rx 65145 +64/105#4575 00 00 00 00 01 00 10 00 00 07 00 00 00 00 00 00 00 00 00 00 00 00 00 45 01 70 00 00 00 00 00 70 00 00 00 00 00 11 09 0E 55
23:46:07.414 * rx 65147 F0 30 00 01 15 06 82 00 44 44 D7 0F 10 ED 3E 50 44 5A 00 01 00 1C 27 27 EC 00 43 44 00 40 87 00 30 02 00 00 00 00 00 00 00 00 00 00 00 3C 07 55
23:46:07.433 * tx 65160 F0 1D 00 01 16 03 C2 2E 00 B2 11 B2 11 1C 00 00 06 00 00 02 00 02 01 00 00 00 D4 02 55
23:46:07.452 * tx 65160 F0 16 00 01 16 04 00 00 19 81 00 00 3D 00 00 00 01 00 00 09 01 55
23:46:07.472 * rx 65161 +0/105#4579 F0 69 00 01 16 05 05 14 05 14 01 00 00 00 02 AA 00 AA 00 54 01 54 01 00 00 00 27 01 80 89 F2 00 F0 00 27 01 00 00 A0 38 1C 0C 09 05 25 F4 38 08 08 04 00 00 00 00 00 00 00 00 00 00 FC FF 00 00
23:46:07.507 * rx 65161 +64/105#4579 00 00 00 00 01 00 10 00 00 07 00 00 00 00 00 00 00 00 00 00 00 00 00 45 01 70 00 00 00 00 00 70 00 00 00 00 00 11 B0 0B 55
23:46:07.530 * rx 65164 F0 30 00 01 16 06 82 00 44 44 D7 0F 10 ED 3E 50 44 5A 00 01 00 1C 27 27 EC 00 43 44 00 40 87 00 30 02 00 00 00 00 00 00 00 00 00 00 00 3D 07 55
23:46:07.550 * tx 65177 F0 1D 00 01 17 03 C2 2E 00 B2 11 B2 11 1C 00 00 06 00 00 02 00 02 01 00 00 00 D5 02 55
23:46:07.570 * tx 65178 F0 16 00 01 17 04 00 00 19 81 00 00 3D 00 00 00 01 00 00 0A 01 55
23:46:07.599 * rx 65178 +0/105#4583 F0 69 00 01 17 05 05 14 05 14 01 00 00 00 02 AA 00 AA 00 54 01 54 01 00 00 00 27 01 80 89 F2 00 F0 00 27 01 00 00 A0 38 1C 0C 09 05 D0 F9 F7 00 FF 00 00 00 00 00 00 00 00 00 00 00 FC FF 00 00
23:46:07.616 * rx 65178 +64/105#4583 00 00 00 00 01 00 10 00 00 07 00 00 00 00 00 00 00 00 00 00 00 00 00 45 01 70 00 00 00 00 00 70 00 00 00 00 00 11 0B 0E 55
23:46:07.634 * rx 65181 F0 30 00 01 17 06 82 00 44 44 D7 0F 10 ED 3E 50 44 5A 00 01 00 1C 27 27 EC 00 43 44 00 40 87 00 30 02 00 00 00 00 00 00 00 00 00 00 00 3E 07 55
23:46:07.651 * tx 65194 F0 1D 00 01 18 03 C2 2E 00 B2 11 B2 11 1C 00 00 06 00 00 02 00 02 01 00 00 00 D6 02 55
23:46:08.030 * rxflood 108
23:46:08.050 * rx 66095 +0/105#4803 F0 69 00 01 4E 05 05 14 05 14 01 00 00 00 02 AA 00 AA 00 54 01 54 01 00 00 00 27 01 80 89 F2 00 F0 00 27 01 00 00 A0 38 1C 0C 09 05 25 F4 38 08 08 04 00 00 00 00 00 00 00 00 00 00 FC FF 00 00
23:46:08.070 * rx 66095 +64/105#4803 00 00 00 00 01 00 18 00 00 07 00 00 00 00 00 00 00 00 00 00 00 00 00 45 01 70 00 00 00 00 00 70 00 00 00 00 00 11 F0 0B 55
23:46:08.090 * rx 66097 F0 30 00 01 4E 06 82 00 44 44 D7 0F 10 ED 3E 50 44 5A 00 01 00 1C 27 27 EC 00 43 44 00 40 87 00 30 02 00 00 00 00 00 00 00 00 00 00 00 75 07 55
23:46:08.120 * tx 66110 F0 1D 00 01 4F 03 C2 2E 00 B2 11 B2 11 1C 00 00 06 00 00 02 00 02 01 00 00 00 0D 03 55
23:46:08.140 * tx 66110 F0 16 00 01 4F 04 00 00 19 81 00 00 3D 00 00 00 01 00 00 42 01 55
23:46:08.159 * rx 66111 +0/105#4807 F0 69 00 01 4F 05 05 14 05 14 01 00 00 00 02 AA 00 AA 00 54 01 54 01 00 00 00 27 01 80 89 F2 00 F0 00 27 01 00 00 A0 38 1C 0C 09 05 D0 F9 F7 00 FF 00 00 00 00 00 00 00 00 00 00 00 FC FF 00 00
23:46:08.180 * rx 66111 +64/105#4807 00 00 00 00 01 00 18 00 00 07 00 00 00 00 00 00 00 00 00 00 00 00 00 45 01 70 00 00 00 00 00 70 00 00 00 00 00 11 4B 0E 55
23:46:08.218 * rx 66114 F0 30 00 01 4F 06 82 00 44 44 D7 0F 10 ED 3E 50 44 5A 00 01 00 1C 27 27 EC 00 43 44 00 40 87 00 30 02 00 00 00 00 00 00 00 00 00 00 00 76 07 55
23:46:08.238 * tx 66127 F0 1D 00 01 50 03 C2 2E 00 B2 11 B2 11 1C 00 00 06 00 00 02 00 02 01 00 00 00 0E 03 55
23:46:08.256 * tx 66128 F0 16 00 01 50 04 00 00 19 81 00 00 3D 00 00 00 01 00 00 43 01 55
23:46:08.278 * rx 66128 +0/105#4811 F0 69 00 01 50 05 05 14 05 14 01 00 00 00 02 AA 00 AA 00 54 01 54 01 00 00 00 27 01 80 89 F2 00 F0 00 27 01 00 00 A0 38 1C 0C 09 05 25 F4 38 08 08 04 00 00 00 00 00 00 00 00 00 00 FC FF 00 00
23:46:08.312 * rx 66128 +64/105#4811 00 00 00 00 01 00 18 00 00 07 00 00 00 00 00 00 00 00 00 00 00 00 00 45 01 70 00 00 00 00 00 70 00 00 00 00 00 11 F2 0B 55
23:46:08.337 * rx 66131 F0 30 00 01 50 06 82 00 44 44 D7 0F 10 ED 3E 50 44 5A 00 01 00 1C 27 27 EC 00 43 44 00 40 87 00 30 02 00 00 00 00 00 00 00 00 00 00 00 77 07 55
23:46:08.355 * tx 66144 F0 1D 00 01 51 03 C2 2E 00 B2 11 B2 11 1C 00 00 06 00 00 02 00 02 01 00 00 00 0F 03 55
23:46:08.376 * tx 66145 F0 16 00 01 51 04 00 00 19 81 00 00 3D 00 00 00 01 00 00 44 01 55
23:46:08.407 * rx 66145 +0/105#4815 F0 69 00 01 51 05 05 14 05 14 01 00 00 00 02 AA 00 AA 00 54 01 54 01 00 00 00 27 01 80 89 F2 00 F0 00 27 01 00 00 A0 38 1C 0C 09 05 D0 F9 F7 00 FF 00 00 00 00 00 00 00 00 00 00 00 FC FF 00 00
23:46:08.431 * rx 66145 +64/105#4815 00 00 00 00 01 00 18 00 00 07 00 00 00 00 00 00 00 00 00 00 00 00 00 45 01 70 00 00 00 00 00 70 00 00 00 00 00 11 4D 0E 55
23:46:08.453 * rx 66147 F0 30 00 01 51 06 82 00 44 44 D7 0F 10 ED 3E 50 44 5A 00 01 00 1C 27 27 EC 00 43 44 00 40 87 00 30 02 00 00 00 00 00 00 00 00 00 00 00 78 07 55
23:46:08.478 * tx 66160 F0 1D 00 01 52 03 C2 2E 00 B2 11 B2 11 1C 00 00 06 00 00 02 00 02 01 00 00 00 10 03 55
23:46:08.522 * tx 66160 F0 16 00 01 52 04 00 00 19 81 00 00 3D 00 00 00 01 00 00 45 01 55
23:46:08.542 * rx 66161 +0/105#4819 F0 69 00 01 52 05 05 14 05 14 01 00 00 00 02 AA 00 AA 00 54 01 54 01 00 00 00 27 01 80 89 F2 00 F0 00 27 01 00 00 A0 38 1C 0C 09 05 25 F4 38 08 08 04 00 00 00 00 00 00 00 00 00 00 FC FF 00 00
23:46:08.562 * rx 66161 +64/105#4819 00 00 00 00 01 00 18 00 00 07 00 00 00 00 00 00 00 00 00 00 00 00 00 45 01 70 00 00 00 00 00 70 00 00 00 00 00 11 F4 0B 55
23:46:08.582 * rx 66164 F0 30 00 01 52 06 82 00 44 44 D7 0F 10 ED 3E 50 44 5A 00 01 00 1C 27 27 EC 00 43 44 00 40 87 00 30 02 00 00 00 00 00 00 00 00 00 00 00 79 07 55
23:46:08.609 * tx 66177 F0 1D 00 01 53 03 C2 2E 00 B2 11 B2 11 1C 00 00 06 00 00 02 00 02 01 00 00 00 11 03 55
23:46:08.624 * tx 66178 F0 16 00 01 53 04 00 00 19 81 00 00 3D 00 00 00 01 00 00 46 01 55
23:46:08.640 * rx 66178 +0/105#4823 F0 69 00 01 53 05 05 14 05 14 01 00 00 00 02 AA 00 AA 00 54 01 54 01 00 00 00 27 01 80 89 F2 00 F0 00 27 01 00 00 A0 38 1C 0C 09 05 D0 F9 F7 00 FF 00 00 00 00 00 00 00 00 00 00 00 FC FF 00 00
23:46:08.663 * rx 66178 +64/105#4823 00 00 00 00 01 00 18 00 00 07 00 00 00 00 00 00 00 00 00 00 00 00 00 45 01 70 00 00 00 00 00 70 00 00 00 00 00 11 4F 0E 55
23:46:08.709 * rx 66181 F0 30 00 01 53 06 82 00 44 44 D7 0F 10 ED 3E 50 44 5A 00 01 00 1C 27 27 EC 00 43 44 00 40 87 00 30 02 00 00 00 00 00 00 00 00 00 00 00 7A 07 55
23:46:08.739 * tx 66194 F0 1D 00 01 54 03 C2 2E 00 B2 11 B2 11 1C 00 00 06 00 00 02 00 02 01 00 00 00 12 03 55
23:46:09.031 * rxflood 108
23:46:09.050 * rx 67095 +0/105#5043 F0 69 00 01 8A 05 05 14 05 14 01 00 00 00 02 AA 00 AA 00 54 01 54 01 00 00 00 27 01 80 89 F2 00 F0 00 27 01 00 00 A0 38 1C 0C 09 05 25 F4 38 08 08 04 00 00 00 00 00 00 00 00 00 00 FC FF 00 00
23:46:09.079 * rx 67095 +64/105#5043 00 00 00 00 01 00 18 00 00 07 00 00 00 00 00 00 00 00 00 00 00 00 00 45 01 70 00 00 00 00 00 70 00 00 00 00 00 11 2C 0C 55
23:46:09.105 * rx 67097 F0 30 00 01 8A 06 82 00 44 44 D7 0F 10 ED 3E 50 44 5A 00 01 00 1C 27 27 EC 00 43 44 00 40 87 00 30 02 00 00 00 00 00 00 00 00 00 00 00 B1 07 55
23:46:09.131 * tx 67110 F0 1D 00 01 8B 03 C2 2E 00 B2 11 B2 11 1C 00 00 06 00 00 02 00 02 01 00 00 00 49 03 55
23:46:09.155 * tx 67110 F0 16 00 01 8B 04 00 00 19 81 00 00 3D 00 00 00 01 00 00 7E 01 55
23:46:09.182 * rx 67111 +0/105#5047 F0 69 00 01 8B 05 05 14 05 14 01 00 00 00 02 AA 00 AA 00 54 01 54 01 00 00 00 27 01 80 89 F2 00 F0 00 27 01 00 00 A0 38 1C 0C 09 05 D0 F9 F7 00 FF 00 00 00 00 00 00 00 00 00 00 00 FC FF 00 00
23:46:09.203 * rx 67111 +64/105#5047 00 00 00 00 01 00 18 00 00 07 00 00 00 00 00 00 00 00 00 00 00 00 00 45 01 70 00 00 00 00 00 70 00 00 00 00 00 11 87 0E 55
23:46:09.220 * rx 67114 F0 30 00 01 8B 06 82 00 44 44 D7 0F 10 ED 3E 50 44 5A 00 01 00 1C 27 27 EC 00 43 44 00 40 87 00 30 02 00 00 00 00 00 00 00 00 00 00 00 B2 07 55
23:46:09.239 * tx 67127 F0 1D 00 01 8C 03 C2 2E 00 B2 11 B2 11 1C 00 00 06 00 00 02 00 02 01 00 00 00 4A 03 55
23:46:09.270 * tx 67128 F0 16 00 01 8C 04 00 00 19 81 00 00 3D 00 00 00 01 00 00 7F 01 55
23:46:09.291 * rx 67128 +0/105#5051 F0 69 00 01 8C 05 05 14 05 14 01 00 00 00 02 AA 00 AA 00 54 01 54 01 00 00 00 27 01 80 89 F2 00 F0 00 27 01 00 00 A0 38 1C 0C 09 05 25 F4 38 08 08 04 00 00 00 00 00 00 00 00 00 00 FC FF 00 00
23:46:09.315 * rx 67128 +64/105#5051 00 00 00 00 01 00 18 00 00 07 00 00 00 00 00 00 00 00 00 00 00 00 00 45 01 70 00 00 00 00 00 70 00 00 00 00 00 11 2E 0C 55
23:46:09.335 * rx 67131 F0 30 00 01 8C 06 82 00 44 44 D7 0F 10 ED 3E 50 44 5A 00 01 00 1C 27 27 EC 00 43 44 00 40 87 00 30 02 00 00 00 00 00 00 00 00 00 00 00 B3 07 55
23:46:09.365 * tx 67144 F0 1D 00 01 8D 03 C2 2E 00 B2 11 B2 11 1C 00 00 06 00 00 02 00 02 01 00 00 00 4B 03 55
23:46:09.389 * tx 67145 F0 16 00 01 8D 04 00 00 19 81 00 00 3D 00 00 00 01 00 00 80 01 55
23:46:09.410 * rx 67145 +0/105#5055 F0 69 00 01 8D 05 05 14 05 14 01 00 00 00 02 AA 00 AA 00 54 01 54 01 00 00 00 27 01 80 89 F2 00 F0 00 27 01 00 00 A0 38 1C 0C 09 05 D0 F9 F7 00 FF 00 00 00 00 00 00 00 00 00 00 00 FC FF 00 00
23:46:09.440 * rx 67145 +64/105#5055 00 00 00 00 01 00 18 00 00 07 00 00 00 00 00 00 00 00 00 00 00 00 00 45 01 70 00 00 00 00 00 70 00 00 00 00 00 11 89 0E 55
23:46:09.471 * rx 67147 F0 30 00 01 8D 06 82 00 44 44 D7 0F 10 ED 3E 50 44 5A 00 01 00 1C 27 27 EC 00 43 44 00 40 87 00 30 02 00 00 00 00 00 00 00 00 00 00 00 B4 07 55
23:46:09.489 * tx 67160 F0 1D 00 01 8E 03 C2 2E 00 B2 11 B2 11 1C 00 00 06 00 00 02 00 02 01 00 00 00 4C 03 55
23:46:09.508 * tx 67160 F0 16 00 01 8E 04 00 00 19 81 00 00 3D 00 00 00 01 00 00 81 01 55
23:46:09.526 * rx 67161 +0/105#5059 F0 69 00 01 8E 05 05 14 05 14 01 00 00 00 02 AA 00 AA 00 54 01 54 01 00 00 00 27 01 80 89 F2 00 F0 00 27 01 00 00 A0 38 1C 0C 09 05 25 F4 38 08 08 04 00 00 00 00 00 00 00 00 00 00 FC FF 00 00
23:46:09.552 * rx 67161 +64/105#5059 00 00 00 00 01 00 18 00 00 07 00 00 00 00 00 00 00 00 00 00 00 00 00 45 01 70 00 00 00 00 00 70 00 00 00 00 00 11 30 0C 55
23:46:09.570 * rx 67164 F0 30 00 01 8E 06 82 00 44 44 D7 0F 10 ED 3E 50 44 5A 00 01 00 1C 27 27 EC 00 43 44 00 40 87 00 30 02 00 00 00 00 00 00 00 00 00 00 00 B5 07 55
23:46:09.587 * tx 67177 F0 1D 00 01 8F 03 C2 2E 00 B2 11 B2 11 1C 00 00 06 00 00 02 00 02 01 00 00 00 4D 03 55
23:46:09.605 * tx 67178 F0 16 00 01 8F 04 00 00 19 81 00 00 3D 00 00 00 01 00 00 82 01 55
23:46:09.630 * rx 67178 +0/105#5063 F0 69 00 01 8F 05 05 14 05 14 01 00 00 00 02 AA 00 AA 00 54 01 54 01 00 00 00 27 01 80 89 F2 00 F0 00 27 01 00 00 A0 38 1C 0C 09 05 D0 F9 F7 00 FF 00 00 00 00 00 00 00 00 00 00 00 FC FF 00 00
23:46:09.652 * rx 67178 +64/105#5063 00 00 00 00 01 00 18 00 00 07 00 00 00 00 00 00 00 00 00 00 00 00 00 45 01 70 00 00 00 00 00 70 00 00 00 00 00 11 8B 0E 55
23:46:09.672 * rx 67181 F0 30 00 01 8F 06 82 00 44 44 D7 0F 10 ED 3E 50 44 5A 00 01 00 1C 27 27 EC 00 43 44 00 40 87 00 30 02 00 00 00 00 00 00 00 00 00 00 00 B6 07 55
23:46:09.690 * tx 67194 F0 1D 00 01 90 03 C2 2E 00 B2 11 B2 11 1C 00 00 06 00 00 02 00 02 01 00 00 00 4E 03 55
23:46:10.030 * rxflood 108
23:46:10.050 * rx 68095 +0/105#5283 F0 69 00 01 C6 05 05 14 05 14 01 00 00 00 02 AA 00 AA 00 54 01 54 01 00 00 00 27 01 80 89 F2 00 F0 00 27 01 00 00 A0 38 1C 0C 09 05 25 F4 38 08 08 04 00 00 00 00 00 00 00 00 00 00 FC FF 00 00
23:46:10.065 * rx 68095 +64/105#5283 00 00 00 00 01 00 18 00 00 07 00 00 00 00 00 00 00 00 00 00 00 00 00 45 01 70 00 00 00 00 00 70 00 00 00 00 00 11 68 0C 55
23:46:10.082 * rx 68097 F0 30 00 01 C6 06 82 00 44 44 D7 0F 10 ED 3E 50 44 5A 00 01 00 1C 27 27 EC 00 43 44 00 40 87 00 30 02 00 00 00 00 00 00 00 00 00 00 00 ED 07 55
23:46:10.108 * tx 68110 F0 1D 00 01 C7 03 C2 2E 00 B2 11 B2 11 1C 00 00 06 00 00 02 00 02 01 00 00 00 85 03 55
23:46:10.130 * tx 68110 F0 16 00 01 C7 04 00 00 19 81 00 00 3D 00 00 00 01 00 00 BA 01 55
23:46:10.151 * rx 68112 +0/105#5287 F0 69 00 01 C7 05 05 14 05 14 01 00 00 00 02 AA 00 AA 00 54 01 54 01 00 00 00 27 01 80 89 F2 00 F0 00 27 01 00 00 A0 38 1C 0C 09 05 D0 F9 F7 00 FF 00 00 00 00 00 00 00 00 00 00 00 FC FF 00 00
23:46:10.180 * rx 68112 +64/105#5287 00 00 00 00 01 00 18 00 00 07 00 00 00 00 00 00 00 00 00 00 00 00 00 45 01 70 00 00 00 00 00 70 00 00 00 00 00 11 C3 0E 55
23:46:10.221 * rx 68114 F0 30 00 01 C7 06 82 00 44 44 D7 0F 10 ED 3E 50 44 5A 00 01 00 1C 27 27 EC 00 43 44 00 40 87 00 30 02 00 00 00 00 00 00 00 00 00 00 00 EE 07 55
23:46:10.241 * tx 68127 F0 1D 00 01 C8 03 C2 2E 00 B2 11 B2 11 1C 00 00 06 00 00 02 00 02 01 00 00 00 86 03 55
23:46:10.259 * tx 68128 F0 16 00 01 C8 04 00 00 19 81 00 00 3D 00 00 00 01 00 00 BB 01 55
23:46:10.280 * rx 68128 +0/105#5291 F0 69 00 01 C8 05 05 14 05 14 01 00 00 00 02 AA 00 AA 00 54 01 54 01 00 00 00 27 01 80 89 F2 00 F0 00 27 01 00 00 A0 38 1C 0C 09 05 25 F4 38 08 08 04 00 00 00 00 00 00 00 00 00 00 FC FF 00 00
23:46:10.310 * rx 68128 +64/105#5291 00 00 00 00 01 00 18 00 00 07 00 00 00 00 00 00 00 00 00 00 00 00 00 45 01 70 00 00 00 00 00 70 00 00 00 00 00 11 6A 0C 55
23:46:10.328 * rx 68131 F0 30 00 01 C8 06 82 00 44 44 D7 0F 10 ED 3E 50 44 5A 00 01 00 1C 27 27 EC 00 43 44 00 40 87 00 30 02 00 00 00 00 00 00 00 00 00 00 00 EF 07 55
23:46:10.348 * tx 68144 F0 1D 00 01 C9 03 C2 2E 00 B2 11 B2 11 1C 00 00 06 00 00 02 00 02 01 00 00 00 87 03 55
23:46:10.367 * tx 68145 F0 16 00 01 C9 04 00 00 19 81 00 00 3D 00 00 00 01 00 00 BC 01 55
23:46:10.400 * rx 68145 +0/105#5295 F0 69 00 01 C9 05 05 14 05 14 01 00 00 00 02 AA 00 AA 00 54 01 54 01 00 00 00 27 01 80 89 F2 00 F0 00 27 01 00 00 A0 38 1C 0C 09 05 D0 F9 F7 00 FF 00 00 00 00 00 00 00 00 00 00 00 FC FF 00 00
23:46:10.419 * rx 68145 +64/105#5295 00 00 00 00 01 00 18 00 00 07 00 00 00 00 00 00 00 00 00 00 00 00 00 45 01 70 00 00 00 00 00 70 00 00 00 00 00 11 C5 0E 55
23:46:10.438 * rx 68147 F0 30 00 01 C9 06 82 00 44 44 D7 0F 10 ED 3E 50 44 5A 00 01 00 1C 27 27 EC 00 43 44 00 40 87 00 30 02 00 00 00 00 00 00 00 00 00 00 00 F0 07 55
23:46:10.460 * tx 68160 F0 1D 00 01 CA 03 C2 2E 00 B2 11 B2 11 1C 00 00 06 00 00 02 00 02 01 00 00 00 88 03 55
23:46:10.493 * tx 68160 F0 16 00 01 CA 04 00 00 19 81 00 00 3D 00 00 00 01 00 00 BD 01 55
23:46:10.519 * rx 68162 +0/105#5299 F0 69 00 01 CA 05 05 14 05 14 01 00 00 00 02 AA 00 AA 00 54 01 54 01 00 00 00 27 01 80 89 F2 00 F0 00 27 01 00 00 A0 38 1C 0C 09 05 25 F4 38 08 08 04 00 00 00 00 00 00 00 00 00 00 FC FF 00 00
23:46:10.550 * rx 68162 +64/105#5299 00 00 00 00 01 00 18 00 00 07 00 00 00 00 00 00 00 00 00 00 00 00 00 45 01 70 00 00 00 00 00 70 00 00 00 00 00 11 6C 0C 55
23:46:10.581 * rx 68164 F0 30 00 01 CA 06 82 00 44 44 D7 0F 10 ED 3E 50 44 5A 00 01 00 1C 27 27 EC 00 43 44 00 40 87 00 30 02 00 00 00 00 00 00 00 00 00 00 00 F1 07 55
23:46:10.615 * tx 68177 F0 1D 00 01 CB 03 C2 2E 00 B2 11 B2 11 1C 00 00 06 00 00 02 00 02 01 00 00 00 89 03 55
23:46:10.642 * tx 68178 F0 16 00 01 CB 04 00 00 19 81 00 00 3D 00 00 00 01 00 00 BE 01 55
23:46:10.660 * rx 68178 +0/105#5303 F0 69 00 01 CB 05 05 14 05 14 01 00 00 00 02 AA 00 AA 00 54 01 54 01 00 00 00 27 01 80 89 F2 00 F0 00 27 01 00 00 A0 38 1C 0C 09 05 D0 F9 F7 00 FF 00 00 00 00 00 00 00 00 00 00 00 FC FF 00 00
23:46:10.684 * rx 68178 +64/105#5303 00 00 00 00 01 00 18 00 00 07 00 00 00 00 00 00 00 00 00 00 00 00 00 45 01 70 00 00 00 00 00 70 00 00 00 00 00 11 C7 0E 55
23:46:10.721 * rx 68181 F0 30 00 01 CB 06 82 00 44 44 D7 0F 10 ED 3E 50 44 5A 00 01 00 1C 27 27 EC 00 43 44 00 40 87 00 30 02 00 00 00 00 00 00 00 00 00 00 00 F2 07 55
23:46:10.753 * tx 68194 F0 1D 00 01 CC 03 C2 2E 00 B2 11 B2 11 1C 00 00 06 00 00 02 00 02 01 00 00 00 8A 03 55
23:46:11.031 * rxflood 108
23:46:11.066 * rx 69095 +0/105#5523 F0 69 00 01 12 05 05 14 05 14 01 00 00 00 02 AA 00 AA 00 54 01 54 01 00 00 00 27 01 80 89 F2 00 F0 00 27 01 00 00 A0 38 1C 0C 09 05 25 F4 38 08 08 04 00 00 00 00 00 00 00 00 00 00 FC FF 00 00
23:46:11.100 * rx 69095 +64/105#5523 00 00 00 00 01 00 10 00 00 07 00 00 00 00 00 00 00 00 00 00 00 00 00 45 01 70 00 00 00 00 00 70 00 00 00 00 00 11 AC 0B 55
23:46:11.127 * rx 69097 F0 30 00 01 12 06 82 00 44 44 D7 0F 10 ED 3E 50 44 5A 00 01 00 1C 27 27 EC 00 43 44 00 40 87 00 30 02 00 00 00 00 00 00 00 00 00 00 00 39 07 55
23:46:11.151 * tx 69110 F0 1D 00 01 13 03 C2 2E 00 B2 11 B2 11 1C 00 00 06 00 00 02 00 02 01 00 00 00 D1 02 55
23:46:11.178 * tx 69110 F0 16 00 01 13 04 00 00 19 81 00 00 3D 00 00 00 01 00 00 06 01 55
23:46:11.216 * rx 69111 +0/105#5527 F0 69 00 01 13 05 05 14 05 14 01 00 00 00 02 AA 00 AA 00 54 01 54 01 00 00 00 27 01 80 89 F2 00 F0 00 27 01 00 00 A0 38 1C 0C 09 05 D0 F9 F7 00 FF 00 00 00 00 00 00 00 00 00 00 00 FC FF 00 00
23:46:11.243 * rx 69111 +64/105#5527 00 00 00 00 01 00 10 00 00 07 00 00 00 00 00 00 00 00 00 00 00 00 00 45 01 70 00 00 00 00 00 70 00 00 00 00 00 11 07 0E 55
23:46:11.267 * rx 69114 F0 30 00 01 13 06 82 00 44 44 D7 0F 10 ED 3E 50 44 5A 00 01 00 1C 27 27 EC 00 43 44 00 40 87 00 30 02 00 00 00 00 00 00 00 00 00 00 00 3A 07 55
23:46:11.296 * tx 69127 F0 1D 00 01 14 03 C2 2E 00 B2 11 B2 11 1C 00 00 06 00 00 02 00 02 01 00 00 00 D2 02 55
23:46:11.338 * tx 69128 F0 16 00 01 14 04 00 00 19 81 00 00 3D 00 00 00 01 00 00 07 01 55
23:46:11.366 * rx 69128 +0/105#5531 F0 69 00 01 14 05 05 14 05 14 01 00 00 00 02 AA 00 AA 00 54 01 54 01 00 00 00 27 01 80 89 F2 00 F0 00 27 01 00 00 A0 38 1C 0C 09 05 25 F4 38 08 08 04 00 00 00 00 00 00 00 00 00 00 FC FF 00 00
23:46:11.386 * rx 69128 +64/105#5531 00 00 00 00 01 00 10 00 00 07 00 00 00 00 00 00 00 00 00 00 00 00 00 45 01 70 00 00 00 00 00 70 00 00 00 00 00 11 AE 0B 55
23:46:11.409 * rx 69131 F0 30 00 01 14 06 82 00 44 44 D7 0F 10 ED 3E 50 44 5A 00 01 00 1C 27 27 EC 00 43 44 00 40 87 00 30 02 00 00 00 00 00 00 00 00 00 00 00 3B 07 55
23:46:11.444 * tx 69144 F0 1D 00 01 15 03 C2 2E 00 B2 11 B2 11 1C 00 00 06 00 00 02 00 02 01 00 00 00 D3 02 55
23:46:11.470 * tx 69145 F0 16 00 01 15 04 00 00 19 81 00 00 3D 00 00 00 01 00 00 08 01 55
23:46:11.493 * rx 69145 +0/105#5535 F0 69 00 01 15 05 05 14 05 14 01 00 00 00 02 AA 00 AA 00 54 01 54 01 00 00 00 27 01 80 89 F2 00 F0 00 27 01 00 00 A0 38 1C 0C 09 05 D0 F9 F7 00 FF 00 00 00 00 00 00 00 00 00 00 00 FC FF 00 00
23:46:11.517 * rx 69145 +64/105#5535 00 00 00 00 01 00 10 00 00 07 00 00 00 00 00 00 00 00 00 00 00 00 00 45 01 70 00 00 00 00 00 70 00 00 00 00 00 11 09 0E 55
23:46:11.557 * rx 69147 F0 30 00 01 15 06 82 00 44 44 D7 0F 10 ED 3E 50 44 5A 00 01 00 1C 27 27 EC 00 43 44 00 40 87 00 30 02 00 00 00 00 00 00 00 00 00 00 00 3C 07 55
23:46:11.585 * tx 69160 F0 1D 00 01 16 03 C2 2E 00 B2 11 B2 11 1C 00 00 06 00 00 02 00 02 01 00 00 00 D4 02 55
23:46:11.610 * tx 69160 F0 16 00 01 16 04 00 00 19 81 00 00 3D 00 00 00 01 00 00 09 01 55
23:46:11.643 * rx 69161 +0/105#5539 F0 69 00 01 16 05 05 14 05 14 01 00 00 00 02 AA 00 AA 00 54 01 54 01 00 00 00 27 01 80 89 F2 00 F0 00 27 01 00 00 A0 38 1C 0C 09 05 25 F4 38 08 08 04 00 00 00 00 00 00 00 00 00 00 FC FF 00 00
23:46:11.682 * rx 69161 +64/105#5539 00 00 00 00 01 00 10 00 00 07 00 00 00 00 00 00 00 00 00 00 00 00 00 45 01 70 00 00 00 00 00 70 00 00 00 00 00 11 B0 0B 55
23:46:11.704 * rx 69164 F0 30 00 01 16 06 82 00 44 44 D7 0F 10 ED 3E 50 44 5A 00 01 00 1C 27 27 EC 00 43 44 00 40 87 00 30 02 00 00 00 00 00 00 00 00 00 00 00 3D 07 55
23:46:11.723 * tx 69177 F0 1D 00 01 17 03 C2 2E 00 B2 11 B2 11 1C 00 00 06 00 00 02 00 02 01 00 00 00 D5 02 55
23:46:11.743 * tx 69177 F0 16 00 01 17 04 00 00 19 81 00 00 3D 00 00 00 01 00 00 0A 01 55
23:46:11.779 * rx 69178 +0/105#5543 F0 69 00 01 17 05 05 14 05 14 01 00 00 00 02 AA 00 AA 00 54 01 54 01 00 00 00 27 01 80 89 F2 00 F0 00 27 01 00 00 A0 38 1C 0C 09 05 D0 F9 F7 00 FF 00 00 00 00 00 00 00 00 00 00 00 FC FF 00 00
23:46:11.802 * rx 69178 +64/105#5543 00 00 00 00 01 00 10 00 00 07 00 00 00 00 00 00 00 00 00 00 00 00 00 45 01 70 00 00 00 00 00 70 00 00 00 00 00 11 0B 0E 55
23:46:11.825 * rx 69181 F0 30 00 01 17 06 82 00 44 44 D7 0F 10 ED 3E 50 44 5A 00 01 00 1C 27 27 EC 00 43 44 00 40 87 00 30 02 00 00 00 00 00 00 00 00 00 00 00 3E 07 55
23:46:11.853 * tx 69194 F0 1D 00 01 18 03 C2 2E 00 B2 11 B2 11 1C 00 00 06 00 00 02 00 02 01 00 00 00 D6 02 55
23:46:12.030 * rxflood 108
23:46:12.059 * rx 70095 +0/105#5763 F0 69 00 01 4E 05 05 14 05 14 01 00 00 00 02 AA 00 AA 00 54 01 54 01 00 00 00 27 01 80 89 F2 00 F0 00 27 01 00 00 A0 38 1C 0C 09 05 25 F4 38 08 08 04 00 00 00 00 00 00 00 00 00 00 FC FF 00 00
23:46:12.092 * rx 70095 +64/105#5763 00 00 00 00 01 00 10 00 30 07 00 00 00 00 00 00 00 00 00 00 00 00 00 45 01 70 00 00 00 00 00 70 00 00 00 00 00 11 18 0C 55
23:46:12.116 * rx 70097 F0 30 00 01 4E 06 82 00 44 44 D7 0F 10 ED 3E 50 44 5A 00 01 00 1C 27 27 EC 00 43 44 00 40 87 00 30 02 00 00 00 00 00 00 00 00 00 00 00 75 07 55
23:46:12.146 * tx 70110 F0 1D 00 01 4F 03 C2 2E 00 B2 11 B2 11 1C 00 00 06 00 00 02 00 02 01 00 00 00 0D 03 55
23:46:12.167 * tx 70110 F0 16 00 01 4F 04 00 00 19 81 00 00 3D 00 00 00 01 00 00 42 01 55
23:46:12.189 * rx 70111 +0/105#5767 F0 69 00 01 4F 05 05 14 05 14 01 00 00 00 02 AA 00 AA 00 54 01 54 01 00 00 00 27 01 80 89 F2 00 F0 00 27 01 00 00 A0 38 1C 0C 09 05 D0 F9 F7 00 FF 00 00 00 00 00 00 00 00 00 00 00 FC FF 00 00
23:46:12.209 * rx 70111 +64/105#5767 00 00 00 00 01 00 10 00 30 07 00 00 00 00 00 00 00 00 00 00 00 00 00 45 01 70 00 00 00 00 00 70 00 00 00 00 00 11 73 0E 55
23:46:12.243 * rx 70114 F0 30 00 01 4F 06 82 00 44 44 D7 0F 10 ED 3E 50 44 5A 00 01 00 1C 27 27 EC 00 43 44 00 40 87 00 30 02 00 00 00 00 00 00 00 00 00 00 00 76 07 55
23:46:12.263 * tx 70127 F0 1D 00 01 50 03 C2 2E 00 B2 11 B2 11 1C 00 00 06 00 00 02 00 02 01 00 00 00 0E 03 55
23:46:12.284 * tx 70128 F0 16 00 01 50 04 00 00 19 81 00 00 3D 00 00 00 01 00 00 43 01 55
23:46:12.305 * rx 70128 +0/105#5771 F0 69 00 01 50 05 05 14 05 14 01 00 00 00 02 AA 00 AA 00 54 01 54 01 00 00 00 27 01 80 89 F2 00 F0 00 27 01 00 00 A0 38 1C 0C 09 05 25 F4 38 08 08 04 00 00 00 00 00 00 00 00 00 00 FC FF 00 00
23:46:12.342 * rx 70128 +64/105#5771 00 00 00 00 01 00 10 00 30 07 00 00 00 00 00 00 00 00 00 00 00 00 00 45 01 70 00 00 00 00 00 70 00 00 00 00 00 11 1A 0C 55
23:46:12.363 * rx 70131 F0 30 00 01 50 06 82 00 44 44 D7 0F 10 ED 3E 50 44 5A 00 01 00 1C 27 27 EC 00 43 44 00 40 87 00 30 02 00 00 00 00 00 00 00 00 00 00 00 77 07 55
23:46:12.386 * tx 70144 F0 1D 00 01 51 03 C2 2E 00 B2 11 B2 11 1C 00 00 06 00 00 02 00 02 01 00 00 00 0F 03 55
23:46:12.405 * tx 70145 F0 16 00 01 51 04 00 00 19 81 00 00 3D 00 00 00 01 00 00 44 01 55
23:46:12.437 * rx 70145 +0/105#5775 F0 69 00 01 51 05 05 14 05 14 01 00 00 00 02 AA 00 AA 00 54 01 54 01 00 00 00 27 01 80 89 F2 00 F0 00 27 01 00 00 A0 38 1C 0C 09 05 D0 F9 F7 00 FF 00 00 00 00 00 00 00 00 00 00 00 FC FF 00 00
23:46:12.460 * rx 70145 +64/105#5775 00 00 00 00 01 00 10 00 30 07 00 00 00 00 00 00 00 00 00 00 00 00 00 45 01 70 00 00 00 00 00 70 00 00 00 00 00 11 75 0E 55
23:46:12.487 * rx 70147 F0 30 00 01 51 06 82 00 44 44 D7 0F 10 ED 3E 50 44 5A 00 01 00 1C 27 27 EC 00 43 44 00 40 87 00 30 02 00 00 00 00 00 00 00 00 00 00 00 78 07 55
23:46:12.517 * tx 70160 F0 1D 00 01 52 03 C2 2E 00 B2 11 B2 11 1C 00 00 06 00 00 02 00 02 01 00 00 00 10 03 55
23:46:12.560 * tx 70160 F0 16 00 01 52 04 00 00 19 81 00 00 3D 00 00 00 01 00 00 45 01 55
23:46:12.586 * rx 70162 +0/105#5779 F0 69 00 01 52 05 05 14 05 14 01 00 00 00 02 AA 00 AA 00 54 01 54 01 00 00 00 27 01 80 89 F2 00 F0 00 27 01 00 00 A0 38 1C 0C 09 05 25 F4 38 08 08 04 00 00 00 00 00 00 00 00 00 00 FC FF 00 00
23:46:12.607 * rx 70162 +64/105#5779 00 00 00 00 01 00 10 00 30 07 00 00 00 00 00 00 00 00 00 00 00 00 00 45 01 70 00 00 00 00 00 70 00 00 00 00 00 11 1C 0C 55
23:46:12.626 * rx 70164 F0 30 00 01 52 06 82 00 44 44 D7 0F 10 ED 3E 50 44 5A 00 01 00 1C 27 27 EC 00 43 44 00 40 87 00 30 02 00 00 00 00 00 00 00 00 00 00 00 79 07 55
23:46:12.666 * tx 70177 F0 1D 00 01 53 03 C2 2E 00 B2 11 B2 11 1C 00 00 06 00 00 02 00 02 01 00 00 00 11 03 55
23:46:12.689 * tx 70178 F0 16 00 01 53 04 00 00 19 81 00 00 3D 00 00 00 01 00 00 46 01 55
23:46:12.710 * rx 70178 +0/105#5783 F0 69 00 01 53 05 05 14 05 14 01 00 00 00 02 AA 00 AA 00 54 01 54 01 00 00 00 27 01 80 89 F2 00 F0 00 27 01 00 00 A0 38 1C 0C 09 05 D0 F9 F7 00 FF 00 00 00 00 00 00 00 00 00 00 00 FC FF 00 00
23:46:12.737 * rx 70178 +64/105#5783 00 00 00 00 01 00 10 00 30 07 00 00 00 00 00 00 00 00 00 00 00 00 00 45 01 70 00 00 00 00 00 70 00 00 00 00 00 11 77 0E 55
23:46:12.778 * rx 70181 F0 30 00 01 53 06 82 00 44 44 D7 0F 10 ED 3E 50 44 5A 00 01 00 1C 27 27 EC 00 43 44 00 40 87 00 30 02 00 00 00 00 00 00 00 00 00 00 00 7A 07 55
23:46:12.811 * tx 70194 F0 1D 00 01 54 03 C2 2E 00 B2 11 B2 11 1C 00 00 06 00 00 02 00 02 01 00 00 00 12 03 55
23:46:13.030 * rxflood 108
23:46:13.057 * rx 71095 +0/105#6003 F0 69 00 01 8A 05 05 14 05 14 01 00 00 00 02 AA 00 AA 00 54 01 54 01 00 00 00 27 01 80 89 F2 00 F0 00 27 01 00 00 A0 38 1C 0C 09 05 25 F4 38 08 08 04 00 00 00 00 00 00 00 00 00 00 FC FF 00 00
23:46:13.093 * rx 71095 +64/105#6003 00 00 00 00 01 00 10 00 30 07 00 00 00 00 00 00 00 00 00 00 00 00 00 45 01 70 00 00 00 00 00 70 00 00 00 00 00 11 54 0C 55
23:46:13.124 * rx 71097 F0 30 00 01 8A 06 82 00 44 44 D7 0F 10 ED 3E 50 44 5A 00 01 00 1C 27 27 EC 00 43 44 00 40 87 00 30 02 00 00 00 00 00 00 00 00 00 00 00 B1 07 55
23:46:13.150 * tx 71110 F0 1D 00 01 8B 03 C2 2E 00 B2 11 B2 11 1C 00 00 06 00 00 02 00 02 01 00 00 00 49 03 55
23:46:13.171 * tx 71110 F0 16 00 01 8B 04 00 00 19 81 00 00 3D 00 00 00 01 00 00 7E 01 55
23:46:13.202 * rx 71111 +0/105#6007 F0 69 00 01 8B 05 05 14 05 14 01 00 00 00 02 AA 00 AA 00 54 01 54 01 00 00 00 27 01 80 89 F2 00 F0 00 27 01 00 00 A0 38 1C 0C 09 05 D0 F9 F7 00 FF 00 00 00 00 00 00 00 00 00 00 00 FC FF 00 00
23:46:13.226 * rx 71111 +64/105#6007 00 00 00 00 01 00 10 00 30 07 00 00 00 00 00 00 00 00 00 00 00 00 00 45 01 70 00 00 00 00 00 70 00 00 00 00 00 11 AF 0E 55
23:46:13.252 * rx 71114 F0 30 00 01 8B 06 82 00 44 44 D7 0F 10 ED 3E 50 44 5A 00 01 00 1C 27 27 EC 00 43 44 00 40 87 00 30 02 00 00 00 00 00 00 00 00 00 00 00 B2 07 55
23:46:13.280 * tx 71127 F0 1D 00 01 8C 03 C2 2E 00 B2 11 B2 11 1C 00 00 06 00 00 02 00 02 01 00 00 00 4A 03 55
23:46:13.329 * tx 71128 F0 16 00 01 8C 04 00 00 19 81 00 00 3D 00 00 00 01 00 00 7F 01 55
23:46:13.357 * rx 71128 +0/105#6011 F0 69 00 01 8C 05 05 14 05 14 01 00 00 00 02 AA 00 AA 00 54 01 54 01 00 00 00 27 01 80 89 F2 00 F0 00 27 01 00 00 A0 38 1C 0C 09 05 25 F4 38 08 08 04 00 00 00 00 00 00 00 00 00 00 FC FF 00 00
23:46:13.385 * rx 71128 +64/105#6011 00 00 00 00 01 00 10 00 30 07 00 00 00 00 00 00 00 00 00 00 00 00 00 45 01 70 00 00 00 00 00 70 00 00 00 00 00 11 56 0C 55
23:46:13.409 * rx 71131 F0 30 00 01 8C 06 82 00 44 44 D7 0F 10 ED 3E 50 44 5A 00 01 00 1C 27 27 EC 00 43 44 00 40 87 00 30 02 00 00 00 00 00 00 00 00 00 00 00 B3 07 55
23:46:13.450 * tx 71144 F0 1D 00 01 8D 03 C2 2E 00 B2 11 B2 11 1C 00 00 06 00 00 02 00 02 01 00 00 00 4B 03 55
23:46:13.473 * tx 71145 F0 16 00 01 8D 04 00 00 19 81 00 00 3D 00 00 00 01 00 00 80 01 55
23:46:13.494 * rx 71145 +0/105#6015 F0 69 00 01 8D 05 05 14 05 14 01 00 00 00 02 AA 00 AA 00 54 01 54 01 00 00 00 27 01 80 89 F2 00 F0 00 27 01 00 00 A0 38 1C 0C 09 05 D0 F9 F7 00 FF 00 00 00 00 00 00 00 00 00 00 00 FC FF 00 00
23:46:13.522 * rx 71145 +64/105#6015 00 00 00 00 01 00 10 00 30 07 00 00 00 00 00 00 00 00 00 00 00 00 00 45 01 70 00 00 00 00 00 70 00 00 00 00 00 11 B1 0E 55
23:46:13.559 * rx 71147 F0 30 00 01 8D 06 82 00 44 44 D7 0F 10 ED 3E 50 44 5A 00 01 00 1C 27 27 EC 00 43 44 00 40 87 00 30 02 00 00 00 00 00 00 00 00 00 00 00 B4 07 55
23:46:13.587 * tx 71160 F0 1D 00 01 8E 03 C2 2E 00 B2 11 B2 11 1C 00 00 06 00 00 02 00 02 01 00 00 00 4C 03 55
23:46:13.613 * tx 71160 F0 16 00 01 8E 04 00 00 19 81 00 00 3D 00 00 00 01 00 00 81 01 55
23:46:13.634 * rx 71161 +0/105#6019 F0 69 00 01 8E 05 05 14 05 14 01 00 00 00 02 AA 00 AA 00 54 01 54 01 00 00 00 27 01 80 89 F2 00 F0 00 27 01 00 00 A0 38 1C 0C 09 05 25 F4 38 08 08 04 00 00 00 00 00 00 00 00 00 00 FC FF 00 00
23:46:13.670 * rx 71161 +64/105#6019 00 00 00 00 01 00 10 00 30 07 00 00 00 00 00 00 00 00 00 00 00 00 00 45 01 70 00 00 00 00 00 70 00 00 00 00 00 11 58 0C 55
23:46:13.693 * rx 71164 F0 30 00 01 8E 06 82 00 44 44 D7 0F 10 ED 3E 50 44 5A 00 01 00 1C 27 27 EC 00 43 44 00 40 87 00 30 02 00 00 00 00 00 00 00 00 00 00 00 B5 07 55
23:46:13.723 * tx 71177 F0 1D 00 01 8F 03 C2 2E 00 B2 11 B2 11 1C 00 00 06 00 00 02 00 02 01 00 00 00 4D 03 55
23:46:13.744 * tx 71178 F0 16 00 01 8F 04 00 00 19 81 00 00 3D 00 00 00 01 00 00 82 01 55
23:46:13.776 * rx 71178 +0/105#6023 F0 69 00 01 8F 05 05 14 05 14 01 00 00 00 02 AA 00 AA 00 54 01 54 01 00 00 00 27 01 80 89 F2 00 F0 00 27 01 00 00 A0 38 1C 0C 09 05 D0 F9 F7 00 FF 00 00 00 00 00 00 00 00 00 00 00 FC FF 00 00
23:46:13.799 * rx 71178 +64/105#6023 00 00 00 00 01 00 10 00 30 07 00 00 00 00 00 00 00 00 00 00 00 00 00 45 01 70 00 00 00 00 00 70 00 00 00 00 00 11 B3 0E 55
23:46:13.822 * rx 71181 F0 30 00 01 8F 06 82 00 44 44 D7 0F 10 ED 3E 50 44 5A 00 01 00 1C 27 27 EC 00 43 44 00 40 87 00 30 02 00 00 00 00 00 00 00 00 00 00 00 B6 07 55
23:46:13.841 * tx 71194 F0 1D 00 01 90 03 C2 2E 00 B2 11 B2 11 1C 00 00 06 00 00 02 00 02 01 00 00 00 4E 03 55
23:46:13.886 > LOG OFF
23:46:13.926 ok log=0 all=0
